<?xml version="1.0" encoding="UTF-8" standalone="no" ?>
<gpx xmlns="http://www.topografix.com/GPX/1/1" xmlns:xsi="http://www.w3.org/2001/XMLSchema-instance" xsi:schemaLocation="http://www.topografix.com/GPX/1/1 http://www.topografix.com/GPX/1/1/gpx.xsd" version="1.1" creator="VisuGPX - https://www.visugpx.com">
  <metadata>
    <name>Mézières-sur-Couesnon, la vallée du Couesnon</name>
    <desc><![CDATA[La vallée du Couesnon est l'un des plus beaux site de randonnée d'Ille-et-Vilaine. Les sentiers aménagés sur les 2 versants boisés de la vallée offrent de nombreuses combinaisons de parcours. Le circuit proposé ici correspond à l'option la plus longue et la plus sportive.
[i]NB : Suite aux crues de l'hiver 2024-2025, la passerelle des Intrépides est fermée. L'itinéraire est en conséquence modifié à l'ouest de la vallée.[/i]
Départ : parking du château de la Ville Olivier.

[b]A voir sur le circuit [/b]:
- le moulin de Mézières
- le moulin du Houx
- le pont de la Roche sur la D102 avec son tunnel
- le site d'escalade en contrebas du parking de la vallée du Couesnon
- le moulin de Guyon
- le belvédère pour une vue panoramique de la vallée
- le château de la ville Olivier avec ses jardins à la française
[b]Circuits de Mézières-sur-Couenon[/b] : [url]https://www.visugpx.com/btHmKfkbx[/url]
[b]Site internet de Félix35[/b] : [url]https://www.au-fil-des-sentiers.fr/[/url]]]></desc>
  </metadata>
  <wpt lat="48.30671" lon="-1.43269">
    <ele>55.3</ele>
    <name><![CDATA[Parking la ville Olivier]]></name>
    <type><![CDATA[park]]></type>
  </wpt>
  <trk>
    <name><![CDATA[20181006150249-l34E7]]></name>
    <extensions>
      <line xmlns="http://www.topografix.com/GPX/gpx_style/0/2">
        <color>0000FF</color>
        <opacity>1</opacity>
        <width>3</width>
          <extensions>
            <sens>1</sens>
          </extensions>
      </line>
    </extensions>
    <trkseg>
      <trkpt lat="48.30691" lon="-1.43286">
        <ele>56.3</ele>
      </trkpt>
      <trkpt lat="48.30698" lon="-1.43289">
        <ele>56.4</ele>
      </trkpt>
      <trkpt lat="48.30704" lon="-1.43291">
        <ele>56.5</ele>
      </trkpt>
      <trkpt lat="48.30711" lon="-1.43294">
        <ele>56.6</ele>
      </trkpt>
      <trkpt lat="48.30717" lon="-1.43296">
        <ele>56.7</ele>
      </trkpt>
      <trkpt lat="48.30722" lon="-1.43297">
        <ele>56.7</ele>
      </trkpt>
      <trkpt lat="48.30727" lon="-1.43298">
        <ele>56.7</ele>
      </trkpt>
      <trkpt lat="48.30727" lon="-1.43285">
        <ele>56.1</ele>
      </trkpt>
      <trkpt lat="48.30726" lon="-1.43272">
        <ele>55.3</ele>
      </trkpt>
      <trkpt lat="48.30722" lon="-1.43268">
        <ele>54.9</ele>
      </trkpt>
      <trkpt lat="48.30718" lon="-1.43263">
        <ele>54.4</ele>
      </trkpt>
      <trkpt lat="48.30718" lon="-1.43253">
        <ele>53.3</ele>
      </trkpt>
      <trkpt lat="48.30725" lon="-1.43248">
        <ele>52.8</ele>
      </trkpt>
      <trkpt lat="48.30731" lon="-1.43243">
        <ele>52.4</ele>
      </trkpt>
      <trkpt lat="48.30733" lon="-1.43234">
        <ele>51.6</ele>
      </trkpt>
      <trkpt lat="48.30735" lon="-1.43225">
        <ele>50.8</ele>
      </trkpt>
      <trkpt lat="48.30737" lon="-1.43217">
        <ele>51.2</ele>
      </trkpt>
      <trkpt lat="48.30738" lon="-1.43209">
        <ele>52.4</ele>
      </trkpt>
      <trkpt lat="48.30743" lon="-1.4321">
        <ele>52.2</ele>
      </trkpt>
      <trkpt lat="48.30747" lon="-1.4321">
        <ele>52.2</ele>
      </trkpt>
      <trkpt lat="48.30752" lon="-1.4321">
        <ele>52.3</ele>
      </trkpt>
      <trkpt lat="48.30756" lon="-1.4321">
        <ele>52.4</ele>
      </trkpt>
      <trkpt lat="48.30761" lon="-1.43211">
        <ele>52.3</ele>
      </trkpt>
      <trkpt lat="48.30765" lon="-1.43211">
        <ele>52.5</ele>
      </trkpt>
      <trkpt lat="48.3077" lon="-1.43212">
        <ele>52.4</ele>
      </trkpt>
      <trkpt lat="48.30774" lon="-1.43212">
        <ele>52.5</ele>
      </trkpt>
      <trkpt lat="48.30782" lon="-1.43212">
        <ele>52.8</ele>
      </trkpt>
      <trkpt lat="48.30787" lon="-1.43213">
        <ele>52.8</ele>
      </trkpt>
      <trkpt lat="48.30791" lon="-1.43213">
        <ele>53</ele>
      </trkpt>
      <trkpt lat="48.30796" lon="-1.43213">
        <ele>53.2</ele>
      </trkpt>
      <trkpt lat="48.308" lon="-1.43213">
        <ele>53.4</ele>
      </trkpt>
      <trkpt lat="48.30805" lon="-1.43214">
        <ele>53.3</ele>
      </trkpt>
      <trkpt lat="48.30809" lon="-1.43214">
        <ele>53.5</ele>
      </trkpt>
      <trkpt lat="48.30814" lon="-1.43215">
        <ele>53.5</ele>
      </trkpt>
      <trkpt lat="48.30818" lon="-1.43216">
        <ele>53.5</ele>
      </trkpt>
      <trkpt lat="48.30823" lon="-1.43216">
        <ele>53.8</ele>
      </trkpt>
      <trkpt lat="48.30828" lon="-1.43217">
        <ele>53.8</ele>
      </trkpt>
      <trkpt lat="48.30832" lon="-1.43218">
        <ele>53.8</ele>
      </trkpt>
      <trkpt lat="48.30837" lon="-1.43219">
        <ele>53.7</ele>
      </trkpt>
      <trkpt lat="48.30842" lon="-1.4322">
        <ele>53.5</ele>
      </trkpt>
      <trkpt lat="48.30847" lon="-1.43221">
        <ele>53.3</ele>
      </trkpt>
      <trkpt lat="48.30851" lon="-1.43221">
        <ele>53.3</ele>
      </trkpt>
      <trkpt lat="48.30856" lon="-1.43222">
        <ele>53</ele>
      </trkpt>
      <trkpt lat="48.30861" lon="-1.43223">
        <ele>52.9</ele>
      </trkpt>
      <trkpt lat="48.30865" lon="-1.43224">
        <ele>52.5</ele>
      </trkpt>
      <trkpt lat="48.3087" lon="-1.43225">
        <ele>52.1</ele>
      </trkpt>
      <trkpt lat="48.30875" lon="-1.43225">
        <ele>51.8</ele>
      </trkpt>
      <trkpt lat="48.30879" lon="-1.43226">
        <ele>51.5</ele>
      </trkpt>
      <trkpt lat="48.30884" lon="-1.43227">
        <ele>51.1</ele>
      </trkpt>
      <trkpt lat="48.30891" lon="-1.43224">
        <ele>51</ele>
      </trkpt>
      <trkpt lat="48.30898" lon="-1.4322">
        <ele>51.9</ele>
      </trkpt>
      <trkpt lat="48.30905" lon="-1.43217">
        <ele>52.7</ele>
      </trkpt>
      <trkpt lat="48.30912" lon="-1.43213">
        <ele>53.4</ele>
      </trkpt>
      <trkpt lat="48.30915" lon="-1.43211">
        <ele>53.7</ele>
      </trkpt>
      <trkpt lat="48.30921" lon="-1.43207">
        <ele>53.8</ele>
      </trkpt>
      <trkpt lat="48.30926" lon="-1.43205">
        <ele>53.8</ele>
      </trkpt>
      <trkpt lat="48.3093" lon="-1.43204">
        <ele>53.6</ele>
      </trkpt>
      <trkpt lat="48.30935" lon="-1.43202">
        <ele>53.7</ele>
      </trkpt>
      <trkpt lat="48.30939" lon="-1.432">
        <ele>53.9</ele>
      </trkpt>
      <trkpt lat="48.30944" lon="-1.43198">
        <ele>54.1</ele>
      </trkpt>
      <trkpt lat="48.30948" lon="-1.43197">
        <ele>53.9</ele>
      </trkpt>
      <trkpt lat="48.30953" lon="-1.43195">
        <ele>53.7</ele>
      </trkpt>
      <trkpt lat="48.30957" lon="-1.43193">
        <ele>53.7</ele>
      </trkpt>
      <trkpt lat="48.30963" lon="-1.43193">
        <ele>52.9</ele>
      </trkpt>
      <trkpt lat="48.30968" lon="-1.43193">
        <ele>52.2</ele>
      </trkpt>
      <trkpt lat="48.30974" lon="-1.43193">
        <ele>51.5</ele>
      </trkpt>
      <trkpt lat="48.3098" lon="-1.43193">
        <ele>51</ele>
      </trkpt>
      <trkpt lat="48.30985" lon="-1.43193">
        <ele>50.7</ele>
      </trkpt>
      <trkpt lat="48.30991" lon="-1.43193">
        <ele>50.2</ele>
      </trkpt>
      <trkpt lat="48.30996" lon="-1.43193">
        <ele>49.8</ele>
      </trkpt>
      <trkpt lat="48.31002" lon="-1.43194">
        <ele>49.1</ele>
      </trkpt>
      <trkpt lat="48.31008" lon="-1.43194">
        <ele>48.9</ele>
      </trkpt>
      <trkpt lat="48.31013" lon="-1.43194">
        <ele>48.7</ele>
      </trkpt>
      <trkpt lat="48.31019" lon="-1.43194">
        <ele>48.5</ele>
      </trkpt>
      <trkpt lat="48.31025" lon="-1.43194">
        <ele>48.2</ele>
      </trkpt>
      <trkpt lat="48.3103" lon="-1.43194">
        <ele>48.1</ele>
      </trkpt>
      <trkpt lat="48.31036" lon="-1.43194">
        <ele>48.2</ele>
      </trkpt>
      <trkpt lat="48.31041" lon="-1.43194">
        <ele>48.2</ele>
      </trkpt>
      <trkpt lat="48.31047" lon="-1.43194">
        <ele>48.2</ele>
      </trkpt>
      <trkpt lat="48.31054" lon="-1.43193">
        <ele>48.6</ele>
      </trkpt>
      <trkpt lat="48.31061" lon="-1.43191">
        <ele>49.3</ele>
      </trkpt>
      <trkpt lat="48.31068" lon="-1.4319">
        <ele>49.4</ele>
      </trkpt>
      <trkpt lat="48.31076" lon="-1.43188">
        <ele>49.9</ele>
      </trkpt>
      <trkpt lat="48.31083" lon="-1.43187">
        <ele>50</ele>
      </trkpt>
      <trkpt lat="48.3109" lon="-1.43185">
        <ele>49.9</ele>
      </trkpt>
      <trkpt lat="48.31097" lon="-1.43184">
        <ele>49.2</ele>
      </trkpt>
      <trkpt lat="48.31104" lon="-1.43182">
        <ele>48.8</ele>
      </trkpt>
      <trkpt lat="48.31108" lon="-1.43178">
        <ele>49.1</ele>
      </trkpt>
      <trkpt lat="48.31112" lon="-1.43174">
        <ele>49.3</ele>
      </trkpt>
      <trkpt lat="48.31116" lon="-1.43169">
        <ele>49.6</ele>
      </trkpt>
      <trkpt lat="48.31121" lon="-1.43165">
        <ele>49.3</ele>
      </trkpt>
      <trkpt lat="48.31125" lon="-1.43161">
        <ele>49.2</ele>
      </trkpt>
      <trkpt lat="48.31129" lon="-1.43157">
        <ele>49</ele>
      </trkpt>
      <trkpt lat="48.31133" lon="-1.43152">
        <ele>48.8</ele>
      </trkpt>
      <trkpt lat="48.31137" lon="-1.43148">
        <ele>48.3</ele>
      </trkpt>
      <trkpt lat="48.31141" lon="-1.43144">
        <ele>48</ele>
      </trkpt>
      <trkpt lat="48.31145" lon="-1.4314">
        <ele>47.8</ele>
      </trkpt>
      <trkpt lat="48.31149" lon="-1.43135">
        <ele>47.9</ele>
      </trkpt>
      <trkpt lat="48.31154" lon="-1.43131">
        <ele>47.5</ele>
      </trkpt>
      <trkpt lat="48.31158" lon="-1.43127">
        <ele>47.2</ele>
      </trkpt>
      <trkpt lat="48.31162" lon="-1.43123">
        <ele>46.8</ele>
      </trkpt>
      <trkpt lat="48.31166" lon="-1.43118">
        <ele>46.4</ele>
      </trkpt>
      <trkpt lat="48.3117" lon="-1.43114">
        <ele>46.5</ele>
      </trkpt>
      <trkpt lat="48.31176" lon="-1.43105">
        <ele>46.4</ele>
      </trkpt>
      <trkpt lat="48.31181" lon="-1.43096">
        <ele>45.7</ele>
      </trkpt>
      <trkpt lat="48.31181" lon="-1.43087">
        <ele>45.5</ele>
      </trkpt>
      <trkpt lat="48.31181" lon="-1.43077">
        <ele>45.2</ele>
      </trkpt>
      <trkpt lat="48.31181" lon="-1.43073">
        <ele>45</ele>
      </trkpt>
      <trkpt lat="48.31181" lon="-1.43063">
        <ele>44.7</ele>
      </trkpt>
      <trkpt lat="48.31178" lon="-1.43057">
        <ele>45</ele>
      </trkpt>
      <trkpt lat="48.31175" lon="-1.4305">
        <ele>45.1</ele>
      </trkpt>
      <trkpt lat="48.31172" lon="-1.43044">
        <ele>45.1</ele>
      </trkpt>
      <trkpt lat="48.31169" lon="-1.43038">
        <ele>44.9</ele>
      </trkpt>
      <trkpt lat="48.31166" lon="-1.43031">
        <ele>44.7</ele>
      </trkpt>
      <trkpt lat="48.31163" lon="-1.43025">
        <ele>45.5</ele>
      </trkpt>
      <trkpt lat="48.3116" lon="-1.43018">
        <ele>45.9</ele>
      </trkpt>
      <trkpt lat="48.31157" lon="-1.43012">
        <ele>46.2</ele>
      </trkpt>
      <trkpt lat="48.31154" lon="-1.43001">
        <ele>45.3</ele>
      </trkpt>
      <trkpt lat="48.3115" lon="-1.4299">
        <ele>45.6</ele>
      </trkpt>
      <trkpt lat="48.31147" lon="-1.42978">
        <ele>45</ele>
      </trkpt>
      <trkpt lat="48.31143" lon="-1.42967">
        <ele>44.4</ele>
      </trkpt>
      <trkpt lat="48.31141" lon="-1.42959">
        <ele>44</ele>
      </trkpt>
      <trkpt lat="48.31139" lon="-1.42952">
        <ele>43.5</ele>
      </trkpt>
      <trkpt lat="48.31138" lon="-1.42944">
        <ele>43.5</ele>
      </trkpt>
      <trkpt lat="48.31136" lon="-1.42937">
        <ele>44.4</ele>
      </trkpt>
      <trkpt lat="48.31134" lon="-1.42929">
        <ele>45</ele>
      </trkpt>
      <trkpt lat="48.31132" lon="-1.42922">
        <ele>45.3</ele>
      </trkpt>
      <trkpt lat="48.3113" lon="-1.42914">
        <ele>45.4</ele>
      </trkpt>
      <trkpt lat="48.31129" lon="-1.42907">
        <ele>45.4</ele>
      </trkpt>
      <trkpt lat="48.31127" lon="-1.42899">
        <ele>45.3</ele>
      </trkpt>
      <trkpt lat="48.31125" lon="-1.42891">
        <ele>45.2</ele>
      </trkpt>
      <trkpt lat="48.31123" lon="-1.42884">
        <ele>45.1</ele>
      </trkpt>
      <trkpt lat="48.31121" lon="-1.42876">
        <ele>45.1</ele>
      </trkpt>
      <trkpt lat="48.31119" lon="-1.42869">
        <ele>45.1</ele>
      </trkpt>
      <trkpt lat="48.31118" lon="-1.42861">
        <ele>45</ele>
      </trkpt>
      <trkpt lat="48.31116" lon="-1.42854">
        <ele>45.1</ele>
      </trkpt>
      <trkpt lat="48.31114" lon="-1.42846">
        <ele>45.1</ele>
      </trkpt>
      <trkpt lat="48.31112" lon="-1.42836">
        <ele>45</ele>
      </trkpt>
      <trkpt lat="48.3111" lon="-1.42826">
        <ele>45.4</ele>
      </trkpt>
      <trkpt lat="48.31108" lon="-1.42815">
        <ele>45.9</ele>
      </trkpt>
      <trkpt lat="48.31106" lon="-1.42805">
        <ele>46.3</ele>
      </trkpt>
      <trkpt lat="48.31104" lon="-1.42795">
        <ele>46.2</ele>
      </trkpt>
      <trkpt lat="48.31102" lon="-1.42785">
        <ele>46.1</ele>
      </trkpt>
      <trkpt lat="48.311" lon="-1.42775">
        <ele>46</ele>
      </trkpt>
      <trkpt lat="48.31098" lon="-1.42765">
        <ele>46.1</ele>
      </trkpt>
      <trkpt lat="48.31095" lon="-1.42754">
        <ele>46.4</ele>
      </trkpt>
      <trkpt lat="48.31093" lon="-1.42744">
        <ele>46.6</ele>
      </trkpt>
      <trkpt lat="48.31091" lon="-1.42734">
        <ele>46.9</ele>
      </trkpt>
      <trkpt lat="48.31089" lon="-1.42724">
        <ele>47.2</ele>
      </trkpt>
      <trkpt lat="48.31087" lon="-1.42714">
        <ele>47.5</ele>
      </trkpt>
      <trkpt lat="48.31085" lon="-1.42703">
        <ele>47.8</ele>
      </trkpt>
      <trkpt lat="48.31083" lon="-1.42693">
        <ele>48.1</ele>
      </trkpt>
      <trkpt lat="48.31081" lon="-1.42683">
        <ele>48.8</ele>
      </trkpt>
      <trkpt lat="48.31081" lon="-1.42676">
        <ele>48.8</ele>
      </trkpt>
      <trkpt lat="48.31081" lon="-1.42669">
        <ele>48.8</ele>
      </trkpt>
      <trkpt lat="48.31081" lon="-1.42662">
        <ele>48.7</ele>
      </trkpt>
      <trkpt lat="48.31081" lon="-1.42655">
        <ele>48.7</ele>
      </trkpt>
      <trkpt lat="48.3108" lon="-1.42647">
        <ele>48.9</ele>
      </trkpt>
      <trkpt lat="48.3108" lon="-1.4264">
        <ele>48.8</ele>
      </trkpt>
      <trkpt lat="48.3108" lon="-1.42633">
        <ele>48.8</ele>
      </trkpt>
      <trkpt lat="48.3108" lon="-1.42626">
        <ele>48.8</ele>
      </trkpt>
      <trkpt lat="48.31079" lon="-1.42617">
        <ele>49.1</ele>
      </trkpt>
      <trkpt lat="48.31077" lon="-1.42608">
        <ele>49.6</ele>
      </trkpt>
      <trkpt lat="48.31076" lon="-1.42598">
        <ele>49.7</ele>
      </trkpt>
      <trkpt lat="48.31074" lon="-1.42589">
        <ele>50.1</ele>
      </trkpt>
      <trkpt lat="48.31073" lon="-1.4258">
        <ele>50.2</ele>
      </trkpt>
      <trkpt lat="48.31071" lon="-1.42571">
        <ele>50.5</ele>
      </trkpt>
      <trkpt lat="48.3107" lon="-1.42561">
        <ele>50.5</ele>
      </trkpt>
      <trkpt lat="48.31068" lon="-1.42552">
        <ele>50.9</ele>
      </trkpt>
      <trkpt lat="48.31069" lon="-1.42539">
        <ele>51.2</ele>
      </trkpt>
      <trkpt lat="48.31069" lon="-1.42532">
        <ele>51.5</ele>
      </trkpt>
      <trkpt lat="48.31069" lon="-1.42525">
        <ele>51.6</ele>
      </trkpt>
      <trkpt lat="48.3107" lon="-1.42518">
        <ele>51.4</ele>
      </trkpt>
      <trkpt lat="48.31072" lon="-1.42511">
        <ele>50.9</ele>
      </trkpt>
      <trkpt lat="48.31073" lon="-1.42504">
        <ele>50.6</ele>
      </trkpt>
      <trkpt lat="48.31074" lon="-1.42497">
        <ele>50.4</ele>
      </trkpt>
      <trkpt lat="48.31077" lon="-1.42491">
        <ele>49.7</ele>
      </trkpt>
      <trkpt lat="48.31079" lon="-1.42484">
        <ele>49.3</ele>
      </trkpt>
      <trkpt lat="48.31083" lon="-1.42479">
        <ele>48.1</ele>
      </trkpt>
      <trkpt lat="48.31087" lon="-1.42474">
        <ele>47.5</ele>
      </trkpt>
      <trkpt lat="48.31091" lon="-1.42469">
        <ele>46.8</ele>
      </trkpt>
      <trkpt lat="48.31095" lon="-1.42464">
        <ele>46.1</ele>
      </trkpt>
      <trkpt lat="48.31101" lon="-1.42455">
        <ele>44.7</ele>
      </trkpt>
      <trkpt lat="48.31107" lon="-1.42445">
        <ele>42.9</ele>
      </trkpt>
      <trkpt lat="48.31106" lon="-1.42436">
        <ele>42.9</ele>
      </trkpt>
      <trkpt lat="48.31104" lon="-1.42427">
        <ele>43.2</ele>
      </trkpt>
      <trkpt lat="48.31103" lon="-1.42417">
        <ele>43.3</ele>
      </trkpt>
      <trkpt lat="48.31101" lon="-1.42408">
        <ele>44</ele>
      </trkpt>
      <trkpt lat="48.311" lon="-1.42399">
        <ele>44.3</ele>
      </trkpt>
      <trkpt lat="48.31099" lon="-1.4239">
        <ele>44.6</ele>
      </trkpt>
      <trkpt lat="48.31097" lon="-1.42381">
        <ele>44.9</ele>
      </trkpt>
      <trkpt lat="48.31096" lon="-1.42372">
        <ele>44.9</ele>
        <extensions>
          <visugpx:TrkExtension xmlns:visugpx="https://www.visugpx.com/editgpx/">
            <visugpx:node>1</visugpx:node>
            </visugpx:TrkExtension>
        </extensions>
      </trkpt>
      <trkpt lat="48.31095" lon="-1.42361">
        <ele>44.9</ele>
      </trkpt>
      <trkpt lat="48.31093" lon="-1.42351">
        <ele>44.7</ele>
      </trkpt>
      <trkpt lat="48.31092" lon="-1.4234">
        <ele>44.1</ele>
      </trkpt>
      <trkpt lat="48.3109" lon="-1.4233">
        <ele>43.8</ele>
      </trkpt>
      <trkpt lat="48.31089" lon="-1.42319">
        <ele>43.8</ele>
      </trkpt>
      <trkpt lat="48.31087" lon="-1.42308">
        <ele>43.9</ele>
      </trkpt>
      <trkpt lat="48.31086" lon="-1.42298">
        <ele>43.7</ele>
      </trkpt>
      <trkpt lat="48.31084" lon="-1.42287">
        <ele>43.3</ele>
      </trkpt>
      <trkpt lat="48.31082" lon="-1.42277">
        <ele>43.6</ele>
      </trkpt>
      <trkpt lat="48.31079" lon="-1.42267">
        <ele>44.5</ele>
      </trkpt>
      <trkpt lat="48.31077" lon="-1.42257">
        <ele>44.7</ele>
      </trkpt>
      <trkpt lat="48.31074" lon="-1.42247">
        <ele>45.2</ele>
      </trkpt>
      <trkpt lat="48.31072" lon="-1.42237">
        <ele>45.3</ele>
      </trkpt>
      <trkpt lat="48.31069" lon="-1.42227">
        <ele>45.5</ele>
      </trkpt>
      <trkpt lat="48.31067" lon="-1.42217">
        <ele>45.2</ele>
      </trkpt>
      <trkpt lat="48.31064" lon="-1.42207">
        <ele>44.8</ele>
      </trkpt>
      <trkpt lat="48.31062" lon="-1.42196">
        <ele>43.9</ele>
      </trkpt>
      <trkpt lat="48.31059" lon="-1.42186">
        <ele>43.3</ele>
      </trkpt>
      <trkpt lat="48.31057" lon="-1.42176">
        <ele>42.7</ele>
      </trkpt>
      <trkpt lat="48.31054" lon="-1.42166">
        <ele>43.2</ele>
      </trkpt>
      <trkpt lat="48.31052" lon="-1.42156">
        <ele>44.7</ele>
      </trkpt>
      <trkpt lat="48.31049" lon="-1.42146">
        <ele>46.7</ele>
      </trkpt>
      <trkpt lat="48.31047" lon="-1.42136">
        <ele>47.7</ele>
      </trkpt>
      <trkpt lat="48.31044" lon="-1.42126">
        <ele>48.9</ele>
      </trkpt>
      <trkpt lat="48.31044" lon="-1.42119">
        <ele>48.4</ele>
      </trkpt>
      <trkpt lat="48.31045" lon="-1.42111">
        <ele>47.3</ele>
      </trkpt>
      <trkpt lat="48.31045" lon="-1.42104">
        <ele>46.2</ele>
      </trkpt>
      <trkpt lat="48.31046" lon="-1.42096">
        <ele>44.6</ele>
      </trkpt>
      <trkpt lat="48.31046" lon="-1.42089">
        <ele>43.6</ele>
      </trkpt>
      <trkpt lat="48.31046" lon="-1.42081">
        <ele>42.7</ele>
      </trkpt>
      <trkpt lat="48.31047" lon="-1.42074">
        <ele>42.6</ele>
      </trkpt>
      <trkpt lat="48.31047" lon="-1.42066">
        <ele>42.6</ele>
      </trkpt>
      <trkpt lat="48.31045" lon="-1.42057">
        <ele>42.8</ele>
      </trkpt>
      <trkpt lat="48.31044" lon="-1.42048">
        <ele>42.8</ele>
      </trkpt>
      <trkpt lat="48.31042" lon="-1.42038">
        <ele>43</ele>
      </trkpt>
      <trkpt lat="48.31041" lon="-1.42029">
        <ele>43</ele>
      </trkpt>
      <trkpt lat="48.31039" lon="-1.4202">
        <ele>43.1</ele>
      </trkpt>
      <trkpt lat="48.31037" lon="-1.42011">
        <ele>43.1</ele>
      </trkpt>
      <trkpt lat="48.31036" lon="-1.42001">
        <ele>43</ele>
      </trkpt>
      <trkpt lat="48.31034" lon="-1.41992">
        <ele>42.8</ele>
      </trkpt>
      <trkpt lat="48.31031" lon="-1.41982">
        <ele>42.5</ele>
      </trkpt>
      <trkpt lat="48.31027" lon="-1.41971">
        <ele>42.5</ele>
      </trkpt>
      <trkpt lat="48.31024" lon="-1.41961">
        <ele>44.1</ele>
      </trkpt>
      <trkpt lat="48.3102" lon="-1.4195">
        <ele>46.1</ele>
      </trkpt>
      <trkpt lat="48.31017" lon="-1.4194">
        <ele>46.9</ele>
      </trkpt>
      <trkpt lat="48.31013" lon="-1.41929">
        <ele>46.8</ele>
      </trkpt>
      <trkpt lat="48.3101" lon="-1.41919">
        <ele>45.4</ele>
      </trkpt>
      <trkpt lat="48.31006" lon="-1.41908">
        <ele>44.9</ele>
      </trkpt>
      <trkpt lat="48.31006" lon="-1.41899">
        <ele>44.4</ele>
      </trkpt>
      <trkpt lat="48.31005" lon="-1.41891">
        <ele>43.9</ele>
      </trkpt>
      <trkpt lat="48.31005" lon="-1.41882">
        <ele>43.8</ele>
      </trkpt>
      <trkpt lat="48.31004" lon="-1.41874">
        <ele>43.9</ele>
      </trkpt>
      <trkpt lat="48.31004" lon="-1.41865">
        <ele>43.9</ele>
      </trkpt>
      <trkpt lat="48.31003" lon="-1.41856">
        <ele>43.7</ele>
      </trkpt>
      <trkpt lat="48.31003" lon="-1.41848">
        <ele>43.5</ele>
      </trkpt>
      <trkpt lat="48.31002" lon="-1.41839">
        <ele>43.2</ele>
      </trkpt>
      <trkpt lat="48.31001" lon="-1.4183">
        <ele>43</ele>
      </trkpt>
      <trkpt lat="48.31001" lon="-1.4182">
        <ele>43</ele>
      </trkpt>
      <trkpt lat="48.31" lon="-1.41811">
        <ele>43</ele>
      </trkpt>
      <trkpt lat="48.30999" lon="-1.41802">
        <ele>43.6</ele>
      </trkpt>
      <trkpt lat="48.30998" lon="-1.41792">
        <ele>44.3</ele>
      </trkpt>
      <trkpt lat="48.30998" lon="-1.41783">
        <ele>44.3</ele>
      </trkpt>
      <trkpt lat="48.30997" lon="-1.41773">
        <ele>45</ele>
      </trkpt>
      <trkpt lat="48.30996" lon="-1.41764">
        <ele>45.7</ele>
      </trkpt>
      <trkpt lat="48.30994" lon="-1.41752">
        <ele>46.6</ele>
      </trkpt>
      <trkpt lat="48.30992" lon="-1.4174">
        <ele>47.5</ele>
      </trkpt>
      <trkpt lat="48.30992" lon="-1.41733">
        <ele>47.5</ele>
      </trkpt>
      <trkpt lat="48.30992" lon="-1.41726">
        <ele>47.6</ele>
      </trkpt>
      <trkpt lat="48.30991" lon="-1.41719">
        <ele>47.8</ele>
      </trkpt>
      <trkpt lat="48.30991" lon="-1.41712">
        <ele>47.4</ele>
      </trkpt>
      <trkpt lat="48.30986" lon="-1.41709">
        <ele>48.6</ele>
      </trkpt>
      <trkpt lat="48.30982" lon="-1.41706">
        <ele>49.3</ele>
      </trkpt>
      <trkpt lat="48.30977" lon="-1.41703">
        <ele>50.2</ele>
      </trkpt>
      <trkpt lat="48.30973" lon="-1.41701">
        <ele>50.8</ele>
      </trkpt>
      <trkpt lat="48.30968" lon="-1.41698">
        <ele>51.5</ele>
      </trkpt>
      <trkpt lat="48.30963" lon="-1.41695">
        <ele>52.1</ele>
      </trkpt>
      <trkpt lat="48.30959" lon="-1.41692">
        <ele>52.9</ele>
      </trkpt>
      <trkpt lat="48.30954" lon="-1.41689">
        <ele>53.9</ele>
      </trkpt>
      <trkpt lat="48.30949" lon="-1.41686">
        <ele>55</ele>
      </trkpt>
      <trkpt lat="48.30943" lon="-1.41682">
        <ele>56.2</ele>
      </trkpt>
      <trkpt lat="48.30944" lon="-1.41675">
        <ele>56.1</ele>
      </trkpt>
      <trkpt lat="48.30946" lon="-1.41668">
        <ele>55.7</ele>
      </trkpt>
      <trkpt lat="48.30947" lon="-1.4166">
        <ele>55</ele>
        <extensions>
          <visugpx:TrkExtension xmlns:visugpx="https://www.visugpx.com/editgpx/">
            <visugpx:node>2</visugpx:node>
            </visugpx:TrkExtension>
        </extensions>
      </trkpt>
      <trkpt lat="48.30948" lon="-1.41653">
        <ele>54.4</ele>
      </trkpt>
      <trkpt lat="48.30946" lon="-1.41642">
        <ele>54</ele>
      </trkpt>
      <trkpt lat="48.30945" lon="-1.4163">
        <ele>53.9</ele>
      </trkpt>
      <trkpt lat="48.30944" lon="-1.41621">
        <ele>54</ele>
      </trkpt>
      <trkpt lat="48.30944" lon="-1.41612">
        <ele>54</ele>
        <extensions>
          <visugpx:TrkExtension xmlns:visugpx="https://www.visugpx.com/editgpx/">
            <visugpx:node>3</visugpx:node>
            </visugpx:TrkExtension>
        </extensions>
      </trkpt>
      <trkpt lat="48.30949" lon="-1.4161">
        <ele>53.6</ele>
      </trkpt>
      <trkpt lat="48.30954" lon="-1.41607">
        <ele>53.3</ele>
      </trkpt>
      <trkpt lat="48.30959" lon="-1.41604">
        <ele>52.8</ele>
      </trkpt>
      <trkpt lat="48.30964" lon="-1.41601">
        <ele>52.1</ele>
      </trkpt>
      <trkpt lat="48.30969" lon="-1.41593">
        <ele>51.5</ele>
      </trkpt>
      <trkpt lat="48.30974" lon="-1.41586">
        <ele>50.7</ele>
      </trkpt>
      <trkpt lat="48.30979" lon="-1.41578">
        <ele>50.6</ele>
      </trkpt>
      <trkpt lat="48.30984" lon="-1.41571">
        <ele>50.4</ele>
      </trkpt>
      <trkpt lat="48.30987" lon="-1.41566">
        <ele>50.3</ele>
      </trkpt>
      <trkpt lat="48.30991" lon="-1.4156">
        <ele>50.1</ele>
      </trkpt>
      <trkpt lat="48.30995" lon="-1.41555">
        <ele>49.7</ele>
      </trkpt>
      <trkpt lat="48.30999" lon="-1.4155">
        <ele>49.4</ele>
      </trkpt>
      <trkpt lat="48.31003" lon="-1.41544">
        <ele>49.2</ele>
      </trkpt>
      <trkpt lat="48.31007" lon="-1.41538">
        <ele>49.1</ele>
      </trkpt>
      <trkpt lat="48.31012" lon="-1.41532">
        <ele>49</ele>
      </trkpt>
      <trkpt lat="48.31016" lon="-1.41527">
        <ele>48.9</ele>
      </trkpt>
      <trkpt lat="48.3102" lon="-1.41522">
        <ele>48.6</ele>
      </trkpt>
      <trkpt lat="48.31023" lon="-1.41517">
        <ele>48.4</ele>
      </trkpt>
      <trkpt lat="48.31027" lon="-1.41512">
        <ele>48.1</ele>
      </trkpt>
      <trkpt lat="48.3103" lon="-1.41507">
        <ele>47.8</ele>
      </trkpt>
      <trkpt lat="48.31036" lon="-1.41499">
        <ele>47.4</ele>
      </trkpt>
      <trkpt lat="48.31041" lon="-1.4149">
        <ele>47.4</ele>
      </trkpt>
      <trkpt lat="48.31046" lon="-1.41482">
        <ele>47.3</ele>
      </trkpt>
      <trkpt lat="48.31051" lon="-1.41474">
        <ele>47.3</ele>
      </trkpt>
      <trkpt lat="48.31057" lon="-1.41467">
        <ele>47.1</ele>
      </trkpt>
      <trkpt lat="48.31062" lon="-1.41459">
        <ele>47</ele>
      </trkpt>
      <trkpt lat="48.31067" lon="-1.41452">
        <ele>46.9</ele>
      </trkpt>
      <trkpt lat="48.31073" lon="-1.41445">
        <ele>46.7</ele>
      </trkpt>
      <trkpt lat="48.31076" lon="-1.4144">
        <ele>46.6</ele>
      </trkpt>
      <trkpt lat="48.3108" lon="-1.41434">
        <ele>46.6</ele>
        <extensions>
          <visugpx:TrkExtension xmlns:visugpx="https://www.visugpx.com/editgpx/">
            <visugpx:node>4</visugpx:node>
            </visugpx:TrkExtension>
        </extensions>
      </trkpt>
      <trkpt lat="48.31081" lon="-1.41433">
        <ele>46.5</ele>
      </trkpt>
      <trkpt lat="48.31085" lon="-1.41427">
        <ele>46.5</ele>
      </trkpt>
      <trkpt lat="48.3109" lon="-1.4142">
        <ele>46.4</ele>
      </trkpt>
      <trkpt lat="48.31096" lon="-1.41411">
        <ele>46.2</ele>
      </trkpt>
      <trkpt lat="48.311" lon="-1.41407">
        <ele>46</ele>
      </trkpt>
      <trkpt lat="48.31103" lon="-1.41402">
        <ele>46</ele>
      </trkpt>
      <trkpt lat="48.31108" lon="-1.41395">
        <ele>45.9</ele>
      </trkpt>
      <trkpt lat="48.31113" lon="-1.41388">
        <ele>45.8</ele>
      </trkpt>
      <trkpt lat="48.31116" lon="-1.41383">
        <ele>45.5</ele>
      </trkpt>
      <trkpt lat="48.3112" lon="-1.41377">
        <ele>45.2</ele>
      </trkpt>
      <trkpt lat="48.31123" lon="-1.41366">
        <ele>45.1</ele>
        <extensions>
          <visugpx:TrkExtension xmlns:visugpx="https://www.visugpx.com/editgpx/">
            <visugpx:node>5</visugpx:node>
            </visugpx:TrkExtension>
        </extensions>
      </trkpt>
      <trkpt lat="48.31119" lon="-1.41363">
        <ele>45.4</ele>
      </trkpt>
      <trkpt lat="48.31114" lon="-1.41361">
        <ele>45.8</ele>
      </trkpt>
      <trkpt lat="48.31109" lon="-1.41358">
        <ele>46.2</ele>
      </trkpt>
      <trkpt lat="48.31105" lon="-1.41355">
        <ele>46.5</ele>
      </trkpt>
      <trkpt lat="48.311" lon="-1.41353">
        <ele>46.9</ele>
      </trkpt>
      <trkpt lat="48.31096" lon="-1.41351">
        <ele>47.3</ele>
      </trkpt>
      <trkpt lat="48.31092" lon="-1.41349">
        <ele>47.7</ele>
      </trkpt>
      <trkpt lat="48.31087" lon="-1.41347">
        <ele>48.2</ele>
      </trkpt>
      <trkpt lat="48.31082" lon="-1.41343">
        <ele>48.7</ele>
      </trkpt>
      <trkpt lat="48.31077" lon="-1.4134">
        <ele>49.2</ele>
      </trkpt>
      <trkpt lat="48.31072" lon="-1.41336">
        <ele>49.7</ele>
      </trkpt>
      <trkpt lat="48.31067" lon="-1.41332">
        <ele>50.2</ele>
      </trkpt>
      <trkpt lat="48.31065" lon="-1.41322">
        <ele>50.9</ele>
      </trkpt>
      <trkpt lat="48.31063" lon="-1.41312">
        <ele>51.4</ele>
      </trkpt>
      <trkpt lat="48.31061" lon="-1.41303">
        <ele>52</ele>
      </trkpt>
      <trkpt lat="48.31059" lon="-1.41293">
        <ele>52.7</ele>
        <extensions>
          <visugpx:TrkExtension xmlns:visugpx="https://www.visugpx.com/editgpx/">
            <visugpx:node>6</visugpx:node>
            </visugpx:TrkExtension>
        </extensions>
      </trkpt>
      <trkpt lat="48.31058" lon="-1.4129">
        <ele>53</ele>
      </trkpt>
      <trkpt lat="48.31056" lon="-1.41281">
        <ele>53.7</ele>
      </trkpt>
      <trkpt lat="48.31054" lon="-1.41271">
        <ele>54.4</ele>
      </trkpt>
      <trkpt lat="48.31052" lon="-1.41262">
        <ele>54.8</ele>
      </trkpt>
      <trkpt lat="48.3105" lon="-1.41253">
        <ele>55.3</ele>
      </trkpt>
      <trkpt lat="48.31044" lon="-1.41248">
        <ele>55.2</ele>
      </trkpt>
      <trkpt lat="48.31037" lon="-1.41244">
        <ele>54.5</ele>
      </trkpt>
      <trkpt lat="48.31031" lon="-1.41243">
        <ele>54.7</ele>
      </trkpt>
      <trkpt lat="48.31024" lon="-1.41243">
        <ele>55.2</ele>
      </trkpt>
      <trkpt lat="48.31018" lon="-1.41242">
        <ele>55.3</ele>
      </trkpt>
      <trkpt lat="48.31011" lon="-1.41242">
        <ele>55.7</ele>
      </trkpt>
      <trkpt lat="48.31007" lon="-1.41242">
        <ele>56</ele>
        <extensions>
          <visugpx:TrkExtension xmlns:visugpx="https://www.visugpx.com/editgpx/">
            <visugpx:node>7</visugpx:node>
            </visugpx:TrkExtension>
        </extensions>
      </trkpt>
      <trkpt lat="48.31002" lon="-1.41244">
        <ele>56.9</ele>
        <extensions>
          <visugpx:TrkExtension xmlns:visugpx="https://www.visugpx.com/editgpx/">
            <visugpx:node>8</visugpx:node>
            </visugpx:TrkExtension>
        </extensions>
      </trkpt>
      <trkpt lat="48.30996" lon="-1.41245">
        <ele>57.7</ele>
      </trkpt>
      <trkpt lat="48.30989" lon="-1.41246">
        <ele>58.5</ele>
      </trkpt>
      <trkpt lat="48.30982" lon="-1.41247">
        <ele>59.3</ele>
      </trkpt>
      <trkpt lat="48.30976" lon="-1.41249">
        <ele>60.4</ele>
      </trkpt>
      <trkpt lat="48.30969" lon="-1.4125">
        <ele>61.1</ele>
      </trkpt>
      <trkpt lat="48.30962" lon="-1.41251">
        <ele>61.4</ele>
      </trkpt>
      <trkpt lat="48.30955" lon="-1.41252">
        <ele>61.8</ele>
      </trkpt>
      <trkpt lat="48.30949" lon="-1.41253">
        <ele>62.1</ele>
      </trkpt>
      <trkpt lat="48.30942" lon="-1.41254">
        <ele>62.5</ele>
      </trkpt>
      <trkpt lat="48.30935" lon="-1.41256">
        <ele>63.1</ele>
      </trkpt>
      <trkpt lat="48.30929" lon="-1.41257">
        <ele>63.6</ele>
      </trkpt>
      <trkpt lat="48.30922" lon="-1.41258">
        <ele>64.2</ele>
      </trkpt>
      <trkpt lat="48.30915" lon="-1.41262">
        <ele>64.9</ele>
      </trkpt>
      <trkpt lat="48.30908" lon="-1.41266">
        <ele>65.5</ele>
      </trkpt>
      <trkpt lat="48.30901" lon="-1.4127">
        <ele>66</ele>
      </trkpt>
      <trkpt lat="48.30894" lon="-1.41275">
        <ele>66.6</ele>
      </trkpt>
      <trkpt lat="48.30887" lon="-1.41279">
        <ele>67.2</ele>
      </trkpt>
      <trkpt lat="48.3088" lon="-1.41283">
        <ele>67.8</ele>
      </trkpt>
      <trkpt lat="48.30873" lon="-1.41287">
        <ele>68.4</ele>
      </trkpt>
      <trkpt lat="48.30866" lon="-1.41291">
        <ele>69.2</ele>
      </trkpt>
      <trkpt lat="48.30859" lon="-1.41293">
        <ele>69.7</ele>
      </trkpt>
      <trkpt lat="48.30852" lon="-1.41294">
        <ele>70</ele>
      </trkpt>
      <trkpt lat="48.30845" lon="-1.41296">
        <ele>70.4</ele>
      </trkpt>
      <trkpt lat="48.30838" lon="-1.41297">
        <ele>70.6</ele>
      </trkpt>
      <trkpt lat="48.30831" lon="-1.41299">
        <ele>70.8</ele>
      </trkpt>
      <trkpt lat="48.30824" lon="-1.413">
        <ele>71.1</ele>
      </trkpt>
      <trkpt lat="48.30817" lon="-1.41302">
        <ele>71.5</ele>
      </trkpt>
      <trkpt lat="48.3081" lon="-1.41303">
        <ele>71.7</ele>
      </trkpt>
      <trkpt lat="48.30802" lon="-1.41303">
        <ele>71.9</ele>
      </trkpt>
      <trkpt lat="48.30794" lon="-1.41303">
        <ele>71.9</ele>
      </trkpt>
      <trkpt lat="48.30786" lon="-1.41302">
        <ele>72</ele>
      </trkpt>
      <trkpt lat="48.30778" lon="-1.41302">
        <ele>72</ele>
      </trkpt>
      <trkpt lat="48.3077" lon="-1.41302">
        <ele>72.3</ele>
      </trkpt>
      <trkpt lat="48.30762" lon="-1.41302">
        <ele>72.6</ele>
      </trkpt>
      <trkpt lat="48.30754" lon="-1.41301">
        <ele>72.9</ele>
      </trkpt>
      <trkpt lat="48.30746" lon="-1.41301">
        <ele>73.1</ele>
      </trkpt>
      <trkpt lat="48.30739" lon="-1.41296">
        <ele>73.3</ele>
      </trkpt>
      <trkpt lat="48.30731" lon="-1.41291">
        <ele>73.3</ele>
      </trkpt>
      <trkpt lat="48.30724" lon="-1.41285">
        <ele>73.2</ele>
      </trkpt>
      <trkpt lat="48.30716" lon="-1.4128">
        <ele>73.3</ele>
      </trkpt>
      <trkpt lat="48.30714" lon="-1.41284">
        <ele>73.5</ele>
      </trkpt>
      <trkpt lat="48.30709" lon="-1.41285">
        <ele>73.6</ele>
      </trkpt>
      <trkpt lat="48.30704" lon="-1.41286">
        <ele>73.8</ele>
      </trkpt>
      <trkpt lat="48.30698" lon="-1.41287">
        <ele>73.9</ele>
      </trkpt>
      <trkpt lat="48.30693" lon="-1.41288">
        <ele>74</ele>
      </trkpt>
      <trkpt lat="48.30688" lon="-1.41294">
        <ele>74</ele>
      </trkpt>
      <trkpt lat="48.30683" lon="-1.41299">
        <ele>74</ele>
      </trkpt>
      <trkpt lat="48.30678" lon="-1.41305">
        <ele>74</ele>
      </trkpt>
      <trkpt lat="48.30673" lon="-1.4131">
        <ele>74</ele>
      </trkpt>
      <trkpt lat="48.30671" lon="-1.41302">
        <ele>74</ele>
      </trkpt>
      <trkpt lat="48.30668" lon="-1.41294">
        <ele>74</ele>
      </trkpt>
      <trkpt lat="48.30666" lon="-1.41286">
        <ele>74</ele>
      </trkpt>
      <trkpt lat="48.30664" lon="-1.41279">
        <ele>74</ele>
      </trkpt>
      <trkpt lat="48.30661" lon="-1.41271">
        <ele>73.8</ele>
      </trkpt>
      <trkpt lat="48.30659" lon="-1.41263">
        <ele>73.6</ele>
      </trkpt>
      <trkpt lat="48.30656" lon="-1.41255">
        <ele>73.5</ele>
      </trkpt>
      <trkpt lat="48.30654" lon="-1.41247">
        <ele>73.5</ele>
      </trkpt>
      <trkpt lat="48.30652" lon="-1.41239">
        <ele>73.5</ele>
      </trkpt>
      <trkpt lat="48.30649" lon="-1.41231">
        <ele>73.6</ele>
      </trkpt>
      <trkpt lat="48.30647" lon="-1.41223">
        <ele>73.7</ele>
      </trkpt>
      <trkpt lat="48.30645" lon="-1.41216">
        <ele>73.7</ele>
      </trkpt>
      <trkpt lat="48.30642" lon="-1.41208">
        <ele>73.8</ele>
      </trkpt>
      <trkpt lat="48.3064" lon="-1.412">
        <ele>73.9</ele>
      </trkpt>
      <trkpt lat="48.30637" lon="-1.41192">
        <ele>74</ele>
      </trkpt>
      <trkpt lat="48.30635" lon="-1.41184">
        <ele>73.8</ele>
      </trkpt>
      <trkpt lat="48.3063" lon="-1.41181">
        <ele>74</ele>
      </trkpt>
      <trkpt lat="48.30624" lon="-1.41178">
        <ele>74.3</ele>
      </trkpt>
      <trkpt lat="48.30619" lon="-1.41174">
        <ele>74.5</ele>
      </trkpt>
      <trkpt lat="48.30614" lon="-1.41171">
        <ele>74.8</ele>
      </trkpt>
      <trkpt lat="48.30608" lon="-1.41168">
        <ele>75.3</ele>
      </trkpt>
      <trkpt lat="48.30603" lon="-1.41165">
        <ele>75.8</ele>
      </trkpt>
      <trkpt lat="48.30597" lon="-1.41161">
        <ele>76.1</ele>
      </trkpt>
      <trkpt lat="48.30592" lon="-1.41158">
        <ele>76.3</ele>
      </trkpt>
      <trkpt lat="48.30587" lon="-1.41148">
        <ele>75.8</ele>
      </trkpt>
      <trkpt lat="48.30584" lon="-1.41143">
        <ele>75.4</ele>
      </trkpt>
      <trkpt lat="48.30581" lon="-1.41137">
        <ele>75</ele>
      </trkpt>
      <trkpt lat="48.30576" lon="-1.41127">
        <ele>74.8</ele>
      </trkpt>
      <trkpt lat="48.30573" lon="-1.41122">
        <ele>74.8</ele>
      </trkpt>
      <trkpt lat="48.3057" lon="-1.41116">
        <ele>74.7</ele>
      </trkpt>
      <trkpt lat="48.30565" lon="-1.4111">
        <ele>74.9</ele>
      </trkpt>
      <trkpt lat="48.3056" lon="-1.41103">
        <ele>74.8</ele>
      </trkpt>
      <trkpt lat="48.30555" lon="-1.41097">
        <ele>75.1</ele>
      </trkpt>
      <trkpt lat="48.3055" lon="-1.4109">
        <ele>75.2</ele>
      </trkpt>
      <trkpt lat="48.30545" lon="-1.41084">
        <ele>75.6</ele>
      </trkpt>
      <trkpt lat="48.3054" lon="-1.41077">
        <ele>75.9</ele>
      </trkpt>
      <trkpt lat="48.30535" lon="-1.41071">
        <ele>76.2</ele>
      </trkpt>
      <trkpt lat="48.3053" lon="-1.41064">
        <ele>76.3</ele>
      </trkpt>
      <trkpt lat="48.30525" lon="-1.41058">
        <ele>76.5</ele>
      </trkpt>
      <trkpt lat="48.30519" lon="-1.41051">
        <ele>76.6</ele>
      </trkpt>
      <trkpt lat="48.30514" lon="-1.41045">
        <ele>76.7</ele>
      </trkpt>
      <trkpt lat="48.30508" lon="-1.41038">
        <ele>76.9</ele>
      </trkpt>
      <trkpt lat="48.30503" lon="-1.41032">
        <ele>77</ele>
      </trkpt>
      <trkpt lat="48.30497" lon="-1.41025">
        <ele>76.8</ele>
      </trkpt>
      <trkpt lat="48.30492" lon="-1.41019">
        <ele>76.5</ele>
      </trkpt>
      <trkpt lat="48.30486" lon="-1.41012">
        <ele>76.3</ele>
      </trkpt>
      <trkpt lat="48.3048" lon="-1.41005">
        <ele>76.3</ele>
      </trkpt>
      <trkpt lat="48.30473" lon="-1.40998">
        <ele>76.6</ele>
      </trkpt>
      <trkpt lat="48.30467" lon="-1.40991">
        <ele>76.1</ele>
      </trkpt>
      <trkpt lat="48.30461" lon="-1.40984">
        <ele>75.7</ele>
      </trkpt>
      <trkpt lat="48.30454" lon="-1.40977">
        <ele>75.5</ele>
      </trkpt>
      <trkpt lat="48.30448" lon="-1.4097">
        <ele>75.1</ele>
      </trkpt>
      <trkpt lat="48.30441" lon="-1.40963">
        <ele>74.6</ele>
      </trkpt>
      <trkpt lat="48.30435" lon="-1.40956">
        <ele>74.5</ele>
      </trkpt>
      <trkpt lat="48.30429" lon="-1.40951">
        <ele>74.9</ele>
        <extensions>
          <visugpx:TrkExtension xmlns:visugpx="https://www.visugpx.com/editgpx/">
            <visugpx:node>9</visugpx:node>
            </visugpx:TrkExtension>
        </extensions>
      </trkpt>
      <trkpt lat="48.30422" lon="-1.40944">
        <ele>75.6</ele>
      </trkpt>
      <trkpt lat="48.30418" lon="-1.4094">
        <ele>76.2</ele>
      </trkpt>
      <trkpt lat="48.30414" lon="-1.40936">
        <ele>76.7</ele>
      </trkpt>
      <trkpt lat="48.30412" lon="-1.40926">
        <ele>76.1</ele>
      </trkpt>
      <trkpt lat="48.30409" lon="-1.40915">
        <ele>75.9</ele>
      </trkpt>
      <trkpt lat="48.30406" lon="-1.40904">
        <ele>76.5</ele>
      </trkpt>
      <trkpt lat="48.30403" lon="-1.40893">
        <ele>77</ele>
      </trkpt>
      <trkpt lat="48.30401" lon="-1.40887">
        <ele>77.3</ele>
      </trkpt>
      <trkpt lat="48.30399" lon="-1.4088">
        <ele>77.5</ele>
      </trkpt>
      <trkpt lat="48.30397" lon="-1.40873">
        <ele>77.7</ele>
      </trkpt>
      <trkpt lat="48.30396" lon="-1.40867">
        <ele>77.7</ele>
      </trkpt>
      <trkpt lat="48.30394" lon="-1.4086">
        <ele>77.8</ele>
      </trkpt>
      <trkpt lat="48.30392" lon="-1.40854">
        <ele>78</ele>
      </trkpt>
      <trkpt lat="48.3039" lon="-1.40847">
        <ele>78.2</ele>
      </trkpt>
      <trkpt lat="48.30388" lon="-1.4084">
        <ele>78.3</ele>
      </trkpt>
      <trkpt lat="48.30387" lon="-1.40834">
        <ele>78.2</ele>
      </trkpt>
      <trkpt lat="48.30385" lon="-1.40828">
        <ele>78.3</ele>
      </trkpt>
      <trkpt lat="48.30383" lon="-1.40821">
        <ele>78.3</ele>
      </trkpt>
      <trkpt lat="48.30382" lon="-1.40815">
        <ele>78.2</ele>
      </trkpt>
      <trkpt lat="48.3038" lon="-1.40808">
        <ele>78.3</ele>
      </trkpt>
      <trkpt lat="48.30378" lon="-1.40802">
        <ele>77.8</ele>
      </trkpt>
      <trkpt lat="48.30376" lon="-1.40796">
        <ele>76.9</ele>
      </trkpt>
      <trkpt lat="48.30375" lon="-1.40789">
        <ele>75.7</ele>
      </trkpt>
      <trkpt lat="48.30371" lon="-1.40787">
        <ele>76.6</ele>
        <extensions>
          <visugpx:TrkExtension xmlns:visugpx="https://www.visugpx.com/editgpx/">
            <visugpx:node>10</visugpx:node>
            </visugpx:TrkExtension>
        </extensions>
      </trkpt>
      <trkpt lat="48.30364" lon="-1.40784">
        <ele>78.5</ele>
      </trkpt>
      <trkpt lat="48.30358" lon="-1.40781">
        <ele>79.7</ele>
      </trkpt>
      <trkpt lat="48.30352" lon="-1.40778">
        <ele>80.3</ele>
      </trkpt>
      <trkpt lat="48.30346" lon="-1.40775">
        <ele>80.1</ele>
      </trkpt>
      <trkpt lat="48.30339" lon="-1.40772">
        <ele>80.5</ele>
      </trkpt>
      <trkpt lat="48.30333" lon="-1.40769">
        <ele>81.1</ele>
      </trkpt>
      <trkpt lat="48.30327" lon="-1.40766">
        <ele>81.3</ele>
      </trkpt>
      <trkpt lat="48.30321" lon="-1.40763">
        <ele>81.6</ele>
      </trkpt>
      <trkpt lat="48.30313" lon="-1.40759">
        <ele>82.4</ele>
      </trkpt>
      <trkpt lat="48.30309" lon="-1.40757">
        <ele>82.9</ele>
      </trkpt>
      <trkpt lat="48.30304" lon="-1.40754">
        <ele>83.4</ele>
      </trkpt>
      <trkpt lat="48.303" lon="-1.40748">
        <ele>82.5</ele>
      </trkpt>
      <trkpt lat="48.30295" lon="-1.40742">
        <ele>80.9</ele>
      </trkpt>
      <trkpt lat="48.3029" lon="-1.40736">
        <ele>80.6</ele>
      </trkpt>
      <trkpt lat="48.30285" lon="-1.4073">
        <ele>81.5</ele>
      </trkpt>
      <trkpt lat="48.3028" lon="-1.40724">
        <ele>83.6</ele>
      </trkpt>
      <trkpt lat="48.30275" lon="-1.40718">
        <ele>84.3</ele>
      </trkpt>
      <trkpt lat="48.3027" lon="-1.40711">
        <ele>83.5</ele>
      </trkpt>
      <trkpt lat="48.30266" lon="-1.40705">
        <ele>83.2</ele>
      </trkpt>
      <trkpt lat="48.30261" lon="-1.40698">
        <ele>83.3</ele>
      </trkpt>
      <trkpt lat="48.30256" lon="-1.40691">
        <ele>82.8</ele>
      </trkpt>
      <trkpt lat="48.30251" lon="-1.40684">
        <ele>82.4</ele>
      </trkpt>
      <trkpt lat="48.30246" lon="-1.40677">
        <ele>81.9</ele>
      </trkpt>
      <trkpt lat="48.30241" lon="-1.4067">
        <ele>81.8</ele>
      </trkpt>
      <trkpt lat="48.30236" lon="-1.40663">
        <ele>81.9</ele>
      </trkpt>
      <trkpt lat="48.30231" lon="-1.40656">
        <ele>82.6</ele>
      </trkpt>
      <trkpt lat="48.30227" lon="-1.40649">
        <ele>83.4</ele>
      </trkpt>
      <trkpt lat="48.30223" lon="-1.40644">
        <ele>84.8</ele>
      </trkpt>
      <trkpt lat="48.3022" lon="-1.40639">
        <ele>85.1</ele>
      </trkpt>
      <trkpt lat="48.30216" lon="-1.40634">
        <ele>84.5</ele>
      </trkpt>
      <trkpt lat="48.30213" lon="-1.40629">
        <ele>84</ele>
      </trkpt>
      <trkpt lat="48.30209" lon="-1.40624">
        <ele>83.8</ele>
      </trkpt>
      <trkpt lat="48.30206" lon="-1.40619">
        <ele>83.7</ele>
      </trkpt>
      <trkpt lat="48.30202" lon="-1.40614">
        <ele>83.9</ele>
      </trkpt>
      <trkpt lat="48.30199" lon="-1.40609">
        <ele>84</ele>
      </trkpt>
      <trkpt lat="48.30195" lon="-1.40604">
        <ele>84.4</ele>
      </trkpt>
      <trkpt lat="48.30192" lon="-1.40599">
        <ele>84.2</ele>
      </trkpt>
      <trkpt lat="48.30188" lon="-1.40595">
        <ele>84</ele>
      </trkpt>
      <trkpt lat="48.30185" lon="-1.4059">
        <ele>83.7</ele>
      </trkpt>
      <trkpt lat="48.30181" lon="-1.40585">
        <ele>83.6</ele>
      </trkpt>
      <trkpt lat="48.30178" lon="-1.4058">
        <ele>83.4</ele>
      </trkpt>
      <trkpt lat="48.30174" lon="-1.40575">
        <ele>83.1</ele>
      </trkpt>
      <trkpt lat="48.30171" lon="-1.4057">
        <ele>82.9</ele>
      </trkpt>
      <trkpt lat="48.30167" lon="-1.40566">
        <ele>82.7</ele>
      </trkpt>
      <trkpt lat="48.30163" lon="-1.40563">
        <ele>82.9</ele>
      </trkpt>
      <trkpt lat="48.30159" lon="-1.40559">
        <ele>83</ele>
      </trkpt>
      <trkpt lat="48.30155" lon="-1.40555">
        <ele>83.2</ele>
        <extensions>
          <visugpx:TrkExtension xmlns:visugpx="https://www.visugpx.com/editgpx/">
            <visugpx:node>11</visugpx:node>
            </visugpx:TrkExtension>
        </extensions>
      </trkpt>
      <trkpt lat="48.30149" lon="-1.4055">
        <ele>83.6</ele>
      </trkpt>
      <trkpt lat="48.30143" lon="-1.40545">
        <ele>83.9</ele>
      </trkpt>
      <trkpt lat="48.30141" lon="-1.40538">
        <ele>83.6</ele>
      </trkpt>
      <trkpt lat="48.3014" lon="-1.40532">
        <ele>83.2</ele>
      </trkpt>
      <trkpt lat="48.30138" lon="-1.40526">
        <ele>83</ele>
      </trkpt>
      <trkpt lat="48.30136" lon="-1.40519">
        <ele>82.9</ele>
      </trkpt>
      <trkpt lat="48.30135" lon="-1.40513">
        <ele>82.7</ele>
      </trkpt>
      <trkpt lat="48.30133" lon="-1.40506">
        <ele>82.6</ele>
      </trkpt>
      <trkpt lat="48.30132" lon="-1.405">
        <ele>82.5</ele>
      </trkpt>
      <trkpt lat="48.3013" lon="-1.40493">
        <ele>82.5</ele>
      </trkpt>
      <trkpt lat="48.30126" lon="-1.40482">
        <ele>82.6</ele>
      </trkpt>
      <trkpt lat="48.30121" lon="-1.40471">
        <ele>82.8</ele>
      </trkpt>
      <trkpt lat="48.30119" lon="-1.40465">
        <ele>82.6</ele>
      </trkpt>
      <trkpt lat="48.30116" lon="-1.40459">
        <ele>82.5</ele>
      </trkpt>
      <trkpt lat="48.30111" lon="-1.40448">
        <ele>82.3</ele>
        <extensions>
          <visugpx:TrkExtension xmlns:visugpx="https://www.visugpx.com/editgpx/">
            <visugpx:node>12</visugpx:node>
            </visugpx:TrkExtension>
        </extensions>
      </trkpt>
      <trkpt lat="48.30118" lon="-1.40446">
        <ele>81.4</ele>
      </trkpt>
      <trkpt lat="48.30125" lon="-1.40445">
        <ele>80.5</ele>
      </trkpt>
      <trkpt lat="48.30132" lon="-1.40443">
        <ele>79.7</ele>
      </trkpt>
      <trkpt lat="48.30139" lon="-1.40442">
        <ele>79</ele>
      </trkpt>
      <trkpt lat="48.30144" lon="-1.40441">
        <ele>78.4</ele>
      </trkpt>
      <trkpt lat="48.30149" lon="-1.4044">
        <ele>77.8</ele>
      </trkpt>
      <trkpt lat="48.30154" lon="-1.40439">
        <ele>77.3</ele>
      </trkpt>
      <trkpt lat="48.30158" lon="-1.40439">
        <ele>76.8</ele>
      </trkpt>
      <trkpt lat="48.30163" lon="-1.40438">
        <ele>76.2</ele>
      </trkpt>
      <trkpt lat="48.30168" lon="-1.40437">
        <ele>75.5</ele>
      </trkpt>
      <trkpt lat="48.30172" lon="-1.40437">
        <ele>74.9</ele>
      </trkpt>
      <trkpt lat="48.30177" lon="-1.40436">
        <ele>74</ele>
      </trkpt>
      <trkpt lat="48.30182" lon="-1.40432">
        <ele>72.8</ele>
      </trkpt>
      <trkpt lat="48.30186" lon="-1.40428">
        <ele>71.8</ele>
      </trkpt>
      <trkpt lat="48.30191" lon="-1.40419">
        <ele>70</ele>
      </trkpt>
      <trkpt lat="48.30196" lon="-1.40411">
        <ele>68.8</ele>
      </trkpt>
      <trkpt lat="48.30201" lon="-1.40402">
        <ele>67.8</ele>
      </trkpt>
      <trkpt lat="48.30206" lon="-1.40393">
        <ele>66.6</ele>
      </trkpt>
      <trkpt lat="48.30211" lon="-1.40385">
        <ele>65.3</ele>
      </trkpt>
      <trkpt lat="48.30216" lon="-1.40376">
        <ele>64.4</ele>
      </trkpt>
      <trkpt lat="48.30221" lon="-1.40367">
        <ele>63.8</ele>
      </trkpt>
      <trkpt lat="48.30226" lon="-1.40359">
        <ele>63.2</ele>
      </trkpt>
      <trkpt lat="48.3023" lon="-1.40351">
        <ele>62.5</ele>
      </trkpt>
      <trkpt lat="48.30235" lon="-1.40342">
        <ele>61.9</ele>
      </trkpt>
      <trkpt lat="48.3024" lon="-1.40334">
        <ele>61.4</ele>
      </trkpt>
      <trkpt lat="48.30244" lon="-1.40326">
        <ele>61.1</ele>
      </trkpt>
      <trkpt lat="48.3025" lon="-1.40318">
        <ele>60.6</ele>
      </trkpt>
      <trkpt lat="48.30256" lon="-1.40315">
        <ele>59.6</ele>
        <extensions>
          <visugpx:TrkExtension xmlns:visugpx="https://www.visugpx.com/editgpx/">
            <visugpx:node>13</visugpx:node>
            </visugpx:TrkExtension>
        </extensions>
      </trkpt>
      <trkpt lat="48.30256" lon="-1.40323">
        <ele>59.2</ele>
      </trkpt>
      <trkpt lat="48.30257" lon="-1.40332">
        <ele>58.6</ele>
      </trkpt>
      <trkpt lat="48.30258" lon="-1.4034">
        <ele>57.7</ele>
      </trkpt>
      <trkpt lat="48.30259" lon="-1.40349">
        <ele>56.7</ele>
        <extensions>
          <visugpx:TrkExtension xmlns:visugpx="https://www.visugpx.com/editgpx/">
            <visugpx:node>14</visugpx:node>
            </visugpx:TrkExtension>
        </extensions>
      </trkpt>
      <trkpt lat="48.30258" lon="-1.40359">
        <ele>56.2</ele>
        <extensions>
          <visugpx:TrkExtension xmlns:visugpx="https://www.visugpx.com/editgpx/">
            <visugpx:node>15</visugpx:node>
            </visugpx:TrkExtension>
        </extensions>
      </trkpt>
      <trkpt lat="48.30257" lon="-1.40366">
        <ele>55.6</ele>
      </trkpt>
      <trkpt lat="48.30255" lon="-1.40375">
        <ele>54.8</ele>
      </trkpt>
      <trkpt lat="48.30254" lon="-1.40384">
        <ele>53.8</ele>
      </trkpt>
      <trkpt lat="48.30252" lon="-1.40392">
        <ele>53.3</ele>
      </trkpt>
      <trkpt lat="48.30251" lon="-1.40401">
        <ele>52.5</ele>
      </trkpt>
      <trkpt lat="48.30249" lon="-1.4041">
        <ele>52.1</ele>
      </trkpt>
      <trkpt lat="48.30247" lon="-1.40419">
        <ele>52</ele>
      </trkpt>
      <trkpt lat="48.30246" lon="-1.40427">
        <ele>51.8</ele>
      </trkpt>
      <trkpt lat="48.30244" lon="-1.40436">
        <ele>52</ele>
      </trkpt>
      <trkpt lat="48.30245" lon="-1.40447">
        <ele>51</ele>
      </trkpt>
      <trkpt lat="48.30246" lon="-1.40458">
        <ele>50.7</ele>
      </trkpt>
      <trkpt lat="48.30247" lon="-1.40469">
        <ele>50.3</ele>
      </trkpt>
      <trkpt lat="48.30249" lon="-1.4048">
        <ele>49.5</ele>
      </trkpt>
      <trkpt lat="48.3025" lon="-1.4049">
        <ele>49</ele>
      </trkpt>
      <trkpt lat="48.30251" lon="-1.40501">
        <ele>48.9</ele>
      </trkpt>
      <trkpt lat="48.30252" lon="-1.40512">
        <ele>49.2</ele>
      </trkpt>
      <trkpt lat="48.30253" lon="-1.40523">
        <ele>49.4</ele>
      </trkpt>
      <trkpt lat="48.30255" lon="-1.40532">
        <ele>49.4</ele>
      </trkpt>
      <trkpt lat="48.30258" lon="-1.40542">
        <ele>49.2</ele>
      </trkpt>
      <trkpt lat="48.3026" lon="-1.40551">
        <ele>49.1</ele>
      </trkpt>
      <trkpt lat="48.30262" lon="-1.4056">
        <ele>49.1</ele>
      </trkpt>
      <trkpt lat="48.30264" lon="-1.40569">
        <ele>49.2</ele>
      </trkpt>
      <trkpt lat="48.30267" lon="-1.40579">
        <ele>49.1</ele>
      </trkpt>
      <trkpt lat="48.30269" lon="-1.40588">
        <ele>49.3</ele>
      </trkpt>
      <trkpt lat="48.30271" lon="-1.40597">
        <ele>49.6</ele>
      </trkpt>
      <trkpt lat="48.30277" lon="-1.40605">
        <ele>48.1</ele>
      </trkpt>
      <trkpt lat="48.30283" lon="-1.40614">
        <ele>47.6</ele>
      </trkpt>
      <trkpt lat="48.30289" lon="-1.40622">
        <ele>47.5</ele>
      </trkpt>
      <trkpt lat="48.30293" lon="-1.40627">
        <ele>47.2</ele>
      </trkpt>
      <trkpt lat="48.30296" lon="-1.40631">
        <ele>46.8</ele>
      </trkpt>
      <trkpt lat="48.30302" lon="-1.40639">
        <ele>45.9</ele>
      </trkpt>
      <trkpt lat="48.30308" lon="-1.40647">
        <ele>46.1</ele>
      </trkpt>
      <trkpt lat="48.30314" lon="-1.40656">
        <ele>46.7</ele>
      </trkpt>
      <trkpt lat="48.3032" lon="-1.40664">
        <ele>46.7</ele>
      </trkpt>
      <trkpt lat="48.30326" lon="-1.4067">
        <ele>46.4</ele>
      </trkpt>
      <trkpt lat="48.30332" lon="-1.40677">
        <ele>46</ele>
      </trkpt>
      <trkpt lat="48.30338" lon="-1.40683">
        <ele>46</ele>
      </trkpt>
      <trkpt lat="48.30344" lon="-1.4069">
        <ele>46</ele>
      </trkpt>
      <trkpt lat="48.30349" lon="-1.40696">
        <ele>46.2</ele>
      </trkpt>
      <trkpt lat="48.30355" lon="-1.40702">
        <ele>46.6</ele>
      </trkpt>
      <trkpt lat="48.30361" lon="-1.40709">
        <ele>46.1</ele>
      </trkpt>
      <trkpt lat="48.30367" lon="-1.40715">
        <ele>46</ele>
      </trkpt>
      <trkpt lat="48.30371" lon="-1.40718">
        <ele>45.8</ele>
      </trkpt>
      <trkpt lat="48.30376" lon="-1.40721">
        <ele>45.4</ele>
      </trkpt>
      <trkpt lat="48.3038" lon="-1.40724">
        <ele>45.6</ele>
      </trkpt>
      <trkpt lat="48.30385" lon="-1.40727">
        <ele>45.8</ele>
      </trkpt>
      <trkpt lat="48.30389" lon="-1.4073">
        <ele>46</ele>
      </trkpt>
      <trkpt lat="48.30393" lon="-1.40733">
        <ele>46.5</ele>
      </trkpt>
      <trkpt lat="48.30398" lon="-1.40736">
        <ele>46.7</ele>
      </trkpt>
      <trkpt lat="48.30402" lon="-1.40739">
        <ele>46.7</ele>
      </trkpt>
      <trkpt lat="48.30408" lon="-1.40748">
        <ele>46.7</ele>
      </trkpt>
      <trkpt lat="48.30414" lon="-1.40757">
        <ele>47.4</ele>
      </trkpt>
      <trkpt lat="48.30419" lon="-1.40765">
        <ele>48</ele>
      </trkpt>
      <trkpt lat="48.30425" lon="-1.40774">
        <ele>48.6</ele>
      </trkpt>
      <trkpt lat="48.3043" lon="-1.40777">
        <ele>48</ele>
      </trkpt>
      <trkpt lat="48.30435" lon="-1.4078">
        <ele>47.7</ele>
      </trkpt>
      <trkpt lat="48.3044" lon="-1.40783">
        <ele>47.2</ele>
      </trkpt>
      <trkpt lat="48.30446" lon="-1.40787">
        <ele>46.5</ele>
      </trkpt>
      <trkpt lat="48.30451" lon="-1.4079">
        <ele>46.5</ele>
      </trkpt>
      <trkpt lat="48.30456" lon="-1.40793">
        <ele>46.4</ele>
      </trkpt>
      <trkpt lat="48.30461" lon="-1.40796">
        <ele>46.1</ele>
      </trkpt>
      <trkpt lat="48.30466" lon="-1.40799">
        <ele>45.7</ele>
      </trkpt>
      <trkpt lat="48.30473" lon="-1.40801">
        <ele>44.8</ele>
      </trkpt>
      <trkpt lat="48.30479" lon="-1.40802">
        <ele>44.9</ele>
      </trkpt>
      <trkpt lat="48.30486" lon="-1.40804">
        <ele>44.9</ele>
      </trkpt>
      <trkpt lat="48.30492" lon="-1.40805">
        <ele>45</ele>
      </trkpt>
      <trkpt lat="48.30498" lon="-1.40803">
        <ele>44.9</ele>
      </trkpt>
      <trkpt lat="48.30505" lon="-1.40801">
        <ele>44.9</ele>
      </trkpt>
      <trkpt lat="48.30511" lon="-1.40799">
        <ele>44.9</ele>
      </trkpt>
      <trkpt lat="48.30517" lon="-1.40797">
        <ele>44.9</ele>
      </trkpt>
      <trkpt lat="48.3052" lon="-1.40791">
        <ele>44.9</ele>
      </trkpt>
      <trkpt lat="48.30524" lon="-1.40784">
        <ele>44.9</ele>
      </trkpt>
      <trkpt lat="48.30527" lon="-1.40778">
        <ele>45</ele>
      </trkpt>
      <trkpt lat="48.3053" lon="-1.40771">
        <ele>45.5</ele>
      </trkpt>
      <trkpt lat="48.30533" lon="-1.40765">
        <ele>46</ele>
      </trkpt>
      <trkpt lat="48.30536" lon="-1.40759">
        <ele>46.6</ele>
      </trkpt>
      <trkpt lat="48.30539" lon="-1.40752">
        <ele>47.1</ele>
      </trkpt>
      <trkpt lat="48.30542" lon="-1.40746">
        <ele>47.8</ele>
      </trkpt>
      <trkpt lat="48.30545" lon="-1.40739">
        <ele>48.6</ele>
      </trkpt>
      <trkpt lat="48.30549" lon="-1.40733">
        <ele>49.2</ele>
      </trkpt>
      <trkpt lat="48.30552" lon="-1.40726">
        <ele>49.7</ele>
      </trkpt>
      <trkpt lat="48.30555" lon="-1.40719">
        <ele>50.2</ele>
      </trkpt>
      <trkpt lat="48.30558" lon="-1.40713">
        <ele>50.9</ele>
      </trkpt>
      <trkpt lat="48.30561" lon="-1.40706">
        <ele>51.8</ele>
      </trkpt>
      <trkpt lat="48.30564" lon="-1.40698">
        <ele>52.7</ele>
      </trkpt>
      <trkpt lat="48.30568" lon="-1.4069">
        <ele>53.7</ele>
      </trkpt>
      <trkpt lat="48.30571" lon="-1.40682">
        <ele>54.6</ele>
      </trkpt>
      <trkpt lat="48.30574" lon="-1.40674">
        <ele>55.5</ele>
      </trkpt>
      <trkpt lat="48.30575" lon="-1.40667">
        <ele>56.1</ele>
      </trkpt>
      <trkpt lat="48.30577" lon="-1.4066">
        <ele>56.6</ele>
      </trkpt>
      <trkpt lat="48.30578" lon="-1.40652">
        <ele>57.1</ele>
      </trkpt>
      <trkpt lat="48.30579" lon="-1.40645">
        <ele>57.4</ele>
      </trkpt>
      <trkpt lat="48.30586" lon="-1.40647">
        <ele>57.8</ele>
      </trkpt>
      <trkpt lat="48.30593" lon="-1.40648">
        <ele>58</ele>
      </trkpt>
      <trkpt lat="48.306" lon="-1.4065">
        <ele>58.3</ele>
      </trkpt>
      <trkpt lat="48.30607" lon="-1.40651">
        <ele>58.7</ele>
      </trkpt>
      <trkpt lat="48.30612" lon="-1.40653">
        <ele>59</ele>
      </trkpt>
      <trkpt lat="48.30617" lon="-1.40656">
        <ele>59.1</ele>
      </trkpt>
      <trkpt lat="48.30621" lon="-1.40658">
        <ele>59.1</ele>
      </trkpt>
      <trkpt lat="48.30626" lon="-1.4066">
        <ele>59.1</ele>
      </trkpt>
      <trkpt lat="48.30631" lon="-1.40663">
        <ele>59.1</ele>
      </trkpt>
      <trkpt lat="48.30635" lon="-1.40665">
        <ele>59.1</ele>
      </trkpt>
      <trkpt lat="48.3064" lon="-1.40668">
        <ele>59.1</ele>
      </trkpt>
      <trkpt lat="48.30644" lon="-1.4067">
        <ele>59.2</ele>
      </trkpt>
      <trkpt lat="48.30647" lon="-1.40675">
        <ele>59.4</ele>
      </trkpt>
      <trkpt lat="48.3065" lon="-1.4068">
        <ele>59.6</ele>
      </trkpt>
      <trkpt lat="48.30654" lon="-1.40685">
        <ele>59.6</ele>
      </trkpt>
      <trkpt lat="48.30657" lon="-1.4069">
        <ele>59.6</ele>
      </trkpt>
      <trkpt lat="48.3066" lon="-1.40695">
        <ele>59.5</ele>
      </trkpt>
      <trkpt lat="48.30663" lon="-1.407">
        <ele>59.2</ele>
      </trkpt>
      <trkpt lat="48.30666" lon="-1.40705">
        <ele>59</ele>
      </trkpt>
      <trkpt lat="48.3067" lon="-1.4071">
        <ele>59.2</ele>
      </trkpt>
      <trkpt lat="48.30673" lon="-1.40714">
        <ele>59.4</ele>
      </trkpt>
      <trkpt lat="48.30676" lon="-1.40719">
        <ele>59.6</ele>
      </trkpt>
      <trkpt lat="48.30679" lon="-1.40724">
        <ele>59.8</ele>
      </trkpt>
      <trkpt lat="48.30682" lon="-1.40729">
        <ele>59.9</ele>
      </trkpt>
      <trkpt lat="48.30685" lon="-1.40734">
        <ele>59.9</ele>
      </trkpt>
      <trkpt lat="48.30689" lon="-1.40739">
        <ele>60</ele>
      </trkpt>
      <trkpt lat="48.30692" lon="-1.40744">
        <ele>60</ele>
      </trkpt>
      <trkpt lat="48.30695" lon="-1.40749">
        <ele>60.1</ele>
      </trkpt>
      <trkpt lat="48.30699" lon="-1.40758">
        <ele>60</ele>
      </trkpt>
      <trkpt lat="48.30703" lon="-1.40767">
        <ele>60</ele>
      </trkpt>
      <trkpt lat="48.30707" lon="-1.40776">
        <ele>60</ele>
      </trkpt>
      <trkpt lat="48.30712" lon="-1.40785">
        <ele>60.1</ele>
      </trkpt>
      <trkpt lat="48.30716" lon="-1.40794">
        <ele>60.1</ele>
      </trkpt>
      <trkpt lat="48.3072" lon="-1.40803">
        <ele>60</ele>
      </trkpt>
      <trkpt lat="48.30724" lon="-1.40812">
        <ele>59.8</ele>
      </trkpt>
      <trkpt lat="48.30728" lon="-1.40821">
        <ele>59.7</ele>
      </trkpt>
      <trkpt lat="48.30732" lon="-1.4083">
        <ele>59.5</ele>
      </trkpt>
      <trkpt lat="48.30736" lon="-1.40839">
        <ele>59.1</ele>
      </trkpt>
      <trkpt lat="48.3074" lon="-1.40848">
        <ele>58.6</ele>
      </trkpt>
      <trkpt lat="48.30745" lon="-1.40857">
        <ele>58.1</ele>
      </trkpt>
      <trkpt lat="48.30749" lon="-1.40866">
        <ele>57.8</ele>
      </trkpt>
      <trkpt lat="48.30753" lon="-1.40875">
        <ele>57.7</ele>
      </trkpt>
      <trkpt lat="48.30757" lon="-1.40884">
        <ele>57.5</ele>
      </trkpt>
      <trkpt lat="48.30761" lon="-1.40893">
        <ele>57</ele>
      </trkpt>
      <trkpt lat="48.30767" lon="-1.40897">
        <ele>56.9</ele>
      </trkpt>
      <trkpt lat="48.30773" lon="-1.40902">
        <ele>56.8</ele>
      </trkpt>
      <trkpt lat="48.30778" lon="-1.40906">
        <ele>56.8</ele>
      </trkpt>
      <trkpt lat="48.30784" lon="-1.4091">
        <ele>56.8</ele>
      </trkpt>
      <trkpt lat="48.30789" lon="-1.40912">
        <ele>56.8</ele>
      </trkpt>
      <trkpt lat="48.30794" lon="-1.40914">
        <ele>56.8</ele>
      </trkpt>
      <trkpt lat="48.308" lon="-1.40915">
        <ele>57</ele>
      </trkpt>
      <trkpt lat="48.30805" lon="-1.40917">
        <ele>56.9</ele>
      </trkpt>
      <trkpt lat="48.3081" lon="-1.40919">
        <ele>56.8</ele>
      </trkpt>
      <trkpt lat="48.30815" lon="-1.40921">
        <ele>56.6</ele>
      </trkpt>
      <trkpt lat="48.30821" lon="-1.40922">
        <ele>56.5</ele>
      </trkpt>
      <trkpt lat="48.30826" lon="-1.40924">
        <ele>56.4</ele>
      </trkpt>
      <trkpt lat="48.30831" lon="-1.40926">
        <ele>56.3</ele>
      </trkpt>
      <trkpt lat="48.30836" lon="-1.40928">
        <ele>56.1</ele>
      </trkpt>
      <trkpt lat="48.30841" lon="-1.40929">
        <ele>55.8</ele>
      </trkpt>
      <trkpt lat="48.30847" lon="-1.40931">
        <ele>55.5</ele>
      </trkpt>
      <trkpt lat="48.30852" lon="-1.40933">
        <ele>55.2</ele>
      </trkpt>
      <trkpt lat="48.30857" lon="-1.40935">
        <ele>54.8</ele>
      </trkpt>
      <trkpt lat="48.30862" lon="-1.40936">
        <ele>54.6</ele>
      </trkpt>
      <trkpt lat="48.30868" lon="-1.40938">
        <ele>54.4</ele>
      </trkpt>
      <trkpt lat="48.30873" lon="-1.4094">
        <ele>54.3</ele>
      </trkpt>
      <trkpt lat="48.30878" lon="-1.40942">
        <ele>54.1</ele>
      </trkpt>
      <trkpt lat="48.30883" lon="-1.40943">
        <ele>54.1</ele>
      </trkpt>
      <trkpt lat="48.30888" lon="-1.40945">
        <ele>54</ele>
      </trkpt>
      <trkpt lat="48.30894" lon="-1.40947">
        <ele>53.9</ele>
      </trkpt>
      <trkpt lat="48.30899" lon="-1.40949">
        <ele>53.8</ele>
      </trkpt>
      <trkpt lat="48.30904" lon="-1.4095">
        <ele>53.8</ele>
      </trkpt>
      <trkpt lat="48.30909" lon="-1.40952">
        <ele>53.7</ele>
      </trkpt>
      <trkpt lat="48.30915" lon="-1.40954">
        <ele>53.7</ele>
      </trkpt>
      <trkpt lat="48.3092" lon="-1.40956">
        <ele>53.5</ele>
      </trkpt>
      <trkpt lat="48.30925" lon="-1.40957">
        <ele>53.2</ele>
      </trkpt>
      <trkpt lat="48.3093" lon="-1.40959">
        <ele>53</ele>
      </trkpt>
      <trkpt lat="48.30935" lon="-1.40961">
        <ele>52.7</ele>
      </trkpt>
      <trkpt lat="48.30941" lon="-1.40963">
        <ele>52.5</ele>
      </trkpt>
      <trkpt lat="48.30946" lon="-1.40964">
        <ele>52.1</ele>
      </trkpt>
      <trkpt lat="48.30951" lon="-1.40966">
        <ele>51.5</ele>
      </trkpt>
      <trkpt lat="48.30959" lon="-1.40968">
        <ele>50.6</ele>
      </trkpt>
      <trkpt lat="48.30967" lon="-1.4097">
        <ele>49.6</ele>
      </trkpt>
      <trkpt lat="48.30971" lon="-1.40975">
        <ele>49.2</ele>
      </trkpt>
      <trkpt lat="48.30976" lon="-1.40979">
        <ele>48.9</ele>
      </trkpt>
      <trkpt lat="48.3098" lon="-1.40984">
        <ele>48.7</ele>
      </trkpt>
      <trkpt lat="48.30984" lon="-1.40988">
        <ele>48.5</ele>
      </trkpt>
      <trkpt lat="48.3099" lon="-1.40989">
        <ele>48.1</ele>
      </trkpt>
      <trkpt lat="48.30996" lon="-1.4099">
        <ele>47.6</ele>
      </trkpt>
      <trkpt lat="48.31004" lon="-1.40989">
        <ele>46.9</ele>
      </trkpt>
      <trkpt lat="48.31011" lon="-1.40988">
        <ele>46.3</ele>
      </trkpt>
      <trkpt lat="48.31018" lon="-1.40986">
        <ele>45.7</ele>
      </trkpt>
      <trkpt lat="48.31025" lon="-1.40983">
        <ele>45.2</ele>
      </trkpt>
      <trkpt lat="48.31032" lon="-1.40981">
        <ele>45.2</ele>
      </trkpt>
      <trkpt lat="48.31039" lon="-1.40978">
        <ele>45.6</ele>
      </trkpt>
      <trkpt lat="48.31043" lon="-1.40977">
        <ele>45.9</ele>
      </trkpt>
      <trkpt lat="48.31048" lon="-1.40975">
        <ele>46.3</ele>
      </trkpt>
      <trkpt lat="48.31052" lon="-1.40974">
        <ele>46.6</ele>
      </trkpt>
      <trkpt lat="48.31057" lon="-1.40972">
        <ele>47</ele>
      </trkpt>
      <trkpt lat="48.31061" lon="-1.4097">
        <ele>46.9</ele>
      </trkpt>
      <trkpt lat="48.31069" lon="-1.40966">
        <ele>46.9</ele>
      </trkpt>
      <trkpt lat="48.31076" lon="-1.40962">
        <ele>47.1</ele>
      </trkpt>
      <trkpt lat="48.31081" lon="-1.40958">
        <ele>47.4</ele>
      </trkpt>
      <trkpt lat="48.31086" lon="-1.40953">
        <ele>47.8</ele>
      </trkpt>
      <trkpt lat="48.3109" lon="-1.40948">
        <ele>48.3</ele>
      </trkpt>
      <trkpt lat="48.31094" lon="-1.40944">
        <ele>48.8</ele>
      </trkpt>
      <trkpt lat="48.31098" lon="-1.40939">
        <ele>49.1</ele>
      </trkpt>
      <trkpt lat="48.31103" lon="-1.40934">
        <ele>49.7</ele>
      </trkpt>
      <trkpt lat="48.31107" lon="-1.40929">
        <ele>50.5</ele>
      </trkpt>
      <trkpt lat="48.31111" lon="-1.40925">
        <ele>51.4</ele>
      </trkpt>
      <trkpt lat="48.31115" lon="-1.4092">
        <ele>52.3</ele>
      </trkpt>
      <trkpt lat="48.31119" lon="-1.40915">
        <ele>53</ele>
      </trkpt>
      <trkpt lat="48.31125" lon="-1.40913">
        <ele>53.7</ele>
      </trkpt>
      <trkpt lat="48.31131" lon="-1.4091">
        <ele>54.4</ele>
      </trkpt>
      <trkpt lat="48.31137" lon="-1.4091">
        <ele>55.2</ele>
      </trkpt>
      <trkpt lat="48.31143" lon="-1.40909">
        <ele>56</ele>
      </trkpt>
      <trkpt lat="48.3115" lon="-1.4091">
        <ele>56.9</ele>
      </trkpt>
      <trkpt lat="48.31156" lon="-1.40911">
        <ele>57.8</ele>
      </trkpt>
      <trkpt lat="48.31163" lon="-1.40915">
        <ele>59.2</ele>
      </trkpt>
      <trkpt lat="48.3117" lon="-1.40918">
        <ele>60.5</ele>
      </trkpt>
      <trkpt lat="48.31177" lon="-1.40924">
        <ele>61.5</ele>
      </trkpt>
      <trkpt lat="48.31183" lon="-1.40929">
        <ele>62.4</ele>
      </trkpt>
      <trkpt lat="48.31182" lon="-1.4094">
        <ele>62.2</ele>
      </trkpt>
      <trkpt lat="48.31181" lon="-1.40952">
        <ele>61.8</ele>
      </trkpt>
      <trkpt lat="48.3118" lon="-1.40965">
        <ele>61.2</ele>
      </trkpt>
      <trkpt lat="48.31178" lon="-1.40977">
        <ele>60.2</ele>
      </trkpt>
      <trkpt lat="48.31177" lon="-1.40989">
        <ele>59.2</ele>
      </trkpt>
      <trkpt lat="48.31177" lon="-1.41001">
        <ele>58.6</ele>
      </trkpt>
      <trkpt lat="48.31176" lon="-1.41013">
        <ele>57.9</ele>
      </trkpt>
      <trkpt lat="48.31177" lon="-1.4102">
        <ele>57.9</ele>
      </trkpt>
      <trkpt lat="48.31178" lon="-1.41027">
        <ele>57.9</ele>
      </trkpt>
      <trkpt lat="48.31178" lon="-1.41034">
        <ele>57.6</ele>
      </trkpt>
      <trkpt lat="48.31179" lon="-1.41041">
        <ele>57.6</ele>
      </trkpt>
      <trkpt lat="48.31181" lon="-1.4105">
        <ele>57.8</ele>
      </trkpt>
      <trkpt lat="48.31182" lon="-1.41058">
        <ele>57.8</ele>
      </trkpt>
      <trkpt lat="48.31184" lon="-1.41067">
        <ele>58</ele>
      </trkpt>
      <trkpt lat="48.31185" lon="-1.41076">
        <ele>57.9</ele>
      </trkpt>
      <trkpt lat="48.31187" lon="-1.41084">
        <ele>58.1</ele>
      </trkpt>
      <trkpt lat="48.31188" lon="-1.41093">
        <ele>57.8</ele>
      </trkpt>
      <trkpt lat="48.3119" lon="-1.41101">
        <ele>57.7</ele>
      </trkpt>
      <trkpt lat="48.31191" lon="-1.4111">
        <ele>57.3</ele>
      </trkpt>
      <trkpt lat="48.31191" lon="-1.4112">
        <ele>56.6</ele>
      </trkpt>
      <trkpt lat="48.31191" lon="-1.41131">
        <ele>55.8</ele>
      </trkpt>
      <trkpt lat="48.31191" lon="-1.41141">
        <ele>55.1</ele>
      </trkpt>
      <trkpt lat="48.31191" lon="-1.41151">
        <ele>54.4</ele>
      </trkpt>
      <trkpt lat="48.31191" lon="-1.41163">
        <ele>53.6</ele>
      </trkpt>
      <trkpt lat="48.31191" lon="-1.41175">
        <ele>52.4</ele>
      </trkpt>
      <trkpt lat="48.31191" lon="-1.41186">
        <ele>51.1</ele>
      </trkpt>
      <trkpt lat="48.31191" lon="-1.41198">
        <ele>49.7</ele>
      </trkpt>
      <trkpt lat="48.31196" lon="-1.41209">
        <ele>49.7</ele>
      </trkpt>
      <trkpt lat="48.31201" lon="-1.41219">
        <ele>51.4</ele>
      </trkpt>
      <trkpt lat="48.31202" lon="-1.41212">
        <ele>52.7</ele>
      </trkpt>
      <trkpt lat="48.31202" lon="-1.41206">
        <ele>53.3</ele>
      </trkpt>
      <trkpt lat="48.31203" lon="-1.41199">
        <ele>54.6</ele>
      </trkpt>
      <trkpt lat="48.31203" lon="-1.41192">
        <ele>55.2</ele>
      </trkpt>
      <trkpt lat="48.31205" lon="-1.41199">
        <ele>55.5</ele>
      </trkpt>
      <trkpt lat="48.31207" lon="-1.41205">
        <ele>56</ele>
      </trkpt>
      <trkpt lat="48.31208" lon="-1.41212">
        <ele>56</ele>
      </trkpt>
      <trkpt lat="48.3121" lon="-1.41218">
        <ele>56.8</ele>
      </trkpt>
      <trkpt lat="48.31212" lon="-1.41211">
        <ele>58.3</ele>
      </trkpt>
      <trkpt lat="48.31215" lon="-1.41205">
        <ele>60.2</ele>
      </trkpt>
      <trkpt lat="48.31217" lon="-1.41198">
        <ele>61.5</ele>
      </trkpt>
      <trkpt lat="48.31219" lon="-1.41191">
        <ele>62.4</ele>
      </trkpt>
      <trkpt lat="48.31221" lon="-1.41202">
        <ele>63.4</ele>
      </trkpt>
      <trkpt lat="48.31223" lon="-1.41213">
        <ele>64.2</ele>
      </trkpt>
      <trkpt lat="48.31225" lon="-1.41221">
        <ele>64.6</ele>
      </trkpt>
      <trkpt lat="48.31227" lon="-1.41228">
        <ele>65</ele>
      </trkpt>
      <trkpt lat="48.31226" lon="-1.4124">
        <ele>64.7</ele>
      </trkpt>
      <trkpt lat="48.31225" lon="-1.41251">
        <ele>64.5</ele>
      </trkpt>
      <trkpt lat="48.31224" lon="-1.41263">
        <ele>63.9</ele>
      </trkpt>
      <trkpt lat="48.31224" lon="-1.41274">
        <ele>63.5</ele>
      </trkpt>
      <trkpt lat="48.31223" lon="-1.41286">
        <ele>63.4</ele>
      </trkpt>
      <trkpt lat="48.31222" lon="-1.41297">
        <ele>63.5</ele>
      </trkpt>
      <trkpt lat="48.31221" lon="-1.41309">
        <ele>63.2</ele>
      </trkpt>
      <trkpt lat="48.3122" lon="-1.4132">
        <ele>62.9</ele>
      </trkpt>
      <trkpt lat="48.31216" lon="-1.41331">
        <ele>60.4</ele>
      </trkpt>
      <trkpt lat="48.31212" lon="-1.41343">
        <ele>59.2</ele>
      </trkpt>
      <trkpt lat="48.31208" lon="-1.41354">
        <ele>59.3</ele>
      </trkpt>
      <trkpt lat="48.31205" lon="-1.41365">
        <ele>60.5</ele>
      </trkpt>
      <trkpt lat="48.31201" lon="-1.41376">
        <ele>60.9</ele>
      </trkpt>
      <trkpt lat="48.31197" lon="-1.41388">
        <ele>62.1</ele>
      </trkpt>
      <trkpt lat="48.31193" lon="-1.41399">
        <ele>61.9</ele>
      </trkpt>
      <trkpt lat="48.31189" lon="-1.4141">
        <ele>60.9</ele>
      </trkpt>
      <trkpt lat="48.31186" lon="-1.4142">
        <ele>60.5</ele>
      </trkpt>
      <trkpt lat="48.31182" lon="-1.41429">
        <ele>59.6</ele>
      </trkpt>
      <trkpt lat="48.31179" lon="-1.41439">
        <ele>59.7</ele>
      </trkpt>
      <trkpt lat="48.31175" lon="-1.41448">
        <ele>59.6</ele>
      </trkpt>
      <trkpt lat="48.31169" lon="-1.41454">
        <ele>58.7</ele>
      </trkpt>
      <trkpt lat="48.31162" lon="-1.41461">
        <ele>56.7</ele>
      </trkpt>
      <trkpt lat="48.31156" lon="-1.41467">
        <ele>54.9</ele>
      </trkpt>
      <trkpt lat="48.31149" lon="-1.41473">
        <ele>53.2</ele>
      </trkpt>
      <trkpt lat="48.31147" lon="-1.41482">
        <ele>52.1</ele>
      </trkpt>
      <trkpt lat="48.31145" lon="-1.4149">
        <ele>51.1</ele>
      </trkpt>
      <trkpt lat="48.31143" lon="-1.41499">
        <ele>50.1</ele>
      </trkpt>
      <trkpt lat="48.31142" lon="-1.41507">
        <ele>50.3</ele>
      </trkpt>
      <trkpt lat="48.3114" lon="-1.41516">
        <ele>50.4</ele>
      </trkpt>
      <trkpt lat="48.31138" lon="-1.41524">
        <ele>50.5</ele>
      </trkpt>
      <trkpt lat="48.31136" lon="-1.41533">
        <ele>51.1</ele>
      </trkpt>
      <trkpt lat="48.31134" lon="-1.41542">
        <ele>51.9</ele>
      </trkpt>
      <trkpt lat="48.31132" lon="-1.4155">
        <ele>52.3</ele>
      </trkpt>
      <trkpt lat="48.3113" lon="-1.41559">
        <ele>52.5</ele>
      </trkpt>
      <trkpt lat="48.31128" lon="-1.41567">
        <ele>52.4</ele>
      </trkpt>
      <trkpt lat="48.31127" lon="-1.41576">
        <ele>53</ele>
      </trkpt>
      <trkpt lat="48.31125" lon="-1.41584">
        <ele>53.1</ele>
      </trkpt>
      <trkpt lat="48.31123" lon="-1.41593">
        <ele>53.4</ele>
      </trkpt>
      <trkpt lat="48.31121" lon="-1.41601">
        <ele>53.7</ele>
      </trkpt>
      <trkpt lat="48.31119" lon="-1.4161">
        <ele>54.1</ele>
      </trkpt>
      <trkpt lat="48.31115" lon="-1.41615">
        <ele>53.8</ele>
      </trkpt>
      <trkpt lat="48.31112" lon="-1.41619">
        <ele>53.6</ele>
      </trkpt>
      <trkpt lat="48.31108" lon="-1.41624">
        <ele>53.2</ele>
      </trkpt>
      <trkpt lat="48.31104" lon="-1.41629">
        <ele>52.4</ele>
      </trkpt>
      <trkpt lat="48.311" lon="-1.41633">
        <ele>51.4</ele>
      </trkpt>
      <trkpt lat="48.31097" lon="-1.41638">
        <ele>50.8</ele>
      </trkpt>
      <trkpt lat="48.31093" lon="-1.41642">
        <ele>49.5</ele>
      </trkpt>
      <trkpt lat="48.31089" lon="-1.41647">
        <ele>48.4</ele>
      </trkpt>
      <trkpt lat="48.31086" lon="-1.41655">
        <ele>48.3</ele>
      </trkpt>
      <trkpt lat="48.31082" lon="-1.41663">
        <ele>48.2</ele>
      </trkpt>
      <trkpt lat="48.31079" lon="-1.41671">
        <ele>48.5</ele>
      </trkpt>
      <trkpt lat="48.31076" lon="-1.41679">
        <ele>48.4</ele>
      </trkpt>
      <trkpt lat="48.31072" lon="-1.41686">
        <ele>47.8</ele>
      </trkpt>
      <trkpt lat="48.31069" lon="-1.41694">
        <ele>47.3</ele>
      </trkpt>
      <trkpt lat="48.31065" lon="-1.41702">
        <ele>46.2</ele>
      </trkpt>
      <trkpt lat="48.31062" lon="-1.4171">
        <ele>45.5</ele>
      </trkpt>
      <trkpt lat="48.3106" lon="-1.41719">
        <ele>45.2</ele>
      </trkpt>
      <trkpt lat="48.31058" lon="-1.41727">
        <ele>44.7</ele>
      </trkpt>
      <trkpt lat="48.31056" lon="-1.41736">
        <ele>44.1</ele>
      </trkpt>
      <trkpt lat="48.31054" lon="-1.41744">
        <ele>43.9</ele>
      </trkpt>
      <trkpt lat="48.31053" lon="-1.41752">
        <ele>44</ele>
      </trkpt>
      <trkpt lat="48.31052" lon="-1.41761">
        <ele>44.2</ele>
      </trkpt>
      <trkpt lat="48.3105" lon="-1.41769">
        <ele>44.3</ele>
      </trkpt>
      <trkpt lat="48.31049" lon="-1.41777">
        <ele>44.5</ele>
      </trkpt>
      <trkpt lat="48.31048" lon="-1.41785">
        <ele>44.5</ele>
      </trkpt>
      <trkpt lat="48.31047" lon="-1.41794">
        <ele>44.4</ele>
      </trkpt>
      <trkpt lat="48.31045" lon="-1.41802">
        <ele>44.2</ele>
      </trkpt>
      <trkpt lat="48.31044" lon="-1.4181">
        <ele>44.2</ele>
      </trkpt>
      <trkpt lat="48.31044" lon="-1.4182">
        <ele>44.2</ele>
      </trkpt>
      <trkpt lat="48.31043" lon="-1.4183">
        <ele>44.1</ele>
      </trkpt>
      <trkpt lat="48.31043" lon="-1.4184">
        <ele>44.1</ele>
      </trkpt>
      <trkpt lat="48.31042" lon="-1.41851">
        <ele>44</ele>
      </trkpt>
      <trkpt lat="48.31042" lon="-1.41861">
        <ele>44</ele>
      </trkpt>
      <trkpt lat="48.31041" lon="-1.41871">
        <ele>44</ele>
      </trkpt>
      <trkpt lat="48.31041" lon="-1.41881">
        <ele>44</ele>
      </trkpt>
      <trkpt lat="48.3104" lon="-1.41891">
        <ele>43.9</ele>
      </trkpt>
      <trkpt lat="48.31041" lon="-1.41899">
        <ele>44</ele>
      </trkpt>
      <trkpt lat="48.31042" lon="-1.41906">
        <ele>44</ele>
      </trkpt>
      <trkpt lat="48.31043" lon="-1.41914">
        <ele>44.1</ele>
      </trkpt>
      <trkpt lat="48.31044" lon="-1.41921">
        <ele>44.1</ele>
      </trkpt>
      <trkpt lat="48.31044" lon="-1.41929">
        <ele>44</ele>
      </trkpt>
      <trkpt lat="48.31045" lon="-1.41936">
        <ele>44</ele>
      </trkpt>
      <trkpt lat="48.31046" lon="-1.41944">
        <ele>44</ele>
      </trkpt>
      <trkpt lat="48.31047" lon="-1.41951">
        <ele>43.9</ele>
      </trkpt>
      <trkpt lat="48.3105" lon="-1.41961">
        <ele>43.9</ele>
      </trkpt>
      <trkpt lat="48.31054" lon="-1.41972">
        <ele>43.9</ele>
      </trkpt>
      <trkpt lat="48.31057" lon="-1.41982">
        <ele>43.9</ele>
      </trkpt>
      <trkpt lat="48.3106" lon="-1.41992">
        <ele>43.9</ele>
      </trkpt>
      <trkpt lat="48.31061" lon="-1.41999">
        <ele>43.8</ele>
      </trkpt>
      <trkpt lat="48.31063" lon="-1.42007">
        <ele>43.8</ele>
      </trkpt>
      <trkpt lat="48.31064" lon="-1.42014">
        <ele>43.6</ele>
      </trkpt>
      <trkpt lat="48.31066" lon="-1.42022">
        <ele>43.4</ele>
      </trkpt>
      <trkpt lat="48.31067" lon="-1.42029">
        <ele>43.2</ele>
      </trkpt>
      <trkpt lat="48.31068" lon="-1.42036">
        <ele>43.3</ele>
      </trkpt>
      <trkpt lat="48.3107" lon="-1.42044">
        <ele>43.6</ele>
      </trkpt>
      <trkpt lat="48.31071" lon="-1.42051">
        <ele>43.7</ele>
      </trkpt>
      <trkpt lat="48.31072" lon="-1.42059">
        <ele>43.7</ele>
      </trkpt>
      <trkpt lat="48.31073" lon="-1.42066">
        <ele>43.5</ele>
      </trkpt>
      <trkpt lat="48.31074" lon="-1.42074">
        <ele>43.3</ele>
      </trkpt>
      <trkpt lat="48.31075" lon="-1.42082">
        <ele>43.1</ele>
      </trkpt>
      <trkpt lat="48.31075" lon="-1.42089">
        <ele>43.2</ele>
      </trkpt>
      <trkpt lat="48.31076" lon="-1.42097">
        <ele>43.3</ele>
      </trkpt>
      <trkpt lat="48.31077" lon="-1.42104">
        <ele>43.5</ele>
      </trkpt>
      <trkpt lat="48.31078" lon="-1.42112">
        <ele>43.6</ele>
      </trkpt>
      <trkpt lat="48.31081" lon="-1.42119">
        <ele>43.6</ele>
      </trkpt>
      <trkpt lat="48.31084" lon="-1.42127">
        <ele>43.5</ele>
      </trkpt>
      <trkpt lat="48.31086" lon="-1.42134">
        <ele>43.5</ele>
      </trkpt>
      <trkpt lat="48.31089" lon="-1.42142">
        <ele>43.6</ele>
      </trkpt>
      <trkpt lat="48.31092" lon="-1.42149">
        <ele>43.8</ele>
      </trkpt>
      <trkpt lat="48.31095" lon="-1.42156">
        <ele>44</ele>
      </trkpt>
      <trkpt lat="48.31097" lon="-1.42164">
        <ele>44</ele>
      </trkpt>
      <trkpt lat="48.311" lon="-1.42171">
        <ele>44.2</ele>
      </trkpt>
      <trkpt lat="48.31105" lon="-1.42179">
        <ele>44.6</ele>
      </trkpt>
      <trkpt lat="48.3111" lon="-1.42188">
        <ele>44.9</ele>
      </trkpt>
      <trkpt lat="48.31114" lon="-1.42196">
        <ele>45.6</ele>
      </trkpt>
      <trkpt lat="48.31119" lon="-1.42204">
        <ele>46.3</ele>
      </trkpt>
      <trkpt lat="48.31124" lon="-1.42212">
        <ele>46.9</ele>
      </trkpt>
      <trkpt lat="48.31129" lon="-1.42221">
        <ele>47.3</ele>
      </trkpt>
      <trkpt lat="48.31133" lon="-1.42229">
        <ele>47.5</ele>
      </trkpt>
      <trkpt lat="48.31138" lon="-1.42237">
        <ele>47.8</ele>
      </trkpt>
      <trkpt lat="48.31137" lon="-1.42249">
        <ele>46.8</ele>
      </trkpt>
      <trkpt lat="48.31136" lon="-1.42262">
        <ele>46.2</ele>
      </trkpt>
      <trkpt lat="48.31136" lon="-1.42269">
        <ele>46</ele>
      </trkpt>
      <trkpt lat="48.31135" lon="-1.42276">
        <ele>45.6</ele>
      </trkpt>
      <trkpt lat="48.31134" lon="-1.42289">
        <ele>45.1</ele>
      </trkpt>
      <trkpt lat="48.31133" lon="-1.42302">
        <ele>44.7</ele>
      </trkpt>
      <trkpt lat="48.31135" lon="-1.4231">
        <ele>44.7</ele>
      </trkpt>
      <trkpt lat="48.31137" lon="-1.42318">
        <ele>44.9</ele>
      </trkpt>
      <trkpt lat="48.31139" lon="-1.42325">
        <ele>45</ele>
      </trkpt>
      <trkpt lat="48.31141" lon="-1.42333">
        <ele>45.8</ele>
      </trkpt>
      <trkpt lat="48.31143" lon="-1.42343">
        <ele>46</ele>
      </trkpt>
      <trkpt lat="48.31145" lon="-1.42353">
        <ele>46.3</ele>
      </trkpt>
      <trkpt lat="48.31147" lon="-1.42363">
        <ele>46.8</ele>
      </trkpt>
      <trkpt lat="48.31149" lon="-1.42373">
        <ele>47.6</ele>
      </trkpt>
      <trkpt lat="48.31151" lon="-1.42383">
        <ele>48.3</ele>
      </trkpt>
      <trkpt lat="48.31153" lon="-1.42393">
        <ele>48.9</ele>
      </trkpt>
      <trkpt lat="48.31155" lon="-1.42403">
        <ele>49.4</ele>
      </trkpt>
      <trkpt lat="48.31157" lon="-1.42413">
        <ele>49.7</ele>
      </trkpt>
      <trkpt lat="48.31156" lon="-1.42421">
        <ele>48.9</ele>
      </trkpt>
      <trkpt lat="48.31155" lon="-1.42429">
        <ele>48</ele>
      </trkpt>
      <trkpt lat="48.31153" lon="-1.42437">
        <ele>47</ele>
      </trkpt>
      <trkpt lat="48.31152" lon="-1.42445">
        <ele>46.3</ele>
      </trkpt>
      <trkpt lat="48.31153" lon="-1.42458">
        <ele>45.8</ele>
      </trkpt>
      <trkpt lat="48.31154" lon="-1.42471">
        <ele>45.2</ele>
      </trkpt>
      <trkpt lat="48.31155" lon="-1.42483">
        <ele>45.4</ele>
      </trkpt>
      <trkpt lat="48.31156" lon="-1.42496">
        <ele>45.7</ele>
      </trkpt>
      <trkpt lat="48.31155" lon="-1.42503">
        <ele>45.6</ele>
      </trkpt>
      <trkpt lat="48.31155" lon="-1.4251">
        <ele>45.7</ele>
      </trkpt>
      <trkpt lat="48.31154" lon="-1.42517">
        <ele>45.7</ele>
      </trkpt>
      <trkpt lat="48.31154" lon="-1.42524">
        <ele>45.8</ele>
      </trkpt>
      <trkpt lat="48.31153" lon="-1.42531">
        <ele>45.7</ele>
      </trkpt>
      <trkpt lat="48.31152" lon="-1.42538">
        <ele>45.8</ele>
      </trkpt>
      <trkpt lat="48.31152" lon="-1.42545">
        <ele>46.2</ele>
      </trkpt>
      <trkpt lat="48.31151" lon="-1.42552">
        <ele>46.2</ele>
      </trkpt>
      <trkpt lat="48.31151" lon="-1.42563">
        <ele>46.1</ele>
      </trkpt>
      <trkpt lat="48.31152" lon="-1.42574">
        <ele>46.1</ele>
      </trkpt>
      <trkpt lat="48.31152" lon="-1.42585">
        <ele>45.7</ele>
      </trkpt>
      <trkpt lat="48.31152" lon="-1.42596">
        <ele>45.6</ele>
      </trkpt>
      <trkpt lat="48.31154" lon="-1.42603">
        <ele>46</ele>
      </trkpt>
      <trkpt lat="48.31156" lon="-1.42609">
        <ele>46.4</ele>
      </trkpt>
      <trkpt lat="48.31158" lon="-1.42616">
        <ele>46.6</ele>
      </trkpt>
      <trkpt lat="48.3116" lon="-1.42622">
        <ele>46.7</ele>
      </trkpt>
      <trkpt lat="48.31161" lon="-1.42629">
        <ele>46.5</ele>
      </trkpt>
      <trkpt lat="48.31163" lon="-1.42635">
        <ele>46.6</ele>
      </trkpt>
      <trkpt lat="48.31165" lon="-1.42642">
        <ele>46.7</ele>
      </trkpt>
      <trkpt lat="48.31167" lon="-1.42649">
        <ele>47.1</ele>
      </trkpt>
      <trkpt lat="48.31169" lon="-1.42655">
        <ele>47.8</ele>
      </trkpt>
      <trkpt lat="48.31171" lon="-1.42662">
        <ele>48.3</ele>
      </trkpt>
      <trkpt lat="48.31173" lon="-1.42668">
        <ele>48.7</ele>
      </trkpt>
      <trkpt lat="48.31175" lon="-1.42675">
        <ele>48.6</ele>
      </trkpt>
      <trkpt lat="48.31176" lon="-1.42681">
        <ele>48.3</ele>
      </trkpt>
      <trkpt lat="48.31178" lon="-1.42688">
        <ele>48.3</ele>
      </trkpt>
      <trkpt lat="48.3118" lon="-1.42694">
        <ele>48.4</ele>
      </trkpt>
      <trkpt lat="48.31182" lon="-1.42701">
        <ele>48.4</ele>
      </trkpt>
      <trkpt lat="48.3119" lon="-1.42705">
        <ele>50.3</ele>
      </trkpt>
      <trkpt lat="48.31198" lon="-1.42709">
        <ele>51.2</ele>
      </trkpt>
      <trkpt lat="48.31206" lon="-1.42712">
        <ele>51.8</ele>
      </trkpt>
      <trkpt lat="48.31214" lon="-1.42716">
        <ele>52.6</ele>
      </trkpt>
      <trkpt lat="48.31217" lon="-1.42725">
        <ele>52.9</ele>
      </trkpt>
      <trkpt lat="48.31219" lon="-1.42734">
        <ele>52.6</ele>
      </trkpt>
      <trkpt lat="48.31222" lon="-1.42743">
        <ele>52.5</ele>
      </trkpt>
      <trkpt lat="48.31225" lon="-1.42752">
        <ele>52.5</ele>
      </trkpt>
      <trkpt lat="48.31227" lon="-1.4276">
        <ele>52.7</ele>
      </trkpt>
      <trkpt lat="48.3123" lon="-1.42769">
        <ele>53</ele>
      </trkpt>
      <trkpt lat="48.31232" lon="-1.42778">
        <ele>53.1</ele>
      </trkpt>
      <trkpt lat="48.31235" lon="-1.42787">
        <ele>52.9</ele>
      </trkpt>
      <trkpt lat="48.31238" lon="-1.42796">
        <ele>52.7</ele>
      </trkpt>
      <trkpt lat="48.3124" lon="-1.42805">
        <ele>52.3</ele>
      </trkpt>
      <trkpt lat="48.31243" lon="-1.42814">
        <ele>52.4</ele>
      </trkpt>
      <trkpt lat="48.31246" lon="-1.42823">
        <ele>52.6</ele>
      </trkpt>
      <trkpt lat="48.31248" lon="-1.42831">
        <ele>52.7</ele>
      </trkpt>
      <trkpt lat="48.31251" lon="-1.4284">
        <ele>52.5</ele>
      </trkpt>
      <trkpt lat="48.31253" lon="-1.42849">
        <ele>51.8</ele>
      </trkpt>
      <trkpt lat="48.31256" lon="-1.42858">
        <ele>51.2</ele>
      </trkpt>
      <trkpt lat="48.3126" lon="-1.42865">
        <ele>51.1</ele>
      </trkpt>
      <trkpt lat="48.31263" lon="-1.42871">
        <ele>51</ele>
      </trkpt>
      <trkpt lat="48.31263" lon="-1.42879">
        <ele>50.2</ele>
      </trkpt>
      <trkpt lat="48.31266" lon="-1.4289">
        <ele>49.8</ele>
      </trkpt>
      <trkpt lat="48.31268" lon="-1.42897">
        <ele>49.5</ele>
      </trkpt>
      <trkpt lat="48.3127" lon="-1.42903">
        <ele>49.2</ele>
      </trkpt>
      <trkpt lat="48.31273" lon="-1.42911">
        <ele>48.9</ele>
      </trkpt>
      <trkpt lat="48.31275" lon="-1.42919">
        <ele>48.4</ele>
      </trkpt>
      <trkpt lat="48.31277" lon="-1.42926">
        <ele>48.2</ele>
      </trkpt>
      <trkpt lat="48.31279" lon="-1.42934">
        <ele>47.8</ele>
      </trkpt>
      <trkpt lat="48.31281" lon="-1.42941">
        <ele>47.3</ele>
      </trkpt>
      <trkpt lat="48.31283" lon="-1.42948">
        <ele>47</ele>
      </trkpt>
      <trkpt lat="48.31284" lon="-1.42961">
        <ele>46.2</ele>
      </trkpt>
      <trkpt lat="48.31284" lon="-1.42974">
        <ele>45.4</ele>
      </trkpt>
      <trkpt lat="48.31282" lon="-1.42983">
        <ele>45.2</ele>
      </trkpt>
      <trkpt lat="48.31279" lon="-1.42991">
        <ele>45</ele>
      </trkpt>
      <trkpt lat="48.31276" lon="-1.42997">
        <ele>44.9</ele>
      </trkpt>
      <trkpt lat="48.31272" lon="-1.43003">
        <ele>44.6</ele>
      </trkpt>
      <trkpt lat="48.31268" lon="-1.43009">
        <ele>44.3</ele>
      </trkpt>
      <trkpt lat="48.31263" lon="-1.43014">
        <ele>43.9</ele>
      </trkpt>
      <trkpt lat="48.31255" lon="-1.4302">
        <ele>43.4</ele>
      </trkpt>
      <trkpt lat="48.3125" lon="-1.43025">
        <ele>43</ele>
      </trkpt>
      <trkpt lat="48.31245" lon="-1.4303">
        <ele>43</ele>
        <extensions>
          <visugpx:TrkExtension xmlns:visugpx="https://www.visugpx.com/editgpx/">
            <visugpx:node>16</visugpx:node>
            </visugpx:TrkExtension>
        </extensions>
      </trkpt>
      <trkpt lat="48.31244" lon="-1.43031">
        <ele>43</ele>
      </trkpt>
      <trkpt lat="48.3124" lon="-1.43036">
        <ele>43.1</ele>
      </trkpt>
      <trkpt lat="48.31236" lon="-1.4304">
        <ele>43.2</ele>
      </trkpt>
      <trkpt lat="48.3124" lon="-1.4305">
        <ele>44</ele>
      </trkpt>
      <trkpt lat="48.31244" lon="-1.43057">
        <ele>44.5</ele>
      </trkpt>
      <trkpt lat="48.31248" lon="-1.43064">
        <ele>44</ele>
        <extensions>
          <visugpx:TrkExtension xmlns:visugpx="https://www.visugpx.com/editgpx/">
            <visugpx:node>17</visugpx:node>
            </visugpx:TrkExtension>
        </extensions>
      </trkpt>
      <trkpt lat="48.31253" lon="-1.43059">
        <ele>44.3</ele>
      </trkpt>
      <trkpt lat="48.31258" lon="-1.43053">
        <ele>44.1</ele>
      </trkpt>
      <trkpt lat="48.31262" lon="-1.43048">
        <ele>43.7</ele>
      </trkpt>
      <trkpt lat="48.31267" lon="-1.43042">
        <ele>43.7</ele>
      </trkpt>
      <trkpt lat="48.31272" lon="-1.43037">
        <ele>43.9</ele>
      </trkpt>
      <trkpt lat="48.31276" lon="-1.43031">
        <ele>44.6</ele>
      </trkpt>
      <trkpt lat="48.3128" lon="-1.43024">
        <ele>44.9</ele>
      </trkpt>
      <trkpt lat="48.31285" lon="-1.43018">
        <ele>44.8</ele>
      </trkpt>
      <trkpt lat="48.31289" lon="-1.43011">
        <ele>44.8</ele>
      </trkpt>
      <trkpt lat="48.31293" lon="-1.43004">
        <ele>44.9</ele>
      </trkpt>
      <trkpt lat="48.31296" lon="-1.42996">
        <ele>45.2</ele>
      </trkpt>
      <trkpt lat="48.31298" lon="-1.42988">
        <ele>45.6</ele>
      </trkpt>
      <trkpt lat="48.31299" lon="-1.42977">
        <ele>46.3</ele>
      </trkpt>
      <trkpt lat="48.313" lon="-1.42966">
        <ele>46.9</ele>
      </trkpt>
      <trkpt lat="48.31299" lon="-1.42957">
        <ele>47.2</ele>
      </trkpt>
      <trkpt lat="48.31298" lon="-1.42948">
        <ele>47.6</ele>
      </trkpt>
      <trkpt lat="48.31301" lon="-1.42943">
        <ele>47.9</ele>
      </trkpt>
      <trkpt lat="48.31305" lon="-1.4295">
        <ele>47.8</ele>
        <extensions>
          <visugpx:TrkExtension xmlns:visugpx="https://www.visugpx.com/editgpx/">
            <visugpx:node>18</visugpx:node>
            </visugpx:TrkExtension>
        </extensions>
      </trkpt>
      <trkpt lat="48.31309" lon="-1.42959">
        <ele>47.7</ele>
      </trkpt>
      <trkpt lat="48.31313" lon="-1.42968">
        <ele>47.5</ele>
      </trkpt>
      <trkpt lat="48.31314" lon="-1.42975">
        <ele>47.2</ele>
      </trkpt>
      <trkpt lat="48.31315" lon="-1.42982">
        <ele>46.9</ele>
      </trkpt>
      <trkpt lat="48.31316" lon="-1.42989">
        <ele>46.6</ele>
      </trkpt>
      <trkpt lat="48.31317" lon="-1.42996">
        <ele>46.4</ele>
      </trkpt>
      <trkpt lat="48.31317" lon="-1.43003">
        <ele>46.1</ele>
      </trkpt>
      <trkpt lat="48.31318" lon="-1.4301">
        <ele>45.8</ele>
      </trkpt>
      <trkpt lat="48.31319" lon="-1.43017">
        <ele>45.5</ele>
      </trkpt>
      <trkpt lat="48.3132" lon="-1.43024">
        <ele>45.2</ele>
      </trkpt>
      <trkpt lat="48.31325" lon="-1.43035">
        <ele>45</ele>
      </trkpt>
      <trkpt lat="48.31329" lon="-1.43045">
        <ele>44.5</ele>
      </trkpt>
      <trkpt lat="48.31332" lon="-1.43051">
        <ele>44.3</ele>
      </trkpt>
      <trkpt lat="48.31335" lon="-1.43058">
        <ele>43.9</ele>
      </trkpt>
      <trkpt lat="48.31338" lon="-1.43064">
        <ele>43.7</ele>
      </trkpt>
      <trkpt lat="48.31342" lon="-1.4307">
        <ele>43.6</ele>
      </trkpt>
      <trkpt lat="48.31345" lon="-1.43076">
        <ele>43.4</ele>
      </trkpt>
      <trkpt lat="48.31348" lon="-1.43083">
        <ele>43.1</ele>
      </trkpt>
      <trkpt lat="48.31351" lon="-1.43089">
        <ele>43.1</ele>
      </trkpt>
      <trkpt lat="48.31354" lon="-1.43095">
        <ele>43.1</ele>
      </trkpt>
      <trkpt lat="48.31358" lon="-1.43102">
        <ele>43.1</ele>
        <extensions>
          <visugpx:TrkExtension xmlns:visugpx="https://www.visugpx.com/editgpx/">
            <visugpx:node>19</visugpx:node>
            </visugpx:TrkExtension>
        </extensions>
      </trkpt>
      <trkpt lat="48.31364" lon="-1.43111">
        <ele>43.1</ele>
      </trkpt>
      <trkpt lat="48.31369" lon="-1.4312">
        <ele>42.4</ele>
      </trkpt>
      <trkpt lat="48.31376" lon="-1.43123">
        <ele>42.5</ele>
      </trkpt>
      <trkpt lat="48.31383" lon="-1.43125">
        <ele>42.7</ele>
      </trkpt>
      <trkpt lat="48.31387" lon="-1.43129">
        <ele>42.6</ele>
      </trkpt>
      <trkpt lat="48.31391" lon="-1.43133">
        <ele>42.5</ele>
      </trkpt>
      <trkpt lat="48.31395" lon="-1.43136">
        <ele>42.3</ele>
      </trkpt>
      <trkpt lat="48.31399" lon="-1.4314">
        <ele>42</ele>
        <extensions>
          <visugpx:TrkExtension xmlns:visugpx="https://www.visugpx.com/editgpx/">
            <visugpx:node>20</visugpx:node>
            </visugpx:TrkExtension>
        </extensions>
      </trkpt>
      <trkpt lat="48.31404" lon="-1.43143">
        <ele>41.8</ele>
      </trkpt>
      <trkpt lat="48.31409" lon="-1.43146">
        <ele>41.6</ele>
      </trkpt>
      <trkpt lat="48.31413" lon="-1.43148">
        <ele>41.4</ele>
      </trkpt>
      <trkpt lat="48.31418" lon="-1.43151">
        <ele>41.6</ele>
      </trkpt>
      <trkpt lat="48.31423" lon="-1.43158">
        <ele>42.5</ele>
      </trkpt>
      <trkpt lat="48.31428" lon="-1.43164">
        <ele>43.2</ele>
        <extensions>
          <visugpx:TrkExtension xmlns:visugpx="https://www.visugpx.com/editgpx/">
            <visugpx:node>21</visugpx:node>
            </visugpx:TrkExtension>
        </extensions>
      </trkpt>
      <trkpt lat="48.31435" lon="-1.43166">
        <ele>44.7</ele>
      </trkpt>
      <trkpt lat="48.31442" lon="-1.43168">
        <ele>46.3</ele>
      </trkpt>
      <trkpt lat="48.31445" lon="-1.43174">
        <ele>46.7</ele>
      </trkpt>
      <trkpt lat="48.31447" lon="-1.4318">
        <ele>47.9</ele>
      </trkpt>
      <trkpt lat="48.31448" lon="-1.43181">
        <ele>48.7</ele>
        <extensions>
          <visugpx:TrkExtension xmlns:visugpx="https://www.visugpx.com/editgpx/">
            <visugpx:node>22</visugpx:node>
            </visugpx:TrkExtension>
        </extensions>
      </trkpt>
      <trkpt lat="48.3145" lon="-1.43188">
        <ele>49.7</ele>
      </trkpt>
      <trkpt lat="48.31452" lon="-1.43194">
        <ele>50.8</ele>
      </trkpt>
      <trkpt lat="48.31454" lon="-1.43203">
        <ele>52.5</ele>
      </trkpt>
      <trkpt lat="48.31456" lon="-1.43212">
        <ele>54.5</ele>
      </trkpt>
      <trkpt lat="48.31456" lon="-1.43221">
        <ele>54.5</ele>
      </trkpt>
      <trkpt lat="48.31457" lon="-1.43231">
        <ele>55.6</ele>
      </trkpt>
      <trkpt lat="48.31456" lon="-1.43242">
        <ele>54.6</ele>
      </trkpt>
      <trkpt lat="48.31455" lon="-1.43253">
        <ele>53.7</ele>
      </trkpt>
      <trkpt lat="48.31454" lon="-1.43264">
        <ele>53</ele>
      </trkpt>
      <trkpt lat="48.31453" lon="-1.43275">
        <ele>52.1</ele>
      </trkpt>
      <trkpt lat="48.31451" lon="-1.43286">
        <ele>50.3</ele>
      </trkpt>
      <trkpt lat="48.31449" lon="-1.43297">
        <ele>48.9</ele>
      </trkpt>
      <trkpt lat="48.31447" lon="-1.43308">
        <ele>47.8</ele>
      </trkpt>
      <trkpt lat="48.31444" lon="-1.43319">
        <ele>46.4</ele>
        <extensions>
          <visugpx:TrkExtension xmlns:visugpx="https://www.visugpx.com/editgpx/">
            <visugpx:node>23</visugpx:node>
            </visugpx:TrkExtension>
        </extensions>
      </trkpt>
      <trkpt lat="48.31444" lon="-1.43321">
        <ele>46.6</ele>
      </trkpt>
      <trkpt lat="48.31442" lon="-1.43332">
        <ele>47.2</ele>
      </trkpt>
      <trkpt lat="48.3144" lon="-1.43344">
        <ele>48.3</ele>
      </trkpt>
      <trkpt lat="48.31438" lon="-1.43355">
        <ele>49.1</ele>
      </trkpt>
      <trkpt lat="48.31436" lon="-1.43366">
        <ele>49.4</ele>
      </trkpt>
      <trkpt lat="48.31434" lon="-1.43378">
        <ele>49.3</ele>
      </trkpt>
      <trkpt lat="48.31432" lon="-1.43389">
        <ele>48.8</ele>
      </trkpt>
      <trkpt lat="48.31433" lon="-1.43398">
        <ele>49.4</ele>
      </trkpt>
      <trkpt lat="48.31434" lon="-1.43406">
        <ele>50</ele>
      </trkpt>
      <trkpt lat="48.31434" lon="-1.43415">
        <ele>50</ele>
      </trkpt>
      <trkpt lat="48.31435" lon="-1.43424">
        <ele>50.5</ele>
      </trkpt>
      <trkpt lat="48.31433" lon="-1.4343">
        <ele>49.3</ele>
      </trkpt>
      <trkpt lat="48.31432" lon="-1.43437">
        <ele>48.8</ele>
      </trkpt>
      <trkpt lat="48.3143" lon="-1.43444">
        <ele>47.7</ele>
      </trkpt>
      <trkpt lat="48.31429" lon="-1.43451">
        <ele>47</ele>
      </trkpt>
      <trkpt lat="48.31428" lon="-1.43458">
        <ele>46.3</ele>
      </trkpt>
      <trkpt lat="48.31426" lon="-1.43465">
        <ele>45.2</ele>
      </trkpt>
      <trkpt lat="48.31425" lon="-1.43471">
        <ele>44.6</ele>
      </trkpt>
      <trkpt lat="48.31423" lon="-1.43478">
        <ele>43.9</ele>
      </trkpt>
      <trkpt lat="48.31422" lon="-1.43488">
        <ele>43.6</ele>
        <extensions>
          <visugpx:TrkExtension xmlns:visugpx="https://www.visugpx.com/editgpx/">
            <visugpx:node>24</visugpx:node>
            </visugpx:TrkExtension>
        </extensions>
      </trkpt>
      <trkpt lat="48.31421" lon="-1.43493">
        <ele>43.2</ele>
        <extensions>
          <visugpx:TrkExtension xmlns:visugpx="https://www.visugpx.com/editgpx/">
            <visugpx:node>25</visugpx:node>
            </visugpx:TrkExtension>
        </extensions>
      </trkpt>
      <trkpt lat="48.3142" lon="-1.43501">
        <ele>42.8</ele>
      </trkpt>
      <trkpt lat="48.31419" lon="-1.43509">
        <ele>42.6</ele>
      </trkpt>
      <trkpt lat="48.31418" lon="-1.43516">
        <ele>42.3</ele>
      </trkpt>
      <trkpt lat="48.31417" lon="-1.43524">
        <ele>42</ele>
      </trkpt>
      <trkpt lat="48.31416" lon="-1.43531">
        <ele>42.1</ele>
      </trkpt>
      <trkpt lat="48.31415" lon="-1.43539">
        <ele>42.3</ele>
      </trkpt>
      <trkpt lat="48.31414" lon="-1.43548">
        <ele>42.5</ele>
      </trkpt>
      <trkpt lat="48.31414" lon="-1.43556">
        <ele>42.8</ele>
      </trkpt>
      <trkpt lat="48.31413" lon="-1.43565">
        <ele>43</ele>
      </trkpt>
      <trkpt lat="48.31413" lon="-1.43574">
        <ele>43.3</ele>
      </trkpt>
      <trkpt lat="48.31412" lon="-1.43582">
        <ele>43.5</ele>
      </trkpt>
      <trkpt lat="48.31411" lon="-1.43591">
        <ele>43.4</ele>
      </trkpt>
      <trkpt lat="48.31411" lon="-1.43599">
        <ele>43.4</ele>
      </trkpt>
      <trkpt lat="48.3141" lon="-1.43608">
        <ele>43.3</ele>
      </trkpt>
      <trkpt lat="48.3141" lon="-1.43617">
        <ele>43.3</ele>
      </trkpt>
      <trkpt lat="48.3141" lon="-1.43626">
        <ele>43.3</ele>
      </trkpt>
      <trkpt lat="48.3141" lon="-1.43634">
        <ele>43.3</ele>
      </trkpt>
      <trkpt lat="48.3141" lon="-1.43643">
        <ele>43.4</ele>
      </trkpt>
      <trkpt lat="48.3141" lon="-1.43652">
        <ele>43.5</ele>
      </trkpt>
      <trkpt lat="48.3141" lon="-1.43661">
        <ele>43.7</ele>
      </trkpt>
      <trkpt lat="48.3141" lon="-1.43669">
        <ele>43.7</ele>
      </trkpt>
      <trkpt lat="48.3141" lon="-1.43678">
        <ele>43.5</ele>
      </trkpt>
      <trkpt lat="48.31411" lon="-1.43688">
        <ele>43.4</ele>
      </trkpt>
      <trkpt lat="48.31411" lon="-1.43699">
        <ele>43.1</ele>
      </trkpt>
      <trkpt lat="48.31412" lon="-1.43709">
        <ele>43</ele>
      </trkpt>
      <trkpt lat="48.31412" lon="-1.4372">
        <ele>42.7</ele>
      </trkpt>
      <trkpt lat="48.31413" lon="-1.4373">
        <ele>42.7</ele>
      </trkpt>
      <trkpt lat="48.31413" lon="-1.4374">
        <ele>42.7</ele>
      </trkpt>
      <trkpt lat="48.31414" lon="-1.43751">
        <ele>42.7</ele>
      </trkpt>
      <trkpt lat="48.31414" lon="-1.43761">
        <ele>42.7</ele>
      </trkpt>
      <trkpt lat="48.31415" lon="-1.43769">
        <ele>42.8</ele>
      </trkpt>
      <trkpt lat="48.31416" lon="-1.43776">
        <ele>42.9</ele>
      </trkpt>
      <trkpt lat="48.31417" lon="-1.43784">
        <ele>42.9</ele>
      </trkpt>
      <trkpt lat="48.31418" lon="-1.43791">
        <ele>43.1</ele>
      </trkpt>
      <trkpt lat="48.31419" lon="-1.43799">
        <ele>43.1</ele>
      </trkpt>
      <trkpt lat="48.3142" lon="-1.43806">
        <ele>43.2</ele>
      </trkpt>
      <trkpt lat="48.31421" lon="-1.43814">
        <ele>43.5</ele>
      </trkpt>
      <trkpt lat="48.31422" lon="-1.43821">
        <ele>43.7</ele>
      </trkpt>
      <trkpt lat="48.31425" lon="-1.43829">
        <ele>44.5</ele>
      </trkpt>
      <trkpt lat="48.31428" lon="-1.43836">
        <ele>45.1</ele>
      </trkpt>
      <trkpt lat="48.31431" lon="-1.43844">
        <ele>45.3</ele>
      </trkpt>
      <trkpt lat="48.31435" lon="-1.43852">
        <ele>45.7</ele>
      </trkpt>
      <trkpt lat="48.31438" lon="-1.43859">
        <ele>45.8</ele>
      </trkpt>
      <trkpt lat="48.31441" lon="-1.43867">
        <ele>45.5</ele>
      </trkpt>
      <trkpt lat="48.31447" lon="-1.43873">
        <ele>45.9</ele>
      </trkpt>
      <trkpt lat="48.31454" lon="-1.4388">
        <ele>46.5</ele>
      </trkpt>
      <trkpt lat="48.3146" lon="-1.43886">
        <ele>46.8</ele>
      </trkpt>
      <trkpt lat="48.31466" lon="-1.43893">
        <ele>47.2</ele>
      </trkpt>
      <trkpt lat="48.31472" lon="-1.43899">
        <ele>47.5</ele>
      </trkpt>
      <trkpt lat="48.31479" lon="-1.43905">
        <ele>48</ele>
      </trkpt>
      <trkpt lat="48.31485" lon="-1.43912">
        <ele>47.7</ele>
      </trkpt>
      <trkpt lat="48.31491" lon="-1.43918">
        <ele>47.4</ele>
      </trkpt>
      <trkpt lat="48.31496" lon="-1.4392">
        <ele>47.6</ele>
      </trkpt>
      <trkpt lat="48.315" lon="-1.43922">
        <ele>47.7</ele>
      </trkpt>
      <trkpt lat="48.31508" lon="-1.43925">
        <ele>47.2</ele>
      </trkpt>
      <trkpt lat="48.31513" lon="-1.43921">
        <ele>48.1</ele>
      </trkpt>
      <trkpt lat="48.31517" lon="-1.43917">
        <ele>48.9</ele>
      </trkpt>
      <trkpt lat="48.31521" lon="-1.43914">
        <ele>49.7</ele>
      </trkpt>
      <trkpt lat="48.31526" lon="-1.43915">
        <ele>49.5</ele>
      </trkpt>
      <trkpt lat="48.3153" lon="-1.43916">
        <ele>49.8</ele>
      </trkpt>
      <trkpt lat="48.31533" lon="-1.43927">
        <ele>48.9</ele>
      </trkpt>
      <trkpt lat="48.31535" lon="-1.43937">
        <ele>47.8</ele>
      </trkpt>
      <trkpt lat="48.31539" lon="-1.43943">
        <ele>47.7</ele>
      </trkpt>
      <trkpt lat="48.31543" lon="-1.43949">
        <ele>47.3</ele>
      </trkpt>
      <trkpt lat="48.31546" lon="-1.43955">
        <ele>46.4</ele>
      </trkpt>
      <trkpt lat="48.3155" lon="-1.43961">
        <ele>45.5</ele>
      </trkpt>
      <trkpt lat="48.31555" lon="-1.43962">
        <ele>45.9</ele>
      </trkpt>
      <trkpt lat="48.3156" lon="-1.43962">
        <ele>46.5</ele>
      </trkpt>
      <trkpt lat="48.31565" lon="-1.43963">
        <ele>46.9</ele>
      </trkpt>
      <trkpt lat="48.3157" lon="-1.43963">
        <ele>47.6</ele>
      </trkpt>
      <trkpt lat="48.31575" lon="-1.43967">
        <ele>46.9</ele>
      </trkpt>
      <trkpt lat="48.3158" lon="-1.43971">
        <ele>46.1</ele>
      </trkpt>
      <trkpt lat="48.31585" lon="-1.43974">
        <ele>46.1</ele>
      </trkpt>
      <trkpt lat="48.3159" lon="-1.43978">
        <ele>46.6</ele>
      </trkpt>
      <trkpt lat="48.31594" lon="-1.43982">
        <ele>46.5</ele>
      </trkpt>
      <trkpt lat="48.31599" lon="-1.43986">
        <ele>46.4</ele>
      </trkpt>
      <trkpt lat="48.31604" lon="-1.43989">
        <ele>46.2</ele>
      </trkpt>
      <trkpt lat="48.31609" lon="-1.43993">
        <ele>45.5</ele>
      </trkpt>
      <trkpt lat="48.31614" lon="-1.43999">
        <ele>44.6</ele>
      </trkpt>
      <trkpt lat="48.31618" lon="-1.44006">
        <ele>44.8</ele>
      </trkpt>
      <trkpt lat="48.31623" lon="-1.44012">
        <ele>45.3</ele>
      </trkpt>
      <trkpt lat="48.31627" lon="-1.44018">
        <ele>45</ele>
      </trkpt>
      <trkpt lat="48.31633" lon="-1.44028">
        <ele>43.7</ele>
      </trkpt>
      <trkpt lat="48.31639" lon="-1.44037">
        <ele>43.1</ele>
      </trkpt>
      <trkpt lat="48.31644" lon="-1.44047">
        <ele>43.9</ele>
      </trkpt>
      <trkpt lat="48.3165" lon="-1.44056">
        <ele>45</ele>
      </trkpt>
      <trkpt lat="48.31652" lon="-1.44064">
        <ele>45.1</ele>
      </trkpt>
      <trkpt lat="48.31655" lon="-1.44071">
        <ele>45.4</ele>
      </trkpt>
      <trkpt lat="48.31657" lon="-1.44079">
        <ele>44.9</ele>
      </trkpt>
      <trkpt lat="48.31659" lon="-1.44087">
        <ele>44.3</ele>
      </trkpt>
      <trkpt lat="48.31661" lon="-1.44094">
        <ele>43.6</ele>
      </trkpt>
      <trkpt lat="48.31664" lon="-1.44102">
        <ele>42.7</ele>
      </trkpt>
      <trkpt lat="48.31666" lon="-1.44109">
        <ele>41.4</ele>
      </trkpt>
      <trkpt lat="48.31668" lon="-1.44117">
        <ele>41.4</ele>
      </trkpt>
      <trkpt lat="48.3167" lon="-1.44128">
        <ele>41.6</ele>
      </trkpt>
      <trkpt lat="48.31672" lon="-1.44138">
        <ele>41.6</ele>
      </trkpt>
      <trkpt lat="48.31673" lon="-1.44149">
        <ele>42.1</ele>
      </trkpt>
      <trkpt lat="48.31675" lon="-1.4416">
        <ele>43.4</ele>
      </trkpt>
      <trkpt lat="48.31677" lon="-1.4417">
        <ele>44.3</ele>
      </trkpt>
      <trkpt lat="48.31679" lon="-1.44181">
        <ele>44.1</ele>
      </trkpt>
      <trkpt lat="48.3168" lon="-1.44191">
        <ele>43.3</ele>
      </trkpt>
      <trkpt lat="48.31682" lon="-1.44202">
        <ele>42.6</ele>
      </trkpt>
      <trkpt lat="48.31686" lon="-1.44213">
        <ele>42</ele>
      </trkpt>
      <trkpt lat="48.3169" lon="-1.44224">
        <ele>40.8</ele>
      </trkpt>
      <trkpt lat="48.31694" lon="-1.44234">
        <ele>40.6</ele>
      </trkpt>
      <trkpt lat="48.31698" lon="-1.44245">
        <ele>41.9</ele>
      </trkpt>
      <trkpt lat="48.31702" lon="-1.44252">
        <ele>43.1</ele>
      </trkpt>
      <trkpt lat="48.31706" lon="-1.4426">
        <ele>43.9</ele>
      </trkpt>
      <trkpt lat="48.31709" lon="-1.44267">
        <ele>44.1</ele>
      </trkpt>
      <trkpt lat="48.31713" lon="-1.44275">
        <ele>44.1</ele>
      </trkpt>
      <trkpt lat="48.31717" lon="-1.44282">
        <ele>44.1</ele>
      </trkpt>
      <trkpt lat="48.31721" lon="-1.44289">
        <ele>43.8</ele>
      </trkpt>
      <trkpt lat="48.31724" lon="-1.44297">
        <ele>43.4</ele>
      </trkpt>
      <trkpt lat="48.31728" lon="-1.44304">
        <ele>44.2</ele>
      </trkpt>
      <trkpt lat="48.31729" lon="-1.44311">
        <ele>44.1</ele>
      </trkpt>
      <trkpt lat="48.3173" lon="-1.44318">
        <ele>44.1</ele>
      </trkpt>
      <trkpt lat="48.31731" lon="-1.44329">
        <ele>43.8</ele>
      </trkpt>
      <trkpt lat="48.31732" lon="-1.44339">
        <ele>43.5</ele>
      </trkpt>
      <trkpt lat="48.31739" lon="-1.44347">
        <ele>45.2</ele>
      </trkpt>
      <trkpt lat="48.31745" lon="-1.44355">
        <ele>45.8</ele>
      </trkpt>
      <trkpt lat="48.31747" lon="-1.44361">
        <ele>45.4</ele>
      </trkpt>
      <trkpt lat="48.31749" lon="-1.44368">
        <ele>44.8</ele>
      </trkpt>
      <trkpt lat="48.31751" lon="-1.44374">
        <ele>44.6</ele>
      </trkpt>
      <trkpt lat="48.31753" lon="-1.4438">
        <ele>44.7</ele>
      </trkpt>
      <trkpt lat="48.31754" lon="-1.44386">
        <ele>44.3</ele>
      </trkpt>
      <trkpt lat="48.31756" lon="-1.44393">
        <ele>44.4</ele>
      </trkpt>
      <trkpt lat="48.31758" lon="-1.44399">
        <ele>44.7</ele>
      </trkpt>
      <trkpt lat="48.3176" lon="-1.44405">
        <ele>44.9</ele>
      </trkpt>
      <trkpt lat="48.3176" lon="-1.44413">
        <ele>44</ele>
      </trkpt>
      <trkpt lat="48.31759" lon="-1.44422">
        <ele>43.1</ele>
      </trkpt>
      <trkpt lat="48.31759" lon="-1.4443">
        <ele>42.8</ele>
      </trkpt>
      <trkpt lat="48.31758" lon="-1.44438">
        <ele>42.2</ele>
      </trkpt>
      <trkpt lat="48.31761" lon="-1.44445">
        <ele>42.7</ele>
      </trkpt>
      <trkpt lat="48.31765" lon="-1.44452">
        <ele>43.2</ele>
      </trkpt>
      <trkpt lat="48.31768" lon="-1.44459">
        <ele>43.2</ele>
      </trkpt>
      <trkpt lat="48.31771" lon="-1.44466">
        <ele>42.9</ele>
      </trkpt>
      <trkpt lat="48.31773" lon="-1.44473">
        <ele>42.4</ele>
      </trkpt>
      <trkpt lat="48.31774" lon="-1.44479">
        <ele>42.1</ele>
      </trkpt>
      <trkpt lat="48.31776" lon="-1.44486">
        <ele>41.8</ele>
      </trkpt>
      <trkpt lat="48.31778" lon="-1.44493">
        <ele>41.6</ele>
      </trkpt>
      <trkpt lat="48.31779" lon="-1.44499">
        <ele>41.6</ele>
      </trkpt>
      <trkpt lat="48.31781" lon="-1.44506">
        <ele>42.1</ele>
      </trkpt>
      <trkpt lat="48.31782" lon="-1.44513">
        <ele>42.1</ele>
      </trkpt>
      <trkpt lat="48.31784" lon="-1.4452">
        <ele>42.5</ele>
      </trkpt>
      <trkpt lat="48.31786" lon="-1.44526">
        <ele>42.8</ele>
      </trkpt>
      <trkpt lat="48.31787" lon="-1.44533">
        <ele>42.8</ele>
      </trkpt>
      <trkpt lat="48.31789" lon="-1.4454">
        <ele>43.1</ele>
      </trkpt>
      <trkpt lat="48.31791" lon="-1.44546">
        <ele>43.3</ele>
      </trkpt>
      <trkpt lat="48.31792" lon="-1.44553">
        <ele>43.2</ele>
      </trkpt>
      <trkpt lat="48.31794" lon="-1.4456">
        <ele>43.2</ele>
      </trkpt>
      <trkpt lat="48.31795" lon="-1.44566">
        <ele>42.9</ele>
      </trkpt>
      <trkpt lat="48.31797" lon="-1.44573">
        <ele>42.7</ele>
      </trkpt>
      <trkpt lat="48.31801" lon="-1.44583">
        <ele>42.4</ele>
      </trkpt>
      <trkpt lat="48.31805" lon="-1.44593">
        <ele>41.9</ele>
      </trkpt>
      <trkpt lat="48.31809" lon="-1.44603">
        <ele>42.2</ele>
      </trkpt>
      <trkpt lat="48.31813" lon="-1.44613">
        <ele>42.6</ele>
      </trkpt>
      <trkpt lat="48.31818" lon="-1.44621">
        <ele>43.7</ele>
      </trkpt>
      <trkpt lat="48.31823" lon="-1.44628">
        <ele>44.4</ele>
      </trkpt>
      <trkpt lat="48.31827" lon="-1.44636">
        <ele>44.3</ele>
      </trkpt>
      <trkpt lat="48.31832" lon="-1.44643">
        <ele>44.3</ele>
      </trkpt>
      <trkpt lat="48.31834" lon="-1.44646">
        <ele>44.4</ele>
      </trkpt>
      <trkpt lat="48.31838" lon="-1.44641">
        <ele>45.8</ele>
      </trkpt>
      <trkpt lat="48.31842" lon="-1.44636">
        <ele>47.4</ele>
      </trkpt>
      <trkpt lat="48.31847" lon="-1.44637">
        <ele>48.3</ele>
      </trkpt>
      <trkpt lat="48.31851" lon="-1.44637">
        <ele>49.2</ele>
      </trkpt>
      <trkpt lat="48.31856" lon="-1.44638">
        <ele>50.1</ele>
      </trkpt>
      <trkpt lat="48.3186" lon="-1.44638">
        <ele>51</ele>
      </trkpt>
      <trkpt lat="48.31865" lon="-1.44641">
        <ele>51.9</ele>
      </trkpt>
      <trkpt lat="48.31869" lon="-1.44644">
        <ele>53</ele>
      </trkpt>
      <trkpt lat="48.31874" lon="-1.44647">
        <ele>54.3</ele>
      </trkpt>
      <trkpt lat="48.31879" lon="-1.4465">
        <ele>55.8</ele>
      </trkpt>
      <trkpt lat="48.31883" lon="-1.44652">
        <ele>56.9</ele>
      </trkpt>
      <trkpt lat="48.31888" lon="-1.44655">
        <ele>58.5</ele>
      </trkpt>
      <trkpt lat="48.31892" lon="-1.44658">
        <ele>59.7</ele>
      </trkpt>
      <trkpt lat="48.31897" lon="-1.44661">
        <ele>61.1</ele>
        <extensions>
          <visugpx:TrkExtension xmlns:visugpx="https://www.visugpx.com/editgpx/">
            <visugpx:node>26</visugpx:node>
            </visugpx:TrkExtension>
        </extensions>
      </trkpt>
      <trkpt lat="48.31903" lon="-1.44662">
        <ele>62.5</ele>
      </trkpt>
      <trkpt lat="48.31908" lon="-1.44664">
        <ele>63.8</ele>
      </trkpt>
      <trkpt lat="48.31914" lon="-1.44665">
        <ele>65.2</ele>
      </trkpt>
      <trkpt lat="48.3192" lon="-1.44666">
        <ele>66.9</ele>
      </trkpt>
      <trkpt lat="48.3192" lon="-1.44674">
        <ele>68.3</ele>
      </trkpt>
      <trkpt lat="48.31921" lon="-1.44681">
        <ele>69.8</ele>
      </trkpt>
      <trkpt lat="48.31919" lon="-1.44687">
        <ele>70.3</ele>
      </trkpt>
      <trkpt lat="48.31916" lon="-1.44693">
        <ele>70.5</ele>
      </trkpt>
      <trkpt lat="48.31914" lon="-1.44699">
        <ele>70.1</ele>
      </trkpt>
      <trkpt lat="48.31911" lon="-1.44705">
        <ele>69</ele>
      </trkpt>
      <trkpt lat="48.3191" lon="-1.44714">
        <ele>68.7</ele>
      </trkpt>
      <trkpt lat="48.31908" lon="-1.44723">
        <ele>67.9</ele>
      </trkpt>
      <trkpt lat="48.31906" lon="-1.44733">
        <ele>66.5</ele>
      </trkpt>
      <trkpt lat="48.31905" lon="-1.44742">
        <ele>65.5</ele>
      </trkpt>
      <trkpt lat="48.31905" lon="-1.44754">
        <ele>64.7</ele>
      </trkpt>
      <trkpt lat="48.31908" lon="-1.44763">
        <ele>65.4</ele>
      </trkpt>
      <trkpt lat="48.31911" lon="-1.44772">
        <ele>65.9</ele>
      </trkpt>
      <trkpt lat="48.31914" lon="-1.44781">
        <ele>66.6</ele>
      </trkpt>
      <trkpt lat="48.31917" lon="-1.4479">
        <ele>67.7</ele>
      </trkpt>
      <trkpt lat="48.3192" lon="-1.44799">
        <ele>68.5</ele>
      </trkpt>
      <trkpt lat="48.31922" lon="-1.44808">
        <ele>69.1</ele>
      </trkpt>
      <trkpt lat="48.31925" lon="-1.44816">
        <ele>70.3</ele>
      </trkpt>
      <trkpt lat="48.31928" lon="-1.44825">
        <ele>71.5</ele>
      </trkpt>
      <trkpt lat="48.31928" lon="-1.44832">
        <ele>71.5</ele>
      </trkpt>
      <trkpt lat="48.3193" lon="-1.44845">
        <ele>71.8</ele>
      </trkpt>
      <trkpt lat="48.31932" lon="-1.44852">
        <ele>72.5</ele>
      </trkpt>
      <trkpt lat="48.31933" lon="-1.44858">
        <ele>72.7</ele>
      </trkpt>
      <trkpt lat="48.31935" lon="-1.4487">
        <ele>72.6</ele>
      </trkpt>
      <trkpt lat="48.31937" lon="-1.44877">
        <ele>73</ele>
      </trkpt>
      <trkpt lat="48.31938" lon="-1.44883">
        <ele>73.1</ele>
      </trkpt>
      <trkpt lat="48.31939" lon="-1.44893">
        <ele>73</ele>
      </trkpt>
      <trkpt lat="48.31941" lon="-1.44903">
        <ele>73.6</ele>
      </trkpt>
      <trkpt lat="48.31942" lon="-1.44912">
        <ele>73.6</ele>
      </trkpt>
      <trkpt lat="48.31943" lon="-1.44922">
        <ele>72.8</ele>
      </trkpt>
      <trkpt lat="48.31942" lon="-1.44929">
        <ele>70.6</ele>
      </trkpt>
      <trkpt lat="48.31941" lon="-1.44935">
        <ele>68.6</ele>
      </trkpt>
      <trkpt lat="48.3194" lon="-1.44942">
        <ele>66.5</ele>
      </trkpt>
      <trkpt lat="48.31939" lon="-1.44949">
        <ele>64.9</ele>
      </trkpt>
      <trkpt lat="48.3194" lon="-1.44959">
        <ele>64.9</ele>
      </trkpt>
      <trkpt lat="48.31942" lon="-1.4497">
        <ele>65.5</ele>
      </trkpt>
      <trkpt lat="48.31944" lon="-1.44981">
        <ele>65.7</ele>
      </trkpt>
      <trkpt lat="48.31945" lon="-1.44991">
        <ele>65.2</ele>
      </trkpt>
      <trkpt lat="48.31948" lon="-1.44997">
        <ele>65.7</ele>
      </trkpt>
      <trkpt lat="48.31951" lon="-1.45003">
        <ele>66.4</ele>
      </trkpt>
      <trkpt lat="48.31955" lon="-1.45008">
        <ele>67.7</ele>
      </trkpt>
      <trkpt lat="48.31958" lon="-1.45014">
        <ele>68.6</ele>
      </trkpt>
      <trkpt lat="48.31962" lon="-1.45018">
        <ele>70.1</ele>
      </trkpt>
      <trkpt lat="48.31966" lon="-1.45022">
        <ele>71.6</ele>
      </trkpt>
      <trkpt lat="48.3197" lon="-1.45025">
        <ele>73.1</ele>
      </trkpt>
      <trkpt lat="48.31974" lon="-1.45029">
        <ele>74.1</ele>
      </trkpt>
      <trkpt lat="48.31978" lon="-1.45033">
        <ele>74.3</ele>
      </trkpt>
      <trkpt lat="48.31982" lon="-1.45036">
        <ele>74.6</ele>
      </trkpt>
      <trkpt lat="48.31986" lon="-1.4504">
        <ele>74.7</ele>
      </trkpt>
      <trkpt lat="48.31991" lon="-1.45044">
        <ele>75</ele>
      </trkpt>
      <trkpt lat="48.31993" lon="-1.45053">
        <ele>74.1</ele>
      </trkpt>
      <trkpt lat="48.31995" lon="-1.45062">
        <ele>73.3</ele>
      </trkpt>
      <trkpt lat="48.31998" lon="-1.4507">
        <ele>73</ele>
      </trkpt>
      <trkpt lat="48.32" lon="-1.45079">
        <ele>72.5</ele>
        <extensions>
          <visugpx:TrkExtension xmlns:visugpx="https://www.visugpx.com/editgpx/">
            <visugpx:node>27</visugpx:node>
            </visugpx:TrkExtension>
        </extensions>
      </trkpt>
      <trkpt lat="48.32002" lon="-1.45084">
        <ele>72.5</ele>
      </trkpt>
      <trkpt lat="48.32" lon="-1.45096">
        <ele>71.1</ele>
      </trkpt>
      <trkpt lat="48.31999" lon="-1.45107">
        <ele>70</ele>
      </trkpt>
      <trkpt lat="48.31997" lon="-1.45118">
        <ele>68.2</ele>
      </trkpt>
      <trkpt lat="48.31996" lon="-1.4513">
        <ele>66.3</ele>
      </trkpt>
      <trkpt lat="48.31995" lon="-1.45141">
        <ele>64.8</ele>
      </trkpt>
      <trkpt lat="48.31994" lon="-1.45153">
        <ele>63.9</ele>
      </trkpt>
      <trkpt lat="48.31994" lon="-1.4516">
        <ele>63.5</ele>
      </trkpt>
      <trkpt lat="48.31995" lon="-1.45168">
        <ele>63.3</ele>
      </trkpt>
      <trkpt lat="48.31995" lon="-1.45176">
        <ele>62.9</ele>
      </trkpt>
      <trkpt lat="48.31996" lon="-1.45184">
        <ele>62.9</ele>
      </trkpt>
      <trkpt lat="48.31996" lon="-1.45192">
        <ele>62.5</ele>
      </trkpt>
      <trkpt lat="48.31996" lon="-1.45199">
        <ele>61.9</ele>
      </trkpt>
      <trkpt lat="48.31997" lon="-1.45207">
        <ele>61.5</ele>
      </trkpt>
      <trkpt lat="48.31997" lon="-1.45215">
        <ele>60.6</ele>
      </trkpt>
      <trkpt lat="48.31999" lon="-1.45223">
        <ele>60.5</ele>
      </trkpt>
      <trkpt lat="48.32001" lon="-1.45232">
        <ele>60</ele>
      </trkpt>
      <trkpt lat="48.32002" lon="-1.4524">
        <ele>59.3</ele>
      </trkpt>
      <trkpt lat="48.32004" lon="-1.45249">
        <ele>59</ele>
      </trkpt>
      <trkpt lat="48.32006" lon="-1.45259">
        <ele>58.4</ele>
      </trkpt>
      <trkpt lat="48.32008" lon="-1.4527">
        <ele>57.4</ele>
      </trkpt>
      <trkpt lat="48.3201" lon="-1.4528">
        <ele>56.5</ele>
      </trkpt>
      <trkpt lat="48.32012" lon="-1.45291">
        <ele>54.7</ele>
      </trkpt>
      <trkpt lat="48.32018" lon="-1.453">
        <ele>54.8</ele>
      </trkpt>
      <trkpt lat="48.32024" lon="-1.45309">
        <ele>55</ele>
      </trkpt>
      <trkpt lat="48.32025" lon="-1.45317">
        <ele>54</ele>
      </trkpt>
      <trkpt lat="48.32026" lon="-1.45324">
        <ele>53.1</ele>
      </trkpt>
      <trkpt lat="48.32027" lon="-1.45332">
        <ele>52</ele>
      </trkpt>
      <trkpt lat="48.32028" lon="-1.45339">
        <ele>51.1</ele>
        <extensions>
          <visugpx:TrkExtension xmlns:visugpx="https://www.visugpx.com/editgpx/">
            <visugpx:node>28</visugpx:node>
            </visugpx:TrkExtension>
        </extensions>
      </trkpt>
      <trkpt lat="48.32029" lon="-1.45347">
        <ele>50</ele>
      </trkpt>
      <trkpt lat="48.3203" lon="-1.45355">
        <ele>49</ele>
      </trkpt>
      <trkpt lat="48.32032" lon="-1.45364">
        <ele>48.5</ele>
      </trkpt>
      <trkpt lat="48.32033" lon="-1.45373">
        <ele>48.3</ele>
      </trkpt>
      <trkpt lat="48.32035" lon="-1.45383">
        <ele>48.5</ele>
      </trkpt>
      <trkpt lat="48.32037" lon="-1.45392">
        <ele>48.7</ele>
        <extensions>
          <visugpx:TrkExtension xmlns:visugpx="https://www.visugpx.com/editgpx/">
            <visugpx:node>29</visugpx:node>
            </visugpx:TrkExtension>
        </extensions>
      </trkpt>
      <trkpt lat="48.32033" lon="-1.45387">
        <ele>47.4</ele>
      </trkpt>
      <trkpt lat="48.3203" lon="-1.45382">
        <ele>46.4</ele>
      </trkpt>
      <trkpt lat="48.32027" lon="-1.45377">
        <ele>45.7</ele>
      </trkpt>
      <trkpt lat="48.32023" lon="-1.45372">
        <ele>45.3</ele>
      </trkpt>
      <trkpt lat="48.32019" lon="-1.45364">
        <ele>44.9</ele>
      </trkpt>
      <trkpt lat="48.32014" lon="-1.45357">
        <ele>44.5</ele>
      </trkpt>
      <trkpt lat="48.32009" lon="-1.45349">
        <ele>44.2</ele>
      </trkpt>
      <trkpt lat="48.32005" lon="-1.45341">
        <ele>43.9</ele>
      </trkpt>
      <trkpt lat="48.32003" lon="-1.45338">
        <ele>43.6</ele>
        <extensions>
          <visugpx:TrkExtension xmlns:visugpx="https://www.visugpx.com/editgpx/">
            <visugpx:node>30</visugpx:node>
            </visugpx:TrkExtension>
        </extensions>
      </trkpt>
      <trkpt lat="48.31999" lon="-1.45331">
        <ele>43.2</ele>
      </trkpt>
      <trkpt lat="48.31996" lon="-1.45325">
        <ele>43.5</ele>
      </trkpt>
      <trkpt lat="48.31993" lon="-1.4532">
        <ele>43.5</ele>
      </trkpt>
      <trkpt lat="48.3199" lon="-1.45315">
        <ele>43.5</ele>
      </trkpt>
      <trkpt lat="48.31987" lon="-1.4531">
        <ele>43.3</ele>
      </trkpt>
      <trkpt lat="48.31984" lon="-1.45304">
        <ele>43.2</ele>
      </trkpt>
      <trkpt lat="48.31981" lon="-1.45299">
        <ele>43</ele>
      </trkpt>
      <trkpt lat="48.31976" lon="-1.45291">
        <ele>42.3</ele>
      </trkpt>
      <trkpt lat="48.31971" lon="-1.45283">
        <ele>41.5</ele>
      </trkpt>
      <trkpt lat="48.31967" lon="-1.45277">
        <ele>41.5</ele>
      </trkpt>
      <trkpt lat="48.31963" lon="-1.45272">
        <ele>41.6</ele>
      </trkpt>
      <trkpt lat="48.31959" lon="-1.45266">
        <ele>41.5</ele>
      </trkpt>
      <trkpt lat="48.31955" lon="-1.4526">
        <ele>41.1</ele>
      </trkpt>
      <trkpt lat="48.31955" lon="-1.45253">
        <ele>41.5</ele>
      </trkpt>
      <trkpt lat="48.31955" lon="-1.45245">
        <ele>42</ele>
      </trkpt>
      <trkpt lat="48.31953" lon="-1.45235">
        <ele>42.2</ele>
      </trkpt>
      <trkpt lat="48.3195" lon="-1.45224">
        <ele>41.9</ele>
      </trkpt>
      <trkpt lat="48.31948" lon="-1.45218">
        <ele>41.6</ele>
      </trkpt>
      <trkpt lat="48.31947" lon="-1.45212">
        <ele>41.7</ele>
      </trkpt>
      <trkpt lat="48.31945" lon="-1.45205">
        <ele>41.5</ele>
      </trkpt>
      <trkpt lat="48.31943" lon="-1.45199">
        <ele>41.5</ele>
      </trkpt>
      <trkpt lat="48.31941" lon="-1.45192">
        <ele>41.9</ele>
      </trkpt>
      <trkpt lat="48.3194" lon="-1.45185">
        <ele>42.8</ele>
      </trkpt>
      <trkpt lat="48.31938" lon="-1.45178">
        <ele>43.3</ele>
      </trkpt>
      <trkpt lat="48.31936" lon="-1.45171">
        <ele>43.7</ele>
      </trkpt>
      <trkpt lat="48.31933" lon="-1.45164">
        <ele>43.6</ele>
      </trkpt>
      <trkpt lat="48.31929" lon="-1.45156">
        <ele>43.1</ele>
      </trkpt>
      <trkpt lat="48.31923" lon="-1.4515">
        <ele>41.2</ele>
      </trkpt>
      <trkpt lat="48.31917" lon="-1.45143">
        <ele>39</ele>
      </trkpt>
      <trkpt lat="48.31917" lon="-1.45135">
        <ele>39.2</ele>
      </trkpt>
      <trkpt lat="48.31917" lon="-1.45127">
        <ele>39.2</ele>
      </trkpt>
      <trkpt lat="48.31916" lon="-1.45118">
        <ele>39</ele>
      </trkpt>
      <trkpt lat="48.31916" lon="-1.4511">
        <ele>39</ele>
      </trkpt>
      <trkpt lat="48.31916" lon="-1.45102">
        <ele>39.3</ele>
      </trkpt>
      <trkpt lat="48.31916" lon="-1.45094">
        <ele>39.6</ele>
      </trkpt>
      <trkpt lat="48.31915" lon="-1.45085">
        <ele>39.9</ele>
      </trkpt>
      <trkpt lat="48.31915" lon="-1.45077">
        <ele>40</ele>
      </trkpt>
      <trkpt lat="48.31914" lon="-1.45069">
        <ele>40</ele>
      </trkpt>
      <trkpt lat="48.31913" lon="-1.45061">
        <ele>39.9</ele>
      </trkpt>
      <trkpt lat="48.31912" lon="-1.45053">
        <ele>40</ele>
      </trkpt>
      <trkpt lat="48.31911" lon="-1.45046">
        <ele>40.3</ele>
      </trkpt>
      <trkpt lat="48.31909" lon="-1.45038">
        <ele>40.5</ele>
      </trkpt>
      <trkpt lat="48.31908" lon="-1.4503">
        <ele>40.7</ele>
      </trkpt>
      <trkpt lat="48.31907" lon="-1.45022">
        <ele>40.9</ele>
      </trkpt>
      <trkpt lat="48.31906" lon="-1.45014">
        <ele>41.1</ele>
      </trkpt>
      <trkpt lat="48.31904" lon="-1.45003">
        <ele>41.1</ele>
      </trkpt>
      <trkpt lat="48.31901" lon="-1.44991">
        <ele>41.2</ele>
      </trkpt>
      <trkpt lat="48.31899" lon="-1.4498">
        <ele>41.2</ele>
      </trkpt>
      <trkpt lat="48.31896" lon="-1.44968">
        <ele>40.9</ele>
      </trkpt>
      <trkpt lat="48.31894" lon="-1.44958">
        <ele>40.9</ele>
      </trkpt>
      <trkpt lat="48.31893" lon="-1.44949">
        <ele>41.2</ele>
      </trkpt>
      <trkpt lat="48.31891" lon="-1.44939">
        <ele>40.8</ele>
      </trkpt>
      <trkpt lat="48.31889" lon="-1.4493">
        <ele>40.1</ele>
      </trkpt>
      <trkpt lat="48.31887" lon="-1.4492">
        <ele>39.9</ele>
      </trkpt>
      <trkpt lat="48.31886" lon="-1.4491">
        <ele>40.1</ele>
      </trkpt>
      <trkpt lat="48.31884" lon="-1.44901">
        <ele>40.4</ele>
      </trkpt>
      <trkpt lat="48.31882" lon="-1.44891">
        <ele>40.7</ele>
      </trkpt>
      <trkpt lat="48.31876" lon="-1.44893">
        <ele>40.4</ele>
        <extensions>
          <visugpx:TrkExtension xmlns:visugpx="https://www.visugpx.com/editgpx/">
            <visugpx:node>31</visugpx:node>
            </visugpx:TrkExtension>
        </extensions>
      </trkpt>
      <trkpt lat="48.31869" lon="-1.44894">
        <ele>40.1</ele>
      </trkpt>
      <trkpt lat="48.31862" lon="-1.44894">
        <ele>39.8</ele>
        <extensions>
          <visugpx:TrkExtension xmlns:visugpx="https://www.visugpx.com/editgpx/">
            <visugpx:node>32</visugpx:node>
            </visugpx:TrkExtension>
        </extensions>
      </trkpt>
      <trkpt lat="48.31857" lon="-1.44895">
        <ele>40.6</ele>
      </trkpt>
      <trkpt lat="48.31852" lon="-1.44895">
        <ele>41.6</ele>
      </trkpt>
      <trkpt lat="48.31847" lon="-1.44896">
        <ele>42.5</ele>
      </trkpt>
      <trkpt lat="48.31842" lon="-1.44897">
        <ele>43.5</ele>
        <extensions>
          <visugpx:TrkExtension xmlns:visugpx="https://www.visugpx.com/editgpx/">
            <visugpx:node>33</visugpx:node>
            </visugpx:TrkExtension>
        </extensions>
      </trkpt>
      <trkpt lat="48.31836" lon="-1.449">
        <ele>44.8</ele>
      </trkpt>
      <trkpt lat="48.3183" lon="-1.44904">
        <ele>46.4</ele>
      </trkpt>
      <trkpt lat="48.31824" lon="-1.44908">
        <ele>48.3</ele>
      </trkpt>
      <trkpt lat="48.31819" lon="-1.44911">
        <ele>50</ele>
        <extensions>
          <visugpx:TrkExtension xmlns:visugpx="https://www.visugpx.com/editgpx/">
            <visugpx:node>34</visugpx:node>
            </visugpx:TrkExtension>
        </extensions>
      </trkpt>
      <trkpt lat="48.31812" lon="-1.44914">
        <ele>52.5</ele>
      </trkpt>
      <trkpt lat="48.31806" lon="-1.44918">
        <ele>54.9</ele>
      </trkpt>
      <trkpt lat="48.31799" lon="-1.44921">
        <ele>55.7</ele>
      </trkpt>
      <trkpt lat="48.31793" lon="-1.44924">
        <ele>56.5</ele>
      </trkpt>
      <trkpt lat="48.31787" lon="-1.44927">
        <ele>57.6</ele>
      </trkpt>
      <trkpt lat="48.3178" lon="-1.44931">
        <ele>59.2</ele>
      </trkpt>
      <trkpt lat="48.31774" lon="-1.44934">
        <ele>60.3</ele>
      </trkpt>
      <trkpt lat="48.31767" lon="-1.44937">
        <ele>61.3</ele>
        <extensions>
          <visugpx:TrkExtension xmlns:visugpx="https://www.visugpx.com/editgpx/">
            <visugpx:node>35</visugpx:node>
            </visugpx:TrkExtension>
        </extensions>
      </trkpt>
      <trkpt lat="48.3177" lon="-1.44943">
        <ele>62.3</ele>
      </trkpt>
      <trkpt lat="48.31772" lon="-1.44949">
        <ele>63</ele>
        <extensions>
          <visugpx:TrkExtension xmlns:visugpx="https://www.visugpx.com/editgpx/">
            <visugpx:node>36</visugpx:node>
            </visugpx:TrkExtension>
        </extensions>
      </trkpt>
      <trkpt lat="48.31773" lon="-1.44954">
        <ele>63.5</ele>
        <extensions>
          <visugpx:TrkExtension xmlns:visugpx="https://www.visugpx.com/editgpx/">
            <visugpx:node>37</visugpx:node>
            </visugpx:TrkExtension>
        </extensions>
      </trkpt>
      <trkpt lat="48.31775" lon="-1.44962">
        <ele>64.2</ele>
        <extensions>
          <visugpx:TrkExtension xmlns:visugpx="https://www.visugpx.com/editgpx/">
            <visugpx:node>38</visugpx:node>
            </visugpx:TrkExtension>
        </extensions>
      </trkpt>
      <trkpt lat="48.31778" lon="-1.44971">
        <ele>64.8</ele>
      </trkpt>
      <trkpt lat="48.31778" lon="-1.44983">
        <ele>65.7</ele>
      </trkpt>
      <trkpt lat="48.31779" lon="-1.44994">
        <ele>66.1</ele>
      </trkpt>
      <trkpt lat="48.31777" lon="-1.45003">
        <ele>67.3</ele>
      </trkpt>
      <trkpt lat="48.31776" lon="-1.45012">
        <ele>68.1</ele>
      </trkpt>
      <trkpt lat="48.31774" lon="-1.4502">
        <ele>69.1</ele>
      </trkpt>
      <trkpt lat="48.31772" lon="-1.45029">
        <ele>70</ele>
      </trkpt>
      <trkpt lat="48.31772" lon="-1.45036">
        <ele>70</ele>
      </trkpt>
      <trkpt lat="48.31772" lon="-1.45044">
        <ele>70</ele>
      </trkpt>
      <trkpt lat="48.31771" lon="-1.45056">
        <ele>70.3</ele>
      </trkpt>
      <trkpt lat="48.3177" lon="-1.45068">
        <ele>71.6</ele>
      </trkpt>
      <trkpt lat="48.31774" lon="-1.45073">
        <ele>71.5</ele>
      </trkpt>
      <trkpt lat="48.31778" lon="-1.45078">
        <ele>71.4</ele>
      </trkpt>
      <trkpt lat="48.31781" lon="-1.45085">
        <ele>71.4</ele>
      </trkpt>
      <trkpt lat="48.31785" lon="-1.45092">
        <ele>71.3</ele>
      </trkpt>
      <trkpt lat="48.31789" lon="-1.45102">
        <ele>71.6</ele>
      </trkpt>
      <trkpt lat="48.31793" lon="-1.45111">
        <ele>71.5</ele>
      </trkpt>
      <trkpt lat="48.31797" lon="-1.45121">
        <ele>71.4</ele>
      </trkpt>
      <trkpt lat="48.31801" lon="-1.45131">
        <ele>71.8</ele>
      </trkpt>
      <trkpt lat="48.31802" lon="-1.45141">
        <ele>73.1</ele>
      </trkpt>
      <trkpt lat="48.31804" lon="-1.4515">
        <ele>74.3</ele>
      </trkpt>
      <trkpt lat="48.31805" lon="-1.4516">
        <ele>75.9</ele>
      </trkpt>
      <trkpt lat="48.31807" lon="-1.4517">
        <ele>76.7</ele>
      </trkpt>
      <trkpt lat="48.31811" lon="-1.4518">
        <ele>76.1</ele>
      </trkpt>
      <trkpt lat="48.3181" lon="-1.45187">
        <ele>77.6</ele>
      </trkpt>
      <trkpt lat="48.3181" lon="-1.45194">
        <ele>78.7</ele>
      </trkpt>
      <trkpt lat="48.31811" lon="-1.45201">
        <ele>78.4</ele>
      </trkpt>
      <trkpt lat="48.31812" lon="-1.45209">
        <ele>78.2</ele>
      </trkpt>
      <trkpt lat="48.31813" lon="-1.45216">
        <ele>78.1</ele>
      </trkpt>
      <trkpt lat="48.31817" lon="-1.45228">
        <ele>77.5</ele>
      </trkpt>
      <trkpt lat="48.31821" lon="-1.45239">
        <ele>77.7</ele>
      </trkpt>
      <trkpt lat="48.31826" lon="-1.45249">
        <ele>78.2</ele>
      </trkpt>
      <trkpt lat="48.31829" lon="-1.4526">
        <ele>79.4</ele>
      </trkpt>
      <trkpt lat="48.31829" lon="-1.45267">
        <ele>80.5</ele>
      </trkpt>
      <trkpt lat="48.31835" lon="-1.45273">
        <ele>80.4</ele>
      </trkpt>
      <trkpt lat="48.3184" lon="-1.45278">
        <ele>79.1</ele>
      </trkpt>
      <trkpt lat="48.31846" lon="-1.45283">
        <ele>77</ele>
      </trkpt>
      <trkpt lat="48.31851" lon="-1.45288">
        <ele>75.5</ele>
      </trkpt>
      <trkpt lat="48.31856" lon="-1.45293">
        <ele>74.4</ele>
      </trkpt>
      <trkpt lat="48.31862" lon="-1.45298">
        <ele>73.2</ele>
      </trkpt>
      <trkpt lat="48.31867" lon="-1.45303">
        <ele>72.1</ele>
      </trkpt>
      <trkpt lat="48.31872" lon="-1.45308">
        <ele>70.5</ele>
      </trkpt>
      <trkpt lat="48.31876" lon="-1.45314">
        <ele>68.7</ele>
      </trkpt>
      <trkpt lat="48.31881" lon="-1.4532">
        <ele>66.9</ele>
      </trkpt>
      <trkpt lat="48.31881" lon="-1.45323">
        <ele>66.9</ele>
      </trkpt>
      <trkpt lat="48.31887" lon="-1.45329">
        <ele>65.3</ele>
      </trkpt>
      <trkpt lat="48.31885" lon="-1.45341">
        <ele>65</ele>
      </trkpt>
      <trkpt lat="48.31885" lon="-1.45344">
        <ele>64.6</ele>
      </trkpt>
      <trkpt lat="48.31886" lon="-1.45352">
        <ele>63.5</ele>
      </trkpt>
      <trkpt lat="48.31888" lon="-1.45361">
        <ele>62.2</ele>
      </trkpt>
      <trkpt lat="48.31893" lon="-1.45369">
        <ele>63</ele>
      </trkpt>
      <trkpt lat="48.319" lon="-1.45376">
        <ele>63.7</ele>
      </trkpt>
      <trkpt lat="48.31907" lon="-1.45378">
        <ele>63.5</ele>
      </trkpt>
      <trkpt lat="48.31909" lon="-1.45381">
        <ele>63.9</ele>
        <extensions>
          <visugpx:TrkExtension xmlns:visugpx="https://www.visugpx.com/editgpx/">
            <visugpx:node>39</visugpx:node>
            </visugpx:TrkExtension>
        </extensions>
      </trkpt>
      <trkpt lat="48.31913" lon="-1.45388">
        <ele>65.1</ele>
      </trkpt>
      <trkpt lat="48.31916" lon="-1.45394">
        <ele>65.3</ele>
      </trkpt>
      <trkpt lat="48.31914" lon="-1.45401">
        <ele>65.8</ele>
      </trkpt>
      <trkpt lat="48.31912" lon="-1.45407">
        <ele>66.5</ele>
      </trkpt>
      <trkpt lat="48.31909" lon="-1.45415">
        <ele>67.8</ele>
      </trkpt>
      <trkpt lat="48.31902" lon="-1.45422">
        <ele>70</ele>
      </trkpt>
      <trkpt lat="48.31903" lon="-1.45432">
        <ele>70.3</ele>
      </trkpt>
      <trkpt lat="48.31903" lon="-1.45441">
        <ele>70.8</ele>
      </trkpt>
      <trkpt lat="48.31902" lon="-1.45448">
        <ele>71.4</ele>
      </trkpt>
      <trkpt lat="48.31901" lon="-1.45456">
        <ele>72.2</ele>
      </trkpt>
      <trkpt lat="48.31904" lon="-1.45465">
        <ele>71.7</ele>
      </trkpt>
      <trkpt lat="48.31906" lon="-1.45474">
        <ele>71.5</ele>
      </trkpt>
      <trkpt lat="48.31906" lon="-1.45482">
        <ele>71.8</ele>
      </trkpt>
      <trkpt lat="48.31906" lon="-1.4549">
        <ele>72.1</ele>
      </trkpt>
      <trkpt lat="48.31907" lon="-1.455">
        <ele>72.1</ele>
      </trkpt>
      <trkpt lat="48.31909" lon="-1.4551">
        <ele>71</ele>
      </trkpt>
      <trkpt lat="48.31904" lon="-1.4552">
        <ele>72.3</ele>
      </trkpt>
      <trkpt lat="48.319" lon="-1.45529">
        <ele>73.6</ele>
      </trkpt>
      <trkpt lat="48.31897" lon="-1.45538">
        <ele>74.7</ele>
      </trkpt>
      <trkpt lat="48.31894" lon="-1.45548">
        <ele>75.8</ele>
      </trkpt>
      <trkpt lat="48.31893" lon="-1.45557">
        <ele>76.2</ele>
      </trkpt>
      <trkpt lat="48.31893" lon="-1.45567">
        <ele>76.2</ele>
      </trkpt>
      <trkpt lat="48.31894" lon="-1.45574">
        <ele>75.8</ele>
      </trkpt>
      <trkpt lat="48.31895" lon="-1.45582">
        <ele>75.4</ele>
      </trkpt>
      <trkpt lat="48.31895" lon="-1.45589">
        <ele>75.2</ele>
      </trkpt>
      <trkpt lat="48.31896" lon="-1.45596">
        <ele>74.6</ele>
      </trkpt>
      <trkpt lat="48.31895" lon="-1.45605">
        <ele>74.8</ele>
      </trkpt>
      <trkpt lat="48.31899" lon="-1.45616">
        <ele>72.9</ele>
      </trkpt>
      <trkpt lat="48.31903" lon="-1.45628">
        <ele>71.4</ele>
      </trkpt>
      <trkpt lat="48.31906" lon="-1.45636">
        <ele>70.4</ele>
      </trkpt>
      <trkpt lat="48.31909" lon="-1.45644">
        <ele>69.7</ele>
      </trkpt>
      <trkpt lat="48.31914" lon="-1.45651">
        <ele>68.6</ele>
      </trkpt>
      <trkpt lat="48.31916" lon="-1.4566">
        <ele>68.7</ele>
      </trkpt>
      <trkpt lat="48.31918" lon="-1.45668">
        <ele>68.4</ele>
      </trkpt>
      <trkpt lat="48.3192" lon="-1.4568">
        <ele>67.9</ele>
      </trkpt>
      <trkpt lat="48.31923" lon="-1.45691">
        <ele>66.7</ele>
      </trkpt>
      <trkpt lat="48.31921" lon="-1.45698">
        <ele>67.9</ele>
      </trkpt>
      <trkpt lat="48.31919" lon="-1.45705">
        <ele>68.9</ele>
      </trkpt>
      <trkpt lat="48.3192" lon="-1.45712">
        <ele>68.5</ele>
      </trkpt>
      <trkpt lat="48.31921" lon="-1.4572">
        <ele>68.1</ele>
      </trkpt>
      <trkpt lat="48.31924" lon="-1.45732">
        <ele>66.8</ele>
      </trkpt>
      <trkpt lat="48.31927" lon="-1.45744">
        <ele>65.6</ele>
      </trkpt>
      <trkpt lat="48.3193" lon="-1.45755">
        <ele>64.1</ele>
      </trkpt>
      <trkpt lat="48.3193" lon="-1.45763">
        <ele>63.2</ele>
      </trkpt>
      <trkpt lat="48.31928" lon="-1.45772">
        <ele>62.7</ele>
      </trkpt>
      <trkpt lat="48.31926" lon="-1.45781">
        <ele>61.5</ele>
      </trkpt>
      <trkpt lat="48.31924" lon="-1.45788">
        <ele>60.2</ele>
      </trkpt>
      <trkpt lat="48.31921" lon="-1.45795">
        <ele>59</ele>
      </trkpt>
      <trkpt lat="48.31914" lon="-1.45796">
        <ele>59.8</ele>
      </trkpt>
      <trkpt lat="48.31906" lon="-1.45796">
        <ele>61.1</ele>
      </trkpt>
      <trkpt lat="48.31902" lon="-1.45793">
        <ele>62.3</ele>
      </trkpt>
      <trkpt lat="48.31895" lon="-1.45796">
        <ele>62.8</ele>
      </trkpt>
      <trkpt lat="48.31888" lon="-1.45799">
        <ele>63.4</ele>
      </trkpt>
      <trkpt lat="48.31887" lon="-1.45806">
        <ele>62.4</ele>
      </trkpt>
      <trkpt lat="48.31887" lon="-1.45815">
        <ele>61.4</ele>
        <extensions>
          <visugpx:TrkExtension xmlns:visugpx="https://www.visugpx.com/editgpx/">
            <visugpx:node>40</visugpx:node>
            </visugpx:TrkExtension>
        </extensions>
      </trkpt>
      <trkpt lat="48.31887" lon="-1.45821">
        <ele>60.7</ele>
      </trkpt>
      <trkpt lat="48.31888" lon="-1.45832">
        <ele>59.3</ele>
      </trkpt>
      <trkpt lat="48.31889" lon="-1.45843">
        <ele>59</ele>
      </trkpt>
      <trkpt lat="48.31894" lon="-1.45851">
        <ele>58.4</ele>
      </trkpt>
      <trkpt lat="48.31897" lon="-1.45858">
        <ele>58.1</ele>
      </trkpt>
      <trkpt lat="48.31899" lon="-1.45866">
        <ele>59</ele>
      </trkpt>
      <trkpt lat="48.31903" lon="-1.45872">
        <ele>60</ele>
      </trkpt>
      <trkpt lat="48.31907" lon="-1.45877">
        <ele>60.8</ele>
      </trkpt>
      <trkpt lat="48.31911" lon="-1.45883">
        <ele>62</ele>
      </trkpt>
      <trkpt lat="48.31915" lon="-1.45889">
        <ele>63.2</ele>
      </trkpt>
      <trkpt lat="48.3192" lon="-1.45893">
        <ele>63.6</ele>
      </trkpt>
      <trkpt lat="48.31925" lon="-1.45897">
        <ele>63.8</ele>
      </trkpt>
      <trkpt lat="48.31929" lon="-1.45901">
        <ele>63.9</ele>
      </trkpt>
      <trkpt lat="48.31934" lon="-1.45905">
        <ele>63.7</ele>
      </trkpt>
      <trkpt lat="48.31937" lon="-1.45916">
        <ele>65</ele>
      </trkpt>
      <trkpt lat="48.31939" lon="-1.45928">
        <ele>66.8</ele>
      </trkpt>
      <trkpt lat="48.31942" lon="-1.45936">
        <ele>67.7</ele>
      </trkpt>
      <trkpt lat="48.31945" lon="-1.45944">
        <ele>68.6</ele>
      </trkpt>
      <trkpt lat="48.31948" lon="-1.45952">
        <ele>68.2</ele>
      </trkpt>
      <trkpt lat="48.31951" lon="-1.45961">
        <ele>68</ele>
      </trkpt>
      <trkpt lat="48.31952" lon="-1.45972">
        <ele>69.2</ele>
      </trkpt>
      <trkpt lat="48.31952" lon="-1.45983">
        <ele>69.7</ele>
      </trkpt>
      <trkpt lat="48.31953" lon="-1.45994">
        <ele>69.7</ele>
      </trkpt>
      <trkpt lat="48.31954" lon="-1.46005">
        <ele>69.8</ele>
      </trkpt>
      <trkpt lat="48.31956" lon="-1.46013">
        <ele>69.4</ele>
      </trkpt>
      <trkpt lat="48.31958" lon="-1.46021">
        <ele>69.1</ele>
      </trkpt>
      <trkpt lat="48.31959" lon="-1.46029">
        <ele>69.3</ele>
      </trkpt>
      <trkpt lat="48.31961" lon="-1.46036">
        <ele>68.6</ele>
      </trkpt>
      <trkpt lat="48.31961" lon="-1.46045">
        <ele>68.7</ele>
      </trkpt>
      <trkpt lat="48.31962" lon="-1.46054">
        <ele>68.4</ele>
      </trkpt>
      <trkpt lat="48.31962" lon="-1.46063">
        <ele>68.6</ele>
      </trkpt>
      <trkpt lat="48.31963" lon="-1.46072">
        <ele>68.4</ele>
      </trkpt>
      <trkpt lat="48.31967" lon="-1.46082">
        <ele>67.4</ele>
      </trkpt>
      <trkpt lat="48.31969" lon="-1.46089">
        <ele>67.2</ele>
      </trkpt>
      <trkpt lat="48.31971" lon="-1.46096">
        <ele>67.2</ele>
      </trkpt>
      <trkpt lat="48.31973" lon="-1.46106">
        <ele>67.1</ele>
      </trkpt>
      <trkpt lat="48.31975" lon="-1.46116">
        <ele>65.8</ele>
      </trkpt>
      <trkpt lat="48.31977" lon="-1.46128">
        <ele>63.8</ele>
      </trkpt>
      <trkpt lat="48.31979" lon="-1.4614">
        <ele>62</ele>
      </trkpt>
      <trkpt lat="48.31977" lon="-1.4615">
        <ele>62.5</ele>
      </trkpt>
      <trkpt lat="48.31976" lon="-1.4616">
        <ele>62.2</ele>
      </trkpt>
      <trkpt lat="48.31974" lon="-1.46166">
        <ele>62.4</ele>
      </trkpt>
      <trkpt lat="48.31972" lon="-1.46173">
        <ele>60.5</ele>
      </trkpt>
      <trkpt lat="48.31971" lon="-1.4618">
        <ele>57.9</ele>
      </trkpt>
      <trkpt lat="48.31969" lon="-1.46187">
        <ele>55.3</ele>
      </trkpt>
      <trkpt lat="48.31966" lon="-1.46197">
        <ele>52.6</ele>
      </trkpt>
      <trkpt lat="48.31961" lon="-1.46204">
        <ele>52.6</ele>
      </trkpt>
      <trkpt lat="48.31955" lon="-1.46211">
        <ele>52.7</ele>
      </trkpt>
      <trkpt lat="48.31957" lon="-1.46217">
        <ele>51.8</ele>
      </trkpt>
      <trkpt lat="48.3196" lon="-1.46224">
        <ele>51.3</ele>
      </trkpt>
      <trkpt lat="48.31962" lon="-1.46232">
        <ele>53.2</ele>
      </trkpt>
      <trkpt lat="48.31965" lon="-1.4624">
        <ele>54.9</ele>
      </trkpt>
      <trkpt lat="48.31968" lon="-1.46249">
        <ele>56.6</ele>
      </trkpt>
      <trkpt lat="48.31972" lon="-1.46259">
        <ele>59.3</ele>
      </trkpt>
      <trkpt lat="48.31977" lon="-1.46263">
        <ele>60</ele>
      </trkpt>
      <trkpt lat="48.31981" lon="-1.46266">
        <ele>60.5</ele>
      </trkpt>
      <trkpt lat="48.31985" lon="-1.4627">
        <ele>61.4</ele>
      </trkpt>
      <trkpt lat="48.31989" lon="-1.46273">
        <ele>61.9</ele>
      </trkpt>
      <trkpt lat="48.31994" lon="-1.46278">
        <ele>62.9</ele>
      </trkpt>
      <trkpt lat="48.31999" lon="-1.46282">
        <ele>62.7</ele>
      </trkpt>
      <trkpt lat="48.32002" lon="-1.46287">
        <ele>62.1</ele>
      </trkpt>
      <trkpt lat="48.32006" lon="-1.46293">
        <ele>60.4</ele>
      </trkpt>
      <trkpt lat="48.32008" lon="-1.46299">
        <ele>59.9</ele>
      </trkpt>
      <trkpt lat="48.32011" lon="-1.46304">
        <ele>58.7</ele>
      </trkpt>
      <trkpt lat="48.32009" lon="-1.46313">
        <ele>60.8</ele>
      </trkpt>
      <trkpt lat="48.32008" lon="-1.46321">
        <ele>62.1</ele>
      </trkpt>
      <trkpt lat="48.32006" lon="-1.46332">
        <ele>64.2</ele>
      </trkpt>
      <trkpt lat="48.32004" lon="-1.46342">
        <ele>65.6</ele>
      </trkpt>
      <trkpt lat="48.32002" lon="-1.46353">
        <ele>66.8</ele>
      </trkpt>
      <trkpt lat="48.32001" lon="-1.46364">
        <ele>67.7</ele>
      </trkpt>
      <trkpt lat="48.32002" lon="-1.46373">
        <ele>68.1</ele>
      </trkpt>
      <trkpt lat="48.32004" lon="-1.46382">
        <ele>67.7</ele>
      </trkpt>
      <trkpt lat="48.32005" lon="-1.46391">
        <ele>67.9</ele>
      </trkpt>
      <trkpt lat="48.32007" lon="-1.464">
        <ele>67.3</ele>
        <extensions>
          <visugpx:TrkExtension xmlns:visugpx="https://www.visugpx.com/editgpx/">
            <visugpx:node>41</visugpx:node>
            </visugpx:TrkExtension>
        </extensions>
      </trkpt>
      <trkpt lat="48.32009" lon="-1.46411">
        <ele>67</ele>
      </trkpt>
      <trkpt lat="48.32012" lon="-1.46422">
        <ele>66.3</ele>
      </trkpt>
      <trkpt lat="48.32015" lon="-1.46432">
        <ele>66</ele>
      </trkpt>
      <trkpt lat="48.32016" lon="-1.46441">
        <ele>66.6</ele>
      </trkpt>
      <trkpt lat="48.32017" lon="-1.4645">
        <ele>67.2</ele>
      </trkpt>
      <trkpt lat="48.32018" lon="-1.46458">
        <ele>67.6</ele>
      </trkpt>
      <trkpt lat="48.32019" lon="-1.46467">
        <ele>68.1</ele>
      </trkpt>
      <trkpt lat="48.32016" lon="-1.46459">
        <ele>68.2</ele>
      </trkpt>
      <trkpt lat="48.32011" lon="-1.46454">
        <ele>69.1</ele>
      </trkpt>
      <trkpt lat="48.32007" lon="-1.46452">
        <ele>70</ele>
      </trkpt>
      <trkpt lat="48.32001" lon="-1.46452">
        <ele>71.6</ele>
      </trkpt>
      <trkpt lat="48.31994" lon="-1.46454">
        <ele>72.4</ele>
      </trkpt>
      <trkpt lat="48.3199" lon="-1.46456">
        <ele>72.7</ele>
      </trkpt>
      <trkpt lat="48.31985" lon="-1.46457">
        <ele>73</ele>
      </trkpt>
      <trkpt lat="48.31979" lon="-1.46461">
        <ele>73.3</ele>
      </trkpt>
      <trkpt lat="48.31973" lon="-1.46464">
        <ele>73.3</ele>
      </trkpt>
      <trkpt lat="48.31965" lon="-1.46469">
        <ele>73.9</ele>
      </trkpt>
      <trkpt lat="48.31961" lon="-1.46472">
        <ele>74.2</ele>
      </trkpt>
      <trkpt lat="48.31956" lon="-1.46474">
        <ele>74.9</ele>
      </trkpt>
      <trkpt lat="48.31949" lon="-1.46479">
        <ele>75.8</ele>
      </trkpt>
      <trkpt lat="48.31942" lon="-1.46484">
        <ele>76.6</ele>
      </trkpt>
      <trkpt lat="48.31937" lon="-1.46485">
        <ele>77</ele>
      </trkpt>
      <trkpt lat="48.31932" lon="-1.46487">
        <ele>77.4</ele>
      </trkpt>
      <trkpt lat="48.31924" lon="-1.46488">
        <ele>77.9</ele>
      </trkpt>
      <trkpt lat="48.31917" lon="-1.46489">
        <ele>78.4</ele>
      </trkpt>
      <trkpt lat="48.31911" lon="-1.46489">
        <ele>78.7</ele>
      </trkpt>
      <trkpt lat="48.31906" lon="-1.46489">
        <ele>79</ele>
      </trkpt>
      <trkpt lat="48.31901" lon="-1.46489">
        <ele>79.3</ele>
      </trkpt>
      <trkpt lat="48.31895" lon="-1.46489">
        <ele>79.6</ele>
      </trkpt>
      <trkpt lat="48.3189" lon="-1.46489">
        <ele>79.9</ele>
      </trkpt>
      <trkpt lat="48.31884" lon="-1.46489">
        <ele>80.2</ele>
      </trkpt>
      <trkpt lat="48.31879" lon="-1.46489">
        <ele>80.4</ele>
      </trkpt>
      <trkpt lat="48.31874" lon="-1.46489">
        <ele>80.5</ele>
        <extensions>
          <visugpx:TrkExtension xmlns:visugpx="https://www.visugpx.com/editgpx/">
            <visugpx:node>42</visugpx:node>
            </visugpx:TrkExtension>
        </extensions>
      </trkpt>
      <trkpt lat="48.31869" lon="-1.4649">
        <ele>80.7</ele>
      </trkpt>
      <trkpt lat="48.31864" lon="-1.4649">
        <ele>80.9</ele>
      </trkpt>
      <trkpt lat="48.31859" lon="-1.4649">
        <ele>81.2</ele>
      </trkpt>
      <trkpt lat="48.31854" lon="-1.4649">
        <ele>81.5</ele>
      </trkpt>
      <trkpt lat="48.31849" lon="-1.4649">
        <ele>81.9</ele>
      </trkpt>
      <trkpt lat="48.31844" lon="-1.4649">
        <ele>82.2</ele>
      </trkpt>
      <trkpt lat="48.31839" lon="-1.4649">
        <ele>82.6</ele>
      </trkpt>
      <trkpt lat="48.31834" lon="-1.4649">
        <ele>83</ele>
      </trkpt>
      <trkpt lat="48.3183" lon="-1.46492">
        <ele>83.1</ele>
      </trkpt>
      <trkpt lat="48.31825" lon="-1.46495">
        <ele>83.3</ele>
      </trkpt>
      <trkpt lat="48.31821" lon="-1.46497">
        <ele>83.4</ele>
      </trkpt>
      <trkpt lat="48.31816" lon="-1.46499">
        <ele>83.6</ele>
      </trkpt>
      <trkpt lat="48.31812" lon="-1.46502">
        <ele>83.8</ele>
      </trkpt>
      <trkpt lat="48.31807" lon="-1.46504">
        <ele>83.9</ele>
      </trkpt>
      <trkpt lat="48.31803" lon="-1.46506">
        <ele>84.1</ele>
      </trkpt>
      <trkpt lat="48.31798" lon="-1.46508">
        <ele>84.2</ele>
      </trkpt>
      <trkpt lat="48.31794" lon="-1.46511">
        <ele>84.3</ele>
      </trkpt>
      <trkpt lat="48.31789" lon="-1.46513">
        <ele>84.3</ele>
      </trkpt>
      <trkpt lat="48.31785" lon="-1.46515">
        <ele>84.3</ele>
      </trkpt>
      <trkpt lat="48.31781" lon="-1.46518">
        <ele>84.3</ele>
      </trkpt>
      <trkpt lat="48.31776" lon="-1.4652">
        <ele>84.3</ele>
      </trkpt>
      <trkpt lat="48.31772" lon="-1.46522">
        <ele>84.2</ele>
      </trkpt>
      <trkpt lat="48.31767" lon="-1.46524">
        <ele>84.1</ele>
      </trkpt>
      <trkpt lat="48.31763" lon="-1.46527">
        <ele>84</ele>
      </trkpt>
      <trkpt lat="48.31758" lon="-1.46528">
        <ele>84</ele>
      </trkpt>
      <trkpt lat="48.31753" lon="-1.46529">
        <ele>84</ele>
      </trkpt>
      <trkpt lat="48.31749" lon="-1.4653">
        <ele>84.1</ele>
      </trkpt>
      <trkpt lat="48.31744" lon="-1.46531">
        <ele>84.1</ele>
      </trkpt>
      <trkpt lat="48.31739" lon="-1.46533">
        <ele>84.2</ele>
      </trkpt>
      <trkpt lat="48.31734" lon="-1.46534">
        <ele>84.2</ele>
      </trkpt>
      <trkpt lat="48.3173" lon="-1.46535">
        <ele>84.3</ele>
      </trkpt>
      <trkpt lat="48.31725" lon="-1.46536">
        <ele>84.3</ele>
      </trkpt>
      <trkpt lat="48.31721" lon="-1.46537">
        <ele>84.4</ele>
      </trkpt>
      <trkpt lat="48.31716" lon="-1.46538">
        <ele>84.5</ele>
      </trkpt>
      <trkpt lat="48.31708" lon="-1.4654">
        <ele>84.7</ele>
      </trkpt>
      <trkpt lat="48.31704" lon="-1.46541">
        <ele>84.8</ele>
      </trkpt>
      <trkpt lat="48.31699" lon="-1.46542">
        <ele>84.9</ele>
      </trkpt>
      <trkpt lat="48.31691" lon="-1.46544">
        <ele>85.1</ele>
      </trkpt>
      <trkpt lat="48.31685" lon="-1.46547">
        <ele>85.3</ele>
      </trkpt>
      <trkpt lat="48.3168" lon="-1.4655">
        <ele>85.5</ele>
      </trkpt>
      <trkpt lat="48.31674" lon="-1.46552">
        <ele>85.7</ele>
      </trkpt>
      <trkpt lat="48.31669" lon="-1.46555">
        <ele>85.9</ele>
      </trkpt>
      <trkpt lat="48.31663" lon="-1.46558">
        <ele>86.1</ele>
      </trkpt>
      <trkpt lat="48.31658" lon="-1.46561">
        <ele>86.3</ele>
      </trkpt>
      <trkpt lat="48.31652" lon="-1.46563">
        <ele>86.5</ele>
      </trkpt>
      <trkpt lat="48.31646" lon="-1.46566">
        <ele>86.7</ele>
      </trkpt>
      <trkpt lat="48.31641" lon="-1.46569">
        <ele>86.9</ele>
      </trkpt>
      <trkpt lat="48.31635" lon="-1.46572">
        <ele>87.1</ele>
      </trkpt>
      <trkpt lat="48.3163" lon="-1.46574">
        <ele>87.1</ele>
      </trkpt>
      <trkpt lat="48.31624" lon="-1.46577">
        <ele>87.1</ele>
      </trkpt>
      <trkpt lat="48.31619" lon="-1.4658">
        <ele>87.1</ele>
      </trkpt>
      <trkpt lat="48.31613" lon="-1.46583">
        <ele>87</ele>
      </trkpt>
      <trkpt lat="48.31608" lon="-1.46585">
        <ele>87.2</ele>
      </trkpt>
      <trkpt lat="48.31602" lon="-1.46588">
        <ele>87.4</ele>
      </trkpt>
      <trkpt lat="48.31597" lon="-1.46584">
        <ele>87.5</ele>
      </trkpt>
      <trkpt lat="48.31591" lon="-1.46581">
        <ele>87.8</ele>
      </trkpt>
      <trkpt lat="48.31586" lon="-1.46577">
        <ele>88.1</ele>
      </trkpt>
      <trkpt lat="48.31581" lon="-1.46573">
        <ele>88.4</ele>
      </trkpt>
      <trkpt lat="48.31575" lon="-1.4657">
        <ele>88.6</ele>
      </trkpt>
      <trkpt lat="48.3157" lon="-1.46566">
        <ele>88.8</ele>
      </trkpt>
      <trkpt lat="48.31564" lon="-1.46562">
        <ele>88.9</ele>
      </trkpt>
      <trkpt lat="48.31559" lon="-1.46558">
        <ele>89</ele>
      </trkpt>
      <trkpt lat="48.31554" lon="-1.46555">
        <ele>89</ele>
      </trkpt>
      <trkpt lat="48.31548" lon="-1.46551">
        <ele>89</ele>
      </trkpt>
      <trkpt lat="48.31543" lon="-1.46547">
        <ele>89</ele>
      </trkpt>
      <trkpt lat="48.31538" lon="-1.46544">
        <ele>89</ele>
      </trkpt>
      <trkpt lat="48.31532" lon="-1.4654">
        <ele>89</ele>
      </trkpt>
      <trkpt lat="48.31527" lon="-1.46536">
        <ele>89</ele>
      </trkpt>
      <trkpt lat="48.31522" lon="-1.46532">
        <ele>89</ele>
      </trkpt>
      <trkpt lat="48.31516" lon="-1.46529">
        <ele>89</ele>
      </trkpt>
      <trkpt lat="48.31508" lon="-1.46524">
        <ele>89.1</ele>
      </trkpt>
      <trkpt lat="48.31501" lon="-1.46519">
        <ele>89.3</ele>
      </trkpt>
      <trkpt lat="48.31493" lon="-1.46514">
        <ele>89.4</ele>
      </trkpt>
      <trkpt lat="48.31485" lon="-1.46509">
        <ele>89.3</ele>
      </trkpt>
      <trkpt lat="48.31477" lon="-1.46506">
        <ele>89.1</ele>
      </trkpt>
      <trkpt lat="48.3147" lon="-1.46504">
        <ele>89</ele>
      </trkpt>
      <trkpt lat="48.31463" lon="-1.46501">
        <ele>89</ele>
      </trkpt>
      <trkpt lat="48.31455" lon="-1.46498">
        <ele>89</ele>
        <extensions>
          <visugpx:TrkExtension xmlns:visugpx="https://www.visugpx.com/editgpx/">
            <visugpx:node>43</visugpx:node>
            </visugpx:TrkExtension>
        </extensions>
      </trkpt>
      <trkpt lat="48.3145" lon="-1.46496">
        <ele>89</ele>
      </trkpt>
      <trkpt lat="48.31446" lon="-1.46494">
        <ele>89</ele>
      </trkpt>
      <trkpt lat="48.31441" lon="-1.46492">
        <ele>89</ele>
      </trkpt>
      <trkpt lat="48.31436" lon="-1.46491">
        <ele>89.1</ele>
      </trkpt>
      <trkpt lat="48.31437" lon="-1.46478">
        <ele>89.2</ele>
      </trkpt>
      <trkpt lat="48.31438" lon="-1.46465">
        <ele>89.4</ele>
      </trkpt>
      <trkpt lat="48.31439" lon="-1.46453">
        <ele>89.5</ele>
      </trkpt>
      <trkpt lat="48.3144" lon="-1.4644">
        <ele>89.5</ele>
      </trkpt>
      <trkpt lat="48.31441" lon="-1.46427">
        <ele>89.4</ele>
      </trkpt>
      <trkpt lat="48.31442" lon="-1.46415">
        <ele>89.3</ele>
      </trkpt>
      <trkpt lat="48.31443" lon="-1.46402">
        <ele>89.2</ele>
      </trkpt>
      <trkpt lat="48.31444" lon="-1.46389">
        <ele>89</ele>
      </trkpt>
      <trkpt lat="48.31445" lon="-1.46377">
        <ele>89</ele>
      </trkpt>
      <trkpt lat="48.31446" lon="-1.46364">
        <ele>89</ele>
      </trkpt>
      <trkpt lat="48.31447" lon="-1.46351">
        <ele>89</ele>
      </trkpt>
      <trkpt lat="48.31448" lon="-1.46339">
        <ele>89</ele>
      </trkpt>
      <trkpt lat="48.31449" lon="-1.46326">
        <ele>88.7</ele>
      </trkpt>
      <trkpt lat="48.3145" lon="-1.46313">
        <ele>88.3</ele>
      </trkpt>
      <trkpt lat="48.31451" lon="-1.46301">
        <ele>87.8</ele>
      </trkpt>
      <trkpt lat="48.31452" lon="-1.46288">
        <ele>87.4</ele>
      </trkpt>
      <trkpt lat="48.31452" lon="-1.46277">
        <ele>87</ele>
      </trkpt>
      <trkpt lat="48.31452" lon="-1.46267">
        <ele>86.6</ele>
      </trkpt>
      <trkpt lat="48.31452" lon="-1.46256">
        <ele>86.2</ele>
      </trkpt>
      <trkpt lat="48.31452" lon="-1.46246">
        <ele>85.9</ele>
      </trkpt>
      <trkpt lat="48.31452" lon="-1.46235">
        <ele>85.5</ele>
      </trkpt>
      <trkpt lat="48.31452" lon="-1.46225">
        <ele>85.1</ele>
      </trkpt>
      <trkpt lat="48.31453" lon="-1.46215">
        <ele>84.7</ele>
      </trkpt>
      <trkpt lat="48.31453" lon="-1.46204">
        <ele>84.3</ele>
      </trkpt>
      <trkpt lat="48.31453" lon="-1.46194">
        <ele>84</ele>
      </trkpt>
      <trkpt lat="48.31453" lon="-1.46183">
        <ele>83.6</ele>
      </trkpt>
      <trkpt lat="48.31453" lon="-1.46173">
        <ele>83.2</ele>
      </trkpt>
      <trkpt lat="48.31453" lon="-1.46162">
        <ele>82.8</ele>
      </trkpt>
      <trkpt lat="48.31453" lon="-1.46152">
        <ele>82.5</ele>
      </trkpt>
      <trkpt lat="48.31453" lon="-1.46141">
        <ele>82.1</ele>
      </trkpt>
      <trkpt lat="48.31453" lon="-1.46131">
        <ele>81.9</ele>
      </trkpt>
      <trkpt lat="48.31454" lon="-1.4612">
        <ele>81.8</ele>
      </trkpt>
      <trkpt lat="48.31453" lon="-1.46108">
        <ele>81.6</ele>
      </trkpt>
      <trkpt lat="48.31453" lon="-1.46095">
        <ele>81.1</ele>
      </trkpt>
      <trkpt lat="48.31452" lon="-1.46082">
        <ele>80.7</ele>
      </trkpt>
      <trkpt lat="48.31452" lon="-1.4607">
        <ele>80.4</ele>
      </trkpt>
      <trkpt lat="48.31451" lon="-1.46057">
        <ele>80</ele>
      </trkpt>
      <trkpt lat="48.3145" lon="-1.46044">
        <ele>79.9</ele>
      </trkpt>
      <trkpt lat="48.3145" lon="-1.46032">
        <ele>79.8</ele>
      </trkpt>
      <trkpt lat="48.31449" lon="-1.46019">
        <ele>79.8</ele>
      </trkpt>
      <trkpt lat="48.3145" lon="-1.46012">
        <ele>79.8</ele>
      </trkpt>
      <trkpt lat="48.31451" lon="-1.46005">
        <ele>79.8</ele>
      </trkpt>
      <trkpt lat="48.31452" lon="-1.45998">
        <ele>79.7</ele>
      </trkpt>
      <trkpt lat="48.31453" lon="-1.45991">
        <ele>79.7</ele>
      </trkpt>
      <trkpt lat="48.31453" lon="-1.45983">
        <ele>79.7</ele>
      </trkpt>
      <trkpt lat="48.31453" lon="-1.45975">
        <ele>79.7</ele>
      </trkpt>
      <trkpt lat="48.31452" lon="-1.45967">
        <ele>79.7</ele>
      </trkpt>
      <trkpt lat="48.31452" lon="-1.45959">
        <ele>79.7</ele>
      </trkpt>
      <trkpt lat="48.31452" lon="-1.45951">
        <ele>79.7</ele>
      </trkpt>
      <trkpt lat="48.31452" lon="-1.45943">
        <ele>79.7</ele>
      </trkpt>
      <trkpt lat="48.31452" lon="-1.45935">
        <ele>79.7</ele>
      </trkpt>
      <trkpt lat="48.31452" lon="-1.45927">
        <ele>79.7</ele>
      </trkpt>
      <trkpt lat="48.31452" lon="-1.45919">
        <ele>79.7</ele>
      </trkpt>
      <trkpt lat="48.31452" lon="-1.45911">
        <ele>79.8</ele>
      </trkpt>
      <trkpt lat="48.31452" lon="-1.45903">
        <ele>79.9</ele>
      </trkpt>
      <trkpt lat="48.31452" lon="-1.45895">
        <ele>79.9</ele>
      </trkpt>
      <trkpt lat="48.31452" lon="-1.45887">
        <ele>80</ele>
      </trkpt>
      <trkpt lat="48.31452" lon="-1.45879">
        <ele>80</ele>
      </trkpt>
      <trkpt lat="48.31452" lon="-1.45871">
        <ele>80</ele>
      </trkpt>
      <trkpt lat="48.31452" lon="-1.45863">
        <ele>80</ele>
      </trkpt>
      <trkpt lat="48.31452" lon="-1.45855">
        <ele>80.2</ele>
      </trkpt>
      <trkpt lat="48.31452" lon="-1.45847">
        <ele>80.4</ele>
      </trkpt>
      <trkpt lat="48.31453" lon="-1.45838">
        <ele>80.6</ele>
      </trkpt>
      <trkpt lat="48.31453" lon="-1.4583">
        <ele>80.7</ele>
      </trkpt>
      <trkpt lat="48.31453" lon="-1.45822">
        <ele>80.8</ele>
      </trkpt>
      <trkpt lat="48.31454" lon="-1.45813">
        <ele>80.9</ele>
      </trkpt>
      <trkpt lat="48.31454" lon="-1.45805">
        <ele>81</ele>
      </trkpt>
      <trkpt lat="48.31454" lon="-1.45797">
        <ele>81.3</ele>
      </trkpt>
      <trkpt lat="48.31455" lon="-1.45787">
        <ele>81.7</ele>
      </trkpt>
      <trkpt lat="48.31455" lon="-1.45777">
        <ele>82</ele>
      </trkpt>
      <trkpt lat="48.31456" lon="-1.45767">
        <ele>82</ele>
      </trkpt>
      <trkpt lat="48.31456" lon="-1.45757">
        <ele>82</ele>
      </trkpt>
      <trkpt lat="48.31456" lon="-1.45747">
        <ele>82.1</ele>
      </trkpt>
      <trkpt lat="48.31457" lon="-1.45737">
        <ele>82.5</ele>
      </trkpt>
      <trkpt lat="48.31457" lon="-1.45727">
        <ele>82.8</ele>
      </trkpt>
      <trkpt lat="48.31458" lon="-1.45717">
        <ele>83.1</ele>
      </trkpt>
      <trkpt lat="48.31458" lon="-1.45707">
        <ele>83.3</ele>
      </trkpt>
      <trkpt lat="48.31458" lon="-1.45697">
        <ele>83.4</ele>
      </trkpt>
      <trkpt lat="48.31459" lon="-1.45687">
        <ele>83.8</ele>
      </trkpt>
      <trkpt lat="48.31459" lon="-1.45677">
        <ele>84.2</ele>
      </trkpt>
      <trkpt lat="48.3146" lon="-1.45666">
        <ele>84.6</ele>
      </trkpt>
      <trkpt lat="48.3146" lon="-1.45656">
        <ele>84.7</ele>
      </trkpt>
      <trkpt lat="48.3146" lon="-1.45646">
        <ele>84.9</ele>
      </trkpt>
      <trkpt lat="48.31461" lon="-1.45636">
        <ele>85.1</ele>
      </trkpt>
      <trkpt lat="48.31462" lon="-1.45626">
        <ele>85.3</ele>
      </trkpt>
      <trkpt lat="48.31463" lon="-1.45615">
        <ele>85.6</ele>
      </trkpt>
      <trkpt lat="48.31464" lon="-1.45604">
        <ele>85.8</ele>
      </trkpt>
      <trkpt lat="48.31465" lon="-1.45593">
        <ele>85.9</ele>
      </trkpt>
      <trkpt lat="48.31466" lon="-1.45583">
        <ele>86</ele>
      </trkpt>
      <trkpt lat="48.31467" lon="-1.45572">
        <ele>86</ele>
      </trkpt>
      <trkpt lat="48.31468" lon="-1.45561">
        <ele>86</ele>
      </trkpt>
      <trkpt lat="48.31469" lon="-1.4555">
        <ele>86.2</ele>
      </trkpt>
      <trkpt lat="48.31475" lon="-1.45543">
        <ele>86.5</ele>
      </trkpt>
      <trkpt lat="48.3148" lon="-1.45536">
        <ele>86.8</ele>
      </trkpt>
      <trkpt lat="48.31486" lon="-1.45528">
        <ele>87</ele>
      </trkpt>
      <trkpt lat="48.31491" lon="-1.45521">
        <ele>87.2</ele>
      </trkpt>
      <trkpt lat="48.31497" lon="-1.45514">
        <ele>87.4</ele>
      </trkpt>
      <trkpt lat="48.31502" lon="-1.45507">
        <ele>87.7</ele>
      </trkpt>
      <trkpt lat="48.31508" lon="-1.45499">
        <ele>88</ele>
      </trkpt>
      <trkpt lat="48.31514" lon="-1.45492">
        <ele>88.3</ele>
      </trkpt>
      <trkpt lat="48.31514" lon="-1.45483">
        <ele>88.6</ele>
      </trkpt>
      <trkpt lat="48.31514" lon="-1.45474">
        <ele>88.9</ele>
      </trkpt>
      <trkpt lat="48.31514" lon="-1.45466">
        <ele>89.2</ele>
      </trkpt>
      <trkpt lat="48.31514" lon="-1.45457">
        <ele>89.5</ele>
      </trkpt>
      <trkpt lat="48.31515" lon="-1.45448">
        <ele>89.9</ele>
      </trkpt>
      <trkpt lat="48.31515" lon="-1.45439">
        <ele>90.1</ele>
      </trkpt>
      <trkpt lat="48.31515" lon="-1.4543">
        <ele>90.3</ele>
      </trkpt>
      <trkpt lat="48.31515" lon="-1.45422">
        <ele>90.4</ele>
      </trkpt>
      <trkpt lat="48.31514" lon="-1.45413">
        <ele>90.6</ele>
      </trkpt>
      <trkpt lat="48.31512" lon="-1.45405">
        <ele>90.7</ele>
      </trkpt>
      <trkpt lat="48.3151" lon="-1.45397">
        <ele>90.8</ele>
      </trkpt>
      <trkpt lat="48.31509" lon="-1.45389">
        <ele>91</ele>
      </trkpt>
      <trkpt lat="48.31507" lon="-1.45381">
        <ele>91</ele>
      </trkpt>
      <trkpt lat="48.31506" lon="-1.45372">
        <ele>91</ele>
      </trkpt>
      <trkpt lat="48.31504" lon="-1.45364">
        <ele>91</ele>
      </trkpt>
      <trkpt lat="48.31502" lon="-1.45356">
        <ele>90.8</ele>
      </trkpt>
      <trkpt lat="48.31501" lon="-1.45348">
        <ele>90.5</ele>
      </trkpt>
      <trkpt lat="48.31499" lon="-1.4534">
        <ele>90.3</ele>
      </trkpt>
      <trkpt lat="48.31498" lon="-1.45331">
        <ele>90.1</ele>
      </trkpt>
      <trkpt lat="48.31496" lon="-1.45323">
        <ele>90.1</ele>
      </trkpt>
      <trkpt lat="48.31494" lon="-1.45315">
        <ele>90.1</ele>
      </trkpt>
      <trkpt lat="48.31493" lon="-1.45307">
        <ele>90</ele>
      </trkpt>
      <trkpt lat="48.31491" lon="-1.45299">
        <ele>89.9</ele>
      </trkpt>
      <trkpt lat="48.3149" lon="-1.4529">
        <ele>89.8</ele>
      </trkpt>
      <trkpt lat="48.31487" lon="-1.45279">
        <ele>89.6</ele>
      </trkpt>
      <trkpt lat="48.31485" lon="-1.45268">
        <ele>89.5</ele>
      </trkpt>
      <trkpt lat="48.31485" lon="-1.45255">
        <ele>89.5</ele>
      </trkpt>
      <trkpt lat="48.31484" lon="-1.45243">
        <ele>89.3</ele>
      </trkpt>
      <trkpt lat="48.31483" lon="-1.4523">
        <ele>89.1</ele>
      </trkpt>
      <trkpt lat="48.31482" lon="-1.45217">
        <ele>89</ele>
      </trkpt>
      <trkpt lat="48.31481" lon="-1.45206">
        <ele>89</ele>
      </trkpt>
      <trkpt lat="48.3148" lon="-1.45195">
        <ele>89</ele>
      </trkpt>
      <trkpt lat="48.31478" lon="-1.45183">
        <ele>89</ele>
      </trkpt>
      <trkpt lat="48.31477" lon="-1.45172">
        <ele>89</ele>
      </trkpt>
      <trkpt lat="48.31476" lon="-1.4516">
        <ele>89</ele>
      </trkpt>
      <trkpt lat="48.31475" lon="-1.45147">
        <ele>88.9</ele>
      </trkpt>
      <trkpt lat="48.31481" lon="-1.4514">
        <ele>88.7</ele>
      </trkpt>
      <trkpt lat="48.31486" lon="-1.45132">
        <ele>88.3</ele>
      </trkpt>
      <trkpt lat="48.31492" lon="-1.45125">
        <ele>87.8</ele>
      </trkpt>
      <trkpt lat="48.31497" lon="-1.45118">
        <ele>87.4</ele>
      </trkpt>
      <trkpt lat="48.31503" lon="-1.4511">
        <ele>87</ele>
      </trkpt>
      <trkpt lat="48.31508" lon="-1.45103">
        <ele>86.9</ele>
      </trkpt>
      <trkpt lat="48.31514" lon="-1.45095">
        <ele>86.7</ele>
      </trkpt>
      <trkpt lat="48.3152" lon="-1.45088">
        <ele>86.4</ele>
      </trkpt>
      <trkpt lat="48.31524" lon="-1.4508">
        <ele>86</ele>
      </trkpt>
      <trkpt lat="48.31529" lon="-1.45073">
        <ele>85.6</ele>
      </trkpt>
      <trkpt lat="48.31533" lon="-1.45066">
        <ele>85.2</ele>
      </trkpt>
      <trkpt lat="48.31538" lon="-1.45059">
        <ele>84.8</ele>
      </trkpt>
      <trkpt lat="48.31542" lon="-1.45051">
        <ele>84.3</ele>
      </trkpt>
      <trkpt lat="48.31547" lon="-1.45044">
        <ele>83.7</ele>
      </trkpt>
      <trkpt lat="48.31551" lon="-1.45037">
        <ele>83</ele>
      </trkpt>
      <trkpt lat="48.31556" lon="-1.4503">
        <ele>82.1</ele>
      </trkpt>
      <trkpt lat="48.3156" lon="-1.45024">
        <ele>81.8</ele>
      </trkpt>
      <trkpt lat="48.31564" lon="-1.45019">
        <ele>81.5</ele>
      </trkpt>
      <trkpt lat="48.31568" lon="-1.45014">
        <ele>81.1</ele>
      </trkpt>
      <trkpt lat="48.31571" lon="-1.45009">
        <ele>80.7</ele>
      </trkpt>
      <trkpt lat="48.31575" lon="-1.45003">
        <ele>80.1</ele>
      </trkpt>
      <trkpt lat="48.31579" lon="-1.44998">
        <ele>79.4</ele>
      </trkpt>
      <trkpt lat="48.31583" lon="-1.44993">
        <ele>78.8</ele>
      </trkpt>
      <trkpt lat="48.31587" lon="-1.44988">
        <ele>78.3</ele>
        <extensions>
          <visugpx:TrkExtension xmlns:visugpx="https://www.visugpx.com/editgpx/">
            <visugpx:node>44</visugpx:node>
            </visugpx:TrkExtension>
        </extensions>
      </trkpt>
      <trkpt lat="48.3159" lon="-1.44983">
        <ele>77.9</ele>
      </trkpt>
      <trkpt lat="48.31594" lon="-1.44978">
        <ele>77.4</ele>
      </trkpt>
      <trkpt lat="48.31597" lon="-1.44973">
        <ele>77</ele>
      </trkpt>
      <trkpt lat="48.31601" lon="-1.44968">
        <ele>76.7</ele>
      </trkpt>
      <trkpt lat="48.31604" lon="-1.44964">
        <ele>76.4</ele>
      </trkpt>
      <trkpt lat="48.31608" lon="-1.44959">
        <ele>76.2</ele>
      </trkpt>
      <trkpt lat="48.31611" lon="-1.44954">
        <ele>76</ele>
      </trkpt>
      <trkpt lat="48.31615" lon="-1.44949">
        <ele>75.9</ele>
      </trkpt>
      <trkpt lat="48.31621" lon="-1.44943">
        <ele>75.6</ele>
      </trkpt>
      <trkpt lat="48.31628" lon="-1.44937">
        <ele>75.1</ele>
      </trkpt>
      <trkpt lat="48.31634" lon="-1.44931">
        <ele>74.7</ele>
      </trkpt>
      <trkpt lat="48.3164" lon="-1.44925">
        <ele>74.2</ele>
      </trkpt>
      <trkpt lat="48.31645" lon="-1.44925">
        <ele>73.9</ele>
      </trkpt>
      <trkpt lat="48.3165" lon="-1.44925">
        <ele>73.6</ele>
      </trkpt>
      <trkpt lat="48.31655" lon="-1.44924">
        <ele>73.3</ele>
      </trkpt>
      <trkpt lat="48.3166" lon="-1.44924">
        <ele>72.9</ele>
      </trkpt>
      <trkpt lat="48.31665" lon="-1.44924">
        <ele>72.6</ele>
      </trkpt>
      <trkpt lat="48.3167" lon="-1.44923">
        <ele>72.2</ele>
      </trkpt>
      <trkpt lat="48.31675" lon="-1.44923">
        <ele>71.7</ele>
      </trkpt>
      <trkpt lat="48.31679" lon="-1.44923">
        <ele>71.4</ele>
        <extensions>
          <visugpx:TrkExtension xmlns:visugpx="https://www.visugpx.com/editgpx/">
            <visugpx:node>45</visugpx:node>
            </visugpx:TrkExtension>
        </extensions>
      </trkpt>
      <trkpt lat="48.31679" lon="-1.44923">
        <ele>71.4</ele>
      </trkpt>
      <trkpt lat="48.31686" lon="-1.44915">
        <ele>70.6</ele>
      </trkpt>
      <trkpt lat="48.31689" lon="-1.44922">
        <ele>70.5</ele>
      </trkpt>
      <trkpt lat="48.31691" lon="-1.44929">
        <ele>70.4</ele>
      </trkpt>
      <trkpt lat="48.31694" lon="-1.44936">
        <ele>70.1</ele>
      </trkpt>
      <trkpt lat="48.31696" lon="-1.44943">
        <ele>69.6</ele>
      </trkpt>
      <trkpt lat="48.31696" lon="-1.44949">
        <ele>69.3</ele>
      </trkpt>
      <trkpt lat="48.31696" lon="-1.44956">
        <ele>68.9</ele>
      </trkpt>
      <trkpt lat="48.31696" lon="-1.44963">
        <ele>68.5</ele>
      </trkpt>
      <trkpt lat="48.31696" lon="-1.4497">
        <ele>68.1</ele>
      </trkpt>
      <trkpt lat="48.31704" lon="-1.44973">
        <ele>67.7</ele>
      </trkpt>
      <trkpt lat="48.31711" lon="-1.44977">
        <ele>67.9</ele>
      </trkpt>
      <trkpt lat="48.31716" lon="-1.44972">
        <ele>67.2</ele>
      </trkpt>
      <trkpt lat="48.31721" lon="-1.44967">
        <ele>66.2</ele>
      </trkpt>
      <trkpt lat="48.31726" lon="-1.44962">
        <ele>65.4</ele>
      </trkpt>
      <trkpt lat="48.31731" lon="-1.44957">
        <ele>64.9</ele>
        <extensions>
          <visugpx:TrkExtension xmlns:visugpx="https://www.visugpx.com/editgpx/">
            <visugpx:node>46</visugpx:node>
            </visugpx:TrkExtension>
        </extensions>
      </trkpt>
      <trkpt lat="48.31736" lon="-1.44952">
        <ele>64.4</ele>
      </trkpt>
      <trkpt lat="48.31743" lon="-1.44949">
        <ele>64.3</ele>
      </trkpt>
      <trkpt lat="48.31749" lon="-1.44945">
        <ele>64</ele>
      </trkpt>
      <trkpt lat="48.31747" lon="-1.44935">
        <ele>62</ele>
      </trkpt>
      <trkpt lat="48.31744" lon="-1.44924">
        <ele>60.4</ele>
      </trkpt>
      <trkpt lat="48.31742" lon="-1.44914">
        <ele>59.8</ele>
      </trkpt>
      <trkpt lat="48.31739" lon="-1.44903">
        <ele>61</ele>
      </trkpt>
      <trkpt lat="48.31746" lon="-1.44898">
        <ele>59.2</ele>
      </trkpt>
      <trkpt lat="48.31752" lon="-1.44893">
        <ele>57.7</ele>
        <extensions>
          <visugpx:TrkExtension xmlns:visugpx="https://www.visugpx.com/editgpx/">
            <visugpx:node>47</visugpx:node>
            </visugpx:TrkExtension>
        </extensions>
      </trkpt>
      <trkpt lat="48.31759" lon="-1.44887">
        <ele>56.7</ele>
      </trkpt>
      <trkpt lat="48.31765" lon="-1.44885">
        <ele>56.1</ele>
      </trkpt>
      <trkpt lat="48.31771" lon="-1.44883">
        <ele>55.4</ele>
      </trkpt>
      <trkpt lat="48.31776" lon="-1.44881">
        <ele>55</ele>
      </trkpt>
      <trkpt lat="48.3178" lon="-1.44878">
        <ele>54.9</ele>
      </trkpt>
      <trkpt lat="48.31788" lon="-1.44874">
        <ele>53.9</ele>
      </trkpt>
      <trkpt lat="48.31796" lon="-1.44869">
        <ele>52.5</ele>
      </trkpt>
      <trkpt lat="48.31801" lon="-1.44867">
        <ele>51.3</ele>
      </trkpt>
      <trkpt lat="48.31805" lon="-1.44865">
        <ele>50.2</ele>
      </trkpt>
      <trkpt lat="48.31813" lon="-1.4486">
        <ele>47.9</ele>
      </trkpt>
      <trkpt lat="48.31818" lon="-1.44858">
        <ele>46.4</ele>
      </trkpt>
      <trkpt lat="48.31822" lon="-1.44856">
        <ele>45.2</ele>
      </trkpt>
      <trkpt lat="48.3183" lon="-1.44852">
        <ele>42.7</ele>
      </trkpt>
      <trkpt lat="48.31838" lon="-1.44847">
        <ele>41.1</ele>
        <extensions>
          <visugpx:TrkExtension xmlns:visugpx="https://www.visugpx.com/editgpx/">
            <visugpx:node>48</visugpx:node>
            </visugpx:TrkExtension>
        </extensions>
      </trkpt>
      <trkpt lat="48.31835" lon="-1.44839">
        <ele>41.1</ele>
      </trkpt>
      <trkpt lat="48.31832" lon="-1.4483">
        <ele>41.1</ele>
      </trkpt>
      <trkpt lat="48.31829" lon="-1.44818">
        <ele>41</ele>
      </trkpt>
      <trkpt lat="48.31826" lon="-1.44806">
        <ele>40.9</ele>
      </trkpt>
      <trkpt lat="48.31822" lon="-1.44802">
        <ele>42.3</ele>
      </trkpt>
      <trkpt lat="48.31817" lon="-1.44799">
        <ele>43.9</ele>
      </trkpt>
      <trkpt lat="48.31813" lon="-1.44795">
        <ele>44.9</ele>
      </trkpt>
      <trkpt lat="48.31809" lon="-1.44792">
        <ele>45.9</ele>
        <extensions>
          <visugpx:TrkExtension xmlns:visugpx="https://www.visugpx.com/editgpx/">
            <visugpx:node>49</visugpx:node>
            </visugpx:TrkExtension>
        </extensions>
      </trkpt>
      <trkpt lat="48.31806" lon="-1.4479">
        <ele>46.6</ele>
      </trkpt>
      <trkpt lat="48.31804" lon="-1.4478">
        <ele>46</ele>
      </trkpt>
      <trkpt lat="48.31801" lon="-1.4477">
        <ele>46.1</ele>
      </trkpt>
      <trkpt lat="48.31798" lon="-1.44761">
        <ele>46.3</ele>
      </trkpt>
      <trkpt lat="48.31796" lon="-1.44751">
        <ele>45.9</ele>
      </trkpt>
      <trkpt lat="48.31793" lon="-1.44741">
        <ele>46.4</ele>
      </trkpt>
      <trkpt lat="48.31791" lon="-1.44731">
        <ele>46.3</ele>
      </trkpt>
      <trkpt lat="48.31786" lon="-1.44724">
        <ele>47.7</ele>
      </trkpt>
      <trkpt lat="48.31782" lon="-1.44716">
        <ele>48.4</ele>
      </trkpt>
      <trkpt lat="48.31781" lon="-1.44704">
        <ele>47.2</ele>
      </trkpt>
      <trkpt lat="48.31778" lon="-1.44693">
        <ele>46.6</ele>
      </trkpt>
      <trkpt lat="48.31772" lon="-1.44683">
        <ele>46</ele>
      </trkpt>
      <trkpt lat="48.31766" lon="-1.44673">
        <ele>46.4</ele>
      </trkpt>
      <trkpt lat="48.31761" lon="-1.44673">
        <ele>48</ele>
      </trkpt>
      <trkpt lat="48.31757" lon="-1.44672">
        <ele>49.4</ele>
      </trkpt>
      <trkpt lat="48.31752" lon="-1.44671">
        <ele>51.1</ele>
      </trkpt>
      <trkpt lat="48.31747" lon="-1.4467">
        <ele>52.7</ele>
        <extensions>
          <visugpx:TrkExtension xmlns:visugpx="https://www.visugpx.com/editgpx/">
            <visugpx:node>50</visugpx:node>
            </visugpx:TrkExtension>
        </extensions>
      </trkpt>
      <trkpt lat="48.31744" lon="-1.4467">
        <ele>53.5</ele>
      </trkpt>
      <trkpt lat="48.31748" lon="-1.4466">
        <ele>53.3</ele>
      </trkpt>
      <trkpt lat="48.31752" lon="-1.44651">
        <ele>52.7</ele>
      </trkpt>
      <trkpt lat="48.31749" lon="-1.44643">
        <ele>54.8</ele>
      </trkpt>
      <trkpt lat="48.31746" lon="-1.44636">
        <ele>55.2</ele>
      </trkpt>
      <trkpt lat="48.31742" lon="-1.44627">
        <ele>54.5</ele>
      </trkpt>
      <trkpt lat="48.31739" lon="-1.44618">
        <ele>53.9</ele>
      </trkpt>
      <trkpt lat="48.31735" lon="-1.4461">
        <ele>54.5</ele>
      </trkpt>
      <trkpt lat="48.31732" lon="-1.44601">
        <ele>55.9</ele>
      </trkpt>
      <trkpt lat="48.31733" lon="-1.44592">
        <ele>55.5</ele>
      </trkpt>
      <trkpt lat="48.31734" lon="-1.44584">
        <ele>55.1</ele>
      </trkpt>
      <trkpt lat="48.31735" lon="-1.44575">
        <ele>54</ele>
      </trkpt>
      <trkpt lat="48.31736" lon="-1.44566">
        <ele>52.8</ele>
      </trkpt>
      <trkpt lat="48.31734" lon="-1.44559">
        <ele>53.7</ele>
      </trkpt>
      <trkpt lat="48.31731" lon="-1.44551">
        <ele>54.9</ele>
      </trkpt>
      <trkpt lat="48.31729" lon="-1.44543">
        <ele>54.7</ele>
      </trkpt>
      <trkpt lat="48.31726" lon="-1.44536">
        <ele>55.3</ele>
      </trkpt>
      <trkpt lat="48.3172" lon="-1.44528">
        <ele>57</ele>
      </trkpt>
      <trkpt lat="48.31715" lon="-1.44521">
        <ele>57.6</ele>
      </trkpt>
      <trkpt lat="48.31711" lon="-1.44515">
        <ele>58.5</ele>
      </trkpt>
      <trkpt lat="48.31708" lon="-1.44509">
        <ele>59.2</ele>
        <extensions>
          <visugpx:TrkExtension xmlns:visugpx="https://www.visugpx.com/editgpx/">
            <visugpx:node>51</visugpx:node>
            </visugpx:TrkExtension>
        </extensions>
      </trkpt>
      <trkpt lat="48.31705" lon="-1.44504">
        <ele>60.3</ele>
      </trkpt>
      <trkpt lat="48.31701" lon="-1.44499">
        <ele>62.2</ele>
      </trkpt>
      <trkpt lat="48.31697" lon="-1.44491">
        <ele>62.1</ele>
      </trkpt>
      <trkpt lat="48.31695" lon="-1.44482">
        <ele>60.2</ele>
      </trkpt>
      <trkpt lat="48.31694" lon="-1.44474">
        <ele>57.8</ele>
      </trkpt>
      <trkpt lat="48.31692" lon="-1.44467">
        <ele>57.3</ele>
      </trkpt>
      <trkpt lat="48.31687" lon="-1.44457">
        <ele>58.3</ele>
      </trkpt>
      <trkpt lat="48.31683" lon="-1.44447">
        <ele>59.1</ele>
      </trkpt>
      <trkpt lat="48.31679" lon="-1.44442">
        <ele>60.5</ele>
      </trkpt>
      <trkpt lat="48.31676" lon="-1.44438">
        <ele>61.6</ele>
      </trkpt>
      <trkpt lat="48.31672" lon="-1.44433">
        <ele>63.1</ele>
      </trkpt>
      <trkpt lat="48.31669" lon="-1.44429">
        <ele>64.2</ele>
      </trkpt>
      <trkpt lat="48.31662" lon="-1.44425">
        <ele>66.2</ele>
      </trkpt>
      <trkpt lat="48.31654" lon="-1.44422">
        <ele>68.3</ele>
      </trkpt>
      <trkpt lat="48.31649" lon="-1.44416">
        <ele>69.8</ele>
      </trkpt>
      <trkpt lat="48.31644" lon="-1.4441">
        <ele>72.3</ele>
        <extensions>
          <visugpx:TrkExtension xmlns:visugpx="https://www.visugpx.com/editgpx/">
            <visugpx:node>52</visugpx:node>
            </visugpx:TrkExtension>
        </extensions>
      </trkpt>
      <trkpt lat="48.31638" lon="-1.44403">
        <ele>75.1</ele>
      </trkpt>
      <trkpt lat="48.31633" lon="-1.44398">
        <ele>76.3</ele>
      </trkpt>
      <trkpt lat="48.31629" lon="-1.44394">
        <ele>77.1</ele>
      </trkpt>
      <trkpt lat="48.31624" lon="-1.44389">
        <ele>78.1</ele>
      </trkpt>
      <trkpt lat="48.31619" lon="-1.44384">
        <ele>79</ele>
      </trkpt>
      <trkpt lat="48.31616" lon="-1.44376">
        <ele>80.1</ele>
      </trkpt>
      <trkpt lat="48.31613" lon="-1.44368">
        <ele>81.2</ele>
      </trkpt>
      <trkpt lat="48.3161" lon="-1.44359">
        <ele>82.2</ele>
      </trkpt>
      <trkpt lat="48.31607" lon="-1.44351">
        <ele>82.9</ele>
      </trkpt>
      <trkpt lat="48.31602" lon="-1.4434">
        <ele>83.7</ele>
      </trkpt>
      <trkpt lat="48.31597" lon="-1.44329">
        <ele>84</ele>
      </trkpt>
      <trkpt lat="48.31597" lon="-1.44322">
        <ele>84</ele>
      </trkpt>
      <trkpt lat="48.31596" lon="-1.44315">
        <ele>83.9</ele>
      </trkpt>
      <trkpt lat="48.31596" lon="-1.44308">
        <ele>83.9</ele>
      </trkpt>
      <trkpt lat="48.31596" lon="-1.44301">
        <ele>83.7</ele>
      </trkpt>
      <trkpt lat="48.31595" lon="-1.44293">
        <ele>83.3</ele>
      </trkpt>
      <trkpt lat="48.31595" lon="-1.44286">
        <ele>83</ele>
      </trkpt>
      <trkpt lat="48.31594" lon="-1.44279">
        <ele>82.7</ele>
      </trkpt>
      <trkpt lat="48.31594" lon="-1.44272">
        <ele>81.7</ele>
      </trkpt>
      <trkpt lat="48.31591" lon="-1.4426">
        <ele>80.8</ele>
      </trkpt>
      <trkpt lat="48.31587" lon="-1.44248">
        <ele>81.4</ele>
      </trkpt>
      <trkpt lat="48.31588" lon="-1.44238">
        <ele>80.9</ele>
      </trkpt>
      <trkpt lat="48.31588" lon="-1.44228">
        <ele>80.8</ele>
      </trkpt>
      <trkpt lat="48.31587" lon="-1.44218">
        <ele>80.8</ele>
      </trkpt>
      <trkpt lat="48.31586" lon="-1.44207">
        <ele>79.6</ele>
      </trkpt>
      <trkpt lat="48.31581" lon="-1.44203">
        <ele>81.1</ele>
      </trkpt>
      <trkpt lat="48.31577" lon="-1.44198">
        <ele>81.3</ele>
      </trkpt>
      <trkpt lat="48.31572" lon="-1.44194">
        <ele>82.1</ele>
      </trkpt>
      <trkpt lat="48.31567" lon="-1.44189">
        <ele>82.4</ele>
      </trkpt>
      <trkpt lat="48.31561" lon="-1.44179">
        <ele>82.6</ele>
      </trkpt>
      <trkpt lat="48.31555" lon="-1.44169">
        <ele>83.4</ele>
      </trkpt>
      <trkpt lat="48.3155" lon="-1.44165">
        <ele>84</ele>
      </trkpt>
      <trkpt lat="48.31545" lon="-1.44162">
        <ele>84.8</ele>
      </trkpt>
      <trkpt lat="48.3154" lon="-1.44158">
        <ele>85.6</ele>
      </trkpt>
      <trkpt lat="48.31535" lon="-1.44154">
        <ele>86.6</ele>
      </trkpt>
      <trkpt lat="48.31531" lon="-1.44149">
        <ele>87.4</ele>
      </trkpt>
      <trkpt lat="48.31526" lon="-1.44144">
        <ele>88.4</ele>
      </trkpt>
      <trkpt lat="48.31522" lon="-1.44139">
        <ele>88.8</ele>
      </trkpt>
      <trkpt lat="48.31518" lon="-1.44134">
        <ele>88.4</ele>
      </trkpt>
      <trkpt lat="48.31513" lon="-1.44128">
        <ele>88.2</ele>
      </trkpt>
      <trkpt lat="48.31509" lon="-1.44123">
        <ele>88.4</ele>
      </trkpt>
      <trkpt lat="48.31504" lon="-1.44118">
        <ele>89.3</ele>
      </trkpt>
      <trkpt lat="48.315" lon="-1.44113">
        <ele>90.1</ele>
      </trkpt>
      <trkpt lat="48.31495" lon="-1.44113">
        <ele>90.5</ele>
      </trkpt>
      <trkpt lat="48.3149" lon="-1.44113">
        <ele>90.8</ele>
        <extensions>
          <visugpx:TrkExtension xmlns:visugpx="https://www.visugpx.com/editgpx/">
            <visugpx:node>1</visugpx:node>
            </visugpx:TrkExtension>
        </extensions>
      </trkpt>
      <trkpt lat="48.31484" lon="-1.44113">
        <ele>91.2</ele>
      </trkpt>
      <trkpt lat="48.31479" lon="-1.44113">
        <ele>91.6</ele>
      </trkpt>
      <trkpt lat="48.31473" lon="-1.44112">
        <ele>92</ele>
      </trkpt>
      <trkpt lat="48.31467" lon="-1.44112">
        <ele>92.2</ele>
      </trkpt>
      <trkpt lat="48.31461" lon="-1.44111">
        <ele>92.4</ele>
      </trkpt>
      <trkpt lat="48.31454" lon="-1.4411">
        <ele>92.5</ele>
      </trkpt>
      <trkpt lat="48.31454" lon="-1.44099">
        <ele>90.4</ele>
      </trkpt>
      <trkpt lat="48.31455" lon="-1.44089">
        <ele>88.4</ele>
      </trkpt>
      <trkpt lat="48.31455" lon="-1.44079">
        <ele>85.3</ele>
      </trkpt>
      <trkpt lat="48.3145" lon="-1.44076">
        <ele>85.3</ele>
      </trkpt>
      <trkpt lat="48.31444" lon="-1.44072">
        <ele>85.2</ele>
      </trkpt>
      <trkpt lat="48.31438" lon="-1.44065">
        <ele>83.8</ele>
      </trkpt>
      <trkpt lat="48.31433" lon="-1.44058">
        <ele>83.2</ele>
      </trkpt>
      <trkpt lat="48.31427" lon="-1.44051">
        <ele>83</ele>
      </trkpt>
      <trkpt lat="48.31421" lon="-1.44044">
        <ele>83.4</ele>
      </trkpt>
      <trkpt lat="48.31414" lon="-1.44039">
        <ele>84.3</ele>
      </trkpt>
      <trkpt lat="48.31407" lon="-1.44035">
        <ele>83.7</ele>
      </trkpt>
      <trkpt lat="48.314" lon="-1.4403">
        <ele>83.2</ele>
      </trkpt>
      <trkpt lat="48.31393" lon="-1.44025">
        <ele>82.1</ele>
      </trkpt>
      <trkpt lat="48.31392" lon="-1.44017">
        <ele>78.1</ele>
      </trkpt>
      <trkpt lat="48.31391" lon="-1.4401">
        <ele>74.8</ele>
      </trkpt>
      <trkpt lat="48.3139" lon="-1.44002">
        <ele>71.3</ele>
      </trkpt>
      <trkpt lat="48.31389" lon="-1.43994">
        <ele>67.9</ele>
      </trkpt>
      <trkpt lat="48.31384" lon="-1.43992">
        <ele>68.5</ele>
        <extensions>
          <visugpx:TrkExtension xmlns:visugpx="https://www.visugpx.com/editgpx/">
            <visugpx:node>2</visugpx:node>
            </visugpx:TrkExtension>
        </extensions>
      </trkpt>
      <trkpt lat="48.3138" lon="-1.43998">
        <ele>72.3</ele>
      </trkpt>
      <trkpt lat="48.31376" lon="-1.44005">
        <ele>75.9</ele>
      </trkpt>
      <trkpt lat="48.31372" lon="-1.44011">
        <ele>78.5</ele>
      </trkpt>
      <trkpt lat="48.31368" lon="-1.44017">
        <ele>80.5</ele>
      </trkpt>
      <trkpt lat="48.31363" lon="-1.44025">
        <ele>82.5</ele>
      </trkpt>
      <trkpt lat="48.31357" lon="-1.44032">
        <ele>82.9</ele>
      </trkpt>
      <trkpt lat="48.31353" lon="-1.44031">
        <ele>82.4</ele>
      </trkpt>
      <trkpt lat="48.31348" lon="-1.4403">
        <ele>81.7</ele>
      </trkpt>
      <trkpt lat="48.31346" lon="-1.44022">
        <ele>80.6</ele>
      </trkpt>
      <trkpt lat="48.31343" lon="-1.44014">
        <ele>79.2</ele>
      </trkpt>
      <trkpt lat="48.31341" lon="-1.44006">
        <ele>78</ele>
      </trkpt>
      <trkpt lat="48.31338" lon="-1.43999">
        <ele>77</ele>
      </trkpt>
      <trkpt lat="48.31336" lon="-1.43991">
        <ele>75.6</ele>
      </trkpt>
      <trkpt lat="48.31333" lon="-1.43983">
        <ele>74.6</ele>
      </trkpt>
      <trkpt lat="48.31331" lon="-1.43975">
        <ele>74.1</ele>
      </trkpt>
      <trkpt lat="48.31328" lon="-1.43967">
        <ele>73.9</ele>
      </trkpt>
      <trkpt lat="48.31327" lon="-1.43957">
        <ele>73</ele>
      </trkpt>
      <trkpt lat="48.31327" lon="-1.43948">
        <ele>71.9</ele>
      </trkpt>
      <trkpt lat="48.31326" lon="-1.43938">
        <ele>71.8</ele>
      </trkpt>
      <trkpt lat="48.31326" lon="-1.43929">
        <ele>71.8</ele>
      </trkpt>
      <trkpt lat="48.31325" lon="-1.43919">
        <ele>72</ele>
      </trkpt>
      <trkpt lat="48.31324" lon="-1.43909">
        <ele>73</ele>
      </trkpt>
      <trkpt lat="48.31324" lon="-1.439">
        <ele>73.8</ele>
      </trkpt>
      <trkpt lat="48.31323" lon="-1.4389">
        <ele>74.9</ele>
        <extensions>
          <visugpx:TrkExtension xmlns:visugpx="https://www.visugpx.com/editgpx/">
            <visugpx:node>3</visugpx:node>
            </visugpx:TrkExtension>
        </extensions>
      </trkpt>
      <trkpt lat="48.31322" lon="-1.4388">
        <ele>74.3</ele>
      </trkpt>
      <trkpt lat="48.31319" lon="-1.43872">
        <ele>74.7</ele>
      </trkpt>
      <trkpt lat="48.31316" lon="-1.43863">
        <ele>75.5</ele>
      </trkpt>
      <trkpt lat="48.31313" lon="-1.43855">
        <ele>76.5</ele>
      </trkpt>
      <trkpt lat="48.3131" lon="-1.43846">
        <ele>77.7</ele>
      </trkpt>
      <trkpt lat="48.31308" lon="-1.43837">
        <ele>78.5</ele>
      </trkpt>
      <trkpt lat="48.31307" lon="-1.43829">
        <ele>78.5</ele>
      </trkpt>
      <trkpt lat="48.31305" lon="-1.4382">
        <ele>78.6</ele>
      </trkpt>
      <trkpt lat="48.31304" lon="-1.43811">
        <ele>77.9</ele>
      </trkpt>
      <trkpt lat="48.31302" lon="-1.43802">
        <ele>77.4</ele>
      </trkpt>
      <trkpt lat="48.313" lon="-1.43794">
        <ele>77.2</ele>
      </trkpt>
      <trkpt lat="48.31299" lon="-1.43785">
        <ele>76.7</ele>
      </trkpt>
      <trkpt lat="48.31297" lon="-1.43776">
        <ele>76.8</ele>
      </trkpt>
      <trkpt lat="48.31298" lon="-1.43765">
        <ele>76.4</ele>
      </trkpt>
      <trkpt lat="48.313" lon="-1.43754">
        <ele>75.5</ele>
      </trkpt>
      <trkpt lat="48.31301" lon="-1.43742">
        <ele>75.7</ele>
      </trkpt>
      <trkpt lat="48.31302" lon="-1.43731">
        <ele>76.4</ele>
      </trkpt>
      <trkpt lat="48.31301" lon="-1.43724">
        <ele>77.5</ele>
      </trkpt>
      <trkpt lat="48.31301" lon="-1.43717">
        <ele>77.3</ele>
      </trkpt>
      <trkpt lat="48.313" lon="-1.43709">
        <ele>77</ele>
      </trkpt>
      <trkpt lat="48.31299" lon="-1.43702">
        <ele>76.9</ele>
      </trkpt>
      <trkpt lat="48.31298" lon="-1.43695">
        <ele>76.8</ele>
      </trkpt>
      <trkpt lat="48.31298" lon="-1.43688">
        <ele>76.3</ele>
      </trkpt>
      <trkpt lat="48.31297" lon="-1.4368">
        <ele>76.2</ele>
      </trkpt>
      <trkpt lat="48.31296" lon="-1.43673">
        <ele>76.2</ele>
      </trkpt>
      <trkpt lat="48.31296" lon="-1.43666">
        <ele>75.7</ele>
      </trkpt>
      <trkpt lat="48.31296" lon="-1.43658">
        <ele>75.3</ele>
      </trkpt>
      <trkpt lat="48.31295" lon="-1.43651">
        <ele>75.3</ele>
      </trkpt>
      <trkpt lat="48.31295" lon="-1.43643">
        <ele>74.8</ele>
      </trkpt>
      <trkpt lat="48.31296" lon="-1.43634">
        <ele>74.5</ele>
      </trkpt>
      <trkpt lat="48.31297" lon="-1.43625">
        <ele>74.9</ele>
      </trkpt>
      <trkpt lat="48.31298" lon="-1.43616">
        <ele>75.4</ele>
      </trkpt>
      <trkpt lat="48.31299" lon="-1.43607">
        <ele>75.5</ele>
      </trkpt>
      <trkpt lat="48.31299" lon="-1.43598">
        <ele>75.2</ele>
      </trkpt>
      <trkpt lat="48.31299" lon="-1.43589">
        <ele>74.9</ele>
      </trkpt>
      <trkpt lat="48.31299" lon="-1.43579">
        <ele>74.3</ele>
      </trkpt>
      <trkpt lat="48.31299" lon="-1.4357">
        <ele>73.4</ele>
      </trkpt>
      <trkpt lat="48.31297" lon="-1.43563">
        <ele>73.4</ele>
      </trkpt>
      <trkpt lat="48.31295" lon="-1.43557">
        <ele>73.5</ele>
      </trkpt>
      <trkpt lat="48.31293" lon="-1.4355">
        <ele>73.3</ele>
      </trkpt>
      <trkpt lat="48.31291" lon="-1.43543">
        <ele>73.2</ele>
      </trkpt>
      <trkpt lat="48.31288" lon="-1.43536">
        <ele>73.5</ele>
      </trkpt>
      <trkpt lat="48.31286" lon="-1.4353">
        <ele>73.7</ele>
      </trkpt>
      <trkpt lat="48.31284" lon="-1.43523">
        <ele>74.3</ele>
      </trkpt>
      <trkpt lat="48.31282" lon="-1.43516">
        <ele>75.1</ele>
      </trkpt>
      <trkpt lat="48.31283" lon="-1.43509">
        <ele>74.6</ele>
      </trkpt>
      <trkpt lat="48.31284" lon="-1.43501">
        <ele>74.1</ele>
      </trkpt>
      <trkpt lat="48.31285" lon="-1.43494">
        <ele>73.7</ele>
      </trkpt>
      <trkpt lat="48.31287" lon="-1.43486">
        <ele>72.9</ele>
      </trkpt>
      <trkpt lat="48.31288" lon="-1.43479">
        <ele>72.5</ele>
      </trkpt>
      <trkpt lat="48.31289" lon="-1.43471">
        <ele>72.1</ele>
      </trkpt>
      <trkpt lat="48.3129" lon="-1.43464">
        <ele>71.7</ele>
      </trkpt>
      <trkpt lat="48.31291" lon="-1.43456">
        <ele>71.3</ele>
      </trkpt>
      <trkpt lat="48.31292" lon="-1.43449">
        <ele>70.9</ele>
      </trkpt>
      <trkpt lat="48.31293" lon="-1.43441">
        <ele>70.5</ele>
      </trkpt>
      <trkpt lat="48.31294" lon="-1.43434">
        <ele>70</ele>
      </trkpt>
      <trkpt lat="48.31296" lon="-1.43426">
        <ele>69.2</ele>
      </trkpt>
      <trkpt lat="48.31297" lon="-1.43419">
        <ele>68.8</ele>
      </trkpt>
      <trkpt lat="48.31298" lon="-1.43411">
        <ele>68.5</ele>
      </trkpt>
      <trkpt lat="48.31299" lon="-1.43404">
        <ele>68.4</ele>
      </trkpt>
      <trkpt lat="48.313" lon="-1.43396">
        <ele>68.2</ele>
      </trkpt>
      <trkpt lat="48.31302" lon="-1.43386">
        <ele>68</ele>
      </trkpt>
      <trkpt lat="48.31304" lon="-1.43376">
        <ele>67.8</ele>
      </trkpt>
      <trkpt lat="48.31306" lon="-1.43366">
        <ele>67.6</ele>
      </trkpt>
      <trkpt lat="48.31308" lon="-1.43356">
        <ele>67</ele>
      </trkpt>
      <trkpt lat="48.31309" lon="-1.43345">
        <ele>67</ele>
      </trkpt>
      <trkpt lat="48.31311" lon="-1.43335">
        <ele>66.4</ele>
      </trkpt>
      <trkpt lat="48.31313" lon="-1.43325">
        <ele>65.2</ele>
      </trkpt>
      <trkpt lat="48.31315" lon="-1.43315">
        <ele>64.2</ele>
      </trkpt>
      <trkpt lat="48.31319" lon="-1.43306">
        <ele>62.6</ele>
      </trkpt>
      <trkpt lat="48.31322" lon="-1.43296">
        <ele>61.9</ele>
      </trkpt>
      <trkpt lat="48.31327" lon="-1.43286">
        <ele>60.6</ele>
      </trkpt>
      <trkpt lat="48.31328" lon="-1.43276">
        <ele>60.6</ele>
      </trkpt>
      <trkpt lat="48.31329" lon="-1.43266">
        <ele>60.9</ele>
      </trkpt>
      <trkpt lat="48.3133" lon="-1.43255">
        <ele>61.3</ele>
      </trkpt>
      <trkpt lat="48.31331" lon="-1.43245">
        <ele>61.4</ele>
      </trkpt>
      <trkpt lat="48.31331" lon="-1.43235">
        <ele>61.4</ele>
      </trkpt>
      <trkpt lat="48.31332" lon="-1.43225">
        <ele>61.2</ele>
      </trkpt>
      <trkpt lat="48.31333" lon="-1.43214">
        <ele>60.5</ele>
      </trkpt>
      <trkpt lat="48.31334" lon="-1.43204">
        <ele>59.5</ele>
      </trkpt>
      <trkpt lat="48.31333" lon="-1.43202">
        <ele>59.6</ele>
        <extensions>
          <visugpx:TrkExtension xmlns:visugpx="https://www.visugpx.com/editgpx/">
            <visugpx:node>4</visugpx:node>
            </visugpx:TrkExtension>
        </extensions>
      </trkpt>
      <trkpt lat="48.31329" lon="-1.43197">
        <ele>60.1</ele>
      </trkpt>
      <trkpt lat="48.31325" lon="-1.43191">
        <ele>60</ele>
      </trkpt>
      <trkpt lat="48.31318" lon="-1.4319">
        <ele>61.4</ele>
      </trkpt>
      <trkpt lat="48.31311" lon="-1.43189">
        <ele>62.8</ele>
      </trkpt>
      <trkpt lat="48.31303" lon="-1.43188">
        <ele>63.8</ele>
      </trkpt>
      <trkpt lat="48.31296" lon="-1.43187">
        <ele>63.3</ele>
      </trkpt>
      <trkpt lat="48.3129" lon="-1.43184">
        <ele>62.3</ele>
      </trkpt>
      <trkpt lat="48.31284" lon="-1.43182">
        <ele>61.4</ele>
      </trkpt>
      <trkpt lat="48.31278" lon="-1.43179">
        <ele>60</ele>
      </trkpt>
      <trkpt lat="48.31272" lon="-1.43177">
        <ele>60.3</ele>
      </trkpt>
      <trkpt lat="48.31266" lon="-1.43174">
        <ele>60.6</ele>
      </trkpt>
      <trkpt lat="48.3126" lon="-1.43171">
        <ele>61.2</ele>
      </trkpt>
      <trkpt lat="48.31254" lon="-1.43169">
        <ele>62.2</ele>
      </trkpt>
      <trkpt lat="48.31248" lon="-1.43166">
        <ele>62.6</ele>
      </trkpt>
      <trkpt lat="48.31241" lon="-1.43164">
        <ele>61.7</ele>
      </trkpt>
      <trkpt lat="48.31234" lon="-1.43162">
        <ele>61.1</ele>
      </trkpt>
      <trkpt lat="48.31226" lon="-1.4316">
        <ele>60.8</ele>
      </trkpt>
      <trkpt lat="48.31219" lon="-1.43158">
        <ele>59.4</ele>
      </trkpt>
      <trkpt lat="48.31216" lon="-1.43163">
        <ele>60.5</ele>
      </trkpt>
      <trkpt lat="48.31212" lon="-1.43168">
        <ele>60.9</ele>
      </trkpt>
      <trkpt lat="48.31208" lon="-1.43171">
        <ele>60.2</ele>
      </trkpt>
      <trkpt lat="48.31203" lon="-1.43174">
        <ele>59.5</ele>
      </trkpt>
      <trkpt lat="48.31199" lon="-1.43178">
        <ele>59.6</ele>
      </trkpt>
      <trkpt lat="48.31196" lon="-1.43182">
        <ele>60.2</ele>
      </trkpt>
      <trkpt lat="48.31192" lon="-1.43186">
        <ele>60.7</ele>
      </trkpt>
      <trkpt lat="48.31188" lon="-1.4319">
        <ele>61.1</ele>
      </trkpt>
      <trkpt lat="48.31185" lon="-1.43194">
        <ele>61.8</ele>
      </trkpt>
      <trkpt lat="48.31181" lon="-1.43198">
        <ele>61.7</ele>
      </trkpt>
      <trkpt lat="48.31177" lon="-1.43202">
        <ele>61.8</ele>
      </trkpt>
      <trkpt lat="48.31174" lon="-1.43207">
        <ele>62.5</ele>
      </trkpt>
      <trkpt lat="48.3117" lon="-1.43211">
        <ele>63.1</ele>
      </trkpt>
      <trkpt lat="48.31166" lon="-1.43215">
        <ele>63.7</ele>
      </trkpt>
      <trkpt lat="48.31162" lon="-1.43219">
        <ele>63.4</ele>
      </trkpt>
      <trkpt lat="48.31159" lon="-1.43223">
        <ele>63.4</ele>
      </trkpt>
      <trkpt lat="48.31155" lon="-1.43227">
        <ele>63</ele>
      </trkpt>
      <trkpt lat="48.31151" lon="-1.43231">
        <ele>63.1</ele>
      </trkpt>
      <trkpt lat="48.31148" lon="-1.43235">
        <ele>63.8</ele>
      </trkpt>
      <trkpt lat="48.31144" lon="-1.43239">
        <ele>64.6</ele>
      </trkpt>
      <trkpt lat="48.31142" lon="-1.43239">
        <ele>64.3</ele>
        <extensions>
          <visugpx:TrkExtension xmlns:visugpx="https://www.visugpx.com/editgpx/">
            <visugpx:node>5</visugpx:node>
            </visugpx:TrkExtension>
        </extensions>
      </trkpt>
      <trkpt lat="48.31134" lon="-1.4324">
        <ele>63.5</ele>
      </trkpt>
      <trkpt lat="48.31127" lon="-1.43242">
        <ele>63.3</ele>
      </trkpt>
      <trkpt lat="48.31119" lon="-1.43243">
        <ele>62.5</ele>
      </trkpt>
      <trkpt lat="48.31111" lon="-1.43244">
        <ele>61.8</ele>
      </trkpt>
      <trkpt lat="48.31103" lon="-1.43245">
        <ele>61.6</ele>
      </trkpt>
      <trkpt lat="48.31096" lon="-1.43247">
        <ele>61.9</ele>
      </trkpt>
      <trkpt lat="48.31088" lon="-1.43248">
        <ele>61.6</ele>
      </trkpt>
      <trkpt lat="48.3108" lon="-1.43249">
        <ele>61.6</ele>
      </trkpt>
      <trkpt lat="48.31075" lon="-1.43248">
        <ele>61.2</ele>
      </trkpt>
      <trkpt lat="48.31071" lon="-1.43248">
        <ele>61.2</ele>
      </trkpt>
      <trkpt lat="48.31066" lon="-1.43247">
        <ele>60.8</ele>
      </trkpt>
      <trkpt lat="48.31061" lon="-1.43246">
        <ele>60.4</ele>
      </trkpt>
      <trkpt lat="48.31055" lon="-1.43247">
        <ele>60.8</ele>
      </trkpt>
      <trkpt lat="48.31049" lon="-1.43247">
        <ele>61</ele>
      </trkpt>
      <trkpt lat="48.31043" lon="-1.43248">
        <ele>61.7</ele>
      </trkpt>
      <trkpt lat="48.31038" lon="-1.43249">
        <ele>62.2</ele>
      </trkpt>
      <trkpt lat="48.31032" lon="-1.43249">
        <ele>62.5</ele>
      </trkpt>
      <trkpt lat="48.31026" lon="-1.4325">
        <ele>62.9</ele>
      </trkpt>
      <trkpt lat="48.3102" lon="-1.4325">
        <ele>62.4</ele>
      </trkpt>
      <trkpt lat="48.31014" lon="-1.43251">
        <ele>62.1</ele>
      </trkpt>
      <trkpt lat="48.31007" lon="-1.43252">
        <ele>61.8</ele>
      </trkpt>
      <trkpt lat="48.30999" lon="-1.43253">
        <ele>61.4</ele>
      </trkpt>
      <trkpt lat="48.30992" lon="-1.43254">
        <ele>61.3</ele>
      </trkpt>
      <trkpt lat="48.30985" lon="-1.43255">
        <ele>61.2</ele>
      </trkpt>
      <trkpt lat="48.30977" lon="-1.43256">
        <ele>61</ele>
      </trkpt>
      <trkpt lat="48.3097" lon="-1.43257">
        <ele>60.7</ele>
      </trkpt>
      <trkpt lat="48.30962" lon="-1.43258">
        <ele>59.7</ele>
      </trkpt>
      <trkpt lat="48.30955" lon="-1.43259">
        <ele>59</ele>
      </trkpt>
      <trkpt lat="48.3095" lon="-1.43262">
        <ele>59.1</ele>
      </trkpt>
      <trkpt lat="48.30945" lon="-1.43265">
        <ele>59.4</ele>
      </trkpt>
      <trkpt lat="48.3094" lon="-1.43268">
        <ele>59.5</ele>
      </trkpt>
      <trkpt lat="48.30936" lon="-1.43271">
        <ele>59.7</ele>
      </trkpt>
      <trkpt lat="48.30931" lon="-1.43273">
        <ele>59.4</ele>
      </trkpt>
      <trkpt lat="48.30926" lon="-1.43276">
        <ele>59.3</ele>
      </trkpt>
      <trkpt lat="48.30921" lon="-1.43279">
        <ele>58.9</ele>
      </trkpt>
      <trkpt lat="48.30916" lon="-1.43282">
        <ele>58.2</ele>
      </trkpt>
      <trkpt lat="48.30911" lon="-1.43283">
        <ele>57.8</ele>
      </trkpt>
      <trkpt lat="48.30905" lon="-1.43284">
        <ele>57.2</ele>
      </trkpt>
      <trkpt lat="48.309" lon="-1.43285">
        <ele>56.7</ele>
      </trkpt>
      <trkpt lat="48.30895" lon="-1.43286">
        <ele>56.3</ele>
      </trkpt>
      <trkpt lat="48.30889" lon="-1.43286">
        <ele>55.6</ele>
      </trkpt>
      <trkpt lat="48.30884" lon="-1.43287">
        <ele>55.3</ele>
      </trkpt>
      <trkpt lat="48.30878" lon="-1.43288">
        <ele>54.8</ele>
      </trkpt>
      <trkpt lat="48.30873" lon="-1.43289">
        <ele>54.4</ele>
      </trkpt>
      <trkpt lat="48.30867" lon="-1.4329">
        <ele>54</ele>
      </trkpt>
      <trkpt lat="48.30861" lon="-1.43291">
        <ele>53.5</ele>
      </trkpt>
      <trkpt lat="48.30854" lon="-1.43291">
        <ele>53.4</ele>
      </trkpt>
      <trkpt lat="48.30848" lon="-1.43292">
        <ele>53.3</ele>
      </trkpt>
      <trkpt lat="48.30842" lon="-1.43293">
        <ele>53.2</ele>
      </trkpt>
      <trkpt lat="48.30836" lon="-1.43294">
        <ele>53.1</ele>
      </trkpt>
      <trkpt lat="48.30829" lon="-1.43294">
        <ele>53.4</ele>
      </trkpt>
      <trkpt lat="48.30823" lon="-1.43295">
        <ele>54.1</ele>
        <extensions>
          <visugpx:TrkExtension xmlns:visugpx="https://www.visugpx.com/editgpx/">
            <visugpx:node>6</visugpx:node>
            </visugpx:TrkExtension>
        </extensions>
      </trkpt>
      <trkpt lat="48.30823" lon="-1.43291">
        <ele>53.9</ele>
      </trkpt>
      <trkpt lat="48.30817" lon="-1.4329">
        <ele>54.4</ele>
      </trkpt>
      <trkpt lat="48.30812" lon="-1.4329">
        <ele>54.8</ele>
      </trkpt>
      <trkpt lat="48.30806" lon="-1.43289">
        <ele>55.2</ele>
      </trkpt>
      <trkpt lat="48.308" lon="-1.43289">
        <ele>55.3</ele>
      </trkpt>
      <trkpt lat="48.30795" lon="-1.43288">
        <ele>55.3</ele>
      </trkpt>
      <trkpt lat="48.30789" lon="-1.43288">
        <ele>55.5</ele>
      </trkpt>
      <trkpt lat="48.30783" lon="-1.43287">
        <ele>55.5</ele>
      </trkpt>
      <trkpt lat="48.30778" lon="-1.43287">
        <ele>55.7</ele>
      </trkpt>
      <trkpt lat="48.30772" lon="-1.43286">
        <ele>55.6</ele>
      </trkpt>
      <trkpt lat="48.30766" lon="-1.43285">
        <ele>55.5</ele>
      </trkpt>
      <trkpt lat="48.3076" lon="-1.43285">
        <ele>55.5</ele>
      </trkpt>
      <trkpt lat="48.30755" lon="-1.43284">
        <ele>55.4</ele>
        <extensions>
          <visugpx:TrkExtension xmlns:visugpx="https://www.visugpx.com/editgpx/">
            <visugpx:node>7</visugpx:node>
            </visugpx:TrkExtension>
        </extensions>
      </trkpt>
      <trkpt lat="48.30748" lon="-1.43281">
        <ele>55.3</ele>
      </trkpt>
      <trkpt lat="48.30741" lon="-1.43278">
        <ele>55.3</ele>
      </trkpt>
      <trkpt lat="48.30733" lon="-1.43275">
        <ele>55.4</ele>
      </trkpt>
      <trkpt lat="48.30726" lon="-1.43272">
        <ele>55.3</ele>
      </trkpt>
      <trkpt lat="48.30726" lon="-1.43285">
        <ele>56.2</ele>
      </trkpt>
      <trkpt lat="48.30726" lon="-1.43297">
        <ele>56.7</ele>
      </trkpt>
      <trkpt lat="48.30729" lon="-1.43306">
        <ele>57</ele>
        <extensions>
          <visugpx:TrkExtension xmlns:visugpx="https://www.visugpx.com/editgpx/">
            <visugpx:node>8</visugpx:node>
            </visugpx:TrkExtension>
        </extensions>
      </trkpt>
      <trkpt lat="48.3073" lon="-1.4331">
        <ele>57.1</ele>
      </trkpt>
      <trkpt lat="48.3073" lon="-1.43321">
        <ele>57.4</ele>
      </trkpt>
      <trkpt lat="48.30728" lon="-1.4333">
        <ele>57.7</ele>
        <extensions>
          <visugpx:TrkExtension xmlns:visugpx="https://www.visugpx.com/editgpx/">
            <visugpx:node>9</visugpx:node>
            </visugpx:TrkExtension>
        </extensions>
      </trkpt>
    </trkseg>
  </trk>
</gpx>