<?xml version="1.0" encoding="UTF-8" standalone="no"?>
<gpx xmlns="http://www.topografix.com/GPX/1/1" version="1.1" xmlns:xsi="http://www.w3.org/2001/XMLSchema-instance" xsi:schemaLocation="http://www.topografix.com/GPX/1/1 http://www.topografix.com/GPX/1/1/gpx.xsd" creator="Cirkwi"><metadata><name><![CDATA[Liffré - Le point du jour]]></name><desc><![CDATA[Ce circuit permet de découvrir le bocage environnant le sud de Liffré avec panoramas en direction de la forêt de Sévailles, la Vallée de la Chèvre, les carrières de Chevré. Passage à proximité de l’étang du Moulin, l’étang de Sérigné et traversée du joli village de Sérigné Au départ, traversez la rue Aristide Briand pour vous engager dans une ruelle entre 2 maisons.]]></desc><author><name><![CDATA[Club Aubinois]]></name></author><link href="http://fichier0.cirkwi.com/image/photo/circuit/1300x1300/168446/fr/0.jpg"><text><![CDATA[|]]></text></link><time>2024-12-23T16:37:31Z</time></metadata><wpt lat="48.2132568" lon="-1.5009433"><ele>91</ele><name><![CDATA[Parc des senteurs]]></name><desc></desc></wpt><trk><trkseg><trkpt lat="48.21341" lon="-1.50429"><ele>95.86</ele></trkpt><trkpt lat="48.21349" lon="-1.50422"><ele>95.86</ele></trkpt><trkpt lat="48.21348" lon="-1.50424"><ele>95.9</ele></trkpt><trkpt lat="48.21347" lon="-1.50425"><ele>95.9</ele></trkpt><trkpt lat="48.21346" lon="-1.50426"><ele>95.9</ele></trkpt><trkpt lat="48.21345" lon="-1.50429"><ele>95.91</ele></trkpt><trkpt lat="48.21344" lon="-1.50432"><ele>95.97</ele></trkpt><trkpt lat="48.21342" lon="-1.50432"><ele>95.97</ele></trkpt><trkpt lat="48.21342" lon="-1.50429"><ele>95.91</ele></trkpt><trkpt lat="48.21342" lon="-1.50428"><ele>95.91</ele></trkpt><trkpt lat="48.21342" lon="-1.50426"><ele>95.86</ele></trkpt><trkpt lat="48.21342" lon="-1.50425"><ele>95.86</ele></trkpt><trkpt lat="48.21342" lon="-1.50421"><ele>95.8</ele></trkpt><trkpt lat="48.21338" lon="-1.50419"><ele>95.75</ele></trkpt><trkpt lat="48.21338" lon="-1.50416"><ele>95.69</ele></trkpt><trkpt lat="48.21337" lon="-1.50414"><ele>95.66</ele></trkpt><trkpt lat="48.21336" lon="-1.50412"><ele>95.58</ele></trkpt><trkpt lat="48.21334" lon="-1.5041"><ele>95.58</ele></trkpt><trkpt lat="48.21334" lon="-1.50408"><ele>95.48</ele></trkpt><trkpt lat="48.21333" lon="-1.50406"><ele>95.48</ele></trkpt><trkpt lat="48.21333" lon="-1.50404"><ele>95.36</ele></trkpt><trkpt lat="48.21333" lon="-1.50402"><ele>95.36</ele></trkpt><trkpt lat="48.21333" lon="-1.504"><ele>95.24</ele></trkpt><trkpt lat="48.21334" lon="-1.50398"><ele>95.24</ele></trkpt><trkpt lat="48.21334" lon="-1.50394"><ele>95.13</ele></trkpt><trkpt lat="48.21334" lon="-1.50391"><ele>95.04</ele></trkpt><trkpt lat="48.21335" lon="-1.50387"><ele>94.97</ele></trkpt><trkpt lat="48.21336" lon="-1.50384"><ele>94.97</ele></trkpt><trkpt lat="48.21336" lon="-1.50383"><ele>94.9</ele></trkpt><trkpt lat="48.21336" lon="-1.50381"><ele>94.9</ele></trkpt><trkpt lat="48.21335" lon="-1.5038"><ele>94.9</ele></trkpt><trkpt lat="48.21335" lon="-1.50377"><ele>94.83</ele></trkpt><trkpt lat="48.21336" lon="-1.50375"><ele>94.79</ele></trkpt><trkpt lat="48.21335" lon="-1.50372"><ele>94.79</ele></trkpt><trkpt lat="48.21336" lon="-1.5037"><ele>94.73</ele></trkpt><trkpt lat="48.21337" lon="-1.50366"><ele>94.7</ele></trkpt><trkpt lat="48.21338" lon="-1.50365"><ele>94.71</ele></trkpt><trkpt lat="48.2134" lon="-1.50362"><ele>94.7</ele></trkpt><trkpt lat="48.21342" lon="-1.5036"><ele>94.7</ele></trkpt><trkpt lat="48.21342" lon="-1.50359"><ele>94.7</ele></trkpt><trkpt lat="48.21344" lon="-1.50357"><ele>94.67</ele></trkpt><trkpt lat="48.21345" lon="-1.50356"><ele>94.67</ele></trkpt><trkpt lat="48.21346" lon="-1.50353"><ele>94.61</ele></trkpt><trkpt lat="48.21349" lon="-1.5035"><ele>94.61</ele></trkpt><trkpt lat="48.21349" lon="-1.50348"><ele>94.6</ele></trkpt><trkpt lat="48.2135" lon="-1.50345"><ele>94.56</ele></trkpt><trkpt lat="48.21352" lon="-1.50343"><ele>94.55</ele></trkpt><trkpt lat="48.21354" lon="-1.50342"><ele>94.55</ele></trkpt><trkpt lat="48.21355" lon="-1.50341"><ele>94.48</ele></trkpt><trkpt lat="48.21358" lon="-1.50338"><ele>94.48</ele></trkpt><trkpt lat="48.21359" lon="-1.50336"><ele>94.39</ele></trkpt><trkpt lat="48.2136" lon="-1.50335"><ele>94.39</ele></trkpt><trkpt lat="48.21362" lon="-1.50332"><ele>94.33</ele></trkpt><trkpt lat="48.21363" lon="-1.50331"><ele>94.3</ele></trkpt><trkpt lat="48.21365" lon="-1.50329"><ele>94.3</ele></trkpt><trkpt lat="48.21368" lon="-1.50326"><ele>94.2</ele></trkpt><trkpt lat="48.21369" lon="-1.50324"><ele>94.2</ele></trkpt><trkpt lat="48.21371" lon="-1.50322"><ele>94.14</ele></trkpt><trkpt lat="48.21372" lon="-1.5032"><ele>94.11</ele></trkpt><trkpt lat="48.21373" lon="-1.50317"><ele>94.05</ele></trkpt><trkpt lat="48.21375" lon="-1.50316"><ele>94.05</ele></trkpt><trkpt lat="48.21378" lon="-1.50313"><ele>93.96</ele></trkpt><trkpt lat="48.21378" lon="-1.50311"><ele>93.96</ele></trkpt><trkpt lat="48.21379" lon="-1.50309"><ele>93.9</ele></trkpt><trkpt lat="48.21381" lon="-1.50306"><ele>93.81</ele></trkpt><trkpt lat="48.21383" lon="-1.50303"><ele>93.81</ele></trkpt><trkpt lat="48.21384" lon="-1.503"><ele>93.76</ele></trkpt><trkpt lat="48.21386" lon="-1.50299"><ele>93.71</ele></trkpt><trkpt lat="48.21386" lon="-1.50296"><ele>93.66</ele></trkpt><trkpt lat="48.21387" lon="-1.50295"><ele>93.66</ele></trkpt><trkpt lat="48.21388" lon="-1.50291"><ele>93.6</ele></trkpt><trkpt lat="48.21389" lon="-1.50289"><ele>93.51</ele></trkpt><trkpt lat="48.21391" lon="-1.50287"><ele>93.51</ele></trkpt><trkpt lat="48.21391" lon="-1.50285"><ele>93.46</ele></trkpt><trkpt lat="48.21391" lon="-1.50283"><ele>93.46</ele></trkpt><trkpt lat="48.21392" lon="-1.50279"><ele>93.4</ele></trkpt><trkpt lat="48.21395" lon="-1.50277"><ele>93.37</ele></trkpt><trkpt lat="48.21397" lon="-1.50275"><ele>93.31</ele></trkpt><trkpt lat="48.214" lon="-1.50275"><ele>93.27</ele></trkpt><trkpt lat="48.21402" lon="-1.50273"><ele>93.22</ele></trkpt><trkpt lat="48.21404" lon="-1.50271"><ele>93.17</ele></trkpt><trkpt lat="48.21407" lon="-1.50269"><ele>93.11</ele></trkpt><trkpt lat="48.21408" lon="-1.50267"><ele>93.05</ele></trkpt><trkpt lat="48.21411" lon="-1.50266"><ele>92.97</ele></trkpt><trkpt lat="48.21412" lon="-1.50263"><ele>92.9</ele></trkpt><trkpt lat="48.21412" lon="-1.5026"><ele>92.9</ele></trkpt><trkpt lat="48.21413" lon="-1.50258"><ele>92.82</ele></trkpt><trkpt lat="48.21414" lon="-1.50256"><ele>92.82</ele></trkpt><trkpt lat="48.21416" lon="-1.50253"><ele>92.65</ele></trkpt><trkpt lat="48.21416" lon="-1.50251"><ele>92.65</ele></trkpt><trkpt lat="48.21417" lon="-1.50249"><ele>92.59</ele></trkpt><trkpt lat="48.21418" lon="-1.50245"><ele>92.53</ele></trkpt><trkpt lat="48.21419" lon="-1.50242"><ele>92.48</ele></trkpt><trkpt lat="48.2142" lon="-1.5024"><ele>92.48</ele></trkpt><trkpt lat="48.21421" lon="-1.50235"><ele>92.41</ele></trkpt><trkpt lat="48.21421" lon="-1.50232"><ele>92.38</ele></trkpt><trkpt lat="48.2142" lon="-1.50228"><ele>92.32</ele></trkpt><trkpt lat="48.21419" lon="-1.50224"><ele>92.29</ele></trkpt><trkpt lat="48.21418" lon="-1.50221"><ele>92.35</ele></trkpt><trkpt lat="48.21418" lon="-1.50219"><ele>92.31</ele></trkpt><trkpt lat="48.21418" lon="-1.50218"><ele>92.31</ele></trkpt><trkpt lat="48.21418" lon="-1.50214"><ele>92.29</ele></trkpt><trkpt lat="48.21419" lon="-1.50214"><ele>92.22</ele></trkpt><trkpt lat="48.2142" lon="-1.50212"><ele>92.15</ele></trkpt><trkpt lat="48.21418" lon="-1.5021"><ele>92.26</ele></trkpt><trkpt lat="48.21418" lon="-1.50208"><ele>92.26</ele></trkpt><trkpt lat="48.21419" lon="-1.50206"><ele>92.07</ele></trkpt><trkpt lat="48.2142" lon="-1.50202"><ele>91.96</ele></trkpt><trkpt lat="48.21419" lon="-1.50198"><ele>91.83</ele></trkpt><trkpt lat="48.21419" lon="-1.50196"><ele>91.83</ele></trkpt><trkpt lat="48.2142" lon="-1.50193"><ele>91.71</ele></trkpt><trkpt lat="48.21421" lon="-1.50193"><ele>91.71</ele></trkpt><trkpt lat="48.21423" lon="-1.50192"><ele>91.71</ele></trkpt><trkpt lat="48.21424" lon="-1.5019"><ele>91.37</ele></trkpt><trkpt lat="48.21425" lon="-1.50188"><ele>91.37</ele></trkpt><trkpt lat="48.21426" lon="-1.50185"><ele>91.28</ele></trkpt><trkpt lat="48.21427" lon="-1.50183"><ele>91.28</ele></trkpt><trkpt lat="48.21428" lon="-1.50181"><ele>91.09</ele></trkpt><trkpt lat="48.21431" lon="-1.5018"><ele>91.09</ele></trkpt><trkpt lat="48.21432" lon="-1.50178"><ele>90.97</ele></trkpt><trkpt lat="48.21434" lon="-1.50175"><ele>90.92</ele></trkpt><trkpt lat="48.21435" lon="-1.50172"><ele>90.85</ele></trkpt><trkpt lat="48.21436" lon="-1.5017"><ele>90.76</ele></trkpt><trkpt lat="48.21437" lon="-1.50168"><ele>90.7</ele></trkpt><trkpt lat="48.21438" lon="-1.50166"><ele>90.7</ele></trkpt><trkpt lat="48.21439" lon="-1.50164"><ele>90.64</ele></trkpt><trkpt lat="48.21441" lon="-1.50161"><ele>90.56</ele></trkpt><trkpt lat="48.21442" lon="-1.50157"><ele>90.49</ele></trkpt><trkpt lat="48.21443" lon="-1.50154"><ele>90.41</ele></trkpt><trkpt lat="48.21443" lon="-1.5015"><ele>90.33</ele></trkpt><trkpt lat="48.21444" lon="-1.50146"><ele>90.25</ele></trkpt><trkpt lat="48.21444" lon="-1.50143"><ele>90.18</ele></trkpt><trkpt lat="48.21442" lon="-1.50142"><ele>90.18</ele></trkpt><trkpt lat="48.21441" lon="-1.5014"><ele>90.18</ele></trkpt><trkpt lat="48.2144" lon="-1.50139"><ele>90.25</ele></trkpt><trkpt lat="48.21439" lon="-1.50137"><ele>90.25</ele></trkpt><trkpt lat="48.21439" lon="-1.50133"><ele>90.21</ele></trkpt><trkpt lat="48.21437" lon="-1.50132"><ele>90.21</ele></trkpt><trkpt lat="48.21435" lon="-1.50129"><ele>90.4</ele></trkpt><trkpt lat="48.21434" lon="-1.50128"><ele>90.4</ele></trkpt><trkpt lat="48.21432" lon="-1.50125"><ele>90.37</ele></trkpt><trkpt lat="48.21431" lon="-1.5012"><ele>90.68</ele></trkpt><trkpt lat="48.2143" lon="-1.50119"><ele>90.68</ele></trkpt><trkpt lat="48.2143" lon="-1.50116"><ele>90.62</ele></trkpt><trkpt lat="48.2143" lon="-1.50113"><ele>90.54</ele></trkpt><trkpt lat="48.21429" lon="-1.50109"><ele>90.44</ele></trkpt><trkpt lat="48.21429" lon="-1.50105"><ele>90.44</ele></trkpt><trkpt lat="48.21429" lon="-1.50102"><ele>90.34</ele></trkpt><trkpt lat="48.21429" lon="-1.50098"><ele>90.21</ele></trkpt><trkpt lat="48.21429" lon="-1.50095"><ele>90.04</ele></trkpt><trkpt lat="48.21429" lon="-1.50093"><ele>90.04</ele></trkpt><trkpt lat="48.21429" lon="-1.5009"><ele>89.84</ele></trkpt><trkpt lat="48.2143" lon="-1.50088"><ele>89.84</ele></trkpt><trkpt lat="48.21431" lon="-1.50084"><ele>89.63</ele></trkpt><trkpt lat="48.21431" lon="-1.50081"><ele>89.44</ele></trkpt><trkpt lat="48.2143" lon="-1.50077"><ele>89.26</ele></trkpt><trkpt lat="48.21429" lon="-1.50076"><ele>89.26</ele></trkpt><trkpt lat="48.21428" lon="-1.50072"><ele>89.1</ele></trkpt><trkpt lat="48.21428" lon="-1.5007"><ele>88.94</ele></trkpt><trkpt lat="48.21428" lon="-1.50068"><ele>88.94</ele></trkpt><trkpt lat="48.21426" lon="-1.50065"><ele>88.88</ele></trkpt><trkpt lat="48.21425" lon="-1.50064"><ele>88.88</ele></trkpt><trkpt lat="48.21424" lon="-1.5006"><ele>88.64</ele></trkpt><trkpt lat="48.21423" lon="-1.50056"><ele>88.65</ele></trkpt><trkpt lat="48.21423" lon="-1.50053"><ele>88.41</ele></trkpt><trkpt lat="48.21422" lon="-1.5005"><ele>88.41</ele></trkpt><trkpt lat="48.21421" lon="-1.50049"><ele>88.21</ele></trkpt><trkpt lat="48.2142" lon="-1.50047"><ele>88.21</ele></trkpt><trkpt lat="48.21418" lon="-1.50045"><ele>88.65</ele></trkpt><trkpt lat="48.21417" lon="-1.50044"><ele>88.35</ele></trkpt><trkpt lat="48.21416" lon="-1.50041"><ele>88.35</ele></trkpt><trkpt lat="48.21415" lon="-1.50039"><ele>88.14</ele></trkpt><trkpt lat="48.21414" lon="-1.50036"><ele>88.32</ele></trkpt><trkpt lat="48.21413" lon="-1.50035"><ele>88.32</ele></trkpt><trkpt lat="48.21412" lon="-1.50033"><ele>88.32</ele></trkpt><trkpt lat="48.21412" lon="-1.50029"><ele>88.14</ele></trkpt><trkpt lat="48.2141" lon="-1.50028"><ele>88.61</ele></trkpt><trkpt lat="48.2141" lon="-1.50026"><ele>88.35</ele></trkpt><trkpt lat="48.21408" lon="-1.50024"><ele>88.35</ele></trkpt><trkpt lat="48.21408" lon="-1.50021"><ele>88.17</ele></trkpt><trkpt lat="48.21407" lon="-1.50018"><ele>88.05</ele></trkpt><trkpt lat="48.21404" lon="-1.50011"><ele>88.18</ele></trkpt><trkpt lat="48.21402" lon="-1.50006"><ele>88.01</ele></trkpt><trkpt lat="48.21399" lon="-1.50003"><ele>88.21</ele></trkpt><trkpt lat="48.21399" lon="-1.5"><ele>88.11</ele></trkpt><trkpt lat="48.21396" lon="-1.49997"><ele>88.16</ele></trkpt><trkpt lat="48.21396" lon="-1.49995"><ele>88.16</ele></trkpt><trkpt lat="48.21395" lon="-1.49993"><ele>88.06</ele></trkpt><trkpt lat="48.21392" lon="-1.4999"><ele>88.24</ele></trkpt><trkpt lat="48.2139" lon="-1.49987"><ele>88.14</ele></trkpt><trkpt lat="48.21388" lon="-1.49984"><ele>88.34</ele></trkpt><trkpt lat="48.21387" lon="-1.49983"><ele>88.34</ele></trkpt><trkpt lat="48.21386" lon="-1.4998"><ele>88.32</ele></trkpt><trkpt lat="48.21384" lon="-1.49978"><ele>88.75</ele></trkpt><trkpt lat="48.21383" lon="-1.49978"><ele>88.75</ele></trkpt><trkpt lat="48.21381" lon="-1.49976"><ele>88.72</ele></trkpt><trkpt lat="48.2138" lon="-1.49973"><ele>89.17</ele></trkpt><trkpt lat="48.2138" lon="-1.49971"><ele>89.06</ele></trkpt><trkpt lat="48.2138" lon="-1.49969"><ele>89.06</ele></trkpt><trkpt lat="48.21379" lon="-1.49966"><ele>88.96</ele></trkpt><trkpt lat="48.21378" lon="-1.49964"><ele>88.96</ele></trkpt><trkpt lat="48.21377" lon="-1.49961"><ele>88.84</ele></trkpt><trkpt lat="48.21376" lon="-1.49958"><ele>88.71</ele></trkpt><trkpt lat="48.21376" lon="-1.49953"><ele>88.55</ele></trkpt><trkpt lat="48.21375" lon="-1.4995"><ele>88.44</ele></trkpt><trkpt lat="48.21373" lon="-1.49948"><ele>88.44</ele></trkpt><trkpt lat="48.21373" lon="-1.49945"><ele>88.21</ele></trkpt><trkpt lat="48.21373" lon="-1.49941"><ele>87.98</ele></trkpt><trkpt lat="48.21372" lon="-1.49938"><ele>87.98</ele></trkpt><trkpt lat="48.21372" lon="-1.49935"><ele>87.74</ele></trkpt><trkpt lat="48.21373" lon="-1.49933"><ele>87.49</ele></trkpt><trkpt lat="48.21374" lon="-1.49929"><ele>87.24</ele></trkpt><trkpt lat="48.21375" lon="-1.49927"><ele>87.24</ele></trkpt><trkpt lat="48.21375" lon="-1.49925"><ele>87.24</ele></trkpt><trkpt lat="48.21376" lon="-1.49921"><ele>86.93</ele></trkpt><trkpt lat="48.21377" lon="-1.49919"><ele>86.67</ele></trkpt><trkpt lat="48.21379" lon="-1.49917"><ele>86.67</ele></trkpt><trkpt lat="48.21379" lon="-1.49916"><ele>86.41</ele></trkpt><trkpt lat="48.21381" lon="-1.49913"><ele>86.3</ele></trkpt><trkpt lat="48.21382" lon="-1.49912"><ele>86.3</ele></trkpt><trkpt lat="48.21383" lon="-1.49909"><ele>86.07</ele></trkpt><trkpt lat="48.21384" lon="-1.49904"><ele>85.85</ele></trkpt><trkpt lat="48.21386" lon="-1.49901"><ele>85.55</ele></trkpt><trkpt lat="48.21387" lon="-1.49899"><ele>85.35</ele></trkpt><trkpt lat="48.21389" lon="-1.49895"><ele>85.3</ele></trkpt><trkpt lat="48.21391" lon="-1.49892"><ele>85.11</ele></trkpt><trkpt lat="48.21392" lon="-1.49889"><ele>84.92</ele></trkpt><trkpt lat="48.21393" lon="-1.49886"><ele>84.73</ele></trkpt><trkpt lat="48.21395" lon="-1.49885"><ele>84.73</ele></trkpt><trkpt lat="48.21397" lon="-1.49883"><ele>84.73</ele></trkpt><trkpt lat="48.21399" lon="-1.49879"><ele>84.56</ele></trkpt><trkpt lat="48.21402" lon="-1.49877"><ele>84.37</ele></trkpt><trkpt lat="48.21403" lon="-1.49873"><ele>84.17</ele></trkpt><trkpt lat="48.21405" lon="-1.4987"><ele>84.17</ele></trkpt><trkpt lat="48.21407" lon="-1.49867"><ele>83.84</ele></trkpt><trkpt lat="48.21408" lon="-1.49864"><ele>83.64</ele></trkpt><trkpt lat="48.21409" lon="-1.4986"><ele>83.47</ele></trkpt><trkpt lat="48.21411" lon="-1.49857"><ele>83.45</ele></trkpt><trkpt lat="48.21412" lon="-1.49856"><ele>83.33</ele></trkpt><trkpt lat="48.21414" lon="-1.49855"><ele>83.33</ele></trkpt><trkpt lat="48.21417" lon="-1.49851"><ele>83.29</ele></trkpt><trkpt lat="48.21418" lon="-1.49847"><ele>83.2</ele></trkpt><trkpt lat="48.21419" lon="-1.49844"><ele>83.24</ele></trkpt><trkpt lat="48.2142" lon="-1.49841"><ele>83.12</ele></trkpt><trkpt lat="48.2142" lon="-1.49839"><ele>83.12</ele></trkpt><trkpt lat="48.21421" lon="-1.49837"><ele>83</ele></trkpt><trkpt lat="48.21424" lon="-1.49833"><ele>82.83</ele></trkpt><trkpt lat="48.21425" lon="-1.4983"><ele>82.69</ele></trkpt><trkpt lat="48.21428" lon="-1.49827"><ele>82.61</ele></trkpt><trkpt lat="48.21429" lon="-1.49825"><ele>82.47</ele></trkpt><trkpt lat="48.2143" lon="-1.49824"><ele>82.47</ele></trkpt><trkpt lat="48.21431" lon="-1.49823"><ele>82.47</ele></trkpt><trkpt lat="48.21432" lon="-1.4982"><ele>82.24</ele></trkpt><trkpt lat="48.21434" lon="-1.49819"><ele>82.24</ele></trkpt><trkpt lat="48.21437" lon="-1.49816"><ele>82.01</ele></trkpt><trkpt lat="48.21439" lon="-1.49812"><ele>81.87</ele></trkpt><trkpt lat="48.21441" lon="-1.4981"><ele>81.76</ele></trkpt><trkpt lat="48.21442" lon="-1.49807"><ele>81.63</ele></trkpt><trkpt lat="48.21444" lon="-1.49804"><ele>81.48</ele></trkpt><trkpt lat="48.21445" lon="-1.49802"><ele>81.35</ele></trkpt><trkpt lat="48.21447" lon="-1.498"><ele>81.21</ele></trkpt><trkpt lat="48.21449" lon="-1.49798"><ele>81.06</ele></trkpt><trkpt lat="48.2145" lon="-1.49795"><ele>80.92</ele></trkpt><trkpt lat="48.21452" lon="-1.49793"><ele>80.92</ele></trkpt><trkpt lat="48.21453" lon="-1.49791"><ele>80.77</ele></trkpt><trkpt lat="48.21455" lon="-1.49788"><ele>80.61</ele></trkpt><trkpt lat="48.21456" lon="-1.49785"><ele>80.47</ele></trkpt><trkpt lat="48.21457" lon="-1.49784"><ele>80.47</ele></trkpt><trkpt lat="48.2146" lon="-1.4978"><ele>80.16</ele></trkpt><trkpt lat="48.21462" lon="-1.49777"><ele>79.85</ele></trkpt><trkpt lat="48.21463" lon="-1.49774"><ele>79.71</ele></trkpt><trkpt lat="48.21466" lon="-1.49771"><ele>79.55</ele></trkpt><trkpt lat="48.21467" lon="-1.49769"><ele>79.41</ele></trkpt><trkpt lat="48.21469" lon="-1.49767"><ele>79.41</ele></trkpt><trkpt lat="48.2147" lon="-1.49764"><ele>79.27</ele></trkpt><trkpt lat="48.21471" lon="-1.4976"><ele>78.96</ele></trkpt><trkpt lat="48.21472" lon="-1.49756"><ele>78.82</ele></trkpt><trkpt lat="48.21473" lon="-1.49752"><ele>78.71</ele></trkpt><trkpt lat="48.21475" lon="-1.49749"><ele>78.63</ele></trkpt><trkpt lat="48.21477" lon="-1.49748"><ele>78.6</ele></trkpt><trkpt lat="48.21479" lon="-1.49748"><ele>78.57</ele></trkpt><trkpt lat="48.21481" lon="-1.4975"><ele>78.65</ele></trkpt><trkpt lat="48.21482" lon="-1.49753"><ele>78.65</ele></trkpt><trkpt lat="48.21484" lon="-1.49755"><ele>78.7</ele></trkpt><trkpt lat="48.21487" lon="-1.49758"><ele>78.69</ele></trkpt><trkpt lat="48.21489" lon="-1.49762"><ele>78.55</ele></trkpt><trkpt lat="48.2149" lon="-1.49764"><ele>78.55</ele></trkpt><trkpt lat="48.21492" lon="-1.49767"><ele>78.34</ele></trkpt><trkpt lat="48.21493" lon="-1.49766"><ele>78.34</ele></trkpt><trkpt lat="48.21494" lon="-1.49763"><ele>78.32</ele></trkpt><trkpt lat="48.21496" lon="-1.49759"><ele>78.34</ele></trkpt><trkpt lat="48.21496" lon="-1.49757"><ele>78.35</ele></trkpt><trkpt lat="48.21497" lon="-1.49754"><ele>77.86</ele></trkpt><trkpt lat="48.21497" lon="-1.49749"><ele>77.81</ele></trkpt><trkpt lat="48.21499" lon="-1.49747"><ele>77.7</ele></trkpt><trkpt lat="48.215" lon="-1.49746"><ele>77.7</ele></trkpt><trkpt lat="48.21502" lon="-1.49743"><ele>77.73</ele></trkpt><trkpt lat="48.21504" lon="-1.49742"><ele>77.73</ele></trkpt><trkpt lat="48.21507" lon="-1.4974"><ele>78.06</ele></trkpt><trkpt lat="48.21508" lon="-1.49737"><ele>78.06</ele></trkpt><trkpt lat="48.2151" lon="-1.49734"><ele>78.26</ele></trkpt><trkpt lat="48.21511" lon="-1.49732"><ele>78.26</ele></trkpt><trkpt lat="48.21513" lon="-1.4973"><ele>78.41</ele></trkpt><trkpt lat="48.21514" lon="-1.49727"><ele>78.76</ele></trkpt><trkpt lat="48.21515" lon="-1.49724"><ele>78.76</ele></trkpt><trkpt lat="48.21515" lon="-1.49721"><ele>78.98</ele></trkpt><trkpt lat="48.21516" lon="-1.49719"><ele>78.98</ele></trkpt><trkpt lat="48.21518" lon="-1.49717"><ele>79.43</ele></trkpt><trkpt lat="48.21518" lon="-1.49715"><ele>79.43</ele></trkpt><trkpt lat="48.21519" lon="-1.49712"><ele>79.51</ele></trkpt><trkpt lat="48.21521" lon="-1.4971"><ele>79.55</ele></trkpt><trkpt lat="48.21521" lon="-1.49707"><ele>79.55</ele></trkpt><trkpt lat="48.21523" lon="-1.49705"><ele>79.66</ele></trkpt><trkpt lat="48.21524" lon="-1.49702"><ele>79.66</ele></trkpt><trkpt lat="48.21525" lon="-1.497"><ele>79.66</ele></trkpt><trkpt lat="48.21526" lon="-1.49698"><ele>79.66</ele></trkpt><trkpt lat="48.21527" lon="-1.49695"><ele>79.76</ele></trkpt><trkpt lat="48.21529" lon="-1.49692"><ele>79.8</ele></trkpt><trkpt lat="48.21531" lon="-1.4969"><ele>79.93</ele></trkpt><trkpt lat="48.21532" lon="-1.49689"><ele>79.93</ele></trkpt><trkpt lat="48.21532" lon="-1.49685"><ele>79.99</ele></trkpt><trkpt lat="48.21533" lon="-1.49683"><ele>80.06</ele></trkpt><trkpt lat="48.21535" lon="-1.49682"><ele>80.19</ele></trkpt><trkpt lat="48.21537" lon="-1.4968"><ele>80.28</ele></trkpt><trkpt lat="48.21538" lon="-1.49678"><ele>80.28</ele></trkpt><trkpt lat="48.21538" lon="-1.49676"><ele>80.28</ele></trkpt><trkpt lat="48.21539" lon="-1.49673"><ele>80.48</ele></trkpt><trkpt lat="48.21543" lon="-1.49672"><ele>80.48</ele></trkpt><trkpt lat="48.21545" lon="-1.4967"><ele>80.69</ele></trkpt><trkpt lat="48.21546" lon="-1.49669"><ele>80.69</ele></trkpt><trkpt lat="48.21547" lon="-1.49666"><ele>80.79</ele></trkpt><trkpt lat="48.21548" lon="-1.49665"><ele>80.95</ele></trkpt><trkpt lat="48.21549" lon="-1.49663"><ele>80.95</ele></trkpt><trkpt lat="48.21552" lon="-1.49661"><ele>81.29</ele></trkpt><trkpt lat="48.21553" lon="-1.49658"><ele>81.46</ele></trkpt><trkpt lat="48.21555" lon="-1.49657"><ele>81.46</ele></trkpt><trkpt lat="48.21557" lon="-1.49654"><ele>81.88</ele></trkpt><trkpt lat="48.21559" lon="-1.49654"><ele>81.88</ele></trkpt><trkpt lat="48.21561" lon="-1.49653"><ele>82.13</ele></trkpt><trkpt lat="48.21563" lon="-1.49652"><ele>82.13</ele></trkpt><trkpt lat="48.21565" lon="-1.49651"><ele>82.39</ele></trkpt><trkpt lat="48.21567" lon="-1.49648"><ele>82.55</ele></trkpt><trkpt lat="48.21568" lon="-1.49647"><ele>82.55</ele></trkpt><trkpt lat="48.21569" lon="-1.49645"><ele>83.06</ele></trkpt><trkpt lat="48.21572" lon="-1.49645"><ele>83.06</ele></trkpt><trkpt lat="48.21573" lon="-1.49641"><ele>83.24</ele></trkpt><trkpt lat="48.21575" lon="-1.4964"><ele>83.69</ele></trkpt><trkpt lat="48.21577" lon="-1.49639"><ele>83.69</ele></trkpt><trkpt lat="48.21579" lon="-1.49638"><ele>84.13</ele></trkpt><trkpt lat="48.21581" lon="-1.49637"><ele>84.3</ele></trkpt><trkpt lat="48.21582" lon="-1.49636"><ele>84.63</ele></trkpt><trkpt lat="48.21584" lon="-1.49636"><ele>84.63</ele></trkpt><trkpt lat="48.21585" lon="-1.49634"><ele>84.63</ele></trkpt><trkpt lat="48.21587" lon="-1.49633"><ele>84.81</ele></trkpt><trkpt lat="48.21589" lon="-1.49629"><ele>84.9</ele></trkpt><trkpt lat="48.21591" lon="-1.49625"><ele>85.06</ele></trkpt><trkpt lat="48.21592" lon="-1.49624"><ele>85.14</ele></trkpt><trkpt lat="48.21593" lon="-1.49623"><ele>85.14</ele></trkpt><trkpt lat="48.21594" lon="-1.49621"><ele>85.14</ele></trkpt><trkpt lat="48.21594" lon="-1.49619"><ele>85.23</ele></trkpt><trkpt lat="48.21595" lon="-1.49617"><ele>85.45</ele></trkpt><trkpt lat="48.21599" lon="-1.49613"><ele>85.59</ele></trkpt><trkpt lat="48.21601" lon="-1.4961"><ele>86.09</ele></trkpt><trkpt lat="48.21603" lon="-1.49608"><ele>86.09</ele></trkpt><trkpt lat="48.21604" lon="-1.49605"><ele>86.61</ele></trkpt><trkpt lat="48.21605" lon="-1.49603"><ele>86.61</ele></trkpt><trkpt lat="48.21608" lon="-1.49602"><ele>87.08</ele></trkpt><trkpt lat="48.2161" lon="-1.496"><ele>87.08</ele></trkpt><trkpt lat="48.21611" lon="-1.49598"><ele>87.23</ele></trkpt><trkpt lat="48.21611" lon="-1.49596"><ele>87.23</ele></trkpt><trkpt lat="48.21613" lon="-1.49594"><ele>87.69</ele></trkpt><trkpt lat="48.21615" lon="-1.49592"><ele>87.69</ele></trkpt><trkpt lat="48.21616" lon="-1.49589"><ele>87.84</ele></trkpt><trkpt lat="48.21616" lon="-1.49588"><ele>87.84</ele></trkpt><trkpt lat="48.21617" lon="-1.49587"><ele>88.14</ele></trkpt><trkpt lat="48.21619" lon="-1.49586"><ele>88.14</ele></trkpt><trkpt lat="48.21621" lon="-1.49584"><ele>88.6</ele></trkpt><trkpt lat="48.21623" lon="-1.4958"><ele>88.76</ele></trkpt><trkpt lat="48.21624" lon="-1.49578"><ele>88.76</ele></trkpt><trkpt lat="48.21626" lon="-1.49576"><ele>89.22</ele></trkpt><trkpt lat="48.21627" lon="-1.49573"><ele>89.22</ele></trkpt><trkpt lat="48.21629" lon="-1.49571"><ele>89.38</ele></trkpt><trkpt lat="48.21629" lon="-1.49567"><ele>89.53</ele></trkpt><trkpt lat="48.2163" lon="-1.49565"><ele>89.83</ele></trkpt><trkpt lat="48.21632" lon="-1.49563"><ele>89.99</ele></trkpt><trkpt lat="48.21633" lon="-1.4956"><ele>89.99</ele></trkpt><trkpt lat="48.21634" lon="-1.49559"><ele>90.44</ele></trkpt><trkpt lat="48.21635" lon="-1.49558"><ele>90.44</ele></trkpt><trkpt lat="48.21637" lon="-1.49556"><ele>90.44</ele></trkpt><trkpt lat="48.21639" lon="-1.49554"><ele>90.97</ele></trkpt><trkpt lat="48.2164" lon="-1.49554"><ele>90.97</ele></trkpt><trkpt lat="48.21641" lon="-1.49552"><ele>90.97</ele></trkpt><trkpt lat="48.21642" lon="-1.49549"><ele>91.68</ele></trkpt><trkpt lat="48.21642" lon="-1.49548"><ele>91.68</ele></trkpt><trkpt lat="48.21643" lon="-1.49546"><ele>91.97</ele></trkpt><trkpt lat="48.21644" lon="-1.49545"><ele>91.97</ele></trkpt><trkpt lat="48.21645" lon="-1.49544"><ele>91.97</ele></trkpt><trkpt lat="48.21646" lon="-1.49542"><ele>92.23</ele></trkpt><trkpt lat="48.21648" lon="-1.49539"><ele>92.58</ele></trkpt><trkpt lat="48.21651" lon="-1.49534"><ele>93.05</ele></trkpt><trkpt lat="48.21652" lon="-1.49532"><ele>93.05</ele></trkpt><trkpt lat="48.21654" lon="-1.4953"><ele>93.05</ele></trkpt><trkpt lat="48.21657" lon="-1.49526"><ele>93.37</ele></trkpt><trkpt lat="48.21659" lon="-1.49525"><ele>93.56</ele></trkpt><trkpt lat="48.21661" lon="-1.49524"><ele>93.91</ele></trkpt><trkpt lat="48.21661" lon="-1.4952"><ele>94.19</ele></trkpt><trkpt lat="48.21661" lon="-1.49519"><ele>94.19</ele></trkpt><trkpt lat="48.21662" lon="-1.49519"><ele>94.19</ele></trkpt><trkpt lat="48.21664" lon="-1.49516"><ele>94.84</ele></trkpt><trkpt lat="48.21664" lon="-1.49512"><ele>95.13</ele></trkpt><trkpt lat="48.21666" lon="-1.49509"><ele>95.13</ele></trkpt><trkpt lat="48.21668" lon="-1.49507"><ele>95.73</ele></trkpt><trkpt lat="48.21669" lon="-1.49506"><ele>95.73</ele></trkpt><trkpt lat="48.21671" lon="-1.49504"><ele>96.03</ele></trkpt><trkpt lat="48.21672" lon="-1.495"><ele>96.31</ele></trkpt><trkpt lat="48.21674" lon="-1.49497"><ele>96.62</ele></trkpt><trkpt lat="48.21674" lon="-1.49494"><ele>96.92</ele></trkpt><trkpt lat="48.21674" lon="-1.49492"><ele>96.92</ele></trkpt><trkpt lat="48.21675" lon="-1.4949"><ele>97.22</ele></trkpt><trkpt lat="48.21675" lon="-1.49489"><ele>97.22</ele></trkpt><trkpt lat="48.21677" lon="-1.49487"><ele>97.81</ele></trkpt><trkpt lat="48.21676" lon="-1.49486"><ele>97.52</ele></trkpt><trkpt lat="48.21677" lon="-1.49484"><ele>97.81</ele></trkpt><trkpt lat="48.21678" lon="-1.49485"><ele>97.81</ele></trkpt><trkpt lat="48.21686" lon="-1.49469"><ele>99.71</ele></trkpt><trkpt lat="48.21687" lon="-1.49469"><ele>99.71</ele></trkpt><trkpt lat="48.21688" lon="-1.49468"><ele>99.71</ele></trkpt><trkpt lat="48.21689" lon="-1.49466"><ele>99.71</ele></trkpt><trkpt lat="48.2169" lon="-1.49464"><ele>100.38</ele></trkpt><trkpt lat="48.21691" lon="-1.49462"><ele>100.38</ele></trkpt><trkpt lat="48.21691" lon="-1.49461"><ele>100.79</ele></trkpt><trkpt lat="48.21693" lon="-1.49458"><ele>100.79</ele></trkpt><trkpt lat="48.21693" lon="-1.49457"><ele>100.79</ele></trkpt><trkpt lat="48.21695" lon="-1.49454"><ele>101.33</ele></trkpt><trkpt lat="48.21696" lon="-1.49454"><ele>101.33</ele></trkpt><trkpt lat="48.21697" lon="-1.49453"><ele>101.33</ele></trkpt><trkpt lat="48.21698" lon="-1.49452"><ele>101.82</ele></trkpt><trkpt lat="48.217" lon="-1.49451"><ele>101.82</ele></trkpt><trkpt lat="48.21701" lon="-1.49448"><ele>102.1</ele></trkpt><trkpt lat="48.21701" lon="-1.49449"><ele>101.82</ele></trkpt><trkpt lat="48.21703" lon="-1.49451"><ele>102.07</ele></trkpt><trkpt lat="48.21704" lon="-1.4945"><ele>102.07</ele></trkpt><trkpt lat="48.21706" lon="-1.49451"><ele>102.07</ele></trkpt><trkpt lat="48.21708" lon="-1.49452"><ele>102.33</ele></trkpt><trkpt lat="48.21711" lon="-1.49453"><ele>102.27</ele></trkpt><trkpt lat="48.21712" lon="-1.49454"><ele>102.27</ele></trkpt><trkpt lat="48.21714" lon="-1.49453"><ele>102.27</ele></trkpt><trkpt lat="48.21716" lon="-1.49454"><ele>102.57</ele></trkpt><trkpt lat="48.21718" lon="-1.49456"><ele>102.57</ele></trkpt><trkpt lat="48.2172" lon="-1.49457"><ele>102.56</ele></trkpt><trkpt lat="48.21721" lon="-1.49459"><ele>102.56</ele></trkpt><trkpt lat="48.21724" lon="-1.49459"><ele>102.86</ele></trkpt><trkpt lat="48.21725" lon="-1.4946"><ele>102.86</ele></trkpt><trkpt lat="48.21726" lon="-1.49462"><ele>102.59</ele></trkpt><trkpt lat="48.21728" lon="-1.49464"><ele>102.87</ele></trkpt><trkpt lat="48.21729" lon="-1.49465"><ele>102.87</ele></trkpt><trkpt lat="48.21729" lon="-1.49466"><ele>102.65</ele></trkpt><trkpt lat="48.2173" lon="-1.49469"><ele>102.65</ele></trkpt><trkpt lat="48.21732" lon="-1.49472"><ele>102.49</ele></trkpt><trkpt lat="48.21733" lon="-1.49474"><ele>102.68</ele></trkpt><trkpt lat="48.21734" lon="-1.49477"><ele>102.53</ele></trkpt><trkpt lat="48.21736" lon="-1.49478"><ele>102.53</ele></trkpt><trkpt lat="48.21737" lon="-1.4948"><ele>102.52</ele></trkpt><trkpt lat="48.2174" lon="-1.49483"><ele>102.42</ele></trkpt><trkpt lat="48.21741" lon="-1.49486"><ele>102.53</ele></trkpt><trkpt lat="48.21744" lon="-1.4949"><ele>102.4</ele></trkpt><trkpt lat="48.21746" lon="-1.49492"><ele>102.33</ele></trkpt><trkpt lat="48.21747" lon="-1.49494"><ele>102.33</ele></trkpt><trkpt lat="48.21748" lon="-1.49496"><ele>102.21</ele></trkpt><trkpt lat="48.2175" lon="-1.49499"><ele>102.25</ele></trkpt><trkpt lat="48.21751" lon="-1.49501"><ele>102.13</ele></trkpt><trkpt lat="48.21753" lon="-1.49504"><ele>102.13</ele></trkpt><trkpt lat="48.21754" lon="-1.49505"><ele>102.06</ele></trkpt><trkpt lat="48.21756" lon="-1.49506"><ele>102.06</ele></trkpt><trkpt lat="48.21758" lon="-1.49508"><ele>102.09</ele></trkpt><trkpt lat="48.2176" lon="-1.49511"><ele>101.99</ele></trkpt><trkpt lat="48.21761" lon="-1.49514"><ele>101.87</ele></trkpt><trkpt lat="48.21763" lon="-1.49516"><ele>101.9</ele></trkpt><trkpt lat="48.21764" lon="-1.49518"><ele>101.81</ele></trkpt><trkpt lat="48.21765" lon="-1.4952"><ele>101.81</ele></trkpt><trkpt lat="48.21768" lon="-1.49522"><ele>101.76</ele></trkpt><trkpt lat="48.21769" lon="-1.49524"><ele>101.76</ele></trkpt><trkpt lat="48.21771" lon="-1.49527"><ele>101.71</ele></trkpt><trkpt lat="48.21773" lon="-1.49529"><ele>101.71</ele></trkpt><trkpt lat="48.21775" lon="-1.49532"><ele>101.67</ele></trkpt><trkpt lat="48.21777" lon="-1.49533"><ele>101.67</ele></trkpt><trkpt lat="48.21778" lon="-1.49534"><ele>101.67</ele></trkpt><trkpt lat="48.21779" lon="-1.49536"><ele>101.57</ele></trkpt><trkpt lat="48.21782" lon="-1.49538"><ele>101.63</ele></trkpt><trkpt lat="48.21785" lon="-1.49541"><ele>101.61</ele></trkpt><trkpt lat="48.21786" lon="-1.49543"><ele>101.52</ele></trkpt><trkpt lat="48.21788" lon="-1.49544"><ele>101.59</ele></trkpt><trkpt lat="48.2179" lon="-1.49547"><ele>101.59</ele></trkpt><trkpt lat="48.21792" lon="-1.49548"><ele>101.5</ele></trkpt><trkpt lat="48.21793" lon="-1.4955"><ele>101.56</ele></trkpt><trkpt lat="48.21793" lon="-1.49553"><ele>101.48</ele></trkpt><trkpt lat="48.21795" lon="-1.49556"><ele>101.39</ele></trkpt><trkpt lat="48.21797" lon="-1.49558"><ele>101.45</ele></trkpt><trkpt lat="48.21798" lon="-1.4956"><ele>101.35</ele></trkpt><trkpt lat="48.218" lon="-1.4956"><ele>101.35</ele></trkpt><trkpt lat="48.21802" lon="-1.49562"><ele>101.41</ele></trkpt><trkpt lat="48.21804" lon="-1.49565"><ele>101.32</ele></trkpt><trkpt lat="48.21807" lon="-1.49567"><ele>101.35</ele></trkpt><trkpt lat="48.21809" lon="-1.49569"><ele>101.26</ele></trkpt><trkpt lat="48.21811" lon="-1.49571"><ele>101.26</ele></trkpt><trkpt lat="48.21811" lon="-1.49572"><ele>101.26</ele></trkpt><trkpt lat="48.21813" lon="-1.49573"><ele>101.14</ele></trkpt><trkpt lat="48.21814" lon="-1.49575"><ele>101.13</ele></trkpt><trkpt lat="48.21815" lon="-1.49577"><ele>101.13</ele></trkpt><trkpt lat="48.21817" lon="-1.49577"><ele>101.13</ele></trkpt><trkpt lat="48.21818" lon="-1.49577"><ele>101.11</ele></trkpt><trkpt lat="48.2182" lon="-1.49578"><ele>101</ele></trkpt><trkpt lat="48.21822" lon="-1.49581"><ele>101</ele></trkpt><trkpt lat="48.21823" lon="-1.49583"><ele>100.88</ele></trkpt><trkpt lat="48.21825" lon="-1.49585"><ele>100.88</ele></trkpt><trkpt lat="48.21827" lon="-1.49588"><ele>100.75</ele></trkpt><trkpt lat="48.21829" lon="-1.49589"><ele>100.75</ele></trkpt><trkpt lat="48.21831" lon="-1.49591"><ele>100.63</ele></trkpt><trkpt lat="48.21833" lon="-1.49594"><ele>100.63</ele></trkpt><trkpt lat="48.21835" lon="-1.49597"><ele>100.5</ele></trkpt><trkpt lat="48.21838" lon="-1.49599"><ele>100.38</ele></trkpt><trkpt lat="48.2184" lon="-1.49601"><ele>100.38</ele></trkpt><trkpt lat="48.21842" lon="-1.49602"><ele>100.38</ele></trkpt><trkpt lat="48.21843" lon="-1.49603"><ele>100.27</ele></trkpt><trkpt lat="48.21845" lon="-1.49602"><ele>100.38</ele></trkpt><trkpt lat="48.21848" lon="-1.49602"><ele>100.38</ele></trkpt><trkpt lat="48.2185" lon="-1.49601"><ele>100.38</ele></trkpt><trkpt lat="48.21852" lon="-1.49599"><ele>100.38</ele></trkpt><trkpt lat="48.21854" lon="-1.49597"><ele>100.56</ele></trkpt><trkpt lat="48.21854" lon="-1.49593"><ele>100.75</ele></trkpt><trkpt lat="48.21856" lon="-1.4959"><ele>100.97</ele></trkpt><trkpt lat="48.21857" lon="-1.49588"><ele>101.11</ele></trkpt><trkpt lat="48.21856" lon="-1.4958"><ele>101.47</ele></trkpt><trkpt lat="48.21858" lon="-1.49577"><ele>101.76</ele></trkpt><trkpt lat="48.21858" lon="-1.49575"><ele>101.76</ele></trkpt><trkpt lat="48.21857" lon="-1.49574"><ele>101.76</ele></trkpt><trkpt lat="48.21859" lon="-1.49571"><ele>101.94</ele></trkpt><trkpt lat="48.21859" lon="-1.49567"><ele>102.09</ele></trkpt><trkpt lat="48.2186" lon="-1.49565"><ele>102.09</ele></trkpt><trkpt lat="48.2186" lon="-1.49562"><ele>102.26</ele></trkpt><trkpt lat="48.21861" lon="-1.49559"><ele>102.39</ele></trkpt><trkpt lat="48.21862" lon="-1.49556"><ele>102.39</ele></trkpt><trkpt lat="48.21863" lon="-1.49554"><ele>102.58</ele></trkpt><trkpt lat="48.21864" lon="-1.49551"><ele>102.77</ele></trkpt><trkpt lat="48.21866" lon="-1.4955"><ele>102.74</ele></trkpt><trkpt lat="48.21867" lon="-1.49549"><ele>102.74</ele></trkpt><trkpt lat="48.21868" lon="-1.49548"><ele>102.74</ele></trkpt><trkpt lat="48.21868" lon="-1.49546"><ele>102.93</ele></trkpt><trkpt lat="48.2187" lon="-1.49543"><ele>102.91</ele></trkpt><trkpt lat="48.2187" lon="-1.49539"><ele>103.11</ele></trkpt><trkpt lat="48.21871" lon="-1.49536"><ele>103.3</ele></trkpt><trkpt lat="48.21872" lon="-1.49533"><ele>103.48</ele></trkpt><trkpt lat="48.21872" lon="-1.49529"><ele>103.67</ele></trkpt><trkpt lat="48.21871" lon="-1.49527"><ele>103.67</ele></trkpt><trkpt lat="48.21873" lon="-1.49524"><ele>103.84</ele></trkpt><trkpt lat="48.21874" lon="-1.49522"><ele>103.88</ele></trkpt><trkpt lat="48.21873" lon="-1.49519"><ele>104.02</ele></trkpt><trkpt lat="48.21873" lon="-1.49515"><ele>104.19</ele></trkpt><trkpt lat="48.21872" lon="-1.49512"><ele>104.36</ele></trkpt><trkpt lat="48.21871" lon="-1.49509"><ele>104.36</ele></trkpt><trkpt lat="48.21869" lon="-1.49506"><ele>104.48</ele></trkpt><trkpt lat="48.21869" lon="-1.49503"><ele>104.67</ele></trkpt><trkpt lat="48.21868" lon="-1.49499"><ele>104.84</ele></trkpt><trkpt lat="48.21867" lon="-1.49497"><ele>104.84</ele></trkpt><trkpt lat="48.21867" lon="-1.49493"><ele>105.03</ele></trkpt><trkpt lat="48.21867" lon="-1.49491"><ele>105.21</ele></trkpt><trkpt lat="48.21868" lon="-1.49489"><ele>105.21</ele></trkpt><trkpt lat="48.21868" lon="-1.49484"><ele>105.35</ele></trkpt><trkpt lat="48.21869" lon="-1.49483"><ele>105.35</ele></trkpt><trkpt lat="48.2187" lon="-1.4948"><ele>105.44</ele></trkpt><trkpt lat="48.2187" lon="-1.49477"><ele>105.5</ele></trkpt><trkpt lat="48.2187" lon="-1.49473"><ele>105.57</ele></trkpt><trkpt lat="48.2187" lon="-1.49471"><ele>105.57</ele></trkpt><trkpt lat="48.21871" lon="-1.49468"><ele>105.61</ele></trkpt><trkpt lat="48.2187" lon="-1.49467"><ele>105.61</ele></trkpt><trkpt lat="48.2187" lon="-1.49463"><ele>105.67</ele></trkpt><trkpt lat="48.2187" lon="-1.4946"><ele>105.71</ele></trkpt><trkpt lat="48.2187" lon="-1.49457"><ele>105.71</ele></trkpt><trkpt lat="48.2187" lon="-1.49454"><ele>105.77</ele></trkpt><trkpt lat="48.2187" lon="-1.49452"><ele>105.8</ele></trkpt><trkpt lat="48.21871" lon="-1.4945"><ele>105.8</ele></trkpt><trkpt lat="48.21871" lon="-1.49448"><ele>105.85</ele></trkpt><trkpt lat="48.21871" lon="-1.49446"><ele>105.85</ele></trkpt><trkpt lat="48.21871" lon="-1.49443"><ele>105.9</ele></trkpt><trkpt lat="48.21871" lon="-1.49441"><ele>105.9</ele></trkpt><trkpt lat="48.21871" lon="-1.49437"><ele>105.95</ele></trkpt><trkpt lat="48.21873" lon="-1.49433"><ele>106</ele></trkpt><trkpt lat="48.21873" lon="-1.4943"><ele>106.06</ele></trkpt><trkpt lat="48.21874" lon="-1.49427"><ele>106.12</ele></trkpt><trkpt lat="48.21875" lon="-1.49422"><ele>106.24</ele></trkpt><trkpt lat="48.21875" lon="-1.49418"><ele>106.3</ele></trkpt><trkpt lat="48.21876" lon="-1.49414"><ele>106.35</ele></trkpt><trkpt lat="48.21877" lon="-1.49411"><ele>106.35</ele></trkpt><trkpt lat="48.21877" lon="-1.49407"><ele>106.41</ele></trkpt><trkpt lat="48.21878" lon="-1.49405"><ele>106.51</ele></trkpt><trkpt lat="48.21878" lon="-1.49402"><ele>106.51</ele></trkpt><trkpt lat="48.21879" lon="-1.49398"><ele>106.58</ele></trkpt><trkpt lat="48.21879" lon="-1.49396"><ele>106.63</ele></trkpt><trkpt lat="48.2188" lon="-1.49393"><ele>106.63</ele></trkpt><trkpt lat="48.21879" lon="-1.49389"><ele>106.7</ele></trkpt><trkpt lat="48.2188" lon="-1.49385"><ele>106.76</ele></trkpt><trkpt lat="48.21879" lon="-1.49383"><ele>106.81</ele></trkpt><trkpt lat="48.21879" lon="-1.49379"><ele>106.88</ele></trkpt><trkpt lat="48.21878" lon="-1.49375"><ele>106.93</ele></trkpt><trkpt lat="48.21879" lon="-1.49373"><ele>106.93</ele></trkpt><trkpt lat="48.21878" lon="-1.4937"><ele>107</ele></trkpt><trkpt lat="48.21877" lon="-1.49368"><ele>106.99</ele></trkpt><trkpt lat="48.21877" lon="-1.49365"><ele>107.08</ele></trkpt><trkpt lat="48.21877" lon="-1.49362"><ele>107.18</ele></trkpt><trkpt lat="48.21876" lon="-1.4936"><ele>107.18</ele></trkpt><trkpt lat="48.21877" lon="-1.49357"><ele>107.3</ele></trkpt><trkpt lat="48.21878" lon="-1.49354"><ele>107.31</ele></trkpt><trkpt lat="48.21879" lon="-1.49351"><ele>107.43</ele></trkpt><trkpt lat="48.21879" lon="-1.49348"><ele>107.54</ele></trkpt><trkpt lat="48.21879" lon="-1.49345"><ele>107.65</ele></trkpt><trkpt lat="48.2188" lon="-1.49342"><ele>107.65</ele></trkpt><trkpt lat="48.2188" lon="-1.4934"><ele>107.76</ele></trkpt><trkpt lat="48.21881" lon="-1.49338"><ele>107.76</ele></trkpt><trkpt lat="48.21882" lon="-1.49334"><ele>107.86</ele></trkpt><trkpt lat="48.21883" lon="-1.49333"><ele>107.88</ele></trkpt><trkpt lat="48.21883" lon="-1.49329"><ele>107.98</ele></trkpt><trkpt lat="48.21883" lon="-1.49327"><ele>108.08</ele></trkpt><trkpt lat="48.21883" lon="-1.49324"><ele>108.08</ele></trkpt><trkpt lat="48.21883" lon="-1.49321"><ele>108.18</ele></trkpt><trkpt lat="48.21883" lon="-1.49319"><ele>108.27</ele></trkpt><trkpt lat="48.21883" lon="-1.49316"><ele>108.27</ele></trkpt><trkpt lat="48.21883" lon="-1.49313"><ele>108.37</ele></trkpt><trkpt lat="48.21883" lon="-1.4931"><ele>108.48</ele></trkpt><trkpt lat="48.21884" lon="-1.49307"><ele>108.48</ele></trkpt><trkpt lat="48.21883" lon="-1.49305"><ele>108.58</ele></trkpt><trkpt lat="48.21884" lon="-1.49303"><ele>108.58</ele></trkpt><trkpt lat="48.21884" lon="-1.49301"><ele>108.69</ele></trkpt><trkpt lat="48.21883" lon="-1.49298"><ele>108.79</ele></trkpt><trkpt lat="48.21883" lon="-1.49295"><ele>108.79</ele></trkpt><trkpt lat="48.21882" lon="-1.49292"><ele>108.92</ele></trkpt><trkpt lat="48.21882" lon="-1.4929"><ele>108.92</ele></trkpt><trkpt lat="48.21883" lon="-1.49287"><ele>108.98</ele></trkpt><trkpt lat="48.21883" lon="-1.49283"><ele>109.08</ele></trkpt><trkpt lat="48.21883" lon="-1.4928"><ele>109.18</ele></trkpt><trkpt lat="48.21883" lon="-1.49277"><ele>109.18</ele></trkpt><trkpt lat="48.21884" lon="-1.49273"><ele>109.27</ele></trkpt><trkpt lat="48.21885" lon="-1.4927"><ele>109.37</ele></trkpt><trkpt lat="48.21885" lon="-1.49267"><ele>109.45</ele></trkpt><trkpt lat="48.21886" lon="-1.49263"><ele>109.54</ele></trkpt><trkpt lat="48.21886" lon="-1.4926"><ele>109.54</ele></trkpt><trkpt lat="48.21886" lon="-1.49258"><ele>109.63</ele></trkpt><trkpt lat="48.21886" lon="-1.49256"><ele>109.63</ele></trkpt><trkpt lat="48.21885" lon="-1.49253"><ele>109.72</ele></trkpt><trkpt lat="48.21885" lon="-1.49251"><ele>109.72</ele></trkpt><trkpt lat="48.21886" lon="-1.4925"><ele>109.81</ele></trkpt><trkpt lat="48.21886" lon="-1.49246"><ele>109.89</ele></trkpt><trkpt lat="48.21886" lon="-1.49243"><ele>109.89</ele></trkpt><trkpt lat="48.21886" lon="-1.4924"><ele>109.97</ele></trkpt><trkpt lat="48.21886" lon="-1.49237"><ele>110.06</ele></trkpt><trkpt lat="48.21885" lon="-1.49233"><ele>110.14</ele></trkpt><trkpt lat="48.21885" lon="-1.49231"><ele>110.14</ele></trkpt><trkpt lat="48.21885" lon="-1.49228"><ele>110.23</ele></trkpt><trkpt lat="48.21885" lon="-1.49226"><ele>110.23</ele></trkpt><trkpt lat="48.21884" lon="-1.49224"><ele>110.31</ele></trkpt><trkpt lat="48.21883" lon="-1.49221"><ele>110.31</ele></trkpt><trkpt lat="48.21883" lon="-1.49217"><ele>110.39</ele></trkpt><trkpt lat="48.21883" lon="-1.49214"><ele>110.47</ele></trkpt><trkpt lat="48.21883" lon="-1.49211"><ele>110.55</ele></trkpt><trkpt lat="48.21884" lon="-1.49207"><ele>110.64</ele></trkpt><trkpt lat="48.21883" lon="-1.49204"><ele>110.64</ele></trkpt><trkpt lat="48.21883" lon="-1.492"><ele>110.72</ele></trkpt><trkpt lat="48.21882" lon="-1.49197"><ele>110.8</ele></trkpt><trkpt lat="48.21882" lon="-1.49193"><ele>110.88</ele></trkpt><trkpt lat="48.21882" lon="-1.49192"><ele>110.88</ele></trkpt><trkpt lat="48.21882" lon="-1.49189"><ele>110.96</ele></trkpt><trkpt lat="48.2188" lon="-1.49185"><ele>111.03</ele></trkpt><trkpt lat="48.21879" lon="-1.49181"><ele>111.11</ele></trkpt><trkpt lat="48.21878" lon="-1.49179"><ele>111.11</ele></trkpt><trkpt lat="48.21878" lon="-1.49175"><ele>111.18</ele></trkpt><trkpt lat="48.21876" lon="-1.49171"><ele>111.24</ele></trkpt><trkpt lat="48.21876" lon="-1.49168"><ele>111.3</ele></trkpt><trkpt lat="48.21876" lon="-1.49166"><ele>111.3</ele></trkpt><trkpt lat="48.21875" lon="-1.49163"><ele>111.3</ele></trkpt><trkpt lat="48.21876" lon="-1.4916"><ele>111.31</ele></trkpt><trkpt lat="48.21875" lon="-1.49157"><ele>111.31</ele></trkpt><trkpt lat="48.21875" lon="-1.49156"><ele>111.38</ele></trkpt><trkpt lat="48.21875" lon="-1.49154"><ele>111.38</ele></trkpt><trkpt lat="48.21875" lon="-1.49151"><ele>111.4</ele></trkpt><trkpt lat="48.21873" lon="-1.49149"><ele>111.38</ele></trkpt><trkpt lat="48.21872" lon="-1.49145"><ele>111.4</ele></trkpt><trkpt lat="48.21873" lon="-1.4914"><ele>111.42</ele></trkpt><trkpt lat="48.21872" lon="-1.49137"><ele>111.47</ele></trkpt><trkpt lat="48.21872" lon="-1.49133"><ele>111.5</ele></trkpt><trkpt lat="48.21872" lon="-1.49131"><ele>111.5</ele></trkpt><trkpt lat="48.21871" lon="-1.49129"><ele>111.5</ele></trkpt><trkpt lat="48.21871" lon="-1.49126"><ele>111.5</ele></trkpt><trkpt lat="48.2187" lon="-1.49124"><ele>111.5</ele></trkpt><trkpt lat="48.21869" lon="-1.49121"><ele>111.46</ele></trkpt><trkpt lat="48.21869" lon="-1.49119"><ele>111.46</ele></trkpt><trkpt lat="48.21869" lon="-1.49115"><ele>111.43</ele></trkpt><trkpt lat="48.21869" lon="-1.49112"><ele>111.39</ele></trkpt><trkpt lat="48.2187" lon="-1.49111"><ele>111.45</ele></trkpt><trkpt lat="48.21869" lon="-1.49109"><ele>111.35</ele></trkpt><trkpt lat="48.21869" lon="-1.49107"><ele>111.35</ele></trkpt><trkpt lat="48.21869" lon="-1.49104"><ele>111.3</ele></trkpt><trkpt lat="48.21869" lon="-1.49103"><ele>111.3</ele></trkpt><trkpt lat="48.21868" lon="-1.49099"><ele>111.25</ele></trkpt><trkpt lat="48.21868" lon="-1.49095"><ele>111.21</ele></trkpt><trkpt lat="48.21867" lon="-1.49091"><ele>111.17</ele></trkpt><trkpt lat="48.21867" lon="-1.49087"><ele>111.12</ele></trkpt><trkpt lat="48.21867" lon="-1.49084"><ele>111.12</ele></trkpt><trkpt lat="48.21866" lon="-1.49081"><ele>111.08</ele></trkpt><trkpt lat="48.21865" lon="-1.49078"><ele>110.97</ele></trkpt><trkpt lat="48.21865" lon="-1.49077"><ele>110.97</ele></trkpt><trkpt lat="48.21865" lon="-1.49075"><ele>110.92</ele></trkpt><trkpt lat="48.21862" lon="-1.4907"><ele>110.88</ele></trkpt><trkpt lat="48.21862" lon="-1.49069"><ele>110.88</ele></trkpt><trkpt lat="48.21862" lon="-1.49067"><ele>110.88</ele></trkpt><trkpt lat="48.21863" lon="-1.49066"><ele>110.83</ele></trkpt><trkpt lat="48.21862" lon="-1.49062"><ele>110.79</ele></trkpt><trkpt lat="48.21862" lon="-1.49058"><ele>110.79</ele></trkpt><trkpt lat="48.21863" lon="-1.49055"><ele>110.76</ele></trkpt><trkpt lat="48.21864" lon="-1.49053"><ele>110.74</ele></trkpt><trkpt lat="48.21865" lon="-1.4905"><ele>110.74</ele></trkpt><trkpt lat="48.21866" lon="-1.49047"><ele>110.84</ele></trkpt><trkpt lat="48.21867" lon="-1.49044"><ele>110.89</ele></trkpt><trkpt lat="48.21867" lon="-1.49042"><ele>110.89</ele></trkpt><trkpt lat="48.21867" lon="-1.49039"><ele>110.96</ele></trkpt><trkpt lat="48.21867" lon="-1.49035"><ele>111.03</ele></trkpt><trkpt lat="48.21867" lon="-1.49033"><ele>111.03</ele></trkpt><trkpt lat="48.21865" lon="-1.4903"><ele>110.96</ele></trkpt><trkpt lat="48.21865" lon="-1.49028"><ele>110.96</ele></trkpt><trkpt lat="48.21864" lon="-1.49026"><ele>111</ele></trkpt><trkpt lat="48.21863" lon="-1.49023"><ele>111.03</ele></trkpt><trkpt lat="48.21861" lon="-1.4902"><ele>111.03</ele></trkpt><trkpt lat="48.21858" lon="-1.49019"><ele>110.97</ele></trkpt><trkpt lat="48.21857" lon="-1.49017"><ele>110.97</ele></trkpt><trkpt lat="48.21857" lon="-1.49015"><ele>110.97</ele></trkpt><trkpt lat="48.21855" lon="-1.49014"><ele>110.97</ele></trkpt><trkpt lat="48.21855" lon="-1.49012"><ele>110.97</ele></trkpt><trkpt lat="48.21854" lon="-1.4901"><ele>111</ele></trkpt><trkpt lat="48.21854" lon="-1.49007"><ele>111</ele></trkpt><trkpt lat="48.21852" lon="-1.49005"><ele>111</ele></trkpt><trkpt lat="48.21851" lon="-1.49003"><ele>111</ele></trkpt><trkpt lat="48.2185" lon="-1.49002"><ele>111</ele></trkpt><trkpt lat="48.21848" lon="-1.49001"><ele>111</ele></trkpt><trkpt lat="48.21846" lon="-1.48999"><ele>111</ele></trkpt><trkpt lat="48.21845" lon="-1.48997"><ele>111</ele></trkpt><trkpt lat="48.21846" lon="-1.48995"><ele>111</ele></trkpt><trkpt lat="48.21844" lon="-1.48992"><ele>111</ele></trkpt><trkpt lat="48.21843" lon="-1.4899"><ele>111</ele></trkpt><trkpt lat="48.21841" lon="-1.48987"><ele>111</ele></trkpt><trkpt lat="48.2184" lon="-1.48984"><ele>111</ele></trkpt><trkpt lat="48.21837" lon="-1.48982"><ele>111</ele></trkpt><trkpt lat="48.21836" lon="-1.4898"><ele>111</ele></trkpt><trkpt lat="48.2184" lon="-1.48968"><ele>111</ele></trkpt><trkpt lat="48.2184" lon="-1.48966"><ele>111</ele></trkpt><trkpt lat="48.2184" lon="-1.48963"><ele>111</ele></trkpt><trkpt lat="48.2184" lon="-1.4896"><ele>111</ele></trkpt><trkpt lat="48.2184" lon="-1.48958"><ele>111</ele></trkpt><trkpt lat="48.2184" lon="-1.48955"><ele>111</ele></trkpt><trkpt lat="48.21841" lon="-1.48952"><ele>111</ele></trkpt><trkpt lat="48.21841" lon="-1.48947"><ele>111</ele></trkpt><trkpt lat="48.21842" lon="-1.48944"><ele>111</ele></trkpt><trkpt lat="48.21842" lon="-1.4894"><ele>111</ele></trkpt><trkpt lat="48.21842" lon="-1.48937"><ele>111</ele></trkpt><trkpt lat="48.21843" lon="-1.48935"><ele>111</ele></trkpt><trkpt lat="48.21843" lon="-1.48932"><ele>111</ele></trkpt><trkpt lat="48.21843" lon="-1.4893"><ele>111</ele></trkpt><trkpt lat="48.21843" lon="-1.48928"><ele>111</ele></trkpt><trkpt lat="48.21843" lon="-1.48925"><ele>111</ele></trkpt><trkpt lat="48.21843" lon="-1.48923"><ele>111</ele></trkpt><trkpt lat="48.21843" lon="-1.48919"><ele>111</ele></trkpt><trkpt lat="48.21843" lon="-1.48915"><ele>111</ele></trkpt><trkpt lat="48.21843" lon="-1.48912"><ele>111</ele></trkpt><trkpt lat="48.21842" lon="-1.48909"><ele>111</ele></trkpt><trkpt lat="48.21841" lon="-1.48907"><ele>111</ele></trkpt><trkpt lat="48.2184" lon="-1.48905"><ele>111</ele></trkpt><trkpt lat="48.2184" lon="-1.48902"><ele>111</ele></trkpt><trkpt lat="48.2184" lon="-1.48899"><ele>110.94</ele></trkpt><trkpt lat="48.2184" lon="-1.48896"><ele>110.94</ele></trkpt><trkpt lat="48.21841" lon="-1.48893"><ele>110.9</ele></trkpt><trkpt lat="48.21841" lon="-1.4889"><ele>110.86</ele></trkpt><trkpt lat="48.21842" lon="-1.48887"><ele>110.86</ele></trkpt><trkpt lat="48.21841" lon="-1.48883"><ele>110.77</ele></trkpt><trkpt lat="48.21841" lon="-1.4888"><ele>110.68</ele></trkpt><trkpt lat="48.2184" lon="-1.48877"><ele>110.59</ele></trkpt><trkpt lat="48.2184" lon="-1.48874"><ele>110.59</ele></trkpt><trkpt lat="48.2184" lon="-1.48872"><ele>110.49</ele></trkpt><trkpt lat="48.2184" lon="-1.48868"><ele>110.38</ele></trkpt><trkpt lat="48.21839" lon="-1.48864"><ele>110.2</ele></trkpt><trkpt lat="48.2184" lon="-1.48863"><ele>110.28</ele></trkpt><trkpt lat="48.2184" lon="-1.48861"><ele>110.28</ele></trkpt><trkpt lat="48.2184" lon="-1.48858"><ele>110.17</ele></trkpt><trkpt lat="48.21838" lon="-1.48855"><ele>110.02</ele></trkpt><trkpt lat="48.21837" lon="-1.48853"><ele>110.02</ele></trkpt><trkpt lat="48.21837" lon="-1.4885"><ele>109.93</ele></trkpt><trkpt lat="48.21837" lon="-1.48847"><ele>109.85</ele></trkpt><trkpt lat="48.21837" lon="-1.48844"><ele>109.85</ele></trkpt><trkpt lat="48.21836" lon="-1.48841"><ele>109.77</ele></trkpt><trkpt lat="48.21836" lon="-1.48838"><ele>109.69</ele></trkpt><trkpt lat="48.21836" lon="-1.48834"><ele>109.61</ele></trkpt><trkpt lat="48.21837" lon="-1.48829"><ele>109.55</ele></trkpt><trkpt lat="48.21837" lon="-1.48824"><ele>109.48</ele></trkpt><trkpt lat="48.21837" lon="-1.4882"><ele>109.42</ele></trkpt><trkpt lat="48.21837" lon="-1.48815"><ele>109.37</ele></trkpt><trkpt lat="48.21837" lon="-1.48813"><ele>109.32</ele></trkpt><trkpt lat="48.21837" lon="-1.4881"><ele>109.32</ele></trkpt><trkpt lat="48.21838" lon="-1.48808"><ele>109.28</ele></trkpt><trkpt lat="48.21838" lon="-1.48805"><ele>109.28</ele></trkpt><trkpt lat="48.2184" lon="-1.48802"><ele>109.17</ele></trkpt><trkpt lat="48.2184" lon="-1.488"><ele>109.12</ele></trkpt><trkpt lat="48.21842" lon="-1.48797"><ele>109.12</ele></trkpt><trkpt lat="48.21844" lon="-1.48794"><ele>109</ele></trkpt><trkpt lat="48.21845" lon="-1.48791"><ele>108.97</ele></trkpt><trkpt lat="48.21845" lon="-1.48787"><ele>108.93</ele></trkpt><trkpt lat="48.21846" lon="-1.48785"><ele>108.93</ele></trkpt><trkpt lat="48.21846" lon="-1.48782"><ele>108.9</ele></trkpt><trkpt lat="48.21846" lon="-1.48778"><ele>108.87</ele></trkpt><trkpt lat="48.21844" lon="-1.48777"><ele>108.87</ele></trkpt><trkpt lat="48.21843" lon="-1.48776"><ele>109</ele></trkpt><trkpt lat="48.21842" lon="-1.48777"><ele>109</ele></trkpt><trkpt lat="48.2184" lon="-1.48775"><ele>109</ele></trkpt><trkpt lat="48.2184" lon="-1.48776"><ele>109</ele></trkpt><trkpt lat="48.21838" lon="-1.48776"><ele>109.14</ele></trkpt><trkpt lat="48.21837" lon="-1.48776"><ele>109.14</ele></trkpt><trkpt lat="48.21835" lon="-1.48778"><ele>109.3</ele></trkpt><trkpt lat="48.21832" lon="-1.4878"><ele>109.29</ele></trkpt><trkpt lat="48.2183" lon="-1.48781"><ele>109.44</ele></trkpt><trkpt lat="48.21828" lon="-1.48782"><ele>109.44</ele></trkpt><trkpt lat="48.21825" lon="-1.48783"><ele>109.58</ele></trkpt><trkpt lat="48.21823" lon="-1.48783"><ele>109.58</ele></trkpt><trkpt lat="48.2182" lon="-1.48783"><ele>109.72</ele></trkpt><trkpt lat="48.21817" lon="-1.48784"><ele>109.8</ele></trkpt><trkpt lat="48.21815" lon="-1.48783"><ele>109.83</ele></trkpt><trkpt lat="48.21813" lon="-1.48782"><ele>109.93</ele></trkpt><trkpt lat="48.2181" lon="-1.48781"><ele>109.93</ele></trkpt><trkpt lat="48.21808" lon="-1.48781"><ele>110.03</ele></trkpt><trkpt lat="48.21806" lon="-1.48781"><ele>110.03</ele></trkpt><trkpt lat="48.21804" lon="-1.48781"><ele>110.15</ele></trkpt><trkpt lat="48.21801" lon="-1.48781"><ele>110.15</ele></trkpt><trkpt lat="48.21799" lon="-1.48781"><ele>110.3</ele></trkpt><trkpt lat="48.21798" lon="-1.48779"><ele>110.3</ele></trkpt><trkpt lat="48.21796" lon="-1.48779"><ele>110.47</ele></trkpt><trkpt lat="48.21795" lon="-1.48779"><ele>110.47</ele></trkpt><trkpt lat="48.21792" lon="-1.48777"><ele>110.65</ele></trkpt><trkpt lat="48.21786" lon="-1.48774"><ele>110.82</ele></trkpt><trkpt lat="48.21783" lon="-1.48774"><ele>110.9</ele></trkpt><trkpt lat="48.21781" lon="-1.48773"><ele>110.9</ele></trkpt><trkpt lat="48.21779" lon="-1.4877"><ele>110.82</ele></trkpt><trkpt lat="48.21774" lon="-1.48767"><ele>110.71</ele></trkpt><trkpt lat="48.21772" lon="-1.48766"><ele>110.64</ele></trkpt><trkpt lat="48.21769" lon="-1.48764"><ele>110.51</ele></trkpt><trkpt lat="48.21767" lon="-1.48763"><ele>110.51</ele></trkpt><trkpt lat="48.21764" lon="-1.4876"><ele>110.32</ele></trkpt><trkpt lat="48.21762" lon="-1.48759"><ele>110.23</ele></trkpt><trkpt lat="48.2176" lon="-1.48757"><ele>110.15</ele></trkpt><trkpt lat="48.21757" lon="-1.48756"><ele>110.09</ele></trkpt><trkpt lat="48.21755" lon="-1.48754"><ele>110.09</ele></trkpt><trkpt lat="48.21753" lon="-1.48751"><ele>109.97</ele></trkpt><trkpt lat="48.21752" lon="-1.48749"><ele>109.97</ele></trkpt><trkpt lat="48.2175" lon="-1.48747"><ele>109.9</ele></trkpt><trkpt lat="48.21748" lon="-1.48743"><ele>109.78</ele></trkpt><trkpt lat="48.21748" lon="-1.48742"><ele>109.78</ele></trkpt><trkpt lat="48.21746" lon="-1.48742"><ele>109.78</ele></trkpt><trkpt lat="48.21745" lon="-1.4874"><ele>109.7</ele></trkpt><trkpt lat="48.21743" lon="-1.48739"><ele>109.62</ele></trkpt><trkpt lat="48.21742" lon="-1.48737"><ele>109.62</ele></trkpt><trkpt lat="48.21741" lon="-1.48735"><ele>109.52</ele></trkpt><trkpt lat="48.21741" lon="-1.48732"><ele>109.52</ele></trkpt><trkpt lat="48.21741" lon="-1.48729"><ele>109.41</ele></trkpt><trkpt lat="48.21741" lon="-1.48726"><ele>109.31</ele></trkpt><trkpt lat="48.2174" lon="-1.48724"><ele>109.22</ele></trkpt><trkpt lat="48.2174" lon="-1.48722"><ele>109.14</ele></trkpt><trkpt lat="48.2174" lon="-1.48718"><ele>109.07</ele></trkpt><trkpt lat="48.21739" lon="-1.48717"><ele>109.07</ele></trkpt><trkpt lat="48.21738" lon="-1.48714"><ele>109.02</ele></trkpt><trkpt lat="48.21738" lon="-1.48711"><ele>109.02</ele></trkpt><trkpt lat="48.21738" lon="-1.48709"><ele>108.99</ele></trkpt><trkpt lat="48.21739" lon="-1.48706"><ele>108.99</ele></trkpt><trkpt lat="48.21738" lon="-1.48705"><ele>108.96</ele></trkpt><trkpt lat="48.21739" lon="-1.48702"><ele>108.96</ele></trkpt><trkpt lat="48.2174" lon="-1.48699"><ele>108.93</ele></trkpt><trkpt lat="48.2174" lon="-1.48697"><ele>108.89</ele></trkpt><trkpt lat="48.21738" lon="-1.48694"><ele>108.89</ele></trkpt><trkpt lat="48.21738" lon="-1.48692"><ele>108.84</ele></trkpt><trkpt lat="48.21737" lon="-1.48688"><ele>108.78</ele></trkpt><trkpt lat="48.21736" lon="-1.48683"><ele>108.56</ele></trkpt><trkpt lat="48.21735" lon="-1.4868"><ele>108.46</ele></trkpt><trkpt lat="48.21734" lon="-1.48676"><ele>108.46</ele></trkpt><trkpt lat="48.21733" lon="-1.48672"><ele>108.34</ele></trkpt><trkpt lat="48.21732" lon="-1.48668"><ele>108.04</ele></trkpt><trkpt lat="48.21731" lon="-1.48665"><ele>107.91</ele></trkpt><trkpt lat="48.2173" lon="-1.48662"><ele>107.77</ele></trkpt><trkpt lat="48.21729" lon="-1.48658"><ele>107.65</ele></trkpt><trkpt lat="48.21728" lon="-1.48655"><ele>107.65</ele></trkpt><trkpt lat="48.21727" lon="-1.48653"><ele>107.36</ele></trkpt><trkpt lat="48.21727" lon="-1.48649"><ele>107.27</ele></trkpt><trkpt lat="48.21726" lon="-1.48645"><ele>107.2</ele></trkpt><trkpt lat="48.21726" lon="-1.48641"><ele>107.15</ele></trkpt><trkpt lat="48.21726" lon="-1.48639"><ele>107.15</ele></trkpt><trkpt lat="48.21726" lon="-1.48635"><ele>107.11</ele></trkpt><trkpt lat="48.21727" lon="-1.48633"><ele>107.07</ele></trkpt><trkpt lat="48.21727" lon="-1.4863"><ele>107.07</ele></trkpt><trkpt lat="48.21727" lon="-1.48628"><ele>107.02</ele></trkpt><trkpt lat="48.21727" lon="-1.48627"><ele>107.02</ele></trkpt><trkpt lat="48.21727" lon="-1.48624"><ele>106.97</ele></trkpt><trkpt lat="48.21726" lon="-1.48621"><ele>106.97</ele></trkpt><trkpt lat="48.21725" lon="-1.4862"><ele>106.92</ele></trkpt><trkpt lat="48.21724" lon="-1.48619"><ele>106.92</ele></trkpt><trkpt lat="48.21723" lon="-1.48617"><ele>106.83</ele></trkpt><trkpt lat="48.21722" lon="-1.48615"><ele>106.76</ele></trkpt><trkpt lat="48.21721" lon="-1.48615"><ele>106.76</ele></trkpt><trkpt lat="48.2172" lon="-1.48612"><ele>106.76</ele></trkpt><trkpt lat="48.21719" lon="-1.4861"><ele>106.56</ele></trkpt><trkpt lat="48.21719" lon="-1.48607"><ele>106.46</ele></trkpt><trkpt lat="48.21719" lon="-1.48604"><ele>106.46</ele></trkpt><trkpt lat="48.21718" lon="-1.48602"><ele>106.34</ele></trkpt><trkpt lat="48.21717" lon="-1.486"><ele>106.34</ele></trkpt><trkpt lat="48.21716" lon="-1.48598"><ele>106.21</ele></trkpt><trkpt lat="48.21715" lon="-1.48594"><ele>106.08</ele></trkpt><trkpt lat="48.21714" lon="-1.48591"><ele>105.9</ele></trkpt><trkpt lat="48.21714" lon="-1.48588"><ele>105.77</ele></trkpt><trkpt lat="48.21713" lon="-1.48586"><ele>105.77</ele></trkpt><trkpt lat="48.21712" lon="-1.48585"><ele>105.63</ele></trkpt><trkpt lat="48.21712" lon="-1.48584"><ele>105.63</ele></trkpt><trkpt lat="48.2171" lon="-1.48581"><ele>105.32</ele></trkpt><trkpt lat="48.21708" lon="-1.48579"><ele>105.32</ele></trkpt><trkpt lat="48.21706" lon="-1.48575"><ele>105</ele></trkpt><trkpt lat="48.21704" lon="-1.48571"><ele>104.87</ele></trkpt><trkpt lat="48.21701" lon="-1.48568"><ele>104.53</ele></trkpt><trkpt lat="48.217" lon="-1.48566"><ele>104.53</ele></trkpt><trkpt lat="48.21698" lon="-1.48564"><ele>104.4</ele></trkpt><trkpt lat="48.21698" lon="-1.48562"><ele>104.4</ele></trkpt><trkpt lat="48.21696" lon="-1.48561"><ele>104.14</ele></trkpt><trkpt lat="48.21695" lon="-1.48559"><ele>104.04</ele></trkpt><trkpt lat="48.21693" lon="-1.48557"><ele>103.78</ele></trkpt><trkpt lat="48.21692" lon="-1.48554"><ele>103.7</ele></trkpt><trkpt lat="48.2169" lon="-1.48553"><ele>103.7</ele></trkpt><trkpt lat="48.2169" lon="-1.48552"><ele>103.7</ele></trkpt><trkpt lat="48.21688" lon="-1.48549"><ele>103.38</ele></trkpt><trkpt lat="48.21687" lon="-1.48548"><ele>103.38</ele></trkpt><trkpt lat="48.21685" lon="-1.48547"><ele>103.29</ele></trkpt><trkpt lat="48.21685" lon="-1.48546"><ele>103.29</ele></trkpt><trkpt lat="48.21683" lon="-1.48545"><ele>103.06</ele></trkpt><trkpt lat="48.21683" lon="-1.48543"><ele>103.06</ele></trkpt><trkpt lat="48.21681" lon="-1.48542"><ele>102.95</ele></trkpt><trkpt lat="48.21681" lon="-1.4854"><ele>102.95</ele></trkpt><trkpt lat="48.2168" lon="-1.48537"><ele>102.6</ele></trkpt><trkpt lat="48.21679" lon="-1.48535"><ele>102.6</ele></trkpt><trkpt lat="48.21677" lon="-1.48533"><ele>102.49</ele></trkpt><trkpt lat="48.21676" lon="-1.4853"><ele>102.13</ele></trkpt><trkpt lat="48.21674" lon="-1.48529"><ele>102.13</ele></trkpt><trkpt lat="48.21672" lon="-1.48527"><ele>102.13</ele></trkpt><trkpt lat="48.2167" lon="-1.48525"><ele>101.79</ele></trkpt><trkpt lat="48.21667" lon="-1.48523"><ele>101.52</ele></trkpt><trkpt lat="48.21666" lon="-1.48522"><ele>101.52</ele></trkpt><trkpt lat="48.21665" lon="-1.48519"><ele>101.47</ele></trkpt><trkpt lat="48.21663" lon="-1.48518"><ele>101.23</ele></trkpt><trkpt lat="48.21661" lon="-1.48515"><ele>101.2</ele></trkpt><trkpt lat="48.2166" lon="-1.48513"><ele>101.2</ele></trkpt><trkpt lat="48.21659" lon="-1.48512"><ele>100.96</ele></trkpt><trkpt lat="48.21658" lon="-1.48509"><ele>100.96</ele></trkpt><trkpt lat="48.21656" lon="-1.48507"><ele>100.95</ele></trkpt><trkpt lat="48.21655" lon="-1.48505"><ele>100.95</ele></trkpt><trkpt lat="48.21653" lon="-1.48503"><ele>100.75</ele></trkpt><trkpt lat="48.21651" lon="-1.48501"><ele>100.75</ele></trkpt><trkpt lat="48.21648" lon="-1.48499"><ele>100.56</ele></trkpt><trkpt lat="48.21647" lon="-1.48496"><ele>100.56</ele></trkpt><trkpt lat="48.21644" lon="-1.48496"><ele>100.36</ele></trkpt><trkpt lat="48.21642" lon="-1.48494"><ele>100.35</ele></trkpt><trkpt lat="48.21639" lon="-1.48493"><ele>100.15</ele></trkpt><trkpt lat="48.21638" lon="-1.48493"><ele>100.15</ele></trkpt><trkpt lat="48.21636" lon="-1.48492"><ele>99.92</ele></trkpt><trkpt lat="48.21635" lon="-1.48493"><ele>99.92</ele></trkpt><trkpt lat="48.21633" lon="-1.48493"><ele>99.66</ele></trkpt><trkpt lat="48.21631" lon="-1.48491"><ele>99.67</ele></trkpt><trkpt lat="48.21628" lon="-1.48491"><ele>99.41</ele></trkpt><trkpt lat="48.21627" lon="-1.48491"><ele>99.41</ele></trkpt><trkpt lat="48.21625" lon="-1.48491"><ele>99.41</ele></trkpt><trkpt lat="48.21624" lon="-1.48491"><ele>99.12</ele></trkpt><trkpt lat="48.21622" lon="-1.48493"><ele>99.06</ele></trkpt><trkpt lat="48.21621" lon="-1.48494"><ele>99.06</ele></trkpt><trkpt lat="48.21618" lon="-1.48495"><ele>98.73</ele></trkpt><trkpt lat="48.21616" lon="-1.48495"><ele>98.42</ele></trkpt><trkpt lat="48.21614" lon="-1.48497"><ele>98.32</ele></trkpt><trkpt lat="48.21612" lon="-1.48498"><ele>98.32</ele></trkpt><trkpt lat="48.21611" lon="-1.48498"><ele>98.03</ele></trkpt><trkpt lat="48.2161" lon="-1.48498"><ele>98.03</ele></trkpt><trkpt lat="48.21608" lon="-1.485"><ele>97.96</ele></trkpt><trkpt lat="48.21607" lon="-1.485"><ele>97.73</ele></trkpt><trkpt lat="48.21606" lon="-1.48502"><ele>97.73</ele></trkpt><trkpt lat="48.21605" lon="-1.48503"><ele>97.73</ele></trkpt><trkpt lat="48.21604" lon="-1.48504"><ele>97.73</ele></trkpt><trkpt lat="48.21603" lon="-1.48504"><ele>97.52</ele></trkpt><trkpt lat="48.21601" lon="-1.48504"><ele>97.52</ele></trkpt><trkpt lat="48.21598" lon="-1.48504"><ele>97.3</ele></trkpt><trkpt lat="48.21595" lon="-1.48504"><ele>97.3</ele></trkpt><trkpt lat="48.2159" lon="-1.48504"><ele>96.89</ele></trkpt><trkpt lat="48.21587" lon="-1.48506"><ele>96.89</ele></trkpt><trkpt lat="48.21585" lon="-1.48509"><ele>96.65</ele></trkpt><trkpt lat="48.21582" lon="-1.48511"><ele>96.65</ele></trkpt><trkpt lat="48.21579" lon="-1.48512"><ele>96.42</ele></trkpt><trkpt lat="48.21578" lon="-1.48515"><ele>96.37</ele></trkpt><trkpt lat="48.21577" lon="-1.48517"><ele>96.11</ele></trkpt><trkpt lat="48.21576" lon="-1.48518"><ele>96.04</ele></trkpt><trkpt lat="48.21573" lon="-1.48518"><ele>95.75</ele></trkpt><trkpt lat="48.2157" lon="-1.48518"><ele>95.75</ele></trkpt><trkpt lat="48.21568" lon="-1.48518"><ele>95.45</ele></trkpt><trkpt lat="48.21565" lon="-1.48518"><ele>95.45</ele></trkpt><trkpt lat="48.21563" lon="-1.48518"><ele>95.15</ele></trkpt><trkpt lat="48.2156" lon="-1.48517"><ele>94.92</ele></trkpt><trkpt lat="48.21558" lon="-1.48517"><ele>94.92</ele></trkpt><trkpt lat="48.21556" lon="-1.48517"><ele>94.62</ele></trkpt><trkpt lat="48.21555" lon="-1.48518"><ele>94.57</ele></trkpt><trkpt lat="48.21554" lon="-1.48518"><ele>94.57</ele></trkpt><trkpt lat="48.21551" lon="-1.48518"><ele>94.28</ele></trkpt><trkpt lat="48.21549" lon="-1.48519"><ele>94.28</ele></trkpt><trkpt lat="48.21547" lon="-1.48518"><ele>93.97</ele></trkpt><trkpt lat="48.21546" lon="-1.48518"><ele>93.97</ele></trkpt><trkpt lat="48.21543" lon="-1.48516"><ele>93.64</ele></trkpt><trkpt lat="48.21544" lon="-1.48514"><ele>93.98</ele></trkpt><trkpt lat="48.21542" lon="-1.48512"><ele>93.63</ele></trkpt><trkpt lat="48.21543" lon="-1.48509"><ele>93.63</ele></trkpt><trkpt lat="48.21544" lon="-1.48504"><ele>93.98</ele></trkpt><trkpt lat="48.21544" lon="-1.485"><ele>93.98</ele></trkpt><trkpt lat="48.21544" lon="-1.48498"><ele>93.97</ele></trkpt><trkpt lat="48.21543" lon="-1.48495"><ele>93.59</ele></trkpt><trkpt lat="48.21543" lon="-1.48492"><ele>93.59</ele></trkpt><trkpt lat="48.21542" lon="-1.48489"><ele>93.58</ele></trkpt><trkpt lat="48.21543" lon="-1.48485"><ele>93.57</ele></trkpt><trkpt lat="48.21542" lon="-1.4848"><ele>93.55</ele></trkpt><trkpt lat="48.21541" lon="-1.48475"><ele>93.52</ele></trkpt><trkpt lat="48.2154" lon="-1.48472"><ele>93.46</ele></trkpt><trkpt lat="48.21538" lon="-1.48468"><ele>92.97</ele></trkpt><trkpt lat="48.21535" lon="-1.48464"><ele>92.86</ele></trkpt><trkpt lat="48.21534" lon="-1.48463"><ele>92.48</ele></trkpt><trkpt lat="48.21521" lon="-1.48453"><ele>91.77</ele></trkpt><trkpt lat="48.2152" lon="-1.48457"><ele>91.77</ele></trkpt><trkpt lat="48.21522" lon="-1.48445"><ele>91.84</ele></trkpt><trkpt lat="48.21516" lon="-1.48446"><ele>91.67</ele></trkpt><trkpt lat="48.21514" lon="-1.48446"><ele>91.67</ele></trkpt><trkpt lat="48.21512" lon="-1.48444"><ele>91.53</ele></trkpt><trkpt lat="48.21511" lon="-1.48442"><ele>91.53</ele></trkpt><trkpt lat="48.21508" lon="-1.48441"><ele>91.34</ele></trkpt><trkpt lat="48.21506" lon="-1.48439"><ele>91.31</ele></trkpt><trkpt lat="48.21503" lon="-1.4844"><ele>91.11</ele></trkpt><trkpt lat="48.215" lon="-1.4844"><ele>90.85</ele></trkpt><trkpt lat="48.21498" lon="-1.48439"><ele>90.83</ele></trkpt><trkpt lat="48.21497" lon="-1.48439"><ele>90.83</ele></trkpt><trkpt lat="48.21496" lon="-1.48437"><ele>90.57</ele></trkpt><trkpt lat="48.21495" lon="-1.48437"><ele>90.57</ele></trkpt><trkpt lat="48.21493" lon="-1.48436"><ele>90.57</ele></trkpt><trkpt lat="48.21491" lon="-1.48435"><ele>90.29</ele></trkpt><trkpt lat="48.21489" lon="-1.48435"><ele>90.29</ele></trkpt><trkpt lat="48.21487" lon="-1.48434"><ele>90.02</ele></trkpt><trkpt lat="48.21485" lon="-1.48434"><ele>90.02</ele></trkpt><trkpt lat="48.21483" lon="-1.48433"><ele>89.76</ele></trkpt><trkpt lat="48.21481" lon="-1.48433"><ele>89.76</ele></trkpt><trkpt lat="48.2148" lon="-1.48432"><ele>89.76</ele></trkpt><trkpt lat="48.21478" lon="-1.48432"><ele>89.49</ele></trkpt><trkpt lat="48.21477" lon="-1.48432"><ele>89.49</ele></trkpt><trkpt lat="48.21474" lon="-1.4843"><ele>89.24</ele></trkpt><trkpt lat="48.21471" lon="-1.48429"><ele>89.24</ele></trkpt><trkpt lat="48.2147" lon="-1.48427"><ele>88.95</ele></trkpt><trkpt lat="48.21469" lon="-1.48426"><ele>88.95</ele></trkpt><trkpt lat="48.21468" lon="-1.48424"><ele>88.95</ele></trkpt><trkpt lat="48.21466" lon="-1.48421"><ele>88.94</ele></trkpt><trkpt lat="48.21464" lon="-1.4842"><ele>88.69</ele></trkpt><trkpt lat="48.21462" lon="-1.48418"><ele>88.69</ele></trkpt><trkpt lat="48.21459" lon="-1.48417"><ele>88.41</ele></trkpt><trkpt lat="48.21457" lon="-1.48413"><ele>88.16</ele></trkpt><trkpt lat="48.21456" lon="-1.4841"><ele>88.16</ele></trkpt><trkpt lat="48.21457" lon="-1.48408"><ele>88.21</ele></trkpt><trkpt lat="48.21458" lon="-1.48407"><ele>88.5</ele></trkpt><trkpt lat="48.21458" lon="-1.48403"><ele>88.58</ele></trkpt><trkpt lat="48.2146" lon="-1.48401"><ele>88.67</ele></trkpt><trkpt lat="48.21461" lon="-1.48399"><ele>88.67</ele></trkpt><trkpt lat="48.21462" lon="-1.48397"><ele>88.95</ele></trkpt><trkpt lat="48.21463" lon="-1.48394"><ele>89.03</ele></trkpt><trkpt lat="48.21465" lon="-1.48392"><ele>89.1</ele></trkpt><trkpt lat="48.21465" lon="-1.48389"><ele>89.1</ele></trkpt><trkpt lat="48.21465" lon="-1.48386"><ele>89.15</ele></trkpt><trkpt lat="48.21465" lon="-1.48383"><ele>89.19</ele></trkpt><trkpt lat="48.21465" lon="-1.4838"><ele>89.19</ele></trkpt><trkpt lat="48.21465" lon="-1.48378"><ele>89.22</ele></trkpt><trkpt lat="48.21465" lon="-1.48377"><ele>89.22</ele></trkpt><trkpt lat="48.21465" lon="-1.48375"><ele>89.25</ele></trkpt><trkpt lat="48.21465" lon="-1.48372"><ele>89.25</ele></trkpt><trkpt lat="48.21466" lon="-1.48369"><ele>89.58</ele></trkpt><trkpt lat="48.21467" lon="-1.48369"><ele>89.58</ele></trkpt><trkpt lat="48.21469" lon="-1.48367"><ele>89.58</ele></trkpt><trkpt lat="48.2147" lon="-1.48366"><ele>89.62</ele></trkpt><trkpt lat="48.21473" lon="-1.48364"><ele>89.95</ele></trkpt><trkpt lat="48.21474" lon="-1.48363"><ele>89.95</ele></trkpt><trkpt lat="48.21476" lon="-1.48361"><ele>90.35</ele></trkpt><trkpt lat="48.21476" lon="-1.4836"><ele>90.35</ele></trkpt><trkpt lat="48.21478" lon="-1.48359"><ele>90.35</ele></trkpt><trkpt lat="48.21479" lon="-1.48357"><ele>90.72</ele></trkpt><trkpt lat="48.2148" lon="-1.48356"><ele>90.72</ele></trkpt><trkpt lat="48.21481" lon="-1.48355"><ele>90.72</ele></trkpt><trkpt lat="48.21482" lon="-1.48354"><ele>90.75</ele></trkpt><trkpt lat="48.21484" lon="-1.48353"><ele>91.01</ele></trkpt><trkpt lat="48.21487" lon="-1.48352"><ele>91.01</ele></trkpt><trkpt lat="48.21489" lon="-1.4835"><ele>91.23</ele></trkpt><trkpt lat="48.21488" lon="-1.48348"><ele>91.24</ele></trkpt><trkpt lat="48.2149" lon="-1.48348"><ele>91.24</ele></trkpt><trkpt lat="48.21491" lon="-1.48347"><ele>91.24</ele></trkpt><trkpt lat="48.21492" lon="-1.48346"><ele>91.45</ele></trkpt><trkpt lat="48.21494" lon="-1.48342"><ele>91.44</ele></trkpt><trkpt lat="48.21497" lon="-1.48339"><ele>91.64</ele></trkpt><trkpt lat="48.21498" lon="-1.48337"><ele>91.64</ele></trkpt><trkpt lat="48.21497" lon="-1.48335"><ele>91.65</ele></trkpt><trkpt lat="48.21498" lon="-1.48332"><ele>91.67</ele></trkpt><trkpt lat="48.21498" lon="-1.48329"><ele>91.67</ele></trkpt><trkpt lat="48.21497" lon="-1.48327"><ele>91.72</ele></trkpt><trkpt lat="48.21495" lon="-1.48325"><ele>91.52</ele></trkpt><trkpt lat="48.21494" lon="-1.48323"><ele>91.58</ele></trkpt><trkpt lat="48.21494" lon="-1.48319"><ele>91.67</ele></trkpt><trkpt lat="48.21494" lon="-1.48316"><ele>91.67</ele></trkpt><trkpt lat="48.21492" lon="-1.48313"><ele>91.77</ele></trkpt><trkpt lat="48.21492" lon="-1.48312"><ele>91.77</ele></trkpt><trkpt lat="48.21492" lon="-1.48309"><ele>91.89</ele></trkpt><trkpt lat="48.21492" lon="-1.48307"><ele>91.89</ele></trkpt><trkpt lat="48.21491" lon="-1.48307"><ele>91.68</ele></trkpt><trkpt lat="48.21491" lon="-1.48305"><ele>91.8</ele></trkpt><trkpt lat="48.2149" lon="-1.48303"><ele>91.8</ele></trkpt><trkpt lat="48.2149" lon="-1.483"><ele>91.92</ele></trkpt><trkpt lat="48.21489" lon="-1.48298"><ele>92.06</ele></trkpt><trkpt lat="48.21487" lon="-1.48294"><ele>91.85</ele></trkpt><trkpt lat="48.21486" lon="-1.48292"><ele>91.98</ele></trkpt><trkpt lat="48.21485" lon="-1.4829"><ele>91.98</ele></trkpt><trkpt lat="48.21485" lon="-1.48288"><ele>92.1</ele></trkpt><trkpt lat="48.21484" lon="-1.48286"><ele>92.1</ele></trkpt><trkpt lat="48.21482" lon="-1.48285"><ele>92.01</ele></trkpt><trkpt lat="48.21481" lon="-1.48283"><ele>92.01</ele></trkpt><trkpt lat="48.21481" lon="-1.48281"><ele>92.12</ele></trkpt><trkpt lat="48.21481" lon="-1.48278"><ele>92.12</ele></trkpt><trkpt lat="48.2148" lon="-1.48274"><ele>92.25</ele></trkpt><trkpt lat="48.2148" lon="-1.48272"><ele>92.38</ele></trkpt><trkpt lat="48.2148" lon="-1.4827"><ele>92.38</ele></trkpt><trkpt lat="48.21481" lon="-1.48265"><ele>92.49</ele></trkpt><trkpt lat="48.21481" lon="-1.48263"><ele>92.6</ele></trkpt><trkpt lat="48.21482" lon="-1.48261"><ele>92.6</ele></trkpt><trkpt lat="48.21483" lon="-1.48259"><ele>92.72</ele></trkpt><trkpt lat="48.21485" lon="-1.48257"><ele>92.92</ele></trkpt><trkpt lat="48.21487" lon="-1.48256"><ele>92.92</ele></trkpt><trkpt lat="48.21489" lon="-1.48254"><ele>93.23</ele></trkpt><trkpt lat="48.2149" lon="-1.48252"><ele>93.23</ele></trkpt><trkpt lat="48.21493" lon="-1.48248"><ele>93.49</ele></trkpt><trkpt lat="48.21494" lon="-1.48246"><ele>93.57</ele></trkpt><trkpt lat="48.21495" lon="-1.48244"><ele>93.57</ele></trkpt><trkpt lat="48.21497" lon="-1.48243"><ele>93.69</ele></trkpt><trkpt lat="48.21498" lon="-1.48239"><ele>93.75</ele></trkpt><trkpt lat="48.21499" lon="-1.48237"><ele>93.82</ele></trkpt><trkpt lat="48.215" lon="-1.48235"><ele>93.82</ele></trkpt><trkpt lat="48.21501" lon="-1.48234"><ele>93.89</ele></trkpt><trkpt lat="48.21502" lon="-1.48233"><ele>93.95</ele></trkpt><trkpt lat="48.21503" lon="-1.48231"><ele>93.95</ele></trkpt><trkpt lat="48.21504" lon="-1.48231"><ele>93.95</ele></trkpt><trkpt lat="48.21505" lon="-1.48229"><ele>94.07</ele></trkpt><trkpt lat="48.21506" lon="-1.48228"><ele>94.07</ele></trkpt><trkpt lat="48.21507" lon="-1.48226"><ele>94.07</ele></trkpt><trkpt lat="48.21508" lon="-1.48224"><ele>94.14</ele></trkpt><trkpt lat="48.21509" lon="-1.48223"><ele>94.23</ele></trkpt><trkpt lat="48.2151" lon="-1.48223"><ele>94.23</ele></trkpt><trkpt lat="48.21511" lon="-1.48223"><ele>94.23</ele></trkpt><trkpt lat="48.21512" lon="-1.48221"><ele>94.33</ele></trkpt><trkpt lat="48.21513" lon="-1.4822"><ele>94.33</ele></trkpt><trkpt lat="48.21515" lon="-1.48219"><ele>94.45</ele></trkpt><trkpt lat="48.21516" lon="-1.48217"><ele>94.45</ele></trkpt><trkpt lat="48.21518" lon="-1.48216"><ele>94.74</ele></trkpt><trkpt lat="48.2152" lon="-1.48215"><ele>94.74</ele></trkpt><trkpt lat="48.21522" lon="-1.48214"><ele>94.94</ele></trkpt><trkpt lat="48.21523" lon="-1.48212"><ele>95.05</ele></trkpt><trkpt lat="48.21524" lon="-1.48212"><ele>95.05</ele></trkpt><trkpt lat="48.21526" lon="-1.48211"><ele>95.05</ele></trkpt><trkpt lat="48.21527" lon="-1.4821"><ele>95.27</ele></trkpt><trkpt lat="48.21528" lon="-1.48207"><ele>95.37</ele></trkpt><trkpt lat="48.21531" lon="-1.48206"><ele>95.55</ele></trkpt><trkpt lat="48.21532" lon="-1.48206"><ele>95.55</ele></trkpt><trkpt lat="48.21534" lon="-1.48204"><ele>95.55</ele></trkpt><trkpt lat="48.21535" lon="-1.48204"><ele>95.69</ele></trkpt><trkpt lat="48.21537" lon="-1.48201"><ele>95.77</ele></trkpt><trkpt lat="48.21538" lon="-1.482"><ele>95.77</ele></trkpt><trkpt lat="48.2154" lon="-1.48199"><ele>95.89</ele></trkpt><trkpt lat="48.21542" lon="-1.48197"><ele>95.89</ele></trkpt><trkpt lat="48.21544" lon="-1.48197"><ele>95.9</ele></trkpt><trkpt lat="48.21546" lon="-1.48197"><ele>95.9</ele></trkpt><trkpt lat="48.21548" lon="-1.48195"><ele>95.98</ele></trkpt><trkpt lat="48.2155" lon="-1.48194"><ele>95.98</ele></trkpt><trkpt lat="48.21554" lon="-1.48193"><ele>96.01</ele></trkpt><trkpt lat="48.21556" lon="-1.48193"><ele>96.01</ele></trkpt><trkpt lat="48.21558" lon="-1.48192"><ele>96.09</ele></trkpt><trkpt lat="48.2156" lon="-1.48189"><ele>96.08</ele></trkpt><trkpt lat="48.21561" lon="-1.48187"><ele>96.17</ele></trkpt><trkpt lat="48.21561" lon="-1.48184"><ele>96.14</ele></trkpt><trkpt lat="48.21562" lon="-1.48182"><ele>96.11</ele></trkpt><trkpt lat="48.21563" lon="-1.48182"><ele>96.11</ele></trkpt><trkpt lat="48.21566" lon="-1.4818"><ele>96.19</ele></trkpt><trkpt lat="48.21569" lon="-1.48179"><ele>96.27</ele></trkpt><trkpt lat="48.21571" lon="-1.48177"><ele>96.18</ele></trkpt><trkpt lat="48.21572" lon="-1.48176"><ele>96.18</ele></trkpt><trkpt lat="48.21573" lon="-1.48176"><ele>96.18</ele></trkpt><trkpt lat="48.21574" lon="-1.48175"><ele>96.24</ele></trkpt><trkpt lat="48.21576" lon="-1.48175"><ele>96.24</ele></trkpt><trkpt lat="48.21577" lon="-1.48174"><ele>96.24</ele></trkpt><trkpt lat="48.21578" lon="-1.48174"><ele>96.3</ele></trkpt><trkpt lat="48.2158" lon="-1.48173"><ele>96.19</ele></trkpt><trkpt lat="48.21581" lon="-1.48171"><ele>96.19</ele></trkpt><trkpt lat="48.21582" lon="-1.4817"><ele>96.3</ele></trkpt><trkpt lat="48.21584" lon="-1.48168"><ele>96.21</ele></trkpt><trkpt lat="48.21586" lon="-1.48166"><ele>96.21</ele></trkpt><trkpt lat="48.21587" lon="-1.48164"><ele>96.3</ele></trkpt><trkpt lat="48.21589" lon="-1.48163"><ele>96.3</ele></trkpt><trkpt lat="48.21589" lon="-1.48162"><ele>96.3</ele></trkpt><trkpt lat="48.21591" lon="-1.48159"><ele>96.39</ele></trkpt><trkpt lat="48.21594" lon="-1.48157"><ele>96.39</ele></trkpt><trkpt lat="48.21596" lon="-1.48156"><ele>96.42</ele></trkpt><trkpt lat="48.21598" lon="-1.48155"><ele>96.42</ele></trkpt><trkpt lat="48.216" lon="-1.48154"><ele>96.5</ele></trkpt><trkpt lat="48.21603" lon="-1.4815"><ele>96.39</ele></trkpt><trkpt lat="48.21605" lon="-1.48147"><ele>96.31</ele></trkpt><trkpt lat="48.21606" lon="-1.48144"><ele>96.31</ele></trkpt><trkpt lat="48.21607" lon="-1.48143"><ele>96.19</ele></trkpt><trkpt lat="48.21609" lon="-1.48141"><ele>96.19</ele></trkpt><trkpt lat="48.21611" lon="-1.48141"><ele>96.19</ele></trkpt><trkpt lat="48.21612" lon="-1.48139"><ele>96.07</ele></trkpt><trkpt lat="48.21614" lon="-1.48137"><ele>96.07</ele></trkpt><trkpt lat="48.21617" lon="-1.48136"><ele>96.04</ele></trkpt><trkpt lat="48.21619" lon="-1.48134"><ele>95.91</ele></trkpt><trkpt lat="48.2162" lon="-1.48132"><ele>95.91</ele></trkpt><trkpt lat="48.21622" lon="-1.4813"><ele>95.77</ele></trkpt><trkpt lat="48.21625" lon="-1.48126"><ele>95.65</ele></trkpt><trkpt lat="48.21627" lon="-1.48123"><ele>95.65</ele></trkpt><trkpt lat="48.21629" lon="-1.48121"><ele>95.52</ele></trkpt><trkpt lat="48.2163" lon="-1.48119"><ele>95.51</ele></trkpt><trkpt lat="48.21632" lon="-1.48117"><ele>95.38</ele></trkpt><trkpt lat="48.21633" lon="-1.48116"><ele>95.38</ele></trkpt><trkpt lat="48.21634" lon="-1.48114"><ele>95.37</ele></trkpt><trkpt lat="48.21634" lon="-1.48113"><ele>95.24</ele></trkpt><trkpt lat="48.21636" lon="-1.4811"><ele>95.24</ele></trkpt><trkpt lat="48.21637" lon="-1.48109"><ele>95.1</ele></trkpt><trkpt lat="48.21636" lon="-1.48105"><ele>94.98</ele></trkpt><trkpt lat="48.21636" lon="-1.48103"><ele>94.98</ele></trkpt><trkpt lat="48.21635" lon="-1.48099"><ele>94.87</ele></trkpt><trkpt lat="48.21636" lon="-1.48097"><ele>94.87</ele></trkpt><trkpt lat="48.21637" lon="-1.48094"><ele>94.73</ele></trkpt><trkpt lat="48.21638" lon="-1.48092"><ele>94.6</ele></trkpt><trkpt lat="48.21639" lon="-1.48089"><ele>94.6</ele></trkpt><trkpt lat="48.21639" lon="-1.48084"><ele>94.45</ele></trkpt><trkpt lat="48.2164" lon="-1.48081"><ele>94.33</ele></trkpt><trkpt lat="48.21642" lon="-1.48079"><ele>94.17</ele></trkpt><trkpt lat="48.21644" lon="-1.48074"><ele>94.04</ele></trkpt><trkpt lat="48.21645" lon="-1.48069"><ele>93.87</ele></trkpt><trkpt lat="48.21646" lon="-1.48067"><ele>93.87</ele></trkpt><trkpt lat="48.21646" lon="-1.48066"><ele>93.7</ele></trkpt><trkpt lat="48.21647" lon="-1.48064"><ele>93.66</ele></trkpt><trkpt lat="48.21648" lon="-1.48061"><ele>93.45</ele></trkpt><trkpt lat="48.2165" lon="-1.4806"><ele>93.45</ele></trkpt><trkpt lat="48.21651" lon="-1.48058"><ele>93.43</ele></trkpt><trkpt lat="48.21653" lon="-1.48055"><ele>93.21</ele></trkpt><trkpt lat="48.21655" lon="-1.48051"><ele>92.99</ele></trkpt><trkpt lat="48.21656" lon="-1.48048"><ele>92.76</ele></trkpt><trkpt lat="48.21657" lon="-1.48045"><ele>92.54</ele></trkpt><trkpt lat="48.21658" lon="-1.48042"><ele>92.54</ele></trkpt><trkpt lat="48.21659" lon="-1.4804"><ele>92.34</ele></trkpt><trkpt lat="48.2166" lon="-1.48037"><ele>92.44</ele></trkpt><trkpt lat="48.21662" lon="-1.48034"><ele>92.25</ele></trkpt><trkpt lat="48.21662" lon="-1.48033"><ele>92.25</ele></trkpt><trkpt lat="48.21663" lon="-1.48031"><ele>92.07</ele></trkpt><trkpt lat="48.21664" lon="-1.4803"><ele>92.18</ele></trkpt><trkpt lat="48.21664" lon="-1.48028"><ele>92.18</ele></trkpt><trkpt lat="48.21665" lon="-1.48026"><ele>91.98</ele></trkpt><trkpt lat="48.21666" lon="-1.48024"><ele>91.98</ele></trkpt><trkpt lat="48.21667" lon="-1.48024"><ele>91.98</ele></trkpt><trkpt lat="48.21669" lon="-1.48022"><ele>91.85</ele></trkpt><trkpt lat="48.2167" lon="-1.48019"><ele>91.63</ele></trkpt><trkpt lat="48.21672" lon="-1.48017"><ele>91.69</ele></trkpt><trkpt lat="48.21675" lon="-1.48013"><ele>91.49</ele></trkpt><trkpt lat="48.21677" lon="-1.48011"><ele>91.56</ele></trkpt><trkpt lat="48.21678" lon="-1.48008"><ele>91.39</ele></trkpt><trkpt lat="48.21679" lon="-1.48006"><ele>91.26</ele></trkpt><trkpt lat="48.2168" lon="-1.48005"><ele>91.26</ele></trkpt><trkpt lat="48.21681" lon="-1.48003"><ele>91.37</ele></trkpt><trkpt lat="48.21682" lon="-1.47998"><ele>91.28</ele></trkpt><trkpt lat="48.21683" lon="-1.47995"><ele>91.2</ele></trkpt><trkpt lat="48.21683" lon="-1.47993"><ele>91.14</ele></trkpt><trkpt lat="48.21682" lon="-1.47991"><ele>91.14</ele></trkpt><trkpt lat="48.21681" lon="-1.47988"><ele>91.1</ele></trkpt><trkpt lat="48.2168" lon="-1.47986"><ele>91.02</ele></trkpt><trkpt lat="48.21679" lon="-1.47985"><ele>91.02</ele></trkpt><trkpt lat="48.21679" lon="-1.47983"><ele>91</ele></trkpt><trkpt lat="48.21677" lon="-1.47981"><ele>91</ele></trkpt><trkpt lat="48.21675" lon="-1.47981"><ele>91</ele></trkpt><trkpt lat="48.21674" lon="-1.47981"><ele>91</ele></trkpt><trkpt lat="48.21674" lon="-1.47979"><ele>90.98</ele></trkpt><trkpt lat="48.21671" lon="-1.47979"><ele>90.97</ele></trkpt><trkpt lat="48.21669" lon="-1.47977"><ele>90.97</ele></trkpt><trkpt lat="48.21669" lon="-1.47976"><ele>90.91</ele></trkpt><trkpt lat="48.21667" lon="-1.47975"><ele>90.9</ele></trkpt><trkpt lat="48.21667" lon="-1.47973"><ele>90.9</ele></trkpt><trkpt lat="48.21665" lon="-1.47972"><ele>90.88</ele></trkpt><trkpt lat="48.21665" lon="-1.4797"><ele>90.88</ele></trkpt><trkpt lat="48.21664" lon="-1.47968"><ele>90.88</ele></trkpt><trkpt lat="48.21663" lon="-1.47969"><ele>90.88</ele></trkpt><trkpt lat="48.2166" lon="-1.47968"><ele>90.88</ele></trkpt><trkpt lat="48.21658" lon="-1.47967"><ele>90.8</ele></trkpt><trkpt lat="48.21656" lon="-1.47966"><ele>90.8</ele></trkpt><trkpt lat="48.21655" lon="-1.47964"><ele>90.8</ele></trkpt><trkpt lat="48.21653" lon="-1.47963"><ele>90.72</ele></trkpt><trkpt lat="48.21653" lon="-1.4796"><ele>90.72</ele></trkpt><trkpt lat="48.21652" lon="-1.47959"><ele>90.6</ele></trkpt><trkpt lat="48.2165" lon="-1.47956"><ele>90.61</ele></trkpt><trkpt lat="48.21649" lon="-1.47954"><ele>90.5</ele></trkpt><trkpt lat="48.21647" lon="-1.4795"><ele>90.38</ele></trkpt><trkpt lat="48.21645" lon="-1.47947"><ele>90.38</ele></trkpt><trkpt lat="48.21643" lon="-1.47946"><ele>90.24</ele></trkpt><trkpt lat="48.21642" lon="-1.47944"><ele>90.24</ele></trkpt><trkpt lat="48.21642" lon="-1.47943"><ele>90.24</ele></trkpt><trkpt lat="48.2164" lon="-1.47941"><ele>90.13</ele></trkpt><trkpt lat="48.21639" lon="-1.47937"><ele>90</ele></trkpt><trkpt lat="48.21638" lon="-1.47933"><ele>89.87</ele></trkpt><trkpt lat="48.21636" lon="-1.47929"><ele>89.8</ele></trkpt><trkpt lat="48.21635" lon="-1.47928"><ele>89.8</ele></trkpt><trkpt lat="48.21634" lon="-1.47927"><ele>89.8</ele></trkpt><trkpt lat="48.21634" lon="-1.47926"><ele>89.8</ele></trkpt><trkpt lat="48.21634" lon="-1.47923"><ele>89.67</ele></trkpt><trkpt lat="48.21632" lon="-1.4792"><ele>89.68</ele></trkpt><trkpt lat="48.21631" lon="-1.47917"><ele>89.68</ele></trkpt><trkpt lat="48.2163" lon="-1.47915"><ele>89.56</ele></trkpt><trkpt lat="48.21629" lon="-1.47913"><ele>89.75</ele></trkpt><trkpt lat="48.21629" lon="-1.47911"><ele>89.63</ele></trkpt><trkpt lat="48.21627" lon="-1.47909"><ele>89.63</ele></trkpt><trkpt lat="48.21626" lon="-1.47906"><ele>89.51</ele></trkpt><trkpt lat="48.21623" lon="-1.47903"><ele>89.63</ele></trkpt><trkpt lat="48.21621" lon="-1.47902"><ele>89.63</ele></trkpt><trkpt lat="48.2162" lon="-1.479"><ele>89.83</ele></trkpt><trkpt lat="48.21619" lon="-1.47899"><ele>89.77</ele></trkpt><trkpt lat="48.21616" lon="-1.47898"><ele>89.96</ele></trkpt><trkpt lat="48.21614" lon="-1.47898"><ele>89.96</ele></trkpt><trkpt lat="48.21611" lon="-1.47898"><ele>90.15</ele></trkpt><trkpt lat="48.21609" lon="-1.47897"><ele>90.15</ele></trkpt><trkpt lat="48.21608" lon="-1.47897"><ele>90.15</ele></trkpt><trkpt lat="48.21605" lon="-1.47896"><ele>90.34</ele></trkpt><trkpt lat="48.21603" lon="-1.47895"><ele>90.53</ele></trkpt><trkpt lat="48.21601" lon="-1.47893"><ele>90.51</ele></trkpt><trkpt lat="48.216" lon="-1.47892"><ele>90.51</ele></trkpt><trkpt lat="48.21598" lon="-1.4789"><ele>90.7</ele></trkpt><trkpt lat="48.21598" lon="-1.47889"><ele>90.7</ele></trkpt><trkpt lat="48.21597" lon="-1.47887"><ele>90.7</ele></trkpt><trkpt lat="48.21594" lon="-1.47885"><ele>90.88</ele></trkpt><trkpt lat="48.21593" lon="-1.47883"><ele>90.88</ele></trkpt><trkpt lat="48.21591" lon="-1.47881"><ele>90.88</ele></trkpt><trkpt lat="48.21589" lon="-1.4788"><ele>91.02</ele></trkpt><trkpt lat="48.21588" lon="-1.47879"><ele>91.02</ele></trkpt><trkpt lat="48.21587" lon="-1.47877"><ele>91</ele></trkpt><trkpt lat="48.21585" lon="-1.47875"><ele>91.09</ele></trkpt><trkpt lat="48.21583" lon="-1.47873"><ele>91.04</ele></trkpt><trkpt lat="48.21581" lon="-1.47874"><ele>91.17</ele></trkpt><trkpt lat="48.21578" lon="-1.47873"><ele>91.11</ele></trkpt><trkpt lat="48.21576" lon="-1.4787"><ele>91.18</ele></trkpt><trkpt lat="48.21573" lon="-1.4787"><ele>91.27</ele></trkpt><trkpt lat="48.21571" lon="-1.47868"><ele>91.19</ele></trkpt><trkpt lat="48.21569" lon="-1.47865"><ele>91.19</ele></trkpt><trkpt lat="48.21566" lon="-1.47864"><ele>91.23</ele></trkpt><trkpt lat="48.21565" lon="-1.47861"><ele>91.23</ele></trkpt><trkpt lat="48.21563" lon="-1.47859"><ele>91.29</ele></trkpt><trkpt lat="48.21563" lon="-1.47856"><ele>91.24</ele></trkpt><trkpt lat="48.21561" lon="-1.47855"><ele>91.24</ele></trkpt><trkpt lat="48.21559" lon="-1.47854"><ele>91.39</ele></trkpt><trkpt lat="48.21558" lon="-1.47853"><ele>91.39</ele></trkpt><trkpt lat="48.21556" lon="-1.47852"><ele>91.54</ele></trkpt><trkpt lat="48.21555" lon="-1.4785"><ele>91.47</ele></trkpt><trkpt lat="48.21553" lon="-1.47849"><ele>91.47</ele></trkpt><trkpt lat="48.21551" lon="-1.47849"><ele>91.58</ele></trkpt><trkpt lat="48.2155" lon="-1.47848"><ele>91.58</ele></trkpt><trkpt lat="48.21547" lon="-1.47848"><ele>91.66</ele></trkpt><trkpt lat="48.21545" lon="-1.47847"><ele>91.55</ele></trkpt><trkpt lat="48.21545" lon="-1.47844"><ele>91.55</ele></trkpt><trkpt lat="48.21543" lon="-1.47841"><ele>91.44</ele></trkpt><trkpt lat="48.21542" lon="-1.47838"><ele>91.32</ele></trkpt><trkpt lat="48.2154" lon="-1.47835"><ele>91.32</ele></trkpt><trkpt lat="48.2154" lon="-1.47833"><ele>91.19</ele></trkpt><trkpt lat="48.21539" lon="-1.47831"><ele>91.19</ele></trkpt><trkpt lat="48.21539" lon="-1.47828"><ele>91.06</ele></trkpt><trkpt lat="48.21537" lon="-1.47827"><ele>91.07</ele></trkpt><trkpt lat="48.21531" lon="-1.47825"><ele>90.96</ele></trkpt><trkpt lat="48.21529" lon="-1.47824"><ele>90.97</ele></trkpt><trkpt lat="48.21527" lon="-1.47824"><ele>90.97</ele></trkpt><trkpt lat="48.21526" lon="-1.47823"><ele>90.98</ele></trkpt><trkpt lat="48.21524" lon="-1.47823"><ele>90.98</ele></trkpt><trkpt lat="48.21523" lon="-1.47821"><ele>90.85</ele></trkpt><trkpt lat="48.21521" lon="-1.4782"><ele>90.86</ele></trkpt><trkpt lat="48.21517" lon="-1.47819"><ele>90.86</ele></trkpt><trkpt lat="48.21515" lon="-1.47817"><ele>90.75</ele></trkpt><trkpt lat="48.21514" lon="-1.47816"><ele>90.75</ele></trkpt><trkpt lat="48.21512" lon="-1.47815"><ele>90.76</ele></trkpt><trkpt lat="48.21511" lon="-1.47814"><ele>90.76</ele></trkpt><trkpt lat="48.21509" lon="-1.47812"><ele>90.63</ele></trkpt><trkpt lat="48.21508" lon="-1.47812"><ele>90.63</ele></trkpt><trkpt lat="48.21505" lon="-1.47811"><ele>90.63</ele></trkpt><trkpt lat="48.21503" lon="-1.4781"><ele>90.64</ele></trkpt><trkpt lat="48.21502" lon="-1.4781"><ele>90.64</ele></trkpt><trkpt lat="48.21501" lon="-1.47808"><ele>90.48</ele></trkpt><trkpt lat="48.21499" lon="-1.47807"><ele>90.49</ele></trkpt><trkpt lat="48.21497" lon="-1.47806"><ele>90.49</ele></trkpt><trkpt lat="48.21493" lon="-1.47805"><ele>90.48</ele></trkpt><trkpt lat="48.2149" lon="-1.47804"><ele>90.24</ele></trkpt><trkpt lat="48.21488" lon="-1.47803"><ele>90.24</ele></trkpt><trkpt lat="48.21486" lon="-1.47803"><ele>90.18</ele></trkpt><trkpt lat="48.21483" lon="-1.47803"><ele>90.11</ele></trkpt><trkpt lat="48.21481" lon="-1.47803"><ele>90.11</ele></trkpt><trkpt lat="48.21478" lon="-1.47806"><ele>90.23</ele></trkpt><trkpt lat="48.21477" lon="-1.47808"><ele>90.23</ele></trkpt><trkpt lat="48.21476" lon="-1.47811"><ele>90.41</ele></trkpt><trkpt lat="48.21474" lon="-1.47814"><ele>90.45</ele></trkpt><trkpt lat="48.21473" lon="-1.47818"><ele>90.55</ele></trkpt><trkpt lat="48.21473" lon="-1.4782"><ele>90.55</ele></trkpt><trkpt lat="48.21471" lon="-1.47823"><ele>90.63</ele></trkpt><trkpt lat="48.21471" lon="-1.47826"><ele>90.63</ele></trkpt><trkpt lat="48.2147" lon="-1.47829"><ele>90.56</ele></trkpt><trkpt lat="48.21469" lon="-1.47832"><ele>90.63</ele></trkpt><trkpt lat="48.21469" lon="-1.47835"><ele>90.72</ele></trkpt><trkpt lat="48.21469" lon="-1.47839"><ele>90.72</ele></trkpt><trkpt lat="48.21468" lon="-1.47841"><ele>90.8</ele></trkpt><trkpt lat="48.21468" lon="-1.47844"><ele>90.88</ele></trkpt><trkpt lat="48.21469" lon="-1.47848"><ele>90.96</ele></trkpt><trkpt lat="48.21468" lon="-1.47851"><ele>90.96</ele></trkpt><trkpt lat="48.21468" lon="-1.47854"><ele>91.05</ele></trkpt><trkpt lat="48.21466" lon="-1.47857"><ele>91.15</ele></trkpt><trkpt lat="48.21466" lon="-1.47859"><ele>91.15</ele></trkpt><trkpt lat="48.21465" lon="-1.47862"><ele>91.28</ele></trkpt><trkpt lat="48.21464" lon="-1.47865"><ele>91.4</ele></trkpt><trkpt lat="48.21463" lon="-1.47868"><ele>91.4</ele></trkpt><trkpt lat="48.21464" lon="-1.47871"><ele>91.54</ele></trkpt><trkpt lat="48.21464" lon="-1.47874"><ele>91.68</ele></trkpt><trkpt lat="48.21463" lon="-1.47877"><ele>91.68</ele></trkpt><trkpt lat="48.21463" lon="-1.47881"><ele>91.8</ele></trkpt><trkpt lat="48.21462" lon="-1.47884"><ele>91.9</ele></trkpt><trkpt lat="48.21461" lon="-1.47888"><ele>91.97</ele></trkpt><trkpt lat="48.2146" lon="-1.4789"><ele>91.97</ele></trkpt><trkpt lat="48.2146" lon="-1.47892"><ele>92</ele></trkpt><trkpt lat="48.21459" lon="-1.47895"><ele>92</ele></trkpt><trkpt lat="48.21459" lon="-1.47898"><ele>92</ele></trkpt><trkpt lat="48.21459" lon="-1.47902"><ele>91.99</ele></trkpt><trkpt lat="48.21458" lon="-1.47904"><ele>92</ele></trkpt><trkpt lat="48.21457" lon="-1.47909"><ele>91.97</ele></trkpt><trkpt lat="48.21457" lon="-1.47911"><ele>91.97</ele></trkpt><trkpt lat="48.21457" lon="-1.47914"><ele>92</ele></trkpt><trkpt lat="48.21456" lon="-1.47917"><ele>92.06</ele></trkpt><trkpt lat="48.21457" lon="-1.47921"><ele>92.14</ele></trkpt><trkpt lat="48.21456" lon="-1.47925"><ele>92.23</ele></trkpt><trkpt lat="48.21455" lon="-1.47928"><ele>92.23</ele></trkpt><trkpt lat="48.21455" lon="-1.47932"><ele>92.34</ele></trkpt><trkpt lat="48.21455" lon="-1.47934"><ele>92.45</ele></trkpt><trkpt lat="48.21455" lon="-1.47937"><ele>92.45</ele></trkpt><trkpt lat="48.21455" lon="-1.47939"><ele>92.56</ele></trkpt><trkpt lat="48.21454" lon="-1.47942"><ele>92.56</ele></trkpt><trkpt lat="48.21453" lon="-1.47944"><ele>92.59</ele></trkpt><trkpt lat="48.21451" lon="-1.47945"><ele>92.59</ele></trkpt><trkpt lat="48.2145" lon="-1.47945"><ele>92.59</ele></trkpt><trkpt lat="48.21447" lon="-1.47946"><ele>92.48</ele></trkpt><trkpt lat="48.21444" lon="-1.47948"><ele>92.44</ele></trkpt><trkpt lat="48.21443" lon="-1.47948"><ele>92.44</ele></trkpt><trkpt lat="48.21441" lon="-1.47948"><ele>92.44</ele></trkpt><trkpt lat="48.21439" lon="-1.47946"><ele>92.25</ele></trkpt><trkpt lat="48.21437" lon="-1.47944"><ele>92.25</ele></trkpt><trkpt lat="48.21436" lon="-1.47943"><ele>92.25</ele></trkpt><trkpt lat="48.21434" lon="-1.47942"><ele>92.09</ele></trkpt><trkpt lat="48.21432" lon="-1.47939"><ele>92.09</ele></trkpt><trkpt lat="48.2143" lon="-1.47936"><ele>91.94</ele></trkpt><trkpt lat="48.21429" lon="-1.47934"><ele>91.94</ele></trkpt><trkpt lat="48.21427" lon="-1.47932"><ele>91.81</ele></trkpt><trkpt lat="48.21426" lon="-1.47929"><ele>91.76</ele></trkpt><trkpt lat="48.21424" lon="-1.47926"><ele>91.76</ele></trkpt><trkpt lat="48.21422" lon="-1.47923"><ele>91.57</ele></trkpt><trkpt lat="48.21421" lon="-1.47921"><ele>91.57</ele></trkpt><trkpt lat="48.21418" lon="-1.47917"><ele>91.38</ele></trkpt><trkpt lat="48.21417" lon="-1.47914"><ele>91.31</ele></trkpt><trkpt lat="48.21415" lon="-1.47911"><ele>91.25</ele></trkpt><trkpt lat="48.21413" lon="-1.47908"><ele>91.14</ele></trkpt><trkpt lat="48.21413" lon="-1.47905"><ele>91.08</ele></trkpt><trkpt lat="48.21411" lon="-1.47904"><ele>91.08</ele></trkpt><trkpt lat="48.2141" lon="-1.47902"><ele>90.92</ele></trkpt><trkpt lat="48.21409" lon="-1.47902"><ele>90.92</ele></trkpt><trkpt lat="48.21407" lon="-1.47899"><ele>90.87</ele></trkpt><trkpt lat="48.21406" lon="-1.47896"><ele>90.87</ele></trkpt><trkpt lat="48.21404" lon="-1.47895"><ele>90.76</ele></trkpt><trkpt lat="48.21402" lon="-1.47894"><ele>90.71</ele></trkpt><trkpt lat="48.214" lon="-1.47892"><ele>90.6</ele></trkpt><trkpt lat="48.21398" lon="-1.47891"><ele>90.6</ele></trkpt><trkpt lat="48.21396" lon="-1.4789"><ele>90.44</ele></trkpt><trkpt lat="48.21394" lon="-1.47889"><ele>90.44</ele></trkpt><trkpt lat="48.21392" lon="-1.47888"><ele>90.34</ele></trkpt><trkpt lat="48.21391" lon="-1.47887"><ele>90.34</ele></trkpt><trkpt lat="48.21388" lon="-1.47887"><ele>90.24</ele></trkpt><trkpt lat="48.21386" lon="-1.47886"><ele>90.2</ele></trkpt><trkpt lat="48.21384" lon="-1.47885"><ele>90.09</ele></trkpt><trkpt lat="48.21383" lon="-1.47885"><ele>90.09</ele></trkpt><trkpt lat="48.21381" lon="-1.47884"><ele>90.09</ele></trkpt><trkpt lat="48.21378" lon="-1.47884"><ele>89.97</ele></trkpt><trkpt lat="48.21376" lon="-1.47883"><ele>89.97</ele></trkpt><trkpt lat="48.21373" lon="-1.47883"><ele>89.85</ele></trkpt><trkpt lat="48.2137" lon="-1.47882"><ele>89.74</ele></trkpt><trkpt lat="48.21367" lon="-1.47883"><ele>89.61</ele></trkpt><trkpt lat="48.21363" lon="-1.47883"><ele>89.61</ele></trkpt><trkpt lat="48.2136" lon="-1.47883"><ele>89.45</ele></trkpt><trkpt lat="48.21359" lon="-1.47885"><ele>89.45</ele></trkpt><trkpt lat="48.21356" lon="-1.47886"><ele>89.28</ele></trkpt><trkpt lat="48.21354" lon="-1.47886"><ele>89.08</ele></trkpt><trkpt lat="48.21352" lon="-1.47886"><ele>89.08</ele></trkpt><trkpt lat="48.21351" lon="-1.47885"><ele>89.08</ele></trkpt><trkpt lat="48.2135" lon="-1.47886"><ele>88.88</ele></trkpt><trkpt lat="48.21349" lon="-1.47885"><ele>88.88</ele></trkpt><trkpt lat="48.21346" lon="-1.47887"><ele>88.86</ele></trkpt><trkpt lat="48.21344" lon="-1.47888"><ele>88.67</ele></trkpt><trkpt lat="48.21341" lon="-1.47889"><ele>88.5</ele></trkpt><trkpt lat="48.21338" lon="-1.47891"><ele>88.49</ele></trkpt><trkpt lat="48.21337" lon="-1.47892"><ele>88.31</ele></trkpt><trkpt lat="48.21335" lon="-1.47894"><ele>88.31</ele></trkpt><trkpt lat="48.21334" lon="-1.47896"><ele>88.31</ele></trkpt><trkpt lat="48.21332" lon="-1.47896"><ele>88.13</ele></trkpt><trkpt lat="48.2133" lon="-1.47897"><ele>88.13</ele></trkpt><trkpt lat="48.21328" lon="-1.47897"><ele>87.96</ele></trkpt><trkpt lat="48.21325" lon="-1.47896"><ele>87.96</ele></trkpt><trkpt lat="48.21323" lon="-1.47898"><ele>87.78</ele></trkpt><trkpt lat="48.2132" lon="-1.47899"><ele>87.6</ele></trkpt><trkpt lat="48.21317" lon="-1.47899"><ele>87.6</ele></trkpt><trkpt lat="48.21315" lon="-1.47898"><ele>87.42</ele></trkpt><trkpt lat="48.21313" lon="-1.47899"><ele>87.42</ele></trkpt><trkpt lat="48.21311" lon="-1.47902"><ele>87.23</ele></trkpt><trkpt lat="48.21309" lon="-1.47904"><ele>87.23</ele></trkpt><trkpt lat="48.21308" lon="-1.47903"><ele>87.23</ele></trkpt><trkpt lat="48.21305" lon="-1.47904"><ele>87.05</ele></trkpt><trkpt lat="48.21304" lon="-1.47904"><ele>87.05</ele></trkpt><trkpt lat="48.21301" lon="-1.47906"><ele>86.87</ele></trkpt><trkpt lat="48.213" lon="-1.47907"><ele>86.87</ele></trkpt><trkpt lat="48.21297" lon="-1.47907"><ele>86.7</ele></trkpt><trkpt lat="48.21296" lon="-1.47907"><ele>86.7</ele></trkpt><trkpt lat="48.21293" lon="-1.47908"><ele>86.52</ele></trkpt><trkpt lat="48.2129" lon="-1.47909"><ele>86.33</ele></trkpt><trkpt lat="48.21288" lon="-1.47909"><ele>86.33</ele></trkpt><trkpt lat="48.21286" lon="-1.47908"><ele>86.33</ele></trkpt><trkpt lat="48.21284" lon="-1.47909"><ele>86.15</ele></trkpt><trkpt lat="48.21283" lon="-1.4791"><ele>86.15</ele></trkpt><trkpt lat="48.2128" lon="-1.47911"><ele>85.97</ele></trkpt><trkpt lat="48.21277" lon="-1.47912"><ele>85.79</ele></trkpt><trkpt lat="48.21276" lon="-1.47913"><ele>85.78</ele></trkpt><trkpt lat="48.21273" lon="-1.47915"><ele>85.78</ele></trkpt><trkpt lat="48.21272" lon="-1.47914"><ele>85.6</ele></trkpt><trkpt lat="48.2127" lon="-1.47914"><ele>85.6</ele></trkpt><trkpt lat="48.21267" lon="-1.47915"><ele>85.42</ele></trkpt><trkpt lat="48.21265" lon="-1.47914"><ele>85.42</ele></trkpt><trkpt lat="48.21263" lon="-1.47913"><ele>85.24</ele></trkpt><trkpt lat="48.21261" lon="-1.47914"><ele>85.24</ele></trkpt><trkpt lat="48.21257" lon="-1.47915"><ele>85.1</ele></trkpt><trkpt lat="48.21255" lon="-1.47916"><ele>85.01</ele></trkpt><trkpt lat="48.21254" lon="-1.47915"><ele>85.01</ele></trkpt><trkpt lat="48.21252" lon="-1.47915"><ele>85.01</ele></trkpt><trkpt lat="48.2125" lon="-1.47914"><ele>85</ele></trkpt><trkpt lat="48.21248" lon="-1.47912"><ele>84.94</ele></trkpt><trkpt lat="48.21246" lon="-1.47913"><ele>84.99</ele></trkpt><trkpt lat="48.21244" lon="-1.47913"><ele>84.99</ele></trkpt><trkpt lat="48.21242" lon="-1.47915"><ele>84.92</ele></trkpt><trkpt lat="48.2124" lon="-1.47915"><ele>84.92</ele></trkpt><trkpt lat="48.21238" lon="-1.47915"><ele>84.85</ele></trkpt><trkpt lat="48.21236" lon="-1.47915"><ele>84.85</ele></trkpt><trkpt lat="48.21235" lon="-1.47912"><ele>84.89</ele></trkpt><trkpt lat="48.21234" lon="-1.47909"><ele>84.84</ele></trkpt><trkpt lat="48.21233" lon="-1.47906"><ele>84.9</ele></trkpt><trkpt lat="48.21232" lon="-1.47902"><ele>84.96</ele></trkpt><trkpt lat="48.21231" lon="-1.47901"><ele>84.96</ele></trkpt><trkpt lat="48.2123" lon="-1.47898"><ele>85</ele></trkpt><trkpt lat="48.21228" lon="-1.47896"><ele>84.98</ele></trkpt><trkpt lat="48.21227" lon="-1.47894"><ele>85.05</ele></trkpt><trkpt lat="48.21225" lon="-1.47891"><ele>85.01</ele></trkpt><trkpt lat="48.21224" lon="-1.47889"><ele>85.09</ele></trkpt><trkpt lat="48.21223" lon="-1.47887"><ele>85.09</ele></trkpt><trkpt lat="48.21221" lon="-1.47885"><ele>85.1</ele></trkpt><trkpt lat="48.2122" lon="-1.47882"><ele>85.1</ele></trkpt><trkpt lat="48.21218" lon="-1.4788"><ele>85.17</ele></trkpt><trkpt lat="48.21217" lon="-1.47878"><ele>85.12</ele></trkpt><trkpt lat="48.21216" lon="-1.47875"><ele>85.19</ele></trkpt><trkpt lat="48.21214" lon="-1.47873"><ele>85.24</ele></trkpt><trkpt lat="48.21212" lon="-1.47871"><ele>85.21</ele></trkpt><trkpt lat="48.21211" lon="-1.47869"><ele>85.27</ele></trkpt><trkpt lat="48.21209" lon="-1.47868"><ele>85.27</ele></trkpt><trkpt lat="48.21207" lon="-1.47865"><ele>85.24</ele></trkpt><trkpt lat="48.21206" lon="-1.47863"><ele>85.3</ele></trkpt><trkpt lat="48.21206" lon="-1.4786"><ele>85.33</ele></trkpt><trkpt lat="48.21205" lon="-1.47857"><ele>85.33</ele></trkpt><trkpt lat="48.21205" lon="-1.47854"><ele>85.4</ele></trkpt><trkpt lat="48.21204" lon="-1.47851"><ele>85.43</ele></trkpt><trkpt lat="48.21204" lon="-1.4785"><ele>85.43</ele></trkpt><trkpt lat="48.21203" lon="-1.47849"><ele>85.43</ele></trkpt><trkpt lat="48.21201" lon="-1.47846"><ele>85.5</ele></trkpt><trkpt lat="48.212" lon="-1.47842"><ele>85.58</ele></trkpt><trkpt lat="48.21199" lon="-1.47839"><ele>85.62</ele></trkpt><trkpt lat="48.21198" lon="-1.47837"><ele>85.62</ele></trkpt><trkpt lat="48.21196" lon="-1.47833"><ele>85.7</ele></trkpt><trkpt lat="48.21196" lon="-1.47829"><ele>85.78</ele></trkpt><trkpt lat="48.21195" lon="-1.47827"><ele>85.73</ele></trkpt><trkpt lat="48.21193" lon="-1.47825"><ele>85.82</ele></trkpt><trkpt lat="48.21191" lon="-1.47822"><ele>85.78</ele></trkpt><trkpt lat="48.21191" lon="-1.47819"><ele>85.85</ele></trkpt><trkpt lat="48.21189" lon="-1.47817"><ele>85.92</ele></trkpt><trkpt lat="48.21187" lon="-1.47813"><ele>85.96</ele></trkpt><trkpt lat="48.21186" lon="-1.47811"><ele>85.96</ele></trkpt><trkpt lat="48.21185" lon="-1.47808"><ele>86.01</ele></trkpt><trkpt lat="48.21183" lon="-1.47806"><ele>86.01</ele></trkpt><trkpt lat="48.21181" lon="-1.47803"><ele>86.01</ele></trkpt><trkpt lat="48.2118" lon="-1.47801"><ele>86.01</ele></trkpt><trkpt lat="48.21178" lon="-1.47798"><ele>86</ele></trkpt><trkpt lat="48.21177" lon="-1.47795"><ele>86.02</ele></trkpt><trkpt lat="48.21176" lon="-1.47793"><ele>86.02</ele></trkpt><trkpt lat="48.21175" lon="-1.47791"><ele>86.05</ele></trkpt><trkpt lat="48.21173" lon="-1.47789"><ele>86</ele></trkpt><trkpt lat="48.21172" lon="-1.47786"><ele>86.01</ele></trkpt><trkpt lat="48.21171" lon="-1.47784"><ele>86.01</ele></trkpt><trkpt lat="48.21169" lon="-1.47781"><ele>86</ele></trkpt><trkpt lat="48.21168" lon="-1.47779"><ele>86</ele></trkpt><trkpt lat="48.21165" lon="-1.47777"><ele>86</ele></trkpt><trkpt lat="48.21164" lon="-1.47775"><ele>86</ele></trkpt><trkpt lat="48.21163" lon="-1.47775"><ele>86</ele></trkpt><trkpt lat="48.21161" lon="-1.47769"><ele>85.99</ele></trkpt><trkpt lat="48.21159" lon="-1.47766"><ele>85.98</ele></trkpt><trkpt lat="48.21157" lon="-1.47764"><ele>85.98</ele></trkpt><trkpt lat="48.21155" lon="-1.47762"><ele>85.91</ele></trkpt><trkpt lat="48.21154" lon="-1.47763"><ele>85.91</ele></trkpt><trkpt lat="48.21152" lon="-1.4776"><ele>85.84</ele></trkpt><trkpt lat="48.21149" lon="-1.47759"><ele>85.84</ele></trkpt><trkpt lat="48.21146" lon="-1.47758"><ele>85.79</ele></trkpt><trkpt lat="48.21145" lon="-1.47757"><ele>85.78</ele></trkpt><trkpt lat="48.21143" lon="-1.47757"><ele>85.71</ele></trkpt><trkpt lat="48.21142" lon="-1.47756"><ele>85.71</ele></trkpt><trkpt lat="48.21141" lon="-1.47754"><ele>85.71</ele></trkpt><trkpt lat="48.21138" lon="-1.47752"><ele>85.63</ele></trkpt><trkpt lat="48.21135" lon="-1.47751"><ele>85.58</ele></trkpt><trkpt lat="48.21133" lon="-1.47749"><ele>85.58</ele></trkpt><trkpt lat="48.21132" lon="-1.47747"><ele>85.57</ele></trkpt><trkpt lat="48.21129" lon="-1.47746"><ele>85.5</ele></trkpt><trkpt lat="48.21127" lon="-1.47746"><ele>85.5</ele></trkpt><trkpt lat="48.21125" lon="-1.47744"><ele>85.44</ele></trkpt><trkpt lat="48.21123" lon="-1.47742"><ele>85.44</ele></trkpt><trkpt lat="48.2112" lon="-1.4774"><ele>85.4</ele></trkpt><trkpt lat="48.21118" lon="-1.47737"><ele>85.4</ele></trkpt><trkpt lat="48.21117" lon="-1.47736"><ele>85.4</ele></trkpt><trkpt lat="48.21114" lon="-1.47734"><ele>85.4</ele></trkpt><trkpt lat="48.21112" lon="-1.47733"><ele>85.4</ele></trkpt><trkpt lat="48.2111" lon="-1.47731"><ele>85.4</ele></trkpt><trkpt lat="48.21109" lon="-1.47728"><ele>85.4</ele></trkpt><trkpt lat="48.21106" lon="-1.47728"><ele>85.4</ele></trkpt><trkpt lat="48.21104" lon="-1.47726"><ele>85.4</ele></trkpt><trkpt lat="48.21103" lon="-1.47725"><ele>85.4</ele></trkpt><trkpt lat="48.21101" lon="-1.47723"><ele>85.4</ele></trkpt><trkpt lat="48.211" lon="-1.47722"><ele>85.4</ele></trkpt><trkpt lat="48.21098" lon="-1.4772"><ele>85.4</ele></trkpt><trkpt lat="48.21096" lon="-1.47719"><ele>85.4</ele></trkpt><trkpt lat="48.21095" lon="-1.47717"><ele>85.4</ele></trkpt><trkpt lat="48.21094" lon="-1.47715"><ele>85.4</ele></trkpt><trkpt lat="48.21091" lon="-1.47712"><ele>85.4</ele></trkpt><trkpt lat="48.2109" lon="-1.47711"><ele>85.4</ele></trkpt><trkpt lat="48.21087" lon="-1.47709"><ele>85.4</ele></trkpt><trkpt lat="48.21085" lon="-1.47707"><ele>85.4</ele></trkpt><trkpt lat="48.21083" lon="-1.47704"><ele>85.46</ele></trkpt><trkpt lat="48.21081" lon="-1.47702"><ele>85.46</ele></trkpt><trkpt lat="48.21079" lon="-1.47699"><ele>85.5</ele></trkpt><trkpt lat="48.21078" lon="-1.47697"><ele>85.47</ele></trkpt><trkpt lat="48.21077" lon="-1.47695"><ele>85.47</ele></trkpt><trkpt lat="48.21075" lon="-1.47693"><ele>85.42</ele></trkpt><trkpt lat="48.21074" lon="-1.47692"><ele>85.42</ele></trkpt><trkpt lat="48.21072" lon="-1.47692"><ele>85.42</ele></trkpt><trkpt lat="48.2107" lon="-1.47688"><ele>85.4</ele></trkpt><trkpt lat="48.21068" lon="-1.47685"><ele>85.4</ele></trkpt><trkpt lat="48.21067" lon="-1.47683"><ele>85.4</ele></trkpt><trkpt lat="48.21065" lon="-1.47682"><ele>85.4</ele></trkpt><trkpt lat="48.21063" lon="-1.4768"><ele>85.4</ele></trkpt><trkpt lat="48.21062" lon="-1.47678"><ele>85.4</ele></trkpt><trkpt lat="48.2106" lon="-1.47675"><ele>85.4</ele></trkpt><trkpt lat="48.21059" lon="-1.47675"><ele>85.4</ele></trkpt><trkpt lat="48.21053" lon="-1.47669"><ele>85.4</ele></trkpt><trkpt lat="48.21051" lon="-1.47668"><ele>85.4</ele></trkpt><trkpt lat="48.21049" lon="-1.47665"><ele>85.4</ele></trkpt><trkpt lat="48.21048" lon="-1.47663"><ele>85.4</ele></trkpt><trkpt lat="48.21046" lon="-1.4766"><ele>85.4</ele></trkpt><trkpt lat="48.21045" lon="-1.47658"><ele>85.4</ele></trkpt><trkpt lat="48.21043" lon="-1.47656"><ele>85.4</ele></trkpt><trkpt lat="48.21041" lon="-1.47654"><ele>85.4</ele></trkpt><trkpt lat="48.21039" lon="-1.47651"><ele>85.4</ele></trkpt><trkpt lat="48.21037" lon="-1.47651"><ele>85.4</ele></trkpt><trkpt lat="48.21035" lon="-1.47648"><ele>85.4</ele></trkpt><trkpt lat="48.21033" lon="-1.47646"><ele>85.4</ele></trkpt><trkpt lat="48.21032" lon="-1.47644"><ele>85.4</ele></trkpt><trkpt lat="48.21029" lon="-1.47643"><ele>85.4</ele></trkpt><trkpt lat="48.21026" lon="-1.47641"><ele>85.4</ele></trkpt><trkpt lat="48.21024" lon="-1.4764"><ele>85.4</ele></trkpt><trkpt lat="48.21022" lon="-1.4764"><ele>85.4</ele></trkpt><trkpt lat="48.2102" lon="-1.47639"><ele>85.4</ele></trkpt><trkpt lat="48.21019" lon="-1.47637"><ele>85.4</ele></trkpt><trkpt lat="48.21018" lon="-1.47636"><ele>85.4</ele></trkpt><trkpt lat="48.21017" lon="-1.47634"><ele>85.4</ele></trkpt><trkpt lat="48.21016" lon="-1.47633"><ele>85.4</ele></trkpt><trkpt lat="48.21014" lon="-1.47631"><ele>85.4</ele></trkpt><trkpt lat="48.21012" lon="-1.47629"><ele>85.4</ele></trkpt><trkpt lat="48.2101" lon="-1.47628"><ele>85.4</ele></trkpt><trkpt lat="48.21008" lon="-1.47627"><ele>85.4</ele></trkpt><trkpt lat="48.21005" lon="-1.47626"><ele>85.4</ele></trkpt><trkpt lat="48.21002" lon="-1.47625"><ele>85.4</ele></trkpt><trkpt lat="48.20999" lon="-1.47623"><ele>85.4</ele></trkpt><trkpt lat="48.20997" lon="-1.4762"><ele>85.4</ele></trkpt><trkpt lat="48.20995" lon="-1.4762"><ele>85.4</ele></trkpt><trkpt lat="48.20993" lon="-1.47618"><ele>85.35</ele></trkpt><trkpt lat="48.2099" lon="-1.47616"><ele>85.35</ele></trkpt><trkpt lat="48.20988" lon="-1.47614"><ele>85.32</ele></trkpt><trkpt lat="48.20987" lon="-1.47613"><ele>85.32</ele></trkpt><trkpt lat="48.20985" lon="-1.47612"><ele>85.3</ele></trkpt><trkpt lat="48.20984" lon="-1.4761"><ele>85.31</ele></trkpt><trkpt lat="48.20981" lon="-1.47608"><ele>85.3</ele></trkpt><trkpt lat="48.2098" lon="-1.47607"><ele>85.3</ele></trkpt><trkpt lat="48.20977" lon="-1.47605"><ele>85.3</ele></trkpt><trkpt lat="48.20975" lon="-1.47604"><ele>85.3</ele></trkpt><trkpt lat="48.20973" lon="-1.47603"><ele>85.3</ele></trkpt><trkpt lat="48.20971" lon="-1.47601"><ele>85.3</ele></trkpt><trkpt lat="48.20968" lon="-1.476"><ele>85.3</ele></trkpt><trkpt lat="48.20967" lon="-1.47599"><ele>85.3</ele></trkpt><trkpt lat="48.20966" lon="-1.47599"><ele>85.3</ele></trkpt><trkpt lat="48.20964" lon="-1.47598"><ele>85.3</ele></trkpt><trkpt lat="48.20961" lon="-1.47597"><ele>85.24</ele></trkpt><trkpt lat="48.20959" lon="-1.47596"><ele>85.09</ele></trkpt><trkpt lat="48.20957" lon="-1.47595"><ele>85.09</ele></trkpt><trkpt lat="48.20955" lon="-1.47594"><ele>84.91</ele></trkpt><trkpt lat="48.20953" lon="-1.47593"><ele>84.91</ele></trkpt><trkpt lat="48.20951" lon="-1.47593"><ele>84.91</ele></trkpt><trkpt lat="48.20948" lon="-1.47592"><ele>84.8</ele></trkpt><trkpt lat="48.20946" lon="-1.47592"><ele>84.72</ele></trkpt><trkpt lat="48.20943" lon="-1.47591"><ele>84.72</ele></trkpt><trkpt lat="48.2094" lon="-1.4759"><ele>84.63</ele></trkpt><trkpt lat="48.20938" lon="-1.47589"><ele>84.55</ele></trkpt><trkpt lat="48.20935" lon="-1.47591"><ele>84.57</ele></trkpt><trkpt lat="48.20933" lon="-1.47591"><ele>84.49</ele></trkpt><trkpt lat="48.2093" lon="-1.47591"><ele>84.49</ele></trkpt><trkpt lat="48.20929" lon="-1.47591"><ele>84.41</ele></trkpt><trkpt lat="48.20927" lon="-1.47591"><ele>84.41</ele></trkpt><trkpt lat="48.20925" lon="-1.47588"><ele>84.33</ele></trkpt><trkpt lat="48.20923" lon="-1.47586"><ele>84.33</ele></trkpt><trkpt lat="48.20921" lon="-1.47585"><ele>84.31</ele></trkpt><trkpt lat="48.20918" lon="-1.47583"><ele>84.24</ele></trkpt><trkpt lat="48.20916" lon="-1.47581"><ele>84.15</ele></trkpt><trkpt lat="48.20913" lon="-1.47578"><ele>84.15</ele></trkpt><trkpt lat="48.20912" lon="-1.47577"><ele>84.1</ele></trkpt><trkpt lat="48.2091" lon="-1.47576"><ele>84.1</ele></trkpt><trkpt lat="48.20908" lon="-1.47575"><ele>84.1</ele></trkpt><trkpt lat="48.20907" lon="-1.47574"><ele>84.1</ele></trkpt><trkpt lat="48.20906" lon="-1.47573"><ele>84.1</ele></trkpt><trkpt lat="48.20903" lon="-1.47571"><ele>84.2</ele></trkpt><trkpt lat="48.209" lon="-1.47572"><ele>84.2</ele></trkpt><trkpt lat="48.20898" lon="-1.47571"><ele>84.25</ele></trkpt><trkpt lat="48.20896" lon="-1.4757"><ele>84.25</ele></trkpt><trkpt lat="48.20895" lon="-1.47568"><ele>84.32</ele></trkpt><trkpt lat="48.20893" lon="-1.47567"><ele>84.32</ele></trkpt><trkpt lat="48.20891" lon="-1.47566"><ele>84.32</ele></trkpt><trkpt lat="48.20887" lon="-1.47564"><ele>84.25</ele></trkpt><trkpt lat="48.20885" lon="-1.47564"><ele>84.08</ele></trkpt><trkpt lat="48.20883" lon="-1.47562"><ele>84.08</ele></trkpt><trkpt lat="48.20881" lon="-1.47562"><ele>83.89</ele></trkpt><trkpt lat="48.20878" lon="-1.4756"><ele>83.69</ele></trkpt><trkpt lat="48.20876" lon="-1.47559"><ele>83.69</ele></trkpt><trkpt lat="48.20875" lon="-1.47559"><ele>83.69</ele></trkpt><trkpt lat="48.20873" lon="-1.47562"><ele>83.5</ele></trkpt><trkpt lat="48.20869" lon="-1.47563"><ele>83.31</ele></trkpt><trkpt lat="48.20866" lon="-1.47562"><ele>83.31</ele></trkpt><trkpt lat="48.20864" lon="-1.47561"><ele>83.11</ele></trkpt><trkpt lat="48.20861" lon="-1.4756"><ele>83.1</ele></trkpt><trkpt lat="48.20859" lon="-1.47558"><ele>82.9</ele></trkpt><trkpt lat="48.20856" lon="-1.47557"><ele>82.68</ele></trkpt><trkpt lat="48.20855" lon="-1.47556"><ele>82.68</ele></trkpt><trkpt lat="48.20852" lon="-1.47556"><ele>82.47</ele></trkpt><trkpt lat="48.2085" lon="-1.47554"><ele>82.4</ele></trkpt><trkpt lat="48.20847" lon="-1.47552"><ele>82.16</ele></trkpt><trkpt lat="48.20845" lon="-1.47551"><ele>82.07</ele></trkpt><trkpt lat="48.20843" lon="-1.4755"><ele>81.82</ele></trkpt><trkpt lat="48.20841" lon="-1.4755"><ele>81.82</ele></trkpt><trkpt lat="48.20839" lon="-1.47549"><ele>81.62</ele></trkpt><trkpt lat="48.20836" lon="-1.47548"><ele>81.62</ele></trkpt><trkpt lat="48.20835" lon="-1.47547"><ele>81.37</ele></trkpt><trkpt lat="48.20832" lon="-1.47544"><ele>81.37</ele></trkpt><trkpt lat="48.20831" lon="-1.47542"><ele>81.27</ele></trkpt><trkpt lat="48.20829" lon="-1.4754"><ele>81.22</ele></trkpt><trkpt lat="48.20827" lon="-1.47539"><ele>81.22</ele></trkpt><trkpt lat="48.20824" lon="-1.47538"><ele>81.1</ele></trkpt><trkpt lat="48.20821" lon="-1.47536"><ele>81.03</ele></trkpt><trkpt lat="48.20818" lon="-1.47536"><ele>81.03</ele></trkpt><trkpt lat="48.20816" lon="-1.47534"><ele>80.88</ele></trkpt><trkpt lat="48.20813" lon="-1.47533"><ele>80.74</ele></trkpt><trkpt lat="48.2081" lon="-1.47532"><ele>80.74</ele></trkpt><trkpt lat="48.20808" lon="-1.4753"><ele>80.52</ele></trkpt><trkpt lat="48.20806" lon="-1.47528"><ele>80.52</ele></trkpt><trkpt lat="48.20804" lon="-1.47525"><ele>80.27</ele></trkpt><trkpt lat="48.20802" lon="-1.47524"><ele>80.27</ele></trkpt><trkpt lat="48.208" lon="-1.47522"><ele>80.08</ele></trkpt><trkpt lat="48.20798" lon="-1.47521"><ele>79.99</ele></trkpt><trkpt lat="48.20797" lon="-1.4752"><ele>79.99</ele></trkpt><trkpt lat="48.20794" lon="-1.47519"><ele>79.75</ele></trkpt><trkpt lat="48.20792" lon="-1.47518"><ele>79.48</ele></trkpt><trkpt lat="48.2079" lon="-1.47517"><ele>79.34</ele></trkpt><trkpt lat="48.20789" lon="-1.47516"><ele>79.34</ele></trkpt><trkpt lat="48.20787" lon="-1.47516"><ele>79.02</ele></trkpt><trkpt lat="48.20786" lon="-1.47516"><ele>79.02</ele></trkpt><trkpt lat="48.20783" lon="-1.47516"><ele>78.71</ele></trkpt><trkpt lat="48.20781" lon="-1.47515"><ele>78.71</ele></trkpt><trkpt lat="48.20778" lon="-1.47516"><ele>78.43</ele></trkpt><trkpt lat="48.20774" lon="-1.47516"><ele>78.19</ele></trkpt><trkpt lat="48.20772" lon="-1.47516"><ele>78.19</ele></trkpt><trkpt lat="48.2077" lon="-1.47517"><ele>77.96</ele></trkpt><trkpt lat="48.20767" lon="-1.47518"><ele>78.14</ele></trkpt><trkpt lat="48.20765" lon="-1.47522"><ele>78.13</ele></trkpt><trkpt lat="48.20763" lon="-1.47522"><ele>78.13</ele></trkpt><trkpt lat="48.20761" lon="-1.47522"><ele>77.86</ele></trkpt><trkpt lat="48.20759" lon="-1.47523"><ele>77.86</ele></trkpt><trkpt lat="48.20757" lon="-1.47523"><ele>77.57</ele></trkpt><trkpt lat="48.20756" lon="-1.47524"><ele>77.57</ele></trkpt><trkpt lat="48.20754" lon="-1.47524"><ele>77.57</ele></trkpt><trkpt lat="48.20753" lon="-1.47524"><ele>77.29</ele></trkpt><trkpt lat="48.20751" lon="-1.47522"><ele>77.29</ele></trkpt><trkpt lat="48.20749" lon="-1.47521"><ele>76.86</ele></trkpt><trkpt lat="48.20747" lon="-1.47521"><ele>76.86</ele></trkpt><trkpt lat="48.20743" lon="-1.47523"><ele>76.77</ele></trkpt><trkpt lat="48.20741" lon="-1.47524"><ele>76.77</ele></trkpt><trkpt lat="48.20739" lon="-1.47523"><ele>76.53</ele></trkpt><trkpt lat="48.20736" lon="-1.47524"><ele>76.31</ele></trkpt><trkpt lat="48.20732" lon="-1.47525"><ele>76.08</ele></trkpt><trkpt lat="48.20729" lon="-1.47526"><ele>76.27</ele></trkpt><trkpt lat="48.20727" lon="-1.47528"><ele>76.03</ele></trkpt><trkpt lat="48.20726" lon="-1.47529"><ele>76.03</ele></trkpt><trkpt lat="48.20723" lon="-1.47529"><ele>75.78</ele></trkpt><trkpt lat="48.2072" lon="-1.4753"><ele>75.78</ele></trkpt><trkpt lat="48.20718" lon="-1.47531"><ele>75.72</ele></trkpt><trkpt lat="48.20717" lon="-1.47532"><ele>75.72</ele></trkpt><trkpt lat="48.20715" lon="-1.47533"><ele>75.72</ele></trkpt><trkpt lat="48.20712" lon="-1.47533"><ele>75.48</ele></trkpt><trkpt lat="48.20709" lon="-1.47534"><ele>75.29</ele></trkpt><trkpt lat="48.20707" lon="-1.47535"><ele>75.45</ele></trkpt><trkpt lat="48.20705" lon="-1.47537"><ele>75.26</ele></trkpt><trkpt lat="48.20702" lon="-1.47538"><ele>75.12</ele></trkpt><trkpt lat="48.20699" lon="-1.47539"><ele>75.29</ele></trkpt><trkpt lat="48.20697" lon="-1.4754"><ele>75.17</ele></trkpt><trkpt lat="48.20695" lon="-1.47541"><ele>75.17</ele></trkpt><trkpt lat="48.20692" lon="-1.47542"><ele>75.06</ele></trkpt><trkpt lat="48.2069" lon="-1.4754"><ele>75.06</ele></trkpt><trkpt lat="48.20688" lon="-1.4754"><ele>74.98</ele></trkpt><trkpt lat="48.20686" lon="-1.47543"><ele>75.11</ele></trkpt><trkpt lat="48.20683" lon="-1.47544"><ele>75.02</ele></trkpt><trkpt lat="48.20681" lon="-1.47547"><ele>75.02</ele></trkpt><trkpt lat="48.20679" lon="-1.4755"><ele>75.09</ele></trkpt><trkpt lat="48.20678" lon="-1.47552"><ele>75.31</ele></trkpt><trkpt lat="48.20675" lon="-1.47553"><ele>75.23</ele></trkpt><trkpt lat="48.20673" lon="-1.47555"><ele>75.23</ele></trkpt><trkpt lat="48.20671" lon="-1.47557"><ele>75.41</ele></trkpt><trkpt lat="48.20667" lon="-1.4756"><ele>75.36</ele></trkpt><trkpt lat="48.20665" lon="-1.47562"><ele>75.61</ele></trkpt><trkpt lat="48.20663" lon="-1.47564"><ele>75.56</ele></trkpt><trkpt lat="48.20661" lon="-1.47565"><ele>75.83</ele></trkpt><trkpt lat="48.2066" lon="-1.47566"><ele>75.83</ele></trkpt><trkpt lat="48.20658" lon="-1.47567"><ele>75.76</ele></trkpt><trkpt lat="48.20656" lon="-1.4757"><ele>76.05</ele></trkpt><trkpt lat="48.20655" lon="-1.47572"><ele>76.05</ele></trkpt><trkpt lat="48.20653" lon="-1.4757"><ele>75.97</ele></trkpt><trkpt lat="48.20652" lon="-1.47569"><ele>75.97</ele></trkpt><trkpt lat="48.2065" lon="-1.4757"><ele>75.9</ele></trkpt><trkpt lat="48.20648" lon="-1.47573"><ele>76.19</ele></trkpt><trkpt lat="48.20645" lon="-1.47575"><ele>76.16</ele></trkpt><trkpt lat="48.20642" lon="-1.47575"><ele>76.16</ele></trkpt><trkpt lat="48.2064" lon="-1.47575"><ele>76.13</ele></trkpt><trkpt lat="48.20638" lon="-1.47576"><ele>76.13</ele></trkpt><trkpt lat="48.20635" lon="-1.47577"><ele>76.22</ele></trkpt><trkpt lat="48.20633" lon="-1.47578"><ele>76.67</ele></trkpt><trkpt lat="48.20631" lon="-1.47579"><ele>76.67</ele></trkpt><trkpt lat="48.20628" lon="-1.47578"><ele>76.74</ele></trkpt><trkpt lat="48.20628" lon="-1.47575"><ele>76.39</ele></trkpt><trkpt lat="48.20621" lon="-1.47558"><ele>75.29</ele></trkpt><trkpt lat="48.20615" lon="-1.47556"><ele>75.34</ele></trkpt><trkpt lat="48.20614" lon="-1.47554"><ele>75.15</ele></trkpt><trkpt lat="48.20618" lon="-1.47551"><ele>74.68</ele></trkpt><trkpt lat="48.20619" lon="-1.47548"><ele>74.68</ele></trkpt><trkpt lat="48.2062" lon="-1.47546"><ele>74.5</ele></trkpt><trkpt lat="48.2062" lon="-1.47543"><ele>74.5</ele></trkpt><trkpt lat="48.20619" lon="-1.47539"><ele>74.26</ele></trkpt><trkpt lat="48.20618" lon="-1.47536"><ele>73.97</ele></trkpt><trkpt lat="48.20618" lon="-1.47535"><ele>73.97</ele></trkpt><trkpt lat="48.20618" lon="-1.47532"><ele>73.88</ele></trkpt><trkpt lat="48.20619" lon="-1.47529"><ele>73.73</ele></trkpt><trkpt lat="48.20618" lon="-1.47527"><ele>73.73</ele></trkpt><trkpt lat="48.20619" lon="-1.47525"><ele>73.51</ele></trkpt><trkpt lat="48.2062" lon="-1.47523"><ele>73.51</ele></trkpt><trkpt lat="48.20619" lon="-1.4752"><ele>73.29</ele></trkpt><trkpt lat="48.20618" lon="-1.47517"><ele>73.03</ele></trkpt><trkpt lat="48.20618" lon="-1.47514"><ele>73.03</ele></trkpt><trkpt lat="48.20618" lon="-1.47512"><ele>72.8</ele></trkpt><trkpt lat="48.20617" lon="-1.47509"><ele>72.8</ele></trkpt><trkpt lat="48.20618" lon="-1.47506"><ele>72.5</ele></trkpt><trkpt lat="48.20618" lon="-1.47504"><ele>72.23</ele></trkpt><trkpt lat="48.20617" lon="-1.47501"><ele>72.23</ele></trkpt><trkpt lat="48.20616" lon="-1.47498"><ele>71.81</ele></trkpt><trkpt lat="48.20615" lon="-1.47494"><ele>71.54</ele></trkpt><trkpt lat="48.20614" lon="-1.47489"><ele>71.11</ele></trkpt><trkpt lat="48.20613" lon="-1.47487"><ele>70.88</ele></trkpt><trkpt lat="48.20613" lon="-1.47483"><ele>70.88</ele></trkpt><trkpt lat="48.20612" lon="-1.47482"><ele>70.64</ele></trkpt><trkpt lat="48.20611" lon="-1.4748"><ele>70.46</ele></trkpt><trkpt lat="48.2061" lon="-1.47479"><ele>70.46</ele></trkpt><trkpt lat="48.2061" lon="-1.47477"><ele>70.06</ele></trkpt><trkpt lat="48.20609" lon="-1.47476"><ele>70.06</ele></trkpt><trkpt lat="48.20609" lon="-1.47473"><ele>69.72</ele></trkpt><trkpt lat="48.20609" lon="-1.47472"><ele>69.72</ele></trkpt><trkpt lat="48.2061" lon="-1.47471"><ele>69.72</ele></trkpt><trkpt lat="48.20609" lon="-1.47468"><ele>69.48</ele></trkpt><trkpt lat="48.20606" lon="-1.47467"><ele>69.4</ele></trkpt><trkpt lat="48.20604" lon="-1.47468"><ele>69.4</ele></trkpt><trkpt lat="48.20602" lon="-1.47466"><ele>69.04</ele></trkpt><trkpt lat="48.20601" lon="-1.47467"><ele>69.04</ele></trkpt><trkpt lat="48.206" lon="-1.47465"><ele>68.37</ele></trkpt><trkpt lat="48.20599" lon="-1.47465"><ele>67.44</ele></trkpt><trkpt lat="48.20597" lon="-1.47465"><ele>67.44</ele></trkpt><trkpt lat="48.20594" lon="-1.47467"><ele>67.57</ele></trkpt><trkpt lat="48.20594" lon="-1.47469"><ele>67.57</ele></trkpt><trkpt lat="48.20591" lon="-1.47472"><ele>68.5</ele></trkpt><trkpt lat="48.20588" lon="-1.47473"><ele>67.97</ele></trkpt><trkpt lat="48.20587" lon="-1.47473"><ele>67.97</ele></trkpt><trkpt lat="48.20585" lon="-1.47472"><ele>67.45</ele></trkpt><trkpt lat="48.20582" lon="-1.47473"><ele>67.45</ele></trkpt><trkpt lat="48.2058" lon="-1.47473"><ele>66.91</ele></trkpt><trkpt lat="48.20577" lon="-1.47474"><ele>66.41</ele></trkpt><trkpt lat="48.20575" lon="-1.47473"><ele>66.41</ele></trkpt><trkpt lat="48.20573" lon="-1.47472"><ele>66.03</ele></trkpt><trkpt lat="48.20571" lon="-1.47473"><ele>66.03</ele></trkpt><trkpt lat="48.20567" lon="-1.47475"><ele>66.81</ele></trkpt><trkpt lat="48.20565" lon="-1.47477"><ele>66.81</ele></trkpt><trkpt lat="48.20564" lon="-1.47478"><ele>66.84</ele></trkpt><trkpt lat="48.20563" lon="-1.47477"><ele>66.84</ele></trkpt><trkpt lat="48.20562" lon="-1.47477"><ele>66.84</ele></trkpt><trkpt lat="48.2056" lon="-1.47477"><ele>66.66</ele></trkpt><trkpt lat="48.20559" lon="-1.47476"><ele>66.66</ele></trkpt><trkpt lat="48.20557" lon="-1.47475"><ele>66.66</ele></trkpt><trkpt lat="48.20557" lon="-1.47471"><ele>66.38</ele></trkpt><trkpt lat="48.20557" lon="-1.47469"><ele>66.23</ele></trkpt><trkpt lat="48.20557" lon="-1.47464"><ele>66.12</ele></trkpt><trkpt lat="48.20557" lon="-1.4746"><ele>65.97</ele></trkpt><trkpt lat="48.20557" lon="-1.47457"><ele>65.8</ele></trkpt><trkpt lat="48.20559" lon="-1.47454"><ele>65.8</ele></trkpt><trkpt lat="48.2056" lon="-1.4745"><ele>65.67</ele></trkpt><trkpt lat="48.20562" lon="-1.47446"><ele>65.81</ele></trkpt><trkpt lat="48.20564" lon="-1.47442"><ele>65.55</ele></trkpt><trkpt lat="48.20564" lon="-1.4744"><ele>65.55</ele></trkpt><trkpt lat="48.20564" lon="-1.47438"><ele>65.27</ele></trkpt><trkpt lat="48.20564" lon="-1.47434"><ele>65.17</ele></trkpt><trkpt lat="48.20565" lon="-1.4743"><ele>65.05</ele></trkpt><trkpt lat="48.20566" lon="-1.47425"><ele>65.47</ele></trkpt><trkpt lat="48.20567" lon="-1.4742"><ele>65.63</ele></trkpt><trkpt lat="48.20568" lon="-1.47416"><ele>65.68</ele></trkpt><trkpt lat="48.20568" lon="-1.47414"><ele>65.52</ele></trkpt><trkpt lat="48.20569" lon="-1.47413"><ele>65.52</ele></trkpt><trkpt lat="48.2057" lon="-1.4741"><ele>65.17</ele></trkpt><trkpt lat="48.20571" lon="-1.47405"><ele>65.42</ele></trkpt><trkpt lat="48.20571" lon="-1.47401"><ele>65.9</ele></trkpt><trkpt lat="48.2057" lon="-1.474"><ele>65.9</ele></trkpt><trkpt lat="48.20568" lon="-1.474"><ele>65.71</ele></trkpt><trkpt lat="48.20566" lon="-1.47399"><ele>65.71</ele></trkpt><trkpt lat="48.20564" lon="-1.47399"><ele>65.59</ele></trkpt><trkpt lat="48.20561" lon="-1.474"><ele>65.59</ele></trkpt><trkpt lat="48.20559" lon="-1.47403"><ele>64.97</ele></trkpt><trkpt lat="48.20557" lon="-1.47404"><ele>64.97</ele></trkpt><trkpt lat="48.20555" lon="-1.47402"><ele>64.57</ele></trkpt><trkpt lat="48.20554" lon="-1.47401"><ele>65.52</ele></trkpt><trkpt lat="48.20553" lon="-1.474"><ele>65.52</ele></trkpt><trkpt lat="48.20551" lon="-1.47398"><ele>65.51</ele></trkpt><trkpt lat="48.20551" lon="-1.47394"><ele>65.74</ele></trkpt><trkpt lat="48.20551" lon="-1.47393"><ele>65.74</ele></trkpt><trkpt lat="48.20551" lon="-1.47391"><ele>66.32</ele></trkpt><trkpt lat="48.20549" lon="-1.47388"><ele>68.09</ele></trkpt><trkpt lat="48.20547" lon="-1.47385"><ele>66.12</ele></trkpt><trkpt lat="48.20546" lon="-1.47384"><ele>66.75</ele></trkpt><trkpt lat="48.2054" lon="-1.47389"><ele>65.53</ele></trkpt><trkpt lat="48.20539" lon="-1.47389"><ele>65.53</ele></trkpt><trkpt lat="48.20536" lon="-1.4739"><ele>64.77</ele></trkpt><trkpt lat="48.20534" lon="-1.4739"><ele>64.7</ele></trkpt><trkpt lat="48.20533" lon="-1.4739"><ele>64.7</ele></trkpt><trkpt lat="48.20531" lon="-1.47389"><ele>64.7</ele></trkpt><trkpt lat="48.20528" lon="-1.47388"><ele>65.3</ele></trkpt><trkpt lat="48.20526" lon="-1.47388"><ele>65.56</ele></trkpt><trkpt lat="48.20525" lon="-1.47389"><ele>64.95</ele></trkpt><trkpt lat="48.20522" lon="-1.47389"><ele>64.95</ele></trkpt><trkpt lat="48.2052" lon="-1.47391"><ele>65.38</ele></trkpt><trkpt lat="48.20518" lon="-1.47392"><ele>65.38</ele></trkpt><trkpt lat="48.20517" lon="-1.47392"><ele>66.33</ele></trkpt><trkpt lat="48.20515" lon="-1.47392"><ele>66.33</ele></trkpt><trkpt lat="48.20514" lon="-1.47392"><ele>66.33</ele></trkpt><trkpt lat="48.20512" lon="-1.47394"><ele>66.74</ele></trkpt><trkpt lat="48.2051" lon="-1.47396"><ele>66.74</ele></trkpt><trkpt lat="48.20508" lon="-1.47398"><ele>66.83</ele></trkpt><trkpt lat="48.20505" lon="-1.474"><ele>66.83</ele></trkpt><trkpt lat="48.20503" lon="-1.47402"><ele>66.92</ele></trkpt><trkpt lat="48.20502" lon="-1.47403"><ele>66.92</ele></trkpt><trkpt lat="48.205" lon="-1.47405"><ele>67.83</ele></trkpt><trkpt lat="48.20498" lon="-1.47409"><ele>66.85</ele></trkpt><trkpt lat="48.20496" lon="-1.47409"><ele>67.83</ele></trkpt><trkpt lat="48.20495" lon="-1.47412"><ele>66.84</ele></trkpt><trkpt lat="48.20493" lon="-1.47414"><ele>66.84</ele></trkpt><trkpt lat="48.20491" lon="-1.47414"><ele>67.69</ele></trkpt><trkpt lat="48.2049" lon="-1.47414"><ele>67.69</ele></trkpt><trkpt lat="48.20487" lon="-1.47414"><ele>68.78</ele></trkpt><trkpt lat="48.20485" lon="-1.47415"><ele>67.75</ele></trkpt><trkpt lat="48.20483" lon="-1.47417"><ele>68.51</ele></trkpt><trkpt lat="48.20479" lon="-1.47419"><ele>67.59</ele></trkpt><trkpt lat="48.20477" lon="-1.47421"><ele>68.33</ele></trkpt><trkpt lat="48.20475" lon="-1.47422"><ele>68.33</ele></trkpt><trkpt lat="48.20472" lon="-1.47423"><ele>68.31</ele></trkpt><trkpt lat="48.2047" lon="-1.47425"><ele>69.14</ele></trkpt><trkpt lat="48.20468" lon="-1.47426"><ele>69.14</ele></trkpt><trkpt lat="48.20467" lon="-1.47427"><ele>69.14</ele></trkpt><trkpt lat="48.20466" lon="-1.47427"><ele>70.15</ele></trkpt><trkpt lat="48.20464" lon="-1.47429"><ele>69.1</ele></trkpt><trkpt lat="48.20464" lon="-1.4743"><ele>69.1</ele></trkpt><trkpt lat="48.20461" lon="-1.4743"><ele>70.05</ele></trkpt><trkpt lat="48.20459" lon="-1.4743"><ele>70.05</ele></trkpt><trkpt lat="48.20457" lon="-1.47431"><ele>71.47</ele></trkpt><trkpt lat="48.20455" lon="-1.47432"><ele>70.05</ele></trkpt><trkpt lat="48.20453" lon="-1.47433"><ele>71.07</ele></trkpt><trkpt lat="48.20451" lon="-1.47434"><ele>71.07</ele></trkpt><trkpt lat="48.20451" lon="-1.47436"><ele>69.96</ele></trkpt><trkpt lat="48.20449" lon="-1.47438"><ele>69.96</ele></trkpt><trkpt lat="48.20448" lon="-1.47439"><ele>70.84</ele></trkpt><trkpt lat="48.20448" lon="-1.47441"><ele>70.24</ele></trkpt><trkpt lat="48.20445" lon="-1.47444"><ele>70.24</ele></trkpt><trkpt lat="48.20444" lon="-1.47446"><ele>70.28</ele></trkpt><trkpt lat="48.20443" lon="-1.47447"><ele>70.28</ele></trkpt><trkpt lat="48.20441" lon="-1.47448"><ele>70.28</ele></trkpt><trkpt lat="48.20439" lon="-1.47449"><ele>70.34</ele></trkpt><trkpt lat="48.20437" lon="-1.47448"><ele>71.06</ele></trkpt><trkpt lat="48.20435" lon="-1.47447"><ele>71.64</ele></trkpt><trkpt lat="48.20433" lon="-1.47447"><ele>71.64</ele></trkpt><trkpt lat="48.20432" lon="-1.47448"><ele>71.64</ele></trkpt><trkpt lat="48.2043" lon="-1.4745"><ele>71.42</ele></trkpt><trkpt lat="48.20429" lon="-1.47451"><ele>71.42</ele></trkpt><trkpt lat="48.20428" lon="-1.47452"><ele>71.42</ele></trkpt><trkpt lat="48.20427" lon="-1.47453"><ele>71.57</ele></trkpt><trkpt lat="48.20426" lon="-1.47454"><ele>71.57</ele></trkpt><trkpt lat="48.20424" lon="-1.47455"><ele>71.57</ele></trkpt><trkpt lat="48.20422" lon="-1.47458"><ele>71.9</ele></trkpt><trkpt lat="48.20419" lon="-1.4746"><ele>71.9</ele></trkpt><trkpt lat="48.20418" lon="-1.4746"><ele>72.68</ele></trkpt><trkpt lat="48.20417" lon="-1.47462"><ele>72.02</ele></trkpt><trkpt lat="48.20416" lon="-1.47463"><ele>72.02</ele></trkpt><trkpt lat="48.20414" lon="-1.47465"><ele>72.83</ele></trkpt><trkpt lat="48.20411" lon="-1.47467"><ele>72.45</ele></trkpt><trkpt lat="48.20409" lon="-1.4747"><ele>73.03</ele></trkpt><trkpt lat="48.20409" lon="-1.47471"><ele>73.03</ele></trkpt><trkpt lat="48.20407" lon="-1.47474"><ele>73.03</ele></trkpt><trkpt lat="48.20406" lon="-1.47475"><ele>72.95</ele></trkpt><trkpt lat="48.20404" lon="-1.47476"><ele>73.69</ele></trkpt><trkpt lat="48.20403" lon="-1.47478"><ele>73.69</ele></trkpt><trkpt lat="48.20401" lon="-1.47478"><ele>74.32</ele></trkpt><trkpt lat="48.20399" lon="-1.4748"><ele>74.28</ele></trkpt><trkpt lat="48.20397" lon="-1.47482"><ele>75.09</ele></trkpt><trkpt lat="48.20396" lon="-1.47485"><ele>75.04</ele></trkpt><trkpt lat="48.20396" lon="-1.47486"><ele>75.04</ele></trkpt><trkpt lat="48.20395" lon="-1.47489"><ele>75</ele></trkpt><trkpt lat="48.20393" lon="-1.47492"><ele>75.81</ele></trkpt><trkpt lat="48.20392" lon="-1.47495"><ele>75.81</ele></trkpt><trkpt lat="48.20391" lon="-1.47497"><ele>75.75</ele></trkpt><trkpt lat="48.20391" lon="-1.47501"><ele>75.67</ele></trkpt><trkpt lat="48.20391" lon="-1.47503"><ele>75.67</ele></trkpt><trkpt lat="48.2039" lon="-1.47504"><ele>75.67</ele></trkpt><trkpt lat="48.2039" lon="-1.47508"><ele>75.57</ele></trkpt><trkpt lat="48.2039" lon="-1.47514"><ele>75.19</ele></trkpt><trkpt lat="48.20389" lon="-1.47518"><ele>75</ele></trkpt><trkpt lat="48.20388" lon="-1.4752"><ele>75.39</ele></trkpt><trkpt lat="48.20386" lon="-1.47522"><ele>75.21</ele></trkpt><trkpt lat="48.20386" lon="-1.47525"><ele>75.21</ele></trkpt><trkpt lat="48.20385" lon="-1.47527"><ele>75.08</ele></trkpt><trkpt lat="48.20385" lon="-1.4753"><ele>75.08</ele></trkpt><trkpt lat="48.20383" lon="-1.47534"><ele>75.37</ele></trkpt><trkpt lat="48.20381" lon="-1.47537"><ele>75.23</ele></trkpt><trkpt lat="48.20381" lon="-1.47539"><ele>74.78</ele></trkpt><trkpt lat="48.2038" lon="-1.47543"><ele>74.55</ele></trkpt><trkpt lat="48.20379" lon="-1.47544"><ele>74.55</ele></trkpt><trkpt lat="48.20379" lon="-1.47546"><ele>74.55</ele></trkpt><trkpt lat="48.20378" lon="-1.47548"><ele>74.68</ele></trkpt><trkpt lat="48.20377" lon="-1.47559"><ele>74.34</ele></trkpt><trkpt lat="48.20377" lon="-1.4756"><ele>74.34</ele></trkpt><trkpt lat="48.20375" lon="-1.47565"><ele>73.95</ele></trkpt><trkpt lat="48.20374" lon="-1.47569"><ele>73.26</ele></trkpt><trkpt lat="48.20373" lon="-1.47571"><ele>73.26</ele></trkpt><trkpt lat="48.20372" lon="-1.47574"><ele>72.61</ele></trkpt><trkpt lat="48.20371" lon="-1.47576"><ele>73.59</ele></trkpt><trkpt lat="48.2037" lon="-1.47579"><ele>72.64</ele></trkpt><trkpt lat="48.20369" lon="-1.47584"><ele>71.9</ele></trkpt><trkpt lat="48.20367" lon="-1.47587"><ele>71.99</ele></trkpt><trkpt lat="48.20366" lon="-1.47588"><ele>71.99</ele></trkpt><trkpt lat="48.20365" lon="-1.4759"><ele>71.99</ele></trkpt><trkpt lat="48.20364" lon="-1.47592"><ele>71.58</ele></trkpt><trkpt lat="48.20364" lon="-1.47594"><ele>71.58</ele></trkpt><trkpt lat="48.20362" lon="-1.47597"><ele>71.42</ele></trkpt><trkpt lat="48.2036" lon="-1.476"><ele>70.78</ele></trkpt><trkpt lat="48.20359" lon="-1.47601"><ele>70.78</ele></trkpt><trkpt lat="48.20358" lon="-1.47604"><ele>70.54</ele></trkpt><trkpt lat="48.20356" lon="-1.47606"><ele>70.54</ele></trkpt><trkpt lat="48.20355" lon="-1.47608"><ele>70.38</ele></trkpt><trkpt lat="48.20354" lon="-1.47609"><ele>70.79</ele></trkpt><trkpt lat="48.20353" lon="-1.47611"><ele>70.79</ele></trkpt><trkpt lat="48.20351" lon="-1.47613"><ele>70.31</ele></trkpt><trkpt lat="48.20351" lon="-1.47615"><ele>70.31</ele></trkpt><trkpt lat="48.20352" lon="-1.47617"><ele>69.51</ele></trkpt><trkpt lat="48.20351" lon="-1.47619"><ele>69.51</ele></trkpt><trkpt lat="48.20351" lon="-1.47622"><ele>69.15</ele></trkpt><trkpt lat="48.20349" lon="-1.47625"><ele>68.56</ele></trkpt><trkpt lat="48.20348" lon="-1.47627"><ele>68.56</ele></trkpt><trkpt lat="48.20347" lon="-1.47629"><ele>68.24</ele></trkpt><trkpt lat="48.20346" lon="-1.47629"><ele>68.24</ele></trkpt><trkpt lat="48.20343" lon="-1.47632"><ele>67.9</ele></trkpt><trkpt lat="48.20342" lon="-1.47634"><ele>67.02</ele></trkpt><trkpt lat="48.2034" lon="-1.47636"><ele>66.89</ele></trkpt><trkpt lat="48.20339" lon="-1.47639"><ele>66.29</ele></trkpt><trkpt lat="48.20338" lon="-1.47641"><ele>66.29</ele></trkpt><trkpt lat="48.20335" lon="-1.47646"><ele>65.18</ele></trkpt><trkpt lat="48.20334" lon="-1.47648"><ele>65.18</ele></trkpt><trkpt lat="48.20333" lon="-1.47649"><ele>65.09</ele></trkpt><trkpt lat="48.20331" lon="-1.47652"><ele>64.58</ele></trkpt><trkpt lat="48.20329" lon="-1.47654"><ele>64.58</ele></trkpt><trkpt lat="48.20328" lon="-1.47656"><ele>64.05</ele></trkpt><trkpt lat="48.20326" lon="-1.47657"><ele>64.05</ele></trkpt><trkpt lat="48.20324" lon="-1.47657"><ele>64.19</ele></trkpt><trkpt lat="48.2032" lon="-1.47659"><ele>62.83</ele></trkpt><trkpt lat="48.20317" lon="-1.4766"><ele>62.83</ele></trkpt><trkpt lat="48.20314" lon="-1.47661"><ele>62.26</ele></trkpt><trkpt lat="48.20311" lon="-1.4766"><ele>61.84</ele></trkpt><trkpt lat="48.20309" lon="-1.47661"><ele>61.84</ele></trkpt><trkpt lat="48.20308" lon="-1.47662"><ele>61.84</ele></trkpt><trkpt lat="48.20306" lon="-1.47662"><ele>61.49</ele></trkpt><trkpt lat="48.20304" lon="-1.47662"><ele>61.49</ele></trkpt><trkpt lat="48.20302" lon="-1.47661"><ele>61.13</ele></trkpt><trkpt lat="48.20298" lon="-1.47663"><ele>60.86</ele></trkpt><trkpt lat="48.20297" lon="-1.47664"><ele>60.89</ele></trkpt><trkpt lat="48.20295" lon="-1.47664"><ele>60.89</ele></trkpt><trkpt lat="48.20294" lon="-1.47665"><ele>60.69</ele></trkpt><trkpt lat="48.20291" lon="-1.47665"><ele>60.69</ele></trkpt><trkpt lat="48.20288" lon="-1.47663"><ele>60.46</ele></trkpt><trkpt lat="48.20285" lon="-1.47665"><ele>60.42</ele></trkpt><trkpt lat="48.20284" lon="-1.47667"><ele>60.42</ele></trkpt><trkpt lat="48.20282" lon="-1.47669"><ele>60.44</ele></trkpt><trkpt lat="48.20279" lon="-1.4767"><ele>60.38</ele></trkpt><trkpt lat="48.20275" lon="-1.47667"><ele>60.23</ele></trkpt><trkpt lat="48.20273" lon="-1.47666"><ele>60.23</ele></trkpt><trkpt lat="48.2027" lon="-1.47667"><ele>60.23</ele></trkpt><trkpt lat="48.20267" lon="-1.47668"><ele>60.3</ele></trkpt><trkpt lat="48.20266" lon="-1.47669"><ele>60.3</ele></trkpt><trkpt lat="48.20265" lon="-1.47671"><ele>60.3</ele></trkpt><trkpt lat="48.20263" lon="-1.47671"><ele>60.11</ele></trkpt><trkpt lat="48.20261" lon="-1.47673"><ele>60.31</ele></trkpt><trkpt lat="48.20259" lon="-1.47675"><ele>60.06</ele></trkpt><trkpt lat="48.20257" lon="-1.47675"><ele>60.06</ele></trkpt><trkpt lat="48.20255" lon="-1.47676"><ele>60.11</ele></trkpt><trkpt lat="48.20254" lon="-1.47679"><ele>60.11</ele></trkpt><trkpt lat="48.20253" lon="-1.4768"><ele>60.11</ele></trkpt><trkpt lat="48.20253" lon="-1.47681"><ele>60.38</ele></trkpt><trkpt lat="48.20251" lon="-1.47684"><ele>60.3</ele></trkpt><trkpt lat="48.20249" lon="-1.47684"><ele>60.3</ele></trkpt><trkpt lat="48.20247" lon="-1.47687"><ele>60.45</ele></trkpt><trkpt lat="48.20245" lon="-1.4769"><ele>60.48</ele></trkpt><trkpt lat="48.20242" lon="-1.47693"><ele>60.53</ele></trkpt><trkpt lat="48.20239" lon="-1.47695"><ele>60.48</ele></trkpt><trkpt lat="48.20237" lon="-1.47697"><ele>59.99</ele></trkpt><trkpt lat="48.20235" lon="-1.47699"><ele>59.67</ele></trkpt><trkpt lat="48.20234" lon="-1.47699"><ele>58.17</ele></trkpt><trkpt lat="48.20232" lon="-1.47699"><ele>58.17</ele></trkpt><trkpt lat="48.2023" lon="-1.47704"><ele>57.83</ele></trkpt><trkpt lat="48.20229" lon="-1.47706"><ele>57.83</ele></trkpt><trkpt lat="48.20229" lon="-1.47709"><ele>58.86</ele></trkpt><trkpt lat="48.20226" lon="-1.47709"><ele>58.86</ele></trkpt><trkpt lat="48.20224" lon="-1.47711"><ele>60.25</ele></trkpt><trkpt lat="48.20225" lon="-1.47709"><ele>60.3</ele></trkpt><trkpt lat="48.20225" lon="-1.47707"><ele>60.3</ele></trkpt><trkpt lat="48.20218" lon="-1.47712"><ele>60.55</ele></trkpt><trkpt lat="48.20216" lon="-1.47713"><ele>60.7</ele></trkpt><trkpt lat="48.20215" lon="-1.47714"><ele>60.7</ele></trkpt><trkpt lat="48.20214" lon="-1.47716"><ele>60.55</ele></trkpt><trkpt lat="48.20212" lon="-1.47719"><ele>60.7</ele></trkpt><trkpt lat="48.20211" lon="-1.47724"><ele>60.7</ele></trkpt><trkpt lat="48.2021" lon="-1.47727"><ele>60.7</ele></trkpt><trkpt lat="48.2021" lon="-1.47731"><ele>60.84</ele></trkpt><trkpt lat="48.20211" lon="-1.47734"><ele>61.15</ele></trkpt><trkpt lat="48.20212" lon="-1.47736"><ele>61.15</ele></trkpt><trkpt lat="48.20213" lon="-1.47739"><ele>60.84</ele></trkpt><trkpt lat="48.20213" lon="-1.47741"><ele>61.07</ele></trkpt><trkpt lat="48.20215" lon="-1.47744"><ele>61.07</ele></trkpt><trkpt lat="48.20216" lon="-1.47748"><ele>61.43</ele></trkpt><trkpt lat="48.20216" lon="-1.47751"><ele>61.84</ele></trkpt><trkpt lat="48.20218" lon="-1.47754"><ele>61.26</ele></trkpt><trkpt lat="48.20218" lon="-1.47756"><ele>61.26</ele></trkpt><trkpt lat="48.20219" lon="-1.47758"><ele>61.46</ele></trkpt><trkpt lat="48.20219" lon="-1.47761"><ele>61.46</ele></trkpt><trkpt lat="48.2022" lon="-1.47764"><ele>61.77</ele></trkpt><trkpt lat="48.20221" lon="-1.47767"><ele>62.09</ele></trkpt><trkpt lat="48.20221" lon="-1.4777"><ele>62.09</ele></trkpt><trkpt lat="48.20222" lon="-1.47773"><ele>61.85</ele></trkpt><trkpt lat="48.20222" lon="-1.47777"><ele>62.15</ele></trkpt><trkpt lat="48.20223" lon="-1.4778"><ele>62.51</ele></trkpt><trkpt lat="48.20224" lon="-1.47782"><ele>62.51</ele></trkpt><trkpt lat="48.20225" lon="-1.47784"><ele>62.79</ele></trkpt><trkpt lat="48.20227" lon="-1.47786"><ele>62.3</ele></trkpt><trkpt lat="48.20227" lon="-1.47788"><ele>62.41</ele></trkpt><trkpt lat="48.20228" lon="-1.47791"><ele>62.41</ele></trkpt><trkpt lat="48.20229" lon="-1.47794"><ele>62.56</ele></trkpt><trkpt lat="48.20231" lon="-1.47793"><ele>62.51</ele></trkpt><trkpt lat="48.20232" lon="-1.47795"><ele>62.51</ele></trkpt><trkpt lat="48.20232" lon="-1.47797"><ele>62.74</ele></trkpt><trkpt lat="48.20237" lon="-1.47804"><ele>62.87</ele></trkpt><trkpt lat="48.20239" lon="-1.47808"><ele>62.97</ele></trkpt><trkpt lat="48.2024" lon="-1.4781"><ele>63.14</ele></trkpt><trkpt lat="48.2024" lon="-1.47814"><ele>63.47</ele></trkpt><trkpt lat="48.20241" lon="-1.47816"><ele>63.47</ele></trkpt><trkpt lat="48.20242" lon="-1.47819"><ele>64.01</ele></trkpt><trkpt lat="48.20243" lon="-1.47824"><ele>63.65</ele></trkpt><trkpt lat="48.20245" lon="-1.47824"><ele>63.65</ele></trkpt><trkpt lat="48.20247" lon="-1.47828"><ele>63.97</ele></trkpt><trkpt lat="48.20248" lon="-1.47831"><ele>63.85</ele></trkpt><trkpt lat="48.20248" lon="-1.47833"><ele>63.85</ele></trkpt><trkpt lat="48.20249" lon="-1.47836"><ele>64.13</ele></trkpt><trkpt lat="48.2025" lon="-1.47838"><ele>64.13</ele></trkpt><trkpt lat="48.20252" lon="-1.47842"><ele>64.14</ele></trkpt><trkpt lat="48.20254" lon="-1.47844"><ele>64.38</ele></trkpt><trkpt lat="48.20258" lon="-1.47845"><ele>64.24</ele></trkpt><trkpt lat="48.20259" lon="-1.47848"><ele>64.42</ele></trkpt><trkpt lat="48.2026" lon="-1.47851"><ele>64.42</ele></trkpt><trkpt lat="48.20261" lon="-1.47854"><ele>64.47</ele></trkpt><trkpt lat="48.20261" lon="-1.47857"><ele>64.76</ele></trkpt><trkpt lat="48.20262" lon="-1.4786"><ele>64.76</ele></trkpt><trkpt lat="48.20262" lon="-1.47863"><ele>65.1</ele></trkpt><trkpt lat="48.20264" lon="-1.47866"><ele>65.25</ele></trkpt><trkpt lat="48.20265" lon="-1.4787"><ele>64.94</ele></trkpt><trkpt lat="48.20267" lon="-1.47873"><ele>64.94</ele></trkpt><trkpt lat="48.20268" lon="-1.47876"><ele>65.28</ele></trkpt><trkpt lat="48.20269" lon="-1.47879"><ele>65</ele></trkpt><trkpt lat="48.20271" lon="-1.47882"><ele>65.37</ele></trkpt><trkpt lat="48.20272" lon="-1.47885"><ele>65.37</ele></trkpt><trkpt lat="48.20274" lon="-1.47887"><ele>65.03</ele></trkpt><trkpt lat="48.20274" lon="-1.47891"><ele>65.17</ele></trkpt><trkpt lat="48.20274" lon="-1.47895"><ele>65.31</ele></trkpt><trkpt lat="48.20275" lon="-1.47898"><ele>65.31</ele></trkpt><trkpt lat="48.20275" lon="-1.47901"><ele>65.5</ele></trkpt><trkpt lat="48.20276" lon="-1.47904"><ele>65.72</ele></trkpt><trkpt lat="48.20275" lon="-1.47906"><ele>65.72</ele></trkpt><trkpt lat="48.20275" lon="-1.47909"><ele>65.77</ele></trkpt><trkpt lat="48.20274" lon="-1.47913"><ele>65.63</ele></trkpt><trkpt lat="48.20274" lon="-1.47915"><ele>65.63</ele></trkpt><trkpt lat="48.20274" lon="-1.47917"><ele>65.59</ele></trkpt><trkpt lat="48.20273" lon="-1.47919"><ele>65.59</ele></trkpt><trkpt lat="48.20271" lon="-1.47921"><ele>65.95</ele></trkpt><trkpt lat="48.20269" lon="-1.47924"><ele>65.95</ele></trkpt><trkpt lat="48.20269" lon="-1.47927"><ele>65.91</ele></trkpt><trkpt lat="48.20268" lon="-1.47929"><ele>66.4</ele></trkpt><trkpt lat="48.20267" lon="-1.47932"><ele>66.12</ele></trkpt><trkpt lat="48.20267" lon="-1.47934"><ele>66.13</ele></trkpt><trkpt lat="48.20264" lon="-1.47937"><ele>66.71</ele></trkpt><trkpt lat="48.20263" lon="-1.47939"><ele>66.66</ele></trkpt><trkpt lat="48.20263" lon="-1.47941"><ele>66.66</ele></trkpt><trkpt lat="48.20262" lon="-1.47945"><ele>66.56</ele></trkpt><trkpt lat="48.20261" lon="-1.47949"><ele>66.56</ele></trkpt><trkpt lat="48.20261" lon="-1.47951"><ele>66.71</ele></trkpt><trkpt lat="48.2026" lon="-1.47953"><ele>66.89</ele></trkpt><trkpt lat="48.20259" lon="-1.47957"><ele>66.96</ele></trkpt><trkpt lat="48.20259" lon="-1.4796"><ele>67.02</ele></trkpt><trkpt lat="48.20261" lon="-1.47964"><ele>67.11</ele></trkpt><trkpt lat="48.20262" lon="-1.47968"><ele>67.17</ele></trkpt><trkpt lat="48.20261" lon="-1.4797"><ele>67.17</ele></trkpt><trkpt lat="48.2026" lon="-1.47974"><ele>67.54</ele></trkpt><trkpt lat="48.20261" lon="-1.47978"><ele>67.4</ele></trkpt><trkpt lat="48.20261" lon="-1.4798"><ele>67.4</ele></trkpt><trkpt lat="48.20263" lon="-1.47985"><ele>67.57</ele></trkpt><trkpt lat="48.20264" lon="-1.47989"><ele>67.57</ele></trkpt><trkpt lat="48.20264" lon="-1.47991"><ele>67.59</ele></trkpt><trkpt lat="48.20265" lon="-1.47994"><ele>67.7</ele></trkpt><trkpt lat="48.20266" lon="-1.47998"><ele>67.69</ele></trkpt><trkpt lat="48.20266" lon="-1.48002"><ele>67.69</ele></trkpt><trkpt lat="48.20266" lon="-1.48004"><ele>67.67</ele></trkpt><trkpt lat="48.20266" lon="-1.48005"><ele>67.67</ele></trkpt><trkpt lat="48.20266" lon="-1.48008"><ele>67.71</ele></trkpt><trkpt lat="48.20266" lon="-1.48012"><ele>67.79</ele></trkpt><trkpt lat="48.20267" lon="-1.48016"><ele>67.86</ele></trkpt><trkpt lat="48.20267" lon="-1.48018"><ele>67.86</ele></trkpt><trkpt lat="48.20267" lon="-1.48022"><ele>67.88</ele></trkpt><trkpt lat="48.20267" lon="-1.48026"><ele>67.92</ele></trkpt><trkpt lat="48.20267" lon="-1.48029"><ele>67.97</ele></trkpt><trkpt lat="48.20269" lon="-1.48033"><ele>67.99</ele></trkpt><trkpt lat="48.20269" lon="-1.48036"><ele>67.99</ele></trkpt><trkpt lat="48.20269" lon="-1.48039"><ele>68.04</ele></trkpt><trkpt lat="48.20271" lon="-1.48043"><ele>68.03</ele></trkpt><trkpt lat="48.20271" lon="-1.48047"><ele>68.01</ele></trkpt><trkpt lat="48.20273" lon="-1.48051"><ele>68.03</ele></trkpt><trkpt lat="48.20273" lon="-1.48054"><ele>68.01</ele></trkpt><trkpt lat="48.20274" lon="-1.48057"><ele>68.01</ele></trkpt><trkpt lat="48.20275" lon="-1.48062"><ele>67.98</ele></trkpt><trkpt lat="48.20276" lon="-1.48065"><ele>67.9</ele></trkpt><trkpt lat="48.20277" lon="-1.48068"><ele>67.83</ele></trkpt><trkpt lat="48.20277" lon="-1.4807"><ele>67.83</ele></trkpt><trkpt lat="48.20278" lon="-1.48072"><ele>67.95</ele></trkpt><trkpt lat="48.20278" lon="-1.48074"><ele>67.95</ele></trkpt><trkpt lat="48.20279" lon="-1.48077"><ele>67.85</ele></trkpt><trkpt lat="48.20279" lon="-1.48083"><ele>67.7</ele></trkpt><trkpt lat="48.20281" lon="-1.48086"><ele>67.55</ele></trkpt><trkpt lat="48.20283" lon="-1.48088"><ele>67.74</ele></trkpt><trkpt lat="48.20284" lon="-1.48092"><ele>67.74</ele></trkpt><trkpt lat="48.20284" lon="-1.48097"><ele>67.34</ele></trkpt><trkpt lat="48.20286" lon="-1.48103"><ele>67.48</ele></trkpt><trkpt lat="48.20287" lon="-1.48105"><ele>67.48</ele></trkpt><trkpt lat="48.20287" lon="-1.48109"><ele>67.33</ele></trkpt><trkpt lat="48.20288" lon="-1.48114"><ele>66.98</ele></trkpt><trkpt lat="48.20287" lon="-1.48118"><ele>66.98</ele></trkpt><trkpt lat="48.20288" lon="-1.4812"><ele>66.74</ele></trkpt><trkpt lat="48.20289" lon="-1.48124"><ele>66.54</ele></trkpt><trkpt lat="48.2029" lon="-1.4813"><ele>66.38</ele></trkpt><trkpt lat="48.20289" lon="-1.48133"><ele>66.29</ele></trkpt><trkpt lat="48.20289" lon="-1.48136"><ele>66.23</ele></trkpt><trkpt lat="48.20289" lon="-1.48139"><ele>66.23</ele></trkpt><trkpt lat="48.2029" lon="-1.48143"><ele>66.2</ele></trkpt><trkpt lat="48.20291" lon="-1.48148"><ele>65.99</ele></trkpt><trkpt lat="48.20292" lon="-1.48152"><ele>65.87</ele></trkpt><trkpt lat="48.2029" lon="-1.48155"><ele>66.04</ele></trkpt><trkpt lat="48.2029" lon="-1.48159"><ele>65.95</ele></trkpt><trkpt lat="48.2029" lon="-1.48165"><ele>65.87</ele></trkpt><trkpt lat="48.2029" lon="-1.48167"><ele>65.91</ele></trkpt><trkpt lat="48.2029" lon="-1.4817"><ele>65.86</ele></trkpt><trkpt lat="48.20288" lon="-1.48171"><ele>65.86</ele></trkpt><trkpt lat="48.20287" lon="-1.48173"><ele>65.86</ele></trkpt><trkpt lat="48.20288" lon="-1.48177"><ele>65.85</ele></trkpt><trkpt lat="48.20286" lon="-1.4818"><ele>65.83</ele></trkpt><trkpt lat="48.20285" lon="-1.48183"><ele>65.8</ele></trkpt><trkpt lat="48.20285" lon="-1.48186"><ele>65.8</ele></trkpt><trkpt lat="48.20286" lon="-1.48189"><ele>65.91</ele></trkpt><trkpt lat="48.20285" lon="-1.48191"><ele>65.91</ele></trkpt><trkpt lat="48.20286" lon="-1.48195"><ele>65.93</ele></trkpt><trkpt lat="48.20285" lon="-1.48199"><ele>66</ele></trkpt><trkpt lat="48.20284" lon="-1.48201"><ele>65.99</ele></trkpt><trkpt lat="48.20283" lon="-1.48202"><ele>65.99</ele></trkpt><trkpt lat="48.20282" lon="-1.48204"><ele>66.02</ele></trkpt><trkpt lat="48.20281" lon="-1.48207"><ele>65.82</ele></trkpt><trkpt lat="48.2028" lon="-1.48211"><ele>65.89</ele></trkpt><trkpt lat="48.2028" lon="-1.48213"><ele>66.17</ele></trkpt><trkpt lat="48.20279" lon="-1.48217"><ele>66.29</ele></trkpt><trkpt lat="48.20277" lon="-1.4822"><ele>66.13</ele></trkpt><trkpt lat="48.20276" lon="-1.48223"><ele>66.34</ele></trkpt><trkpt lat="48.20275" lon="-1.48224"><ele>66.34</ele></trkpt><trkpt lat="48.20274" lon="-1.48226"><ele>66.51</ele></trkpt><trkpt lat="48.20273" lon="-1.48227"><ele>66.51</ele></trkpt><trkpt lat="48.20271" lon="-1.48228"><ele>66.52</ele></trkpt><trkpt lat="48.2027" lon="-1.48229"><ele>66.52</ele></trkpt><trkpt lat="48.2027" lon="-1.48231"><ele>66.72</ele></trkpt><trkpt lat="48.2027" lon="-1.48233"><ele>66.72</ele></trkpt><trkpt lat="48.20268" lon="-1.48234"><ele>66.88</ele></trkpt><trkpt lat="48.20267" lon="-1.48235"><ele>66.88</ele></trkpt><trkpt lat="48.20267" lon="-1.48237"><ele>66.88</ele></trkpt><trkpt lat="48.20266" lon="-1.48235"><ele>66.88</ele></trkpt><trkpt lat="48.20265" lon="-1.48236"><ele>66.88</ele></trkpt><trkpt lat="48.20264" lon="-1.48237"><ele>67.09</ele></trkpt><trkpt lat="48.20263" lon="-1.48239"><ele>66.98</ele></trkpt><trkpt lat="48.2026" lon="-1.4824"><ele>67.23</ele></trkpt><trkpt lat="48.20259" lon="-1.48241"><ele>67.23</ele></trkpt><trkpt lat="48.20256" lon="-1.48243"><ele>66.96</ele></trkpt><trkpt lat="48.20254" lon="-1.48245"><ele>67.24</ele></trkpt><trkpt lat="48.20251" lon="-1.48246"><ele>67.52</ele></trkpt><trkpt lat="48.20249" lon="-1.48247"><ele>67.53</ele></trkpt><trkpt lat="48.20248" lon="-1.48248"><ele>67.53</ele></trkpt><trkpt lat="48.20247" lon="-1.48247"><ele>67.79</ele></trkpt><trkpt lat="48.20245" lon="-1.48247"><ele>67.79</ele></trkpt><trkpt lat="48.20243" lon="-1.48247"><ele>67.79</ele></trkpt><trkpt lat="48.20242" lon="-1.48248"><ele>68</ele></trkpt><trkpt lat="48.2024" lon="-1.48249"><ele>68</ele></trkpt><trkpt lat="48.20239" lon="-1.48249"><ele>68</ele></trkpt><trkpt lat="48.20237" lon="-1.48248"><ele>68.26</ele></trkpt><trkpt lat="48.20235" lon="-1.48249"><ele>68.26</ele></trkpt><trkpt lat="48.20234" lon="-1.48251"><ele>68.74</ele></trkpt><trkpt lat="48.20232" lon="-1.48252"><ele>68.4</ele></trkpt><trkpt lat="48.2023" lon="-1.48253"><ele>68.73</ele></trkpt><trkpt lat="48.20229" lon="-1.48253"><ele>68.73</ele></trkpt><trkpt lat="48.20228" lon="-1.48254"><ele>68.73</ele></trkpt><trkpt lat="48.20226" lon="-1.48256"><ele>68.77</ele></trkpt><trkpt lat="48.20224" lon="-1.48259"><ele>68.88</ele></trkpt><trkpt lat="48.20222" lon="-1.48262"><ele>69.29</ele></trkpt><trkpt lat="48.20221" lon="-1.48263"><ele>69.26</ele></trkpt><trkpt lat="48.20218" lon="-1.48264"><ele>69.9</ele></trkpt><trkpt lat="48.20216" lon="-1.48265"><ele>69.74</ele></trkpt><trkpt lat="48.20216" lon="-1.48266"><ele>69.74</ele></trkpt><trkpt lat="48.20214" lon="-1.48267"><ele>69.74</ele></trkpt><trkpt lat="48.20213" lon="-1.48267"><ele>69.74</ele></trkpt><trkpt lat="48.20212" lon="-1.48268"><ele>69.68</ele></trkpt><trkpt lat="48.2021" lon="-1.4827"><ele>70.3</ele></trkpt><trkpt lat="48.20209" lon="-1.48272"><ele>70.3</ele></trkpt><trkpt lat="48.20208" lon="-1.48273"><ele>71.04</ele></trkpt><trkpt lat="48.20207" lon="-1.48273"><ele>71.04</ele></trkpt><trkpt lat="48.20204" lon="-1.48275"><ele>71.25</ele></trkpt><trkpt lat="48.20202" lon="-1.48273"><ele>71.25</ele></trkpt><trkpt lat="48.202" lon="-1.48274"><ele>71.25</ele></trkpt><trkpt lat="48.20197" lon="-1.48275"><ele>71.05</ele></trkpt><trkpt lat="48.20196" lon="-1.48276"><ele>71.05</ele></trkpt><trkpt lat="48.20195" lon="-1.48278"><ele>71.57</ele></trkpt><trkpt lat="48.20192" lon="-1.48279"><ele>71.57</ele></trkpt><trkpt lat="48.2019" lon="-1.4828"><ele>71.49</ele></trkpt><trkpt lat="48.20189" lon="-1.48282"><ele>72.26</ele></trkpt><trkpt lat="48.20187" lon="-1.48284"><ele>71.95</ele></trkpt><trkpt lat="48.20183" lon="-1.48285"><ele>71.95</ele></trkpt><trkpt lat="48.20181" lon="-1.48287"><ele>72.59</ele></trkpt><trkpt lat="48.2018" lon="-1.48288"><ele>72.59</ele></trkpt><trkpt lat="48.20178" lon="-1.48289"><ele>72.66</ele></trkpt><trkpt lat="48.20177" lon="-1.4829"><ele>73.34</ele></trkpt><trkpt lat="48.20177" lon="-1.48293"><ele>73.34</ele></trkpt><trkpt lat="48.20176" lon="-1.48295"><ele>74.38</ele></trkpt><trkpt lat="48.20175" lon="-1.48296"><ele>74.38</ele></trkpt><trkpt lat="48.20173" lon="-1.48298"><ele>74.21</ele></trkpt><trkpt lat="48.20171" lon="-1.48297"><ele>74.21</ele></trkpt><trkpt lat="48.20169" lon="-1.48297"><ele>73.67</ele></trkpt><trkpt lat="48.20168" lon="-1.48298"><ele>73.67</ele></trkpt><trkpt lat="48.20166" lon="-1.48299"><ele>74.98</ele></trkpt><trkpt lat="48.20165" lon="-1.48299"><ele>74.31</ele></trkpt><trkpt lat="48.20164" lon="-1.483"><ele>74.31</ele></trkpt><trkpt lat="48.20162" lon="-1.48301"><ele>74.31</ele></trkpt><trkpt lat="48.20161" lon="-1.48303"><ele>75.2</ele></trkpt><trkpt lat="48.20159" lon="-1.48306"><ele>75.2</ele></trkpt><trkpt lat="48.20156" lon="-1.48307"><ele>75.82</ele></trkpt><trkpt lat="48.20154" lon="-1.48307"><ele>75.82</ele></trkpt><trkpt lat="48.20153" lon="-1.48307"><ele>75.82</ele></trkpt><trkpt lat="48.20152" lon="-1.48308"><ele>75.65</ele></trkpt><trkpt lat="48.2015" lon="-1.48311"><ele>75.65</ele></trkpt><trkpt lat="48.20148" lon="-1.48314"><ele>76.29</ele></trkpt><trkpt lat="48.20146" lon="-1.48316"><ele>77.08</ele></trkpt><trkpt lat="48.20144" lon="-1.48317"><ele>76.98</ele></trkpt><trkpt lat="48.20143" lon="-1.48317"><ele>76.98</ele></trkpt><trkpt lat="48.2014" lon="-1.4832"><ele>78.26</ele></trkpt><trkpt lat="48.20139" lon="-1.48322"><ele>78.15</ele></trkpt><trkpt lat="48.20137" lon="-1.48323"><ele>78.15</ele></trkpt><trkpt lat="48.20135" lon="-1.48324"><ele>78.01</ele></trkpt><trkpt lat="48.20134" lon="-1.48325"><ele>79.16</ele></trkpt><trkpt lat="48.20132" lon="-1.48326"><ele>79.16</ele></trkpt><trkpt lat="48.2013" lon="-1.48328"><ele>78.76</ele></trkpt><trkpt lat="48.20128" lon="-1.4833"><ele>79.68</ele></trkpt><trkpt lat="48.20126" lon="-1.4833"><ele>79.26</ele></trkpt><trkpt lat="48.20124" lon="-1.4833"><ele>79.26</ele></trkpt><trkpt lat="48.20122" lon="-1.4833"><ele>79.68</ele></trkpt><trkpt lat="48.20121" lon="-1.48331"><ele>79.68</ele></trkpt><trkpt lat="48.20119" lon="-1.48331"><ele>79.68</ele></trkpt><trkpt lat="48.20118" lon="-1.48331"><ele>80.5</ele></trkpt><trkpt lat="48.20119" lon="-1.48331"><ele>79.68</ele></trkpt><trkpt lat="48.20119" lon="-1.48335"><ele>80.39</ele></trkpt><trkpt lat="48.20119" lon="-1.48337"><ele>80.92</ele></trkpt><trkpt lat="48.20116" lon="-1.48345"><ele>81.51</ele></trkpt><trkpt lat="48.20114" lon="-1.48345"><ele>81.84</ele></trkpt><trkpt lat="48.20112" lon="-1.48346"><ele>82.12</ele></trkpt><trkpt lat="48.2011" lon="-1.48347"><ele>82.12</ele></trkpt><trkpt lat="48.20108" lon="-1.48346"><ele>82.31</ele></trkpt><trkpt lat="48.20105" lon="-1.48346"><ele>82.53</ele></trkpt><trkpt lat="48.20103" lon="-1.48347"><ele>82.53</ele></trkpt><trkpt lat="48.201" lon="-1.48346"><ele>82.67</ele></trkpt><trkpt lat="48.20098" lon="-1.48344"><ele>82.06</ele></trkpt><trkpt lat="48.20096" lon="-1.48344"><ele>82.62</ele></trkpt><trkpt lat="48.20094" lon="-1.48346"><ele>82.69</ele></trkpt><trkpt lat="48.20092" lon="-1.48346"><ele>82.86</ele></trkpt><trkpt lat="48.20091" lon="-1.48347"><ele>82.86</ele></trkpt><trkpt lat="48.2009" lon="-1.48349"><ele>82.86</ele></trkpt><trkpt lat="48.20087" lon="-1.48351"><ele>83.61</ele></trkpt><trkpt lat="48.20085" lon="-1.48354"><ele>83.61</ele></trkpt><trkpt lat="48.20084" lon="-1.48354"><ele>83.8</ele></trkpt><trkpt lat="48.20081" lon="-1.48355"><ele>84.45</ele></trkpt><trkpt lat="48.20078" lon="-1.48357"><ele>84.55</ele></trkpt><trkpt lat="48.20076" lon="-1.48358"><ele>84.55</ele></trkpt><trkpt lat="48.20074" lon="-1.48358"><ele>84.75</ele></trkpt><trkpt lat="48.20073" lon="-1.4836"><ele>85.23</ele></trkpt><trkpt lat="48.20071" lon="-1.48362"><ele>85.41</ele></trkpt><trkpt lat="48.2007" lon="-1.48363"><ele>85.72</ele></trkpt><trkpt lat="48.20069" lon="-1.48365"><ele>85.72</ele></trkpt><trkpt lat="48.20066" lon="-1.48367"><ele>86.11</ele></trkpt><trkpt lat="48.20065" lon="-1.48368"><ele>86.11</ele></trkpt><trkpt lat="48.20064" lon="-1.4837"><ele>86.11</ele></trkpt><trkpt lat="48.20062" lon="-1.48371"><ele>86.29</ele></trkpt><trkpt lat="48.2006" lon="-1.48371"><ele>86.29</ele></trkpt><trkpt lat="48.20059" lon="-1.48373"><ele>86.37</ele></trkpt><trkpt lat="48.20057" lon="-1.48373"><ele>86.32</ele></trkpt><trkpt lat="48.20055" lon="-1.48373"><ele>86.32</ele></trkpt><trkpt lat="48.20052" lon="-1.48373"><ele>86.5</ele></trkpt><trkpt lat="48.20049" lon="-1.48375"><ele>86.98</ele></trkpt><trkpt lat="48.20047" lon="-1.48376"><ele>87.1</ele></trkpt><trkpt lat="48.20045" lon="-1.48376"><ele>87.24</ele></trkpt><trkpt lat="48.20044" lon="-1.48377"><ele>87.24</ele></trkpt><trkpt lat="48.20042" lon="-1.48378"><ele>87.24</ele></trkpt><trkpt lat="48.20041" lon="-1.48381"><ele>87.36</ele></trkpt><trkpt lat="48.20038" lon="-1.48383"><ele>87.36</ele></trkpt><trkpt lat="48.20036" lon="-1.48383"><ele>87.41</ele></trkpt><trkpt lat="48.20035" lon="-1.48384"><ele>87.41</ele></trkpt><trkpt lat="48.20033" lon="-1.48386"><ele>87.59</ele></trkpt><trkpt lat="48.20032" lon="-1.48385"><ele>87.78</ele></trkpt><trkpt lat="48.20031" lon="-1.48386"><ele>87.78</ele></trkpt><trkpt lat="48.20029" lon="-1.48384"><ele>87.57</ele></trkpt><trkpt lat="48.20027" lon="-1.48385"><ele>87.92</ele></trkpt><trkpt lat="48.20026" lon="-1.48385"><ele>87.92</ele></trkpt><trkpt lat="48.20024" lon="-1.48387"><ele>87.99</ele></trkpt><trkpt lat="48.20022" lon="-1.48388"><ele>87.99</ele></trkpt><trkpt lat="48.2002" lon="-1.48391"><ele>88.18</ele></trkpt><trkpt lat="48.20018" lon="-1.48393"><ele>88.32</ele></trkpt><trkpt lat="48.20016" lon="-1.48394"><ele>88.32</ele></trkpt><trkpt lat="48.20014" lon="-1.48395"><ele>88.48</ele></trkpt><trkpt lat="48.20013" lon="-1.48397"><ele>88.57</ele></trkpt><trkpt lat="48.2001" lon="-1.48399"><ele>89.01</ele></trkpt><trkpt lat="48.20011" lon="-1.48397"><ele>89.01</ele></trkpt><trkpt lat="48.2001" lon="-1.48399"><ele>89.01</ele></trkpt><trkpt lat="48.20008" lon="-1.48401"><ele>89.01</ele></trkpt><trkpt lat="48.20007" lon="-1.48403"><ele>88.96</ele></trkpt><trkpt lat="48.20005" lon="-1.48402"><ele>89.07</ele></trkpt><trkpt lat="48.20003" lon="-1.48402"><ele>89.07</ele></trkpt><trkpt lat="48.20001" lon="-1.48402"><ele>89.27</ele></trkpt><trkpt lat="48.2" lon="-1.48403"><ele>89.27</ele></trkpt><trkpt lat="48.19999" lon="-1.48404"><ele>89.27</ele></trkpt><trkpt lat="48.19997" lon="-1.48405"><ele>89.86</ele></trkpt><trkpt lat="48.19995" lon="-1.48405"><ele>89.86</ele></trkpt><trkpt lat="48.19994" lon="-1.48405"><ele>89.86</ele></trkpt><trkpt lat="48.19992" lon="-1.48406"><ele>90.25</ele></trkpt><trkpt lat="48.1999" lon="-1.48407"><ele>90.25</ele></trkpt><trkpt lat="48.19988" lon="-1.48407"><ele>90.4</ele></trkpt><trkpt lat="48.19986" lon="-1.48408"><ele>90.4</ele></trkpt><trkpt lat="48.19984" lon="-1.48408"><ele>90.57</ele></trkpt><trkpt lat="48.19982" lon="-1.48408"><ele>90.57</ele></trkpt><trkpt lat="48.1998" lon="-1.48409"><ele>90.77</ele></trkpt><trkpt lat="48.19978" lon="-1.48409"><ele>90.77</ele></trkpt><trkpt lat="48.19977" lon="-1.48407"><ele>90.77</ele></trkpt><trkpt lat="48.19975" lon="-1.48408"><ele>91.02</ele></trkpt><trkpt lat="48.19973" lon="-1.48407"><ele>91.02</ele></trkpt><trkpt lat="48.1997" lon="-1.48408"><ele>91.32</ele></trkpt><trkpt lat="48.19968" lon="-1.48408"><ele>91.5</ele></trkpt><trkpt lat="48.19966" lon="-1.48407"><ele>91.5</ele></trkpt><trkpt lat="48.19965" lon="-1.48408"><ele>91.5</ele></trkpt><trkpt lat="48.19963" lon="-1.48409"><ele>91.75</ele></trkpt><trkpt lat="48.19962" lon="-1.48409"><ele>91.75</ele></trkpt><trkpt lat="48.1996" lon="-1.4841"><ele>91.78</ele></trkpt><trkpt lat="48.19958" lon="-1.48412"><ele>91.8</ele></trkpt><trkpt lat="48.19957" lon="-1.48413"><ele>91.8</ele></trkpt><trkpt lat="48.19954" lon="-1.48415"><ele>91.8</ele></trkpt><trkpt lat="48.19952" lon="-1.48417"><ele>91.8</ele></trkpt><trkpt lat="48.19949" lon="-1.48417"><ele>91.92</ele></trkpt><trkpt lat="48.19947" lon="-1.48417"><ele>91.92</ele></trkpt><trkpt lat="48.19945" lon="-1.48418"><ele>92.07</ele></trkpt><trkpt lat="48.19943" lon="-1.48419"><ele>91.96</ele></trkpt><trkpt lat="48.19944" lon="-1.48415"><ele>92.07</ele></trkpt><trkpt lat="48.19943" lon="-1.48411"><ele>92.22</ele></trkpt><trkpt lat="48.19941" lon="-1.48409"><ele>92.33</ele></trkpt><trkpt lat="48.19941" lon="-1.48407"><ele>92.33</ele></trkpt><trkpt lat="48.19939" lon="-1.48406"><ele>92.33</ele></trkpt><trkpt lat="48.19938" lon="-1.48405"><ele>92.54</ele></trkpt><trkpt lat="48.19937" lon="-1.48405"><ele>92.54</ele></trkpt><trkpt lat="48.19936" lon="-1.48402"><ele>92.54</ele></trkpt><trkpt lat="48.19934" lon="-1.484"><ele>92.55</ele></trkpt><trkpt lat="48.19932" lon="-1.48397"><ele>92.61</ele></trkpt><trkpt lat="48.19929" lon="-1.48395"><ele>92.78</ele></trkpt><trkpt lat="48.19927" lon="-1.48391"><ele>92.83</ele></trkpt><trkpt lat="48.19924" lon="-1.48391"><ele>92.94</ele></trkpt><trkpt lat="48.19923" lon="-1.48388"><ele>93.11</ele></trkpt><trkpt lat="48.19922" lon="-1.48386"><ele>93.11</ele></trkpt><trkpt lat="48.19921" lon="-1.48385"><ele>93.48</ele></trkpt><trkpt lat="48.1992" lon="-1.48385"><ele>93.48</ele></trkpt><trkpt lat="48.19919" lon="-1.48382"><ele>93.51</ele></trkpt><trkpt lat="48.19917" lon="-1.4838"><ele>93.51</ele></trkpt><trkpt lat="48.19917" lon="-1.48378"><ele>93.51</ele></trkpt><trkpt lat="48.19914" lon="-1.48375"><ele>93.75</ele></trkpt><trkpt lat="48.19912" lon="-1.48373"><ele>94.08</ele></trkpt><trkpt lat="48.1991" lon="-1.48371"><ele>94</ele></trkpt><trkpt lat="48.19908" lon="-1.48369"><ele>94.28</ele></trkpt><trkpt lat="48.19905" lon="-1.48369"><ele>94.28</ele></trkpt><trkpt lat="48.19905" lon="-1.48365"><ele>94.27</ele></trkpt><trkpt lat="48.19904" lon="-1.48364"><ele>94.27</ele></trkpt><trkpt lat="48.19902" lon="-1.48364"><ele>94.43</ele></trkpt><trkpt lat="48.19899" lon="-1.48365"><ele>94.43</ele></trkpt><trkpt lat="48.19895" lon="-1.48366"><ele>94.26</ele></trkpt><trkpt lat="48.19894" lon="-1.48365"><ele>94.26</ele></trkpt><trkpt lat="48.19893" lon="-1.48364"><ele>94.26</ele></trkpt><trkpt lat="48.19891" lon="-1.48364"><ele>94.26</ele></trkpt><trkpt lat="48.19888" lon="-1.4836"><ele>94.23</ele></trkpt><trkpt lat="48.19886" lon="-1.48359"><ele>94.15</ele></trkpt><trkpt lat="48.19885" lon="-1.48358"><ele>94.28</ele></trkpt><trkpt lat="48.19884" lon="-1.48357"><ele>94.28</ele></trkpt><trkpt lat="48.19882" lon="-1.48358"><ele>94.24</ele></trkpt><trkpt lat="48.19881" lon="-1.48359"><ele>94.03</ele></trkpt><trkpt lat="48.19879" lon="-1.48357"><ele>94.24</ele></trkpt><trkpt lat="48.19876" lon="-1.48357"><ele>94.32</ele></trkpt><trkpt lat="48.19875" lon="-1.48356"><ele>94.32</ele></trkpt><trkpt lat="48.19875" lon="-1.48354"><ele>94.22</ele></trkpt><trkpt lat="48.19875" lon="-1.48353"><ele>94.22</ele></trkpt><trkpt lat="48.19876" lon="-1.48353"><ele>94.22</ele></trkpt><trkpt lat="48.19875" lon="-1.48345"><ele>94.18</ele></trkpt><trkpt lat="48.19873" lon="-1.48349"><ele>93.76</ele></trkpt><trkpt lat="48.19874" lon="-1.48352"><ele>94.22</ele></trkpt><trkpt lat="48.19875" lon="-1.48355"><ele>94.32</ele></trkpt><trkpt lat="48.19872" lon="-1.48358"><ele>93.96</ele></trkpt><trkpt lat="48.19869" lon="-1.4836"><ele>93.54</ele></trkpt><trkpt lat="48.19867" lon="-1.48361"><ele>93.54</ele></trkpt><trkpt lat="48.19864" lon="-1.48361"><ele>93.23</ele></trkpt><trkpt lat="48.19861" lon="-1.48361"><ele>93.23</ele></trkpt><trkpt lat="48.1986" lon="-1.48361"><ele>92.86</ele></trkpt><trkpt lat="48.19857" lon="-1.48359"><ele>92.86</ele></trkpt><trkpt lat="48.19855" lon="-1.48357"><ele>92.25</ele></trkpt><trkpt lat="48.19852" lon="-1.48356"><ele>92.12</ele></trkpt><trkpt lat="48.19851" lon="-1.48355"><ele>92.12</ele></trkpt><trkpt lat="48.19849" lon="-1.48356"><ele>92.12</ele></trkpt><trkpt lat="48.19848" lon="-1.48357"><ele>92.16</ele></trkpt><trkpt lat="48.19846" lon="-1.48356"><ele>92.16</ele></trkpt><trkpt lat="48.19843" lon="-1.48357"><ele>92.18</ele></trkpt><trkpt lat="48.19841" lon="-1.48357"><ele>92.18</ele></trkpt><trkpt lat="48.1984" lon="-1.48357"><ele>92.18</ele></trkpt><trkpt lat="48.19838" lon="-1.48356"><ele>91.94</ele></trkpt><trkpt lat="48.19835" lon="-1.48357"><ele>91.74</ele></trkpt><trkpt lat="48.19834" lon="-1.48357"><ele>91.74</ele></trkpt><trkpt lat="48.19831" lon="-1.48359"><ele>91.7</ele></trkpt><trkpt lat="48.19831" lon="-1.48362"><ele>91.7</ele></trkpt><trkpt lat="48.1983" lon="-1.48365"><ele>91.28</ele></trkpt><trkpt lat="48.19827" lon="-1.48368"><ele>91.24</ele></trkpt><trkpt lat="48.19827" lon="-1.48371"><ele>91.24</ele></trkpt><trkpt lat="48.19826" lon="-1.48373"><ele>90.52</ele></trkpt><trkpt lat="48.19826" lon="-1.48378"><ele>90.57</ele></trkpt><trkpt lat="48.19826" lon="-1.48381"><ele>90.74</ele></trkpt><trkpt lat="48.19827" lon="-1.48383"><ele>91.21</ele></trkpt><trkpt lat="48.19825" lon="-1.48385"><ele>90.81</ele></trkpt><trkpt lat="48.19823" lon="-1.48389"><ele>90.75</ele></trkpt><trkpt lat="48.19823" lon="-1.4839"><ele>90.75</ele></trkpt><trkpt lat="48.19823" lon="-1.48392"><ele>90.75</ele></trkpt><trkpt lat="48.19823" lon="-1.48393"><ele>90.71</ele></trkpt><trkpt lat="48.19823" lon="-1.48396"><ele>90.71</ele></trkpt><trkpt lat="48.19822" lon="-1.48398"><ele>90.43</ele></trkpt><trkpt lat="48.19822" lon="-1.48399"><ele>90.43</ele></trkpt><trkpt lat="48.19823" lon="-1.484"><ele>90.76</ele></trkpt><trkpt lat="48.19823" lon="-1.48402"><ele>90.76</ele></trkpt><trkpt lat="48.19823" lon="-1.48404"><ele>90.76</ele></trkpt><trkpt lat="48.19822" lon="-1.48406"><ele>90.68</ele></trkpt><trkpt lat="48.19821" lon="-1.48409"><ele>90.68</ele></trkpt><trkpt lat="48.19822" lon="-1.48411"><ele>90.84</ele></trkpt><trkpt lat="48.19822" lon="-1.48413"><ele>90.84</ele></trkpt><trkpt lat="48.19823" lon="-1.48413"><ele>90.77</ele></trkpt><trkpt lat="48.19823" lon="-1.48415"><ele>90.84</ele></trkpt><trkpt lat="48.19822" lon="-1.48417"><ele>90.87</ele></trkpt><trkpt lat="48.19822" lon="-1.4842"><ele>90.8</ele></trkpt><trkpt lat="48.19821" lon="-1.48421"><ele>90.8</ele></trkpt><trkpt lat="48.1982" lon="-1.48422"><ele>90.8</ele></trkpt><trkpt lat="48.19819" lon="-1.48423"><ele>90.54</ele></trkpt><trkpt lat="48.19818" lon="-1.48426"><ele>90.67</ele></trkpt><trkpt lat="48.19816" lon="-1.48426"><ele>90.67</ele></trkpt><trkpt lat="48.19815" lon="-1.48427"><ele>90.67</ele></trkpt><trkpt lat="48.19815" lon="-1.48429"><ele>90.6</ele></trkpt><trkpt lat="48.19814" lon="-1.48431"><ele>90.6</ele></trkpt><trkpt lat="48.19809" lon="-1.48434"><ele>90.4</ele></trkpt><trkpt lat="48.19806" lon="-1.48437"><ele>90.49</ele></trkpt><trkpt lat="48.19804" lon="-1.4844"><ele>90.44</ele></trkpt><trkpt lat="48.19802" lon="-1.48445"><ele>90.56</ele></trkpt><trkpt lat="48.19801" lon="-1.48449"><ele>90.71</ele></trkpt><trkpt lat="48.19799" lon="-1.48453"><ele>90.75</ele></trkpt><trkpt lat="48.19796" lon="-1.48457"><ele>90.43</ele></trkpt><trkpt lat="48.19794" lon="-1.48461"><ele>90.71</ele></trkpt><trkpt lat="48.19792" lon="-1.48466"><ele>90.85</ele></trkpt><trkpt lat="48.19791" lon="-1.48469"><ele>90.85</ele></trkpt><trkpt lat="48.1979" lon="-1.48471"><ele>91.16</ele></trkpt><trkpt lat="48.19789" lon="-1.48475"><ele>91.45</ele></trkpt><trkpt lat="48.19788" lon="-1.48478"><ele>91.45</ele></trkpt><trkpt lat="48.19786" lon="-1.48481"><ele>91.42</ele></trkpt><trkpt lat="48.19785" lon="-1.48486"><ele>91.66</ele></trkpt><trkpt lat="48.19784" lon="-1.48489"><ele>91.82</ele></trkpt><trkpt lat="48.19782" lon="-1.48492"><ele>91.88</ele></trkpt><trkpt lat="48.19782" lon="-1.48495"><ele>91.88</ele></trkpt><trkpt lat="48.1978" lon="-1.48497"><ele>92.15</ele></trkpt><trkpt lat="48.1978" lon="-1.48501"><ele>92.48</ele></trkpt><trkpt lat="48.19779" lon="-1.48503"><ele>92.32</ele></trkpt><trkpt lat="48.19777" lon="-1.48506"><ele>92.41</ele></trkpt><trkpt lat="48.19777" lon="-1.4851"><ele>92.71</ele></trkpt><trkpt lat="48.19777" lon="-1.48513"><ele>93</ele></trkpt><trkpt lat="48.19775" lon="-1.48516"><ele>92.82</ele></trkpt><trkpt lat="48.19774" lon="-1.48521"><ele>93.08</ele></trkpt><trkpt lat="48.19772" lon="-1.48523"><ele>93.42</ele></trkpt><trkpt lat="48.19772" lon="-1.48526"><ele>93.75</ele></trkpt><trkpt lat="48.19771" lon="-1.4853"><ele>93.75</ele></trkpt><trkpt lat="48.1977" lon="-1.48532"><ele>93.97</ele></trkpt><trkpt lat="48.19769" lon="-1.48535"><ele>94.29</ele></trkpt><trkpt lat="48.19768" lon="-1.48539"><ele>94.61</ele></trkpt><trkpt lat="48.19767" lon="-1.48543"><ele>94.9</ele></trkpt><trkpt lat="48.19765" lon="-1.48546"><ele>94.83</ele></trkpt><trkpt lat="48.19764" lon="-1.48549"><ele>95.11</ele></trkpt><trkpt lat="48.19763" lon="-1.4855"><ele>95.11</ele></trkpt><trkpt lat="48.19762" lon="-1.48553"><ele>95.35</ele></trkpt><trkpt lat="48.19761" lon="-1.48555"><ele>95.35</ele></trkpt><trkpt lat="48.1976" lon="-1.48559"><ele>95.61</ele></trkpt><trkpt lat="48.19758" lon="-1.48562"><ele>95.94</ele></trkpt><trkpt lat="48.19757" lon="-1.48565"><ele>96.36</ele></trkpt><trkpt lat="48.19755" lon="-1.48568"><ele>96.36</ele></trkpt><trkpt lat="48.19753" lon="-1.48571"><ele>96.78</ele></trkpt><trkpt lat="48.19752" lon="-1.48574"><ele>97.07</ele></trkpt><trkpt lat="48.19751" lon="-1.48576"><ele>97.07</ele></trkpt><trkpt lat="48.1975" lon="-1.48579"><ele>97.36</ele></trkpt><trkpt lat="48.1975" lon="-1.48582"><ele>97.52</ele></trkpt><trkpt lat="48.1975" lon="-1.48585"><ele>97.52</ele></trkpt><trkpt lat="48.19749" lon="-1.48588"><ele>97.76</ele></trkpt><trkpt lat="48.19748" lon="-1.4859"><ele>97.76</ele></trkpt><trkpt lat="48.19748" lon="-1.48592"><ele>97.98</ele></trkpt><trkpt lat="48.19746" lon="-1.48594"><ele>97.98</ele></trkpt><trkpt lat="48.19745" lon="-1.48597"><ele>98.34</ele></trkpt><trkpt lat="48.19743" lon="-1.486"><ele>98.53</ele></trkpt><trkpt lat="48.19743" lon="-1.48601"><ele>98.53</ele></trkpt><trkpt lat="48.19741" lon="-1.48602"><ele>98.53</ele></trkpt><trkpt lat="48.1974" lon="-1.48606"><ele>99.04</ele></trkpt><trkpt lat="48.1974" lon="-1.48611"><ele>99.26</ele></trkpt><trkpt lat="48.19738" lon="-1.48613"><ele>99.41</ele></trkpt><trkpt lat="48.19738" lon="-1.48616"><ele>99.61</ele></trkpt><trkpt lat="48.19737" lon="-1.48619"><ele>99.61</ele></trkpt><trkpt lat="48.19737" lon="-1.48621"><ele>99.79</ele></trkpt><trkpt lat="48.19737" lon="-1.48624"><ele>99.79</ele></trkpt><trkpt lat="48.19735" lon="-1.48629"><ele>100.27</ele></trkpt><trkpt lat="48.19733" lon="-1.48634"><ele>100.36</ele></trkpt><trkpt lat="48.19732" lon="-1.48637"><ele>100.57</ele></trkpt><trkpt lat="48.19731" lon="-1.4864"><ele>100.65</ele></trkpt><trkpt lat="48.19731" lon="-1.48645"><ele>100.78</ele></trkpt><trkpt lat="48.19729" lon="-1.48649"><ele>100.96</ele></trkpt><trkpt lat="48.19729" lon="-1.48651"><ele>101.08</ele></trkpt><trkpt lat="48.19727" lon="-1.48654"><ele>101.19</ele></trkpt><trkpt lat="48.19727" lon="-1.48657"><ele>101.34</ele></trkpt><trkpt lat="48.19727" lon="-1.4866"><ele>101.53</ele></trkpt><trkpt lat="48.19726" lon="-1.48664"><ele>101.73</ele></trkpt><trkpt lat="48.19726" lon="-1.48668"><ele>101.88</ele></trkpt><trkpt lat="48.19726" lon="-1.48671"><ele>101.88</ele></trkpt><trkpt lat="48.19725" lon="-1.48676"><ele>102.15</ele></trkpt><trkpt lat="48.19724" lon="-1.4868"><ele>102.15</ele></trkpt><trkpt lat="48.19724" lon="-1.48683"><ele>102.33</ele></trkpt><trkpt lat="48.19723" lon="-1.48689"><ele>102.69</ele></trkpt><trkpt lat="48.19723" lon="-1.48693"><ele>102.69</ele></trkpt><trkpt lat="48.19722" lon="-1.48697"><ele>102.81</ele></trkpt><trkpt lat="48.19722" lon="-1.487"><ele>102.88</ele></trkpt><trkpt lat="48.19721" lon="-1.48703"><ele>102.92</ele></trkpt><trkpt lat="48.1972" lon="-1.48706"><ele>102.96</ele></trkpt><trkpt lat="48.19719" lon="-1.48708"><ele>103.06</ele></trkpt><trkpt lat="48.19718" lon="-1.48709"><ele>103.06</ele></trkpt><trkpt lat="48.19717" lon="-1.48711"><ele>103.03</ele></trkpt><trkpt lat="48.19716" lon="-1.48713"><ele>103.03</ele></trkpt><trkpt lat="48.19715" lon="-1.48714"><ele>103.09</ele></trkpt><trkpt lat="48.19715" lon="-1.48713"><ele>103.09</ele></trkpt><trkpt lat="48.19714" lon="-1.48718"><ele>103.03</ele></trkpt><trkpt lat="48.19716" lon="-1.48719"><ele>102.9</ele></trkpt><trkpt lat="48.19717" lon="-1.48727"><ele>102.83</ele></trkpt><trkpt lat="48.19718" lon="-1.48722"><ele>102.9</ele></trkpt><trkpt lat="48.19719" lon="-1.48721"><ele>102.9</ele></trkpt><trkpt lat="48.19719" lon="-1.48722"><ele>102.9</ele></trkpt><trkpt lat="48.1972" lon="-1.48722"><ele>102.96</ele></trkpt><trkpt lat="48.19719" lon="-1.4873"><ele>102.77</ele></trkpt><trkpt lat="48.19718" lon="-1.48732"><ele>102.72</ele></trkpt><trkpt lat="48.19715" lon="-1.48735"><ele>102.73</ele></trkpt><trkpt lat="48.19714" lon="-1.48737"><ele>102.66</ele></trkpt><trkpt lat="48.19712" lon="-1.48741"><ele>102.62</ele></trkpt><trkpt lat="48.1971" lon="-1.48744"><ele>102.65</ele></trkpt><trkpt lat="48.19709" lon="-1.48747"><ele>102.55</ele></trkpt><trkpt lat="48.19709" lon="-1.48749"><ele>102.46</ele></trkpt><trkpt lat="48.19707" lon="-1.48752"><ele>102.46</ele></trkpt><trkpt lat="48.19706" lon="-1.48752"><ele>102.49</ele></trkpt><trkpt lat="48.19705" lon="-1.48754"><ele>102.4</ele></trkpt><trkpt lat="48.19703" lon="-1.48757"><ele>102.4</ele></trkpt><trkpt lat="48.19702" lon="-1.48761"><ele>102.35</ele></trkpt><trkpt lat="48.19701" lon="-1.48763"><ele>102.21</ele></trkpt><trkpt lat="48.197" lon="-1.48766"><ele>102.21</ele></trkpt><trkpt lat="48.19699" lon="-1.48768"><ele>102.06</ele></trkpt><trkpt lat="48.19698" lon="-1.48771"><ele>101.92</ele></trkpt><trkpt lat="48.19697" lon="-1.48774"><ele>101.95</ele></trkpt><trkpt lat="48.19696" lon="-1.48777"><ele>101.82</ele></trkpt><trkpt lat="48.19695" lon="-1.48779"><ele>101.71</ele></trkpt><trkpt lat="48.19694" lon="-1.4878"><ele>101.71</ele></trkpt><trkpt lat="48.19692" lon="-1.48781"><ele>101.68</ele></trkpt><trkpt lat="48.19691" lon="-1.48782"><ele>101.68</ele></trkpt><trkpt lat="48.1969" lon="-1.48785"><ele>101.58</ele></trkpt><trkpt lat="48.19689" lon="-1.48787"><ele>101.55</ele></trkpt><trkpt lat="48.19687" lon="-1.4879"><ele>101.42</ele></trkpt><trkpt lat="48.19685" lon="-1.48791"><ele>101.42</ele></trkpt><trkpt lat="48.19683" lon="-1.48794"><ele>101.26</ele></trkpt><trkpt lat="48.19682" lon="-1.48797"><ele>101.06</ele></trkpt><trkpt lat="48.1968" lon="-1.48799"><ele>101.03</ele></trkpt><trkpt lat="48.19679" lon="-1.488"><ele>101.03</ele></trkpt><trkpt lat="48.19678" lon="-1.48801"><ele>100.75</ele></trkpt><trkpt lat="48.19677" lon="-1.48803"><ele>100.75</ele></trkpt><trkpt lat="48.19675" lon="-1.48803"><ele>100.8</ele></trkpt><trkpt lat="48.19672" lon="-1.48805"><ele>100.62</ele></trkpt><trkpt lat="48.19671" lon="-1.48807"><ele>100.62</ele></trkpt><trkpt lat="48.1967" lon="-1.48809"><ele>100.21</ele></trkpt><trkpt lat="48.19667" lon="-1.48813"><ele>100.5</ele></trkpt><trkpt lat="48.19665" lon="-1.48816"><ele>100.03</ele></trkpt><trkpt lat="48.19662" lon="-1.48818"><ele>99.88</ele></trkpt><trkpt lat="48.19662" lon="-1.48821"><ele>99.88</ele></trkpt><trkpt lat="48.19662" lon="-1.48825"><ele>99.34</ele></trkpt><trkpt lat="48.1966" lon="-1.48827"><ele>99.29</ele></trkpt><trkpt lat="48.19659" lon="-1.4883"><ele>99.1</ele></trkpt><trkpt lat="48.19657" lon="-1.48833"><ele>98.78</ele></trkpt><trkpt lat="48.19656" lon="-1.48836"><ele>98.62</ele></trkpt><trkpt lat="48.19656" lon="-1.48839"><ele>98.42</ele></trkpt><trkpt lat="48.19656" lon="-1.48843"><ele>98.42</ele></trkpt><trkpt lat="48.19656" lon="-1.48846"><ele>98.33</ele></trkpt><trkpt lat="48.19658" lon="-1.48847"><ele>98.33</ele></trkpt><trkpt lat="48.19661" lon="-1.48849"><ele>98.23</ele></trkpt><trkpt lat="48.19663" lon="-1.48849"><ele>98.23</ele></trkpt><trkpt lat="48.19665" lon="-1.48848"><ele>98.42</ele></trkpt><trkpt lat="48.19667" lon="-1.48846"><ele>98.72</ele></trkpt><trkpt lat="48.19668" lon="-1.48845"><ele>98.82</ele></trkpt><trkpt lat="48.1967" lon="-1.48845"><ele>98.82</ele></trkpt><trkpt lat="48.19674" lon="-1.48845"><ele>98.95</ele></trkpt><trkpt lat="48.19676" lon="-1.48843"><ele>99.29</ele></trkpt><trkpt lat="48.19678" lon="-1.48842"><ele>99.37</ele></trkpt><trkpt lat="48.1968" lon="-1.48843"><ele>99.37</ele></trkpt><trkpt lat="48.19682" lon="-1.48841"><ele>99.41</ele></trkpt><trkpt lat="48.19684" lon="-1.48842"><ele>99.41</ele></trkpt><trkpt lat="48.19686" lon="-1.48841"><ele>99.49</ele></trkpt><trkpt lat="48.19688" lon="-1.4884"><ele>99.49</ele></trkpt><trkpt lat="48.1969" lon="-1.4884"><ele>99.66</ele></trkpt><trkpt lat="48.19692" lon="-1.48839"><ele>99.66</ele></trkpt><trkpt lat="48.19694" lon="-1.48838"><ele>99.86</ele></trkpt><trkpt lat="48.19698" lon="-1.48838"><ele>99.92</ele></trkpt><trkpt lat="48.19699" lon="-1.48837"><ele>99.92</ele></trkpt><trkpt lat="48.19701" lon="-1.48837"><ele>99.92</ele></trkpt><trkpt lat="48.19703" lon="-1.48836"><ele>100.03</ele></trkpt><trkpt lat="48.19705" lon="-1.48836"><ele>100.03</ele></trkpt><trkpt lat="48.19708" lon="-1.48834"><ele>100.32</ele></trkpt><trkpt lat="48.1971" lon="-1.48833"><ele>100.32</ele></trkpt><trkpt lat="48.19712" lon="-1.48833"><ele>100.42</ele></trkpt><trkpt lat="48.19714" lon="-1.48834"><ele>100.42</ele></trkpt><trkpt lat="48.19717" lon="-1.48835"><ele>100.32</ele></trkpt><trkpt lat="48.19718" lon="-1.48836"><ele>100.32</ele></trkpt><trkpt lat="48.1972" lon="-1.48837"><ele>100.47</ele></trkpt><trkpt lat="48.19722" lon="-1.48839"><ele>100.46</ele></trkpt><trkpt lat="48.19724" lon="-1.4884"><ele>100.49</ele></trkpt><trkpt lat="48.19725" lon="-1.48838"><ele>100.63</ele></trkpt><trkpt lat="48.19727" lon="-1.48838"><ele>100.63</ele></trkpt><trkpt lat="48.19729" lon="-1.48838"><ele>100.78</ele></trkpt><trkpt lat="48.19731" lon="-1.48838"><ele>100.78</ele></trkpt><trkpt lat="48.19733" lon="-1.48839"><ele>100.68</ele></trkpt><trkpt lat="48.19736" lon="-1.4884"><ele>100.68</ele></trkpt><trkpt lat="48.19738" lon="-1.4884"><ele>100.85</ele></trkpt><trkpt lat="48.19741" lon="-1.48843"><ele>101.01</ele></trkpt><trkpt lat="48.19743" lon="-1.48842"><ele>101.01</ele></trkpt><trkpt lat="48.19746" lon="-1.48842"><ele>101.12</ele></trkpt><trkpt lat="48.19748" lon="-1.48841"><ele>101.12</ele></trkpt><trkpt lat="48.19751" lon="-1.48841"><ele>101.16</ele></trkpt><trkpt lat="48.19752" lon="-1.48843"><ele>101.16</ele></trkpt><trkpt lat="48.19754" lon="-1.48846"><ele>101.14</ele></trkpt><trkpt lat="48.19756" lon="-1.48847"><ele>101.14</ele></trkpt><trkpt lat="48.19758" lon="-1.48847"><ele>101.18</ele></trkpt><trkpt lat="48.19761" lon="-1.48849"><ele>101.09</ele></trkpt><trkpt lat="48.19762" lon="-1.48851"><ele>101.09</ele></trkpt><trkpt lat="48.19764" lon="-1.48853"><ele>101</ele></trkpt><trkpt lat="48.19767" lon="-1.48855"><ele>101.11</ele></trkpt><trkpt lat="48.19769" lon="-1.48857"><ele>100.91</ele></trkpt><trkpt lat="48.19772" lon="-1.48859"><ele>101.03</ele></trkpt><trkpt lat="48.19774" lon="-1.4886"><ele>101.03</ele></trkpt><trkpt lat="48.19777" lon="-1.48862"><ele>101.03</ele></trkpt><trkpt lat="48.19778" lon="-1.48863"><ele>101.03</ele></trkpt><trkpt lat="48.19779" lon="-1.48865"><ele>100.95</ele></trkpt><trkpt lat="48.19781" lon="-1.48869"><ele>101.1</ele></trkpt><trkpt lat="48.19781" lon="-1.48871"><ele>100.98</ele></trkpt><trkpt lat="48.19783" lon="-1.48874"><ele>100.77</ele></trkpt><trkpt lat="48.19785" lon="-1.48877"><ele>101.06</ele></trkpt><trkpt lat="48.19786" lon="-1.48879"><ele>100.88</ele></trkpt><trkpt lat="48.19788" lon="-1.48883"><ele>101.05</ele></trkpt><trkpt lat="48.1979" lon="-1.48886"><ele>101.05</ele></trkpt><trkpt lat="48.19792" lon="-1.48889"><ele>100.97</ele></trkpt><trkpt lat="48.19793" lon="-1.48889"><ele>101.07</ele></trkpt><trkpt lat="48.19794" lon="-1.48892"><ele>100.96</ele></trkpt><trkpt lat="48.19798" lon="-1.489"><ele>100.75</ele></trkpt><trkpt lat="48.19799" lon="-1.48902"><ele>100.75</ele></trkpt><trkpt lat="48.19801" lon="-1.48906"><ele>100.71</ele></trkpt><trkpt lat="48.19803" lon="-1.48909"><ele>100.65</ele></trkpt><trkpt lat="48.19805" lon="-1.48912"><ele>100.59</ele></trkpt><trkpt lat="48.19807" lon="-1.48916"><ele>100.61</ele></trkpt><trkpt lat="48.19809" lon="-1.48919"><ele>100.57</ele></trkpt><trkpt lat="48.1981" lon="-1.4892"><ele>100.58</ele></trkpt><trkpt lat="48.19812" lon="-1.48922"><ele>100.56</ele></trkpt><trkpt lat="48.19814" lon="-1.48926"><ele>100.52</ele></trkpt><trkpt lat="48.19815" lon="-1.48927"><ele>100.52</ele></trkpt><trkpt lat="48.19817" lon="-1.4893"><ele>100.46</ele></trkpt><trkpt lat="48.19818" lon="-1.48931"><ele>100.46</ele></trkpt><trkpt lat="48.19821" lon="-1.48933"><ele>100.49</ele></trkpt><trkpt lat="48.19824" lon="-1.48935"><ele>100.47</ele></trkpt><trkpt lat="48.19825" lon="-1.48937"><ele>100.47</ele></trkpt><trkpt lat="48.19827" lon="-1.4894"><ele>100.4</ele></trkpt><trkpt lat="48.1983" lon="-1.48942"><ele>100.27</ele></trkpt><trkpt lat="48.19831" lon="-1.48945"><ele>100.27</ele></trkpt><trkpt lat="48.19833" lon="-1.48947"><ele>100.25</ele></trkpt><trkpt lat="48.19835" lon="-1.4895"><ele>100.25</ele></trkpt><trkpt lat="48.19836" lon="-1.48953"><ele>100.32</ele></trkpt><trkpt lat="48.19838" lon="-1.48954"><ele>100.32</ele></trkpt><trkpt lat="48.1984" lon="-1.48955"><ele>100.13</ele></trkpt><trkpt lat="48.19841" lon="-1.48956"><ele>100.13</ele></trkpt><trkpt lat="48.19843" lon="-1.48957"><ele>100.13</ele></trkpt><trkpt lat="48.19844" lon="-1.4896"><ele>100.04</ele></trkpt><trkpt lat="48.19846" lon="-1.48963"><ele>100.04</ele></trkpt><trkpt lat="48.19848" lon="-1.48965"><ele>100.05</ele></trkpt><trkpt lat="48.19851" lon="-1.48967"><ele>99.95</ele></trkpt><trkpt lat="48.19852" lon="-1.48969"><ele>99.95</ele></trkpt><trkpt lat="48.19854" lon="-1.48972"><ele>99.92</ele></trkpt><trkpt lat="48.19855" lon="-1.48975"><ele>99.84</ele></trkpt><trkpt lat="48.19857" lon="-1.48979"><ele>99.7</ele></trkpt><trkpt lat="48.19859" lon="-1.48982"><ele>99.76</ele></trkpt><trkpt lat="48.19861" lon="-1.48984"><ele>99.63</ele></trkpt><trkpt lat="48.19863" lon="-1.48987"><ele>99.61</ele></trkpt><trkpt lat="48.19865" lon="-1.48988"><ele>99.61</ele></trkpt><trkpt lat="48.19867" lon="-1.4899"><ele>99.52</ele></trkpt><trkpt lat="48.19868" lon="-1.48994"><ele>99.6</ele></trkpt><trkpt lat="48.1987" lon="-1.48998"><ele>99.52</ele></trkpt><trkpt lat="48.19873" lon="-1.49001"><ele>99.52</ele></trkpt><trkpt lat="48.19874" lon="-1.49004"><ele>99.46</ele></trkpt><trkpt lat="48.19876" lon="-1.49008"><ele>99.47</ele></trkpt><trkpt lat="48.19877" lon="-1.49011"><ele>99.55</ele></trkpt><trkpt lat="48.19879" lon="-1.49014"><ele>99.35</ele></trkpt><trkpt lat="48.19881" lon="-1.49016"><ele>99.34</ele></trkpt><trkpt lat="48.19883" lon="-1.49019"><ele>99.31</ele></trkpt><trkpt lat="48.19886" lon="-1.49022"><ele>99.19</ele></trkpt><trkpt lat="48.19887" lon="-1.49025"><ele>99.1</ele></trkpt><trkpt lat="48.19889" lon="-1.49029"><ele>98.96</ele></trkpt><trkpt lat="48.19891" lon="-1.49031"><ele>99.06</ele></trkpt><trkpt lat="48.19892" lon="-1.49033"><ele>98.96</ele></trkpt><trkpt lat="48.19893" lon="-1.49036"><ele>98.96</ele></trkpt><trkpt lat="48.19896" lon="-1.49037"><ele>98.88</ele></trkpt><trkpt lat="48.19896" lon="-1.4904"><ele>98.88</ele></trkpt><trkpt lat="48.19898" lon="-1.49043"><ele>98.72</ele></trkpt><trkpt lat="48.19899" lon="-1.49044"><ele>98.72</ele></trkpt><trkpt lat="48.19899" lon="-1.49048"><ele>98.69</ele></trkpt><trkpt lat="48.19901" lon="-1.49052"><ele>98.58</ele></trkpt><trkpt lat="48.19903" lon="-1.49056"><ele>98.58</ele></trkpt><trkpt lat="48.19905" lon="-1.49058"><ele>98.41</ele></trkpt><trkpt lat="48.19905" lon="-1.49061"><ele>98.41</ele></trkpt><trkpt lat="48.19907" lon="-1.49063"><ele>98.38</ele></trkpt><trkpt lat="48.19909" lon="-1.49064"><ele>98.28</ele></trkpt><trkpt lat="48.1991" lon="-1.49067"><ele>98.23</ele></trkpt><trkpt lat="48.19912" lon="-1.4907"><ele>98.23</ele></trkpt><trkpt lat="48.19912" lon="-1.49073"><ele>98.21</ele></trkpt><trkpt lat="48.19915" lon="-1.49076"><ele>97.98</ele></trkpt><trkpt lat="48.19917" lon="-1.4908"><ele>97.88</ele></trkpt><trkpt lat="48.19918" lon="-1.49083"><ele>97.88</ele></trkpt><trkpt lat="48.19921" lon="-1.49085"><ele>97.85</ele></trkpt><trkpt lat="48.19922" lon="-1.49089"><ele>97.69</ele></trkpt><trkpt lat="48.19923" lon="-1.49091"><ele>97.69</ele></trkpt><trkpt lat="48.19925" lon="-1.49093"><ele>97.7</ele></trkpt><trkpt lat="48.19927" lon="-1.49095"><ele>97.42</ele></trkpt><trkpt lat="48.19929" lon="-1.49095"><ele>97.42</ele></trkpt><trkpt lat="48.1993" lon="-1.49097"><ele>97.14</ele></trkpt><trkpt lat="48.19932" lon="-1.491"><ele>97.14</ele></trkpt><trkpt lat="48.19934" lon="-1.49102"><ele>96.97</ele></trkpt><trkpt lat="48.19936" lon="-1.49105"><ele>96.97</ele></trkpt><trkpt lat="48.19937" lon="-1.49107"><ele>96.77</ele></trkpt><trkpt lat="48.19939" lon="-1.49111"><ele>96.57</ele></trkpt><trkpt lat="48.19942" lon="-1.49117"><ele>96.62</ele></trkpt><trkpt lat="48.19944" lon="-1.49117"><ele>96.45</ele></trkpt><trkpt lat="48.19944" lon="-1.4912"><ele>96.47</ele></trkpt><trkpt lat="48.19947" lon="-1.49123"><ele>96.28</ele></trkpt><trkpt lat="48.1995" lon="-1.49125"><ele>96.28</ele></trkpt><trkpt lat="48.19951" lon="-1.49127"><ele>96.65</ele></trkpt><trkpt lat="48.19952" lon="-1.49129"><ele>96.13</ele></trkpt><trkpt lat="48.19954" lon="-1.49131"><ele>96.43</ele></trkpt><trkpt lat="48.19956" lon="-1.49134"><ele>95.88</ele></trkpt><trkpt lat="48.19958" lon="-1.49136"><ele>96.16</ele></trkpt><trkpt lat="48.1996" lon="-1.49139"><ele>95.7</ele></trkpt><trkpt lat="48.19962" lon="-1.49141"><ele>95.88</ele></trkpt><trkpt lat="48.19964" lon="-1.49142"><ele>95.55</ele></trkpt><trkpt lat="48.19966" lon="-1.49144"><ele>95.72</ele></trkpt><trkpt lat="48.19968" lon="-1.49147"><ele>95.72</ele></trkpt><trkpt lat="48.19969" lon="-1.49149"><ele>95.55</ele></trkpt><trkpt lat="48.19971" lon="-1.49151"><ele>95.55</ele></trkpt><trkpt lat="48.19973" lon="-1.49153"><ele>95.37</ele></trkpt><trkpt lat="48.19974" lon="-1.49155"><ele>95.37</ele></trkpt><trkpt lat="48.19976" lon="-1.49157"><ele>95.75</ele></trkpt><trkpt lat="48.19977" lon="-1.49159"><ele>95.28</ele></trkpt><trkpt lat="48.19979" lon="-1.49161"><ele>95.65</ele></trkpt><trkpt lat="48.19982" lon="-1.49162"><ele>95.24</ele></trkpt><trkpt lat="48.19984" lon="-1.49164"><ele>95.24</ele></trkpt><trkpt lat="48.19987" lon="-1.49168"><ele>95.2</ele></trkpt><trkpt lat="48.19989" lon="-1.49172"><ele>95.34</ele></trkpt><trkpt lat="48.1999" lon="-1.49173"><ele>95.15</ele></trkpt><trkpt lat="48.19992" lon="-1.49175"><ele>95.23</ele></trkpt><trkpt lat="48.19995" lon="-1.49177"><ele>95.16</ele></trkpt><trkpt lat="48.19998" lon="-1.49179"><ele>95.22</ele></trkpt><trkpt lat="48.19999" lon="-1.49181"><ele>95.23</ele></trkpt><trkpt lat="48.20001" lon="-1.49184"><ele>95.2</ele></trkpt><trkpt lat="48.20003" lon="-1.49186"><ele>95.26</ele></trkpt><trkpt lat="48.20005" lon="-1.49187"><ele>95.18</ele></trkpt><trkpt lat="48.20007" lon="-1.49189"><ele>95.28</ele></trkpt><trkpt lat="48.20008" lon="-1.4919"><ele>95.28</ele></trkpt><trkpt lat="48.2001" lon="-1.49193"><ele>95.35</ele></trkpt><trkpt lat="48.2001" lon="-1.49194"><ele>95.35</ele></trkpt><trkpt lat="48.20011" lon="-1.49197"><ele>95.49</ele></trkpt><trkpt lat="48.20013" lon="-1.49201"><ele>95.42</ele></trkpt><trkpt lat="48.20014" lon="-1.49203"><ele>95.42</ele></trkpt><trkpt lat="48.20015" lon="-1.49205"><ele>95.58</ele></trkpt><trkpt lat="48.20016" lon="-1.49208"><ele>95.33</ele></trkpt><trkpt lat="48.20017" lon="-1.49211"><ele>95.58</ele></trkpt><trkpt lat="48.20019" lon="-1.49212"><ele>95.58</ele></trkpt><trkpt lat="48.20021" lon="-1.49213"><ele>95.63</ele></trkpt><trkpt lat="48.20023" lon="-1.49214"><ele>95.63</ele></trkpt><trkpt lat="48.20026" lon="-1.49214"><ele>95.41</ele></trkpt><trkpt lat="48.20028" lon="-1.49214"><ele>95.41</ele></trkpt><trkpt lat="48.20031" lon="-1.49215"><ele>95.34</ele></trkpt><trkpt lat="48.20032" lon="-1.49216"><ele>95.34</ele></trkpt><trkpt lat="48.20034" lon="-1.49217"><ele>95.41</ele></trkpt><trkpt lat="48.20036" lon="-1.4922"><ele>95.41</ele></trkpt><trkpt lat="48.20038" lon="-1.49223"><ele>95.49</ele></trkpt><trkpt lat="48.20038" lon="-1.49225"><ele>95.49</ele></trkpt><trkpt lat="48.20039" lon="-1.49226"><ele>95.58</ele></trkpt><trkpt lat="48.20041" lon="-1.49229"><ele>95.58</ele></trkpt><trkpt lat="48.20043" lon="-1.49231"><ele>95.67</ele></trkpt><trkpt lat="48.20044" lon="-1.49233"><ele>95.67</ele></trkpt><trkpt lat="48.20045" lon="-1.49234"><ele>95.76</ele></trkpt><trkpt lat="48.20047" lon="-1.49236"><ele>95.77</ele></trkpt><trkpt lat="48.20048" lon="-1.49237"><ele>95.77</ele></trkpt><trkpt lat="48.20051" lon="-1.4924"><ele>95.85</ele></trkpt><trkpt lat="48.20054" lon="-1.49243"><ele>95.9</ele></trkpt><trkpt lat="48.20056" lon="-1.49245"><ele>95.89</ele></trkpt><trkpt lat="48.20058" lon="-1.49246"><ele>95.89</ele></trkpt><trkpt lat="48.2006" lon="-1.49249"><ele>95.94</ele></trkpt><trkpt lat="48.20061" lon="-1.49251"><ele>96</ele></trkpt><trkpt lat="48.20062" lon="-1.49253"><ele>96</ele></trkpt><trkpt lat="48.20064" lon="-1.49254"><ele>95.99</ele></trkpt><trkpt lat="48.20066" lon="-1.49256"><ele>96.02</ele></trkpt><trkpt lat="48.20067" lon="-1.49258"><ele>96</ele></trkpt><trkpt lat="48.2007" lon="-1.49259"><ele>96</ele></trkpt><trkpt lat="48.20073" lon="-1.49262"><ele>96</ele></trkpt><trkpt lat="48.20074" lon="-1.49264"><ele>96.04</ele></trkpt><trkpt lat="48.20076" lon="-1.49265"><ele>96</ele></trkpt><trkpt lat="48.20077" lon="-1.49265"><ele>96</ele></trkpt><trkpt lat="48.2008" lon="-1.49268"><ele>95.97</ele></trkpt><trkpt lat="48.20082" lon="-1.4927"><ele>95.99</ele></trkpt><trkpt lat="48.20084" lon="-1.49271"><ele>95.99</ele></trkpt><trkpt lat="48.20087" lon="-1.49272"><ele>95.92</ele></trkpt><trkpt lat="48.2009" lon="-1.49273"><ele>95.89</ele></trkpt><trkpt lat="48.20092" lon="-1.49275"><ele>95.89</ele></trkpt><trkpt lat="48.20094" lon="-1.49274"><ele>95.81</ele></trkpt><trkpt lat="48.20097" lon="-1.49274"><ele>95.71</ele></trkpt><trkpt lat="48.20098" lon="-1.49276"><ele>95.71</ele></trkpt><trkpt lat="48.20101" lon="-1.49276"><ele>95.71</ele></trkpt><trkpt lat="48.20103" lon="-1.49276"><ele>95.59</ele></trkpt><trkpt lat="48.20107" lon="-1.49274"><ele>95.47</ele></trkpt><trkpt lat="48.2011" lon="-1.49272"><ele>95.29</ele></trkpt><trkpt lat="48.20112" lon="-1.49269"><ele>95.29</ele></trkpt><trkpt lat="48.20114" lon="-1.49268"><ele>95.26</ele></trkpt><trkpt lat="48.20115" lon="-1.49266"><ele>95.12</ele></trkpt><trkpt lat="48.20118" lon="-1.49268"><ele>95.12</ele></trkpt><trkpt lat="48.2012" lon="-1.49269"><ele>95.06</ele></trkpt><trkpt lat="48.20123" lon="-1.49268"><ele>94.93</ele></trkpt><trkpt lat="48.20125" lon="-1.49268"><ele>94.93</ele></trkpt><trkpt lat="48.20127" lon="-1.49268"><ele>94.93</ele></trkpt><trkpt lat="48.20129" lon="-1.4927"><ele>94.99</ele></trkpt><trkpt lat="48.2013" lon="-1.49271"><ele>94.99</ele></trkpt><trkpt lat="48.20131" lon="-1.49275"><ele>95.04</ele></trkpt><trkpt lat="48.20131" lon="-1.49278"><ele>95.11</ele></trkpt><trkpt lat="48.20131" lon="-1.49281"><ele>95.11</ele></trkpt><trkpt lat="48.20131" lon="-1.49282"><ele>95.18</ele></trkpt><trkpt lat="48.20133" lon="-1.49286"><ele>95.23</ele></trkpt><trkpt lat="48.20134" lon="-1.4929"><ele>95.29</ele></trkpt><trkpt lat="48.20134" lon="-1.49293"><ele>95.29</ele></trkpt><trkpt lat="48.20135" lon="-1.49296"><ele>95.35</ele></trkpt><trkpt lat="48.20137" lon="-1.49299"><ele>95.4</ele></trkpt><trkpt lat="48.20139" lon="-1.49302"><ele>95.4</ele></trkpt><trkpt lat="48.2014" lon="-1.49306"><ele>95.46</ele></trkpt><trkpt lat="48.20141" lon="-1.49309"><ele>95.51</ele></trkpt><trkpt lat="48.20142" lon="-1.49313"><ele>95.57</ele></trkpt><trkpt lat="48.20144" lon="-1.49317"><ele>95.6</ele></trkpt><trkpt lat="48.20144" lon="-1.49321"><ele>95.66</ele></trkpt><trkpt lat="48.20144" lon="-1.49324"><ele>95.7</ele></trkpt><trkpt lat="48.20146" lon="-1.49327"><ele>95.71</ele></trkpt><trkpt lat="48.20146" lon="-1.49329"><ele>95.77</ele></trkpt><trkpt lat="48.20147" lon="-1.49331"><ele>95.77</ele></trkpt><trkpt lat="48.20149" lon="-1.49334"><ele>95.8</ele></trkpt><trkpt lat="48.2015" lon="-1.49338"><ele>95.8</ele></trkpt><trkpt lat="48.2015" lon="-1.49342"><ele>95.8</ele></trkpt><trkpt lat="48.2015" lon="-1.49347"><ele>95.8</ele></trkpt><trkpt lat="48.20152" lon="-1.49351"><ele>95.8</ele></trkpt><trkpt lat="48.20152" lon="-1.49354"><ele>95.8</ele></trkpt><trkpt lat="48.20152" lon="-1.49358"><ele>95.8</ele></trkpt><trkpt lat="48.20153" lon="-1.49361"><ele>95.8</ele></trkpt><trkpt lat="48.20154" lon="-1.49365"><ele>95.8</ele></trkpt><trkpt lat="48.20154" lon="-1.49368"><ele>95.8</ele></trkpt><trkpt lat="48.20155" lon="-1.49371"><ele>95.8</ele></trkpt><trkpt lat="48.20156" lon="-1.49375"><ele>95.74</ele></trkpt><trkpt lat="48.20157" lon="-1.49378"><ele>95.7</ele></trkpt><trkpt lat="48.20158" lon="-1.49381"><ele>95.7</ele></trkpt><trkpt lat="48.20158" lon="-1.49384"><ele>95.7</ele></trkpt><trkpt lat="48.2016" lon="-1.49389"><ele>95.7</ele></trkpt><trkpt lat="48.2016" lon="-1.49391"><ele>95.7</ele></trkpt><trkpt lat="48.2016" lon="-1.49394"><ele>95.7</ele></trkpt><trkpt lat="48.20161" lon="-1.49397"><ele>95.66</ele></trkpt><trkpt lat="48.20161" lon="-1.49401"><ele>95.66</ele></trkpt><trkpt lat="48.20162" lon="-1.49405"><ele>95.66</ele></trkpt><trkpt lat="48.20162" lon="-1.49408"><ele>95.61</ele></trkpt><trkpt lat="48.20163" lon="-1.49412"><ele>95.6</ele></trkpt><trkpt lat="48.20163" lon="-1.49416"><ele>95.6</ele></trkpt><trkpt lat="48.20163" lon="-1.4942"><ele>95.55</ele></trkpt><trkpt lat="48.20163" lon="-1.49424"><ele>95.5</ele></trkpt><trkpt lat="48.20162" lon="-1.49427"><ele>95.47</ele></trkpt><trkpt lat="48.20163" lon="-1.49431"><ele>95.47</ele></trkpt><trkpt lat="48.20163" lon="-1.49434"><ele>95.4</ele></trkpt><trkpt lat="48.20163" lon="-1.49437"><ele>95.37</ele></trkpt><trkpt lat="48.20163" lon="-1.49441"><ele>95.3</ele></trkpt><trkpt lat="48.20163" lon="-1.49445"><ele>95.28</ele></trkpt><trkpt lat="48.20163" lon="-1.49449"><ele>95.21</ele></trkpt><trkpt lat="48.20163" lon="-1.49451"><ele>95.21</ele></trkpt><trkpt lat="48.20164" lon="-1.49454"><ele>95.17</ele></trkpt><trkpt lat="48.20164" lon="-1.49459"><ele>95.11</ele></trkpt><trkpt lat="48.20165" lon="-1.49463"><ele>95.08</ele></trkpt><trkpt lat="48.20165" lon="-1.49466"><ele>95.01</ele></trkpt><trkpt lat="48.20165" lon="-1.4947"><ele>94.98</ele></trkpt><trkpt lat="48.20166" lon="-1.49474"><ele>94.98</ele></trkpt><trkpt lat="48.20167" lon="-1.49478"><ele>94.91</ele></trkpt><trkpt lat="48.20167" lon="-1.49482"><ele>94.89</ele></trkpt><trkpt lat="48.20168" lon="-1.49484"><ele>94.82</ele></trkpt><trkpt lat="48.20168" lon="-1.49488"><ele>94.8</ele></trkpt><trkpt lat="48.20169" lon="-1.49491"><ele>94.8</ele></trkpt><trkpt lat="48.2017" lon="-1.49494"><ele>94.73</ele></trkpt><trkpt lat="48.20171" lon="-1.49498"><ele>94.7</ele></trkpt><trkpt lat="48.20173" lon="-1.49501"><ele>94.65</ele></trkpt><trkpt lat="48.20174" lon="-1.49505"><ele>94.6</ele></trkpt><trkpt lat="48.20174" lon="-1.49507"><ele>94.6</ele></trkpt><trkpt lat="48.20173" lon="-1.49511"><ele>94.55</ele></trkpt><trkpt lat="48.20173" lon="-1.49516"><ele>94.5</ele></trkpt><trkpt lat="48.20172" lon="-1.49519"><ele>94.46</ele></trkpt><trkpt lat="48.20172" lon="-1.49522"><ele>94.4</ele></trkpt><trkpt lat="48.20173" lon="-1.49526"><ele>94.35</ele></trkpt><trkpt lat="48.20173" lon="-1.49529"><ele>94.35</ele></trkpt><trkpt lat="48.20173" lon="-1.49533"><ele>94.3</ele></trkpt><trkpt lat="48.20173" lon="-1.49535"><ele>94.24</ele></trkpt><trkpt lat="48.20174" lon="-1.49539"><ele>94.19</ele></trkpt><trkpt lat="48.20174" lon="-1.49541"><ele>94.19</ele></trkpt><trkpt lat="48.20175" lon="-1.49546"><ele>94.12</ele></trkpt><trkpt lat="48.20174" lon="-1.49549"><ele>94.07</ele></trkpt><trkpt lat="48.20174" lon="-1.49552"><ele>94</ele></trkpt><trkpt lat="48.20174" lon="-1.49556"><ele>93.95</ele></trkpt><trkpt lat="48.20174" lon="-1.49558"><ele>93.95</ele></trkpt><trkpt lat="48.20175" lon="-1.49563"><ele>93.91</ele></trkpt><trkpt lat="48.20175" lon="-1.49567"><ele>93.87</ele></trkpt><trkpt lat="48.20176" lon="-1.49571"><ele>93.8</ele></trkpt><trkpt lat="48.20176" lon="-1.49576"><ele>93.75</ele></trkpt><trkpt lat="48.20177" lon="-1.49579"><ele>93.69</ele></trkpt><trkpt lat="48.20177" lon="-1.49582"><ele>93.62</ele></trkpt><trkpt lat="48.20178" lon="-1.49585"><ele>93.62</ele></trkpt><trkpt lat="48.2018" lon="-1.49591"><ele>93.54</ele></trkpt><trkpt lat="48.20181" lon="-1.49594"><ele>93.54</ele></trkpt><trkpt lat="48.20181" lon="-1.49598"><ele>93.5</ele></trkpt><trkpt lat="48.20181" lon="-1.49601"><ele>93.48</ele></trkpt><trkpt lat="48.20182" lon="-1.49603"><ele>93.43</ele></trkpt><trkpt lat="48.20182" lon="-1.49605"><ele>93.43</ele></trkpt><trkpt lat="48.20183" lon="-1.49607"><ele>93.49</ele></trkpt><trkpt lat="48.20183" lon="-1.4961"><ele>93.47</ele></trkpt><trkpt lat="48.20182" lon="-1.49613"><ele>93.36</ele></trkpt><trkpt lat="48.20184" lon="-1.49616"><ele>93.38</ele></trkpt><trkpt lat="48.20184" lon="-1.49618"><ele>93.38</ele></trkpt><trkpt lat="48.20185" lon="-1.49624"><ele>93.32</ele></trkpt><trkpt lat="48.20186" lon="-1.49627"><ele>93.28</ele></trkpt><trkpt lat="48.20187" lon="-1.4963"><ele>93.22</ele></trkpt><trkpt lat="48.20188" lon="-1.49634"><ele>93.21</ele></trkpt><trkpt lat="48.20189" lon="-1.49638"><ele>93.16</ele></trkpt><trkpt lat="48.20189" lon="-1.49641"><ele>93.16</ele></trkpt><trkpt lat="48.20189" lon="-1.49645"><ele>93.11</ele></trkpt><trkpt lat="48.2019" lon="-1.49649"><ele>93.05</ele></trkpt><trkpt lat="48.20192" lon="-1.49651"><ele>93.04</ele></trkpt><trkpt lat="48.20194" lon="-1.49654"><ele>93.04</ele></trkpt><trkpt lat="48.20195" lon="-1.49657"><ele>92.98</ele></trkpt><trkpt lat="48.20196" lon="-1.49659"><ele>92.98</ele></trkpt><trkpt lat="48.20196" lon="-1.49663"><ele>92.91</ele></trkpt><trkpt lat="48.20197" lon="-1.49666"><ele>92.91</ele></trkpt><trkpt lat="48.20199" lon="-1.4967"><ele>92.85</ele></trkpt><trkpt lat="48.20199" lon="-1.49672"><ele>92.8</ele></trkpt><trkpt lat="48.202" lon="-1.49674"><ele>92.87</ele></trkpt><trkpt lat="48.20201" lon="-1.49675"><ele>92.87</ele></trkpt><trkpt lat="48.20205" lon="-1.4967"><ele>93.07</ele></trkpt><trkpt lat="48.20206" lon="-1.4967"><ele>93.07</ele></trkpt><trkpt lat="48.20208" lon="-1.49668"><ele>93.07</ele></trkpt><trkpt lat="48.20208" lon="-1.49667"><ele>93.16</ele></trkpt><trkpt lat="48.2021" lon="-1.49662"><ele>93.52</ele></trkpt><trkpt lat="48.20212" lon="-1.4966"><ele>93.52</ele></trkpt><trkpt lat="48.20214" lon="-1.49659"><ele>93.85</ele></trkpt><trkpt lat="48.20215" lon="-1.49657"><ele>93.99</ele></trkpt><trkpt lat="48.20216" lon="-1.49657"><ele>93.99</ele></trkpt><trkpt lat="48.20218" lon="-1.49657"><ele>94.3</ele></trkpt><trkpt lat="48.20219" lon="-1.49656"><ele>94.3</ele></trkpt><trkpt lat="48.2022" lon="-1.49652"><ele>94.45</ele></trkpt><trkpt lat="48.20222" lon="-1.4965"><ele>94.85</ele></trkpt><trkpt lat="48.20223" lon="-1.49649"><ele>94.85</ele></trkpt><trkpt lat="48.20224" lon="-1.49648"><ele>94.85</ele></trkpt><trkpt lat="48.20225" lon="-1.49648"><ele>94.85</ele></trkpt><trkpt lat="48.20228" lon="-1.49649"><ele>95.05</ele></trkpt><trkpt lat="48.20232" lon="-1.49646"><ele>95.25</ele></trkpt><trkpt lat="48.20234" lon="-1.49645"><ele>95.36</ele></trkpt><trkpt lat="48.20237" lon="-1.49642"><ele>95.57</ele></trkpt><trkpt lat="48.20238" lon="-1.49641"><ele>95.65</ele></trkpt><trkpt lat="48.2024" lon="-1.4964"><ele>95.87</ele></trkpt><trkpt lat="48.20242" lon="-1.49638"><ele>95.87</ele></trkpt><trkpt lat="48.20243" lon="-1.49638"><ele>96.09</ele></trkpt><trkpt lat="48.20243" lon="-1.49635"><ele>96.12</ele></trkpt><trkpt lat="48.20245" lon="-1.49635"><ele>96.12</ele></trkpt><trkpt lat="48.20247" lon="-1.49633"><ele>96.12</ele></trkpt><trkpt lat="48.20248" lon="-1.49633"><ele>96.33</ele></trkpt><trkpt lat="48.2025" lon="-1.49634"><ele>96.33</ele></trkpt><trkpt lat="48.20253" lon="-1.49634"><ele>96.54</ele></trkpt><trkpt lat="48.20254" lon="-1.49634"><ele>96.54</ele></trkpt><trkpt lat="48.20255" lon="-1.49632"><ele>96.55</ele></trkpt><trkpt lat="48.20258" lon="-1.49629"><ele>96.74</ele></trkpt><trkpt lat="48.20259" lon="-1.49628"><ele>96.75</ele></trkpt><trkpt lat="48.2026" lon="-1.49627"><ele>96.75</ele></trkpt><trkpt lat="48.20263" lon="-1.49625"><ele>96.94</ele></trkpt><trkpt lat="48.20264" lon="-1.49626"><ele>96.94</ele></trkpt><trkpt lat="48.20266" lon="-1.49624"><ele>97.12</ele></trkpt><trkpt lat="48.20267" lon="-1.49623"><ele>97.12</ele></trkpt><trkpt lat="48.2027" lon="-1.49622"><ele>97.3</ele></trkpt><trkpt lat="48.20271" lon="-1.49622"><ele>97.3</ele></trkpt><trkpt lat="48.20272" lon="-1.49623"><ele>97.3</ele></trkpt><trkpt lat="48.20273" lon="-1.49626"><ele>97.5</ele></trkpt><trkpt lat="48.20273" lon="-1.49629"><ele>97.52</ele></trkpt><trkpt lat="48.20274" lon="-1.49631"><ele>97.52</ele></trkpt><trkpt lat="48.20275" lon="-1.49633"><ele>97.53</ele></trkpt><trkpt lat="48.20276" lon="-1.49635"><ele>97.53</ele></trkpt><trkpt lat="48.20277" lon="-1.49636"><ele>97.53</ele></trkpt><trkpt lat="48.20277" lon="-1.49638"><ele>97.53</ele></trkpt><trkpt lat="48.20279" lon="-1.4964"><ele>97.72</ele></trkpt><trkpt lat="48.20279" lon="-1.49643"><ele>97.73</ele></trkpt><trkpt lat="48.2028" lon="-1.49647"><ele>97.74</ele></trkpt><trkpt lat="48.20281" lon="-1.49648"><ele>97.74</ele></trkpt><trkpt lat="48.20282" lon="-1.49648"><ele>97.93</ele></trkpt><trkpt lat="48.20284" lon="-1.49648"><ele>97.93</ele></trkpt><trkpt lat="48.20284" lon="-1.49651"><ele>97.94</ele></trkpt><trkpt lat="48.20285" lon="-1.49652"><ele>97.94</ele></trkpt><trkpt lat="48.20287" lon="-1.49654"><ele>98.13</ele></trkpt><trkpt lat="48.20288" lon="-1.49656"><ele>98.13</ele></trkpt><trkpt lat="48.2029" lon="-1.49658"><ele>98.13</ele></trkpt><trkpt lat="48.20292" lon="-1.49659"><ele>98.33</ele></trkpt><trkpt lat="48.20293" lon="-1.49661"><ele>98.33</ele></trkpt><trkpt lat="48.20294" lon="-1.49663"><ele>98.34</ele></trkpt><trkpt lat="48.20295" lon="-1.49664"><ele>98.53</ele></trkpt><trkpt lat="48.20296" lon="-1.49665"><ele>98.53</ele></trkpt><trkpt lat="48.20297" lon="-1.49666"><ele>98.53</ele></trkpt><trkpt lat="48.203" lon="-1.49668"><ele>98.73</ele></trkpt><trkpt lat="48.20301" lon="-1.49669"><ele>98.73</ele></trkpt><trkpt lat="48.20303" lon="-1.49669"><ele>98.92</ele></trkpt><trkpt lat="48.20304" lon="-1.49671"><ele>98.92</ele></trkpt><trkpt lat="48.20306" lon="-1.49672"><ele>98.93</ele></trkpt><trkpt lat="48.20307" lon="-1.49672"><ele>98.93</ele></trkpt><trkpt lat="48.20309" lon="-1.49673"><ele>99.12</ele></trkpt><trkpt lat="48.2031" lon="-1.49675"><ele>99.12</ele></trkpt><trkpt lat="48.20311" lon="-1.49674"><ele>99.12</ele></trkpt><trkpt lat="48.20313" lon="-1.49677"><ele>99.31</ele></trkpt><trkpt lat="48.20314" lon="-1.49679"><ele>99.31</ele></trkpt><trkpt lat="48.20315" lon="-1.49679"><ele>99.31</ele></trkpt><trkpt lat="48.20317" lon="-1.49678"><ele>99.5</ele></trkpt><trkpt lat="48.20318" lon="-1.49678"><ele>99.5</ele></trkpt><trkpt lat="48.20321" lon="-1.49679"><ele>99.69</ele></trkpt><trkpt lat="48.20322" lon="-1.4968"><ele>99.69</ele></trkpt><trkpt lat="48.20324" lon="-1.49683"><ele>99.7</ele></trkpt><trkpt lat="48.20325" lon="-1.49685"><ele>99.9</ele></trkpt><trkpt lat="48.20327" lon="-1.49689"><ele>99.91</ele></trkpt><trkpt lat="48.20329" lon="-1.49693"><ele>100.1</ele></trkpt><trkpt lat="48.20332" lon="-1.49698"><ele>100.11</ele></trkpt><trkpt lat="48.20332" lon="-1.497"><ele>100.11</ele></trkpt><trkpt lat="48.20334" lon="-1.49705"><ele>100.31</ele></trkpt><trkpt lat="48.20336" lon="-1.49707"><ele>100.32</ele></trkpt><trkpt lat="48.2034" lon="-1.49712"><ele>100.51</ele></trkpt><trkpt lat="48.20344" lon="-1.49715"><ele>100.71</ele></trkpt><trkpt lat="48.20346" lon="-1.49716"><ele>100.9</ele></trkpt><trkpt lat="48.20349" lon="-1.49719"><ele>100.91</ele></trkpt><trkpt lat="48.20351" lon="-1.49722"><ele>101.1</ele></trkpt><trkpt lat="48.20356" lon="-1.49726"><ele>101.3</ele></trkpt><trkpt lat="48.20362" lon="-1.49734"><ele>101.5</ele></trkpt><trkpt lat="48.20365" lon="-1.49738"><ele>101.7</ele></trkpt><trkpt lat="48.20368" lon="-1.49738"><ele>101.89</ele></trkpt><trkpt lat="48.20371" lon="-1.49738"><ele>101.89</ele></trkpt><trkpt lat="48.20373" lon="-1.49738"><ele>102.08</ele></trkpt><trkpt lat="48.20378" lon="-1.49741"><ele>102.28</ele></trkpt><trkpt lat="48.20382" lon="-1.49744"><ele>102.47</ele></trkpt><trkpt lat="48.20384" lon="-1.49745"><ele>102.48</ele></trkpt><trkpt lat="48.20385" lon="-1.49747"><ele>102.67</ele></trkpt><trkpt lat="48.20387" lon="-1.49748"><ele>102.67</ele></trkpt><trkpt lat="48.2039" lon="-1.49749"><ele>102.87</ele></trkpt><trkpt lat="48.20391" lon="-1.49751"><ele>102.87</ele></trkpt><trkpt lat="48.20393" lon="-1.49752"><ele>102.87</ele></trkpt><trkpt lat="48.20395" lon="-1.49754"><ele>103.06</ele></trkpt><trkpt lat="48.20396" lon="-1.49754"><ele>103.06</ele></trkpt><trkpt lat="48.20397" lon="-1.49754"><ele>103.06</ele></trkpt><trkpt lat="48.20399" lon="-1.49752"><ele>103.25</ele></trkpt><trkpt lat="48.20401" lon="-1.4975"><ele>103.25</ele></trkpt><trkpt lat="48.20402" lon="-1.49749"><ele>103.44</ele></trkpt><trkpt lat="48.20403" lon="-1.49745"><ele>103.43</ele></trkpt><trkpt lat="48.20404" lon="-1.49742"><ele>103.42</ele></trkpt><trkpt lat="48.20405" lon="-1.49738"><ele>103.42</ele></trkpt><trkpt lat="48.20405" lon="-1.49735"><ele>103.41</ele></trkpt><trkpt lat="48.20405" lon="-1.49733"><ele>103.41</ele></trkpt><trkpt lat="48.20406" lon="-1.49732"><ele>103.6</ele></trkpt><trkpt lat="48.20407" lon="-1.49729"><ele>103.59</ele></trkpt><trkpt lat="48.20408" lon="-1.49726"><ele>103.58</ele></trkpt><trkpt lat="48.20409" lon="-1.49723"><ele>103.58</ele></trkpt><trkpt lat="48.2041" lon="-1.49718"><ele>103.57</ele></trkpt><trkpt lat="48.2041" lon="-1.49714"><ele>103.56</ele></trkpt><trkpt lat="48.20411" lon="-1.49713"><ele>103.74</ele></trkpt><trkpt lat="48.20411" lon="-1.4971"><ele>103.73</ele></trkpt><trkpt lat="48.20412" lon="-1.49708"><ele>103.73</ele></trkpt><trkpt lat="48.20414" lon="-1.49707"><ele>103.73</ele></trkpt><trkpt lat="48.20416" lon="-1.49705"><ele>103.85</ele></trkpt><trkpt lat="48.20418" lon="-1.49702"><ele>103.85</ele></trkpt><trkpt lat="48.2042" lon="-1.49699"><ele>103.93</ele></trkpt><trkpt lat="48.20422" lon="-1.49696"><ele>103.93</ele></trkpt><trkpt lat="48.20423" lon="-1.49694"><ele>103.93</ele></trkpt><trkpt lat="48.20425" lon="-1.49693"><ele>103.99</ele></trkpt><trkpt lat="48.20427" lon="-1.49691"><ele>103.99</ele></trkpt><trkpt lat="48.20427" lon="-1.49689"><ele>103.99</ele></trkpt><trkpt lat="48.20429" lon="-1.49689"><ele>103.99</ele></trkpt><trkpt lat="48.2043" lon="-1.49686"><ele>103.93</ele></trkpt><trkpt lat="48.20432" lon="-1.49686"><ele>103.91</ele></trkpt><trkpt lat="48.20433" lon="-1.49683"><ele>103.85</ele></trkpt><trkpt lat="48.20435" lon="-1.49683"><ele>103.85</ele></trkpt><trkpt lat="48.20436" lon="-1.4968"><ele>103.74</ele></trkpt><trkpt lat="48.20438" lon="-1.49679"><ele>103.73</ele></trkpt><trkpt lat="48.2044" lon="-1.49678"><ele>103.73</ele></trkpt><trkpt lat="48.20442" lon="-1.49674"><ele>103.6</ele></trkpt><trkpt lat="48.20444" lon="-1.49669"><ele>103.48</ele></trkpt><trkpt lat="48.20445" lon="-1.49667"><ele>103.33</ele></trkpt><trkpt lat="48.20447" lon="-1.49665"><ele>103.33</ele></trkpt><trkpt lat="48.20448" lon="-1.49661"><ele>103.22</ele></trkpt><trkpt lat="48.20449" lon="-1.4966"><ele>103.22</ele></trkpt><trkpt lat="48.2045" lon="-1.49659"><ele>103.22</ele></trkpt><trkpt lat="48.20454" lon="-1.49655"><ele>103.14</ele></trkpt><trkpt lat="48.20456" lon="-1.49654"><ele>103.06</ele></trkpt><trkpt lat="48.20458" lon="-1.49653"><ele>103.1</ele></trkpt><trkpt lat="48.2046" lon="-1.49654"><ele>103.1</ele></trkpt><trkpt lat="48.20463" lon="-1.49655"><ele>103.22</ele></trkpt><trkpt lat="48.20465" lon="-1.49655"><ele>103.22</ele></trkpt><trkpt lat="48.20467" lon="-1.49655"><ele>103.29</ele></trkpt><trkpt lat="48.20469" lon="-1.49653"><ele>103.24</ele></trkpt><trkpt lat="48.20471" lon="-1.49652"><ele>103.31</ele></trkpt><trkpt lat="48.20472" lon="-1.49649"><ele>103.27</ele></trkpt><trkpt lat="48.20474" lon="-1.49647"><ele>103.27</ele></trkpt><trkpt lat="48.20476" lon="-1.49645"><ele>103.28</ele></trkpt><trkpt lat="48.20478" lon="-1.49641"><ele>103.22</ele></trkpt><trkpt lat="48.20479" lon="-1.49639"><ele>103.23</ele></trkpt><trkpt lat="48.20481" lon="-1.49637"><ele>103.17</ele></trkpt><trkpt lat="48.20482" lon="-1.49635"><ele>103.17</ele></trkpt><trkpt lat="48.20483" lon="-1.49633"><ele>103.17</ele></trkpt><trkpt lat="48.20484" lon="-1.4963"><ele>103.07</ele></trkpt><trkpt lat="48.20486" lon="-1.49629"><ele>103.07</ele></trkpt><trkpt lat="48.20488" lon="-1.49627"><ele>102.94</ele></trkpt><trkpt lat="48.20489" lon="-1.49625"><ele>102.94</ele></trkpt><trkpt lat="48.20491" lon="-1.49624"><ele>102.85</ele></trkpt><trkpt lat="48.20493" lon="-1.49623"><ele>102.8</ele></trkpt><trkpt lat="48.20494" lon="-1.4962"><ele>102.71</ele></trkpt><trkpt lat="48.20496" lon="-1.49618"><ele>102.71</ele></trkpt><trkpt lat="48.20498" lon="-1.49616"><ele>102.67</ele></trkpt><trkpt lat="48.20499" lon="-1.49615"><ele>102.58</ele></trkpt><trkpt lat="48.20502" lon="-1.49614"><ele>102.53</ele></trkpt><trkpt lat="48.20504" lon="-1.49611"><ele>102.44</ele></trkpt><trkpt lat="48.20506" lon="-1.49609"><ele>102.39</ele></trkpt><trkpt lat="48.20507" lon="-1.49607"><ele>102.31</ele></trkpt><trkpt lat="48.20509" lon="-1.49606"><ele>102.26</ele></trkpt><trkpt lat="48.2051" lon="-1.49602"><ele>102.17</ele></trkpt><trkpt lat="48.20511" lon="-1.49599"><ele>102.17</ele></trkpt><trkpt lat="48.20512" lon="-1.49597"><ele>102.08</ele></trkpt><trkpt lat="48.20516" lon="-1.49594"><ele>101.95</ele></trkpt><trkpt lat="48.20518" lon="-1.49592"><ele>101.9</ele></trkpt><trkpt lat="48.2052" lon="-1.4959"><ele>101.81</ele></trkpt><trkpt lat="48.20521" lon="-1.49588"><ele>101.81</ele></trkpt><trkpt lat="48.20523" lon="-1.49585"><ele>101.68</ele></trkpt><trkpt lat="48.20526" lon="-1.49583"><ele>101.68</ele></trkpt><trkpt lat="48.20528" lon="-1.4958"><ele>101.54</ele></trkpt><trkpt lat="48.2053" lon="-1.49576"><ele>101.45</ele></trkpt><trkpt lat="48.20532" lon="-1.49573"><ele>101.4</ele></trkpt><trkpt lat="48.20533" lon="-1.4957"><ele>101.29</ele></trkpt><trkpt lat="48.20535" lon="-1.49568"><ele>101.08</ele></trkpt><trkpt lat="48.20536" lon="-1.49565"><ele>101.08</ele></trkpt><trkpt lat="48.20539" lon="-1.49562"><ele>100.8</ele></trkpt><trkpt lat="48.20542" lon="-1.49559"><ele>100.61</ele></trkpt><trkpt lat="48.20545" lon="-1.49556"><ele>100.45</ele></trkpt><trkpt lat="48.20547" lon="-1.49552"><ele>100.26</ele></trkpt><trkpt lat="48.20549" lon="-1.49549"><ele>99.91</ele></trkpt><trkpt lat="48.20551" lon="-1.49547"><ele>99.72</ele></trkpt><trkpt lat="48.20554" lon="-1.49547"><ele>99.55</ele></trkpt><trkpt lat="48.20555" lon="-1.49547"><ele>99.55</ele></trkpt><trkpt lat="48.20557" lon="-1.49546"><ele>99.37</ele></trkpt><trkpt lat="48.20559" lon="-1.49544"><ele>99.37</ele></trkpt><trkpt lat="48.20561" lon="-1.49544"><ele>99.2</ele></trkpt><trkpt lat="48.20562" lon="-1.49541"><ele>98.99</ele></trkpt><trkpt lat="48.20564" lon="-1.49539"><ele>98.99</ele></trkpt><trkpt lat="48.20565" lon="-1.49538"><ele>98.49</ele></trkpt><trkpt lat="48.20566" lon="-1.49536"><ele>98.49</ele></trkpt><trkpt lat="48.20567" lon="-1.49535"><ele>98.49</ele></trkpt><trkpt lat="48.20568" lon="-1.4953"><ele>98.21</ele></trkpt><trkpt lat="48.20571" lon="-1.49528"><ele>97.63</ele></trkpt><trkpt lat="48.20572" lon="-1.49526"><ele>97.63</ele></trkpt><trkpt lat="48.20575" lon="-1.49525"><ele>97.15</ele></trkpt><trkpt lat="48.20577" lon="-1.49522"><ele>97.15</ele></trkpt><trkpt lat="48.20578" lon="-1.4952"><ele>96.71</ele></trkpt><trkpt lat="48.2058" lon="-1.49518"><ele>96.71</ele></trkpt><trkpt lat="48.20581" lon="-1.49516"><ele>96.47</ele></trkpt><trkpt lat="48.20584" lon="-1.49513"><ele>96.27</ele></trkpt><trkpt lat="48.20586" lon="-1.49512"><ele>96.02</ele></trkpt><trkpt lat="48.20588" lon="-1.49509"><ele>95.83</ele></trkpt><trkpt lat="48.20589" lon="-1.49506"><ele>95.58</ele></trkpt><trkpt lat="48.2059" lon="-1.49504"><ele>95.34</ele></trkpt><trkpt lat="48.2059" lon="-1.49501"><ele>95.34</ele></trkpt><trkpt lat="48.20592" lon="-1.49499"><ele>94.9</ele></trkpt><trkpt lat="48.20593" lon="-1.49497"><ele>94.9</ele></trkpt><trkpt lat="48.20595" lon="-1.49495"><ele>94.46</ele></trkpt><trkpt lat="48.20596" lon="-1.49493"><ele>94.46</ele></trkpt><trkpt lat="48.20597" lon="-1.49491"><ele>94.22</ele></trkpt><trkpt lat="48.20597" lon="-1.49489"><ele>94.22</ele></trkpt><trkpt lat="48.20598" lon="-1.49486"><ele>93.99</ele></trkpt><trkpt lat="48.20599" lon="-1.49483"><ele>93.99</ele></trkpt><trkpt lat="48.206" lon="-1.49481"><ele>93.57</ele></trkpt><trkpt lat="48.206" lon="-1.49477"><ele>93.35</ele></trkpt><trkpt lat="48.20601" lon="-1.49474"><ele>93.16</ele></trkpt><trkpt lat="48.20603" lon="-1.49472"><ele>93.16</ele></trkpt><trkpt lat="48.20605" lon="-1.4947"><ele>92.95</ele></trkpt><trkpt lat="48.20605" lon="-1.49468"><ele>92.75</ele></trkpt><trkpt lat="48.20605" lon="-1.49466"><ele>92.75</ele></trkpt><trkpt lat="48.20607" lon="-1.49463"><ele>92.55</ele></trkpt><trkpt lat="48.20608" lon="-1.49461"><ele>92.14</ele></trkpt><trkpt lat="48.20608" lon="-1.49459"><ele>92.14</ele></trkpt><trkpt lat="48.20609" lon="-1.49456"><ele>91.95</ele></trkpt><trkpt lat="48.20611" lon="-1.49454"><ele>91.95</ele></trkpt><trkpt lat="48.20613" lon="-1.49452"><ele>91.54</ele></trkpt><trkpt lat="48.20615" lon="-1.4945"><ele>91.54</ele></trkpt><trkpt lat="48.20615" lon="-1.49446"><ele>91.35</ele></trkpt><trkpt lat="48.20617" lon="-1.49442"><ele>90.95</ele></trkpt><trkpt lat="48.20618" lon="-1.4944"><ele>90.95</ele></trkpt><trkpt lat="48.2062" lon="-1.49438"><ele>90.77</ele></trkpt><trkpt lat="48.20621" lon="-1.49436"><ele>90.57</ele></trkpt><trkpt lat="48.20622" lon="-1.49433"><ele>90.4</ele></trkpt><trkpt lat="48.20624" lon="-1.4943"><ele>90.24</ele></trkpt><trkpt lat="48.20625" lon="-1.49429"><ele>90.04</ele></trkpt><trkpt lat="48.20627" lon="-1.49426"><ele>89.88</ele></trkpt><trkpt lat="48.20629" lon="-1.49424"><ele>89.88</ele></trkpt><trkpt lat="48.20631" lon="-1.49422"><ele>89.51</ele></trkpt><trkpt lat="48.20633" lon="-1.4942"><ele>89.51</ele></trkpt><trkpt lat="48.20634" lon="-1.49417"><ele>89.14</ele></trkpt><trkpt lat="48.20635" lon="-1.49416"><ele>89.14</ele></trkpt><trkpt lat="48.20637" lon="-1.49414"><ele>88.99</ele></trkpt><trkpt lat="48.20638" lon="-1.49413"><ele>88.77</ele></trkpt><trkpt lat="48.2064" lon="-1.49411"><ele>88.77</ele></trkpt><trkpt lat="48.20642" lon="-1.49408"><ele>88.4</ele></trkpt><trkpt lat="48.20644" lon="-1.49406"><ele>88.4</ele></trkpt><trkpt lat="48.20645" lon="-1.49405"><ele>88.25</ele></trkpt><trkpt lat="48.20647" lon="-1.49401"><ele>87.87</ele></trkpt><trkpt lat="48.20649" lon="-1.49399"><ele>87.87</ele></trkpt><trkpt lat="48.2065" lon="-1.49397"><ele>87.87</ele></trkpt><trkpt lat="48.20652" lon="-1.49395"><ele>87.5</ele></trkpt><trkpt lat="48.20653" lon="-1.49393"><ele>87.5</ele></trkpt><trkpt lat="48.20655" lon="-1.4939"><ele>87.12</ele></trkpt><trkpt lat="48.20657" lon="-1.49387"><ele>86.97</ele></trkpt><trkpt lat="48.20659" lon="-1.49385"><ele>86.97</ele></trkpt><trkpt lat="48.20661" lon="-1.49383"><ele>86.6</ele></trkpt><trkpt lat="48.20662" lon="-1.49381"><ele>86.6</ele></trkpt><trkpt lat="48.20664" lon="-1.4938"><ele>86.38</ele></trkpt><trkpt lat="48.20666" lon="-1.49377"><ele>86.23</ele></trkpt><trkpt lat="48.20668" lon="-1.49375"><ele>85.87</ele></trkpt><trkpt lat="48.20669" lon="-1.49372"><ele>85.87</ele></trkpt><trkpt lat="48.20671" lon="-1.4937"><ele>85.72</ele></trkpt><trkpt lat="48.20672" lon="-1.49368"><ele>85.72</ele></trkpt><trkpt lat="48.20674" lon="-1.49365"><ele>85.37</ele></trkpt><trkpt lat="48.20676" lon="-1.49362"><ele>85.23</ele></trkpt><trkpt lat="48.20678" lon="-1.49361"><ele>85.03</ele></trkpt><trkpt lat="48.2068" lon="-1.49359"><ele>85.03</ele></trkpt><trkpt lat="48.20681" lon="-1.49356"><ele>84.68</ele></trkpt><trkpt lat="48.20683" lon="-1.49353"><ele>84.54</ele></trkpt><trkpt lat="48.20685" lon="-1.49353"><ele>84.34</ele></trkpt><trkpt lat="48.20686" lon="-1.4935"><ele>84.34</ele></trkpt><trkpt lat="48.20687" lon="-1.49348"><ele>84.2</ele></trkpt><trkpt lat="48.20689" lon="-1.49346"><ele>84.2</ele></trkpt><trkpt lat="48.20691" lon="-1.49344"><ele>83.85</ele></trkpt><trkpt lat="48.20692" lon="-1.49342"><ele>83.85</ele></trkpt><trkpt lat="48.20694" lon="-1.49341"><ele>83.5</ele></trkpt><trkpt lat="48.20697" lon="-1.49339"><ele>83.5</ele></trkpt><trkpt lat="48.20698" lon="-1.49336"><ele>83.16</ele></trkpt><trkpt lat="48.20699" lon="-1.49335"><ele>83.16</ele></trkpt><trkpt lat="48.20701" lon="-1.49332"><ele>83.02</ele></trkpt><trkpt lat="48.20703" lon="-1.49329"><ele>82.82</ele></trkpt><trkpt lat="48.20704" lon="-1.49327"><ele>82.68</ele></trkpt><trkpt lat="48.20706" lon="-1.49324"><ele>82.68</ele></trkpt><trkpt lat="48.20708" lon="-1.49321"><ele>82.33</ele></trkpt><trkpt lat="48.2071" lon="-1.4932"><ele>82.33</ele></trkpt><trkpt lat="48.20711" lon="-1.49318"><ele>81.98</ele></trkpt><trkpt lat="48.20712" lon="-1.49315"><ele>81.84</ele></trkpt><trkpt lat="48.20713" lon="-1.49314"><ele>81.84</ele></trkpt><trkpt lat="48.20715" lon="-1.49312"><ele>81.63</ele></trkpt><trkpt lat="48.20716" lon="-1.4931"><ele>81.49</ele></trkpt><trkpt lat="48.20717" lon="-1.49309"><ele>81.49</ele></trkpt><trkpt lat="48.20719" lon="-1.49307"><ele>81.49</ele></trkpt><trkpt lat="48.20721" lon="-1.49304"><ele>81.15</ele></trkpt><trkpt lat="48.20722" lon="-1.49303"><ele>81.15</ele></trkpt><trkpt lat="48.20723" lon="-1.49302"><ele>81.01</ele></trkpt><trkpt lat="48.20725" lon="-1.493"><ele>80.82</ele></trkpt><trkpt lat="48.20727" lon="-1.49298"><ele>80.71</ele></trkpt><trkpt lat="48.20729" lon="-1.49295"><ele>80.56</ele></trkpt><trkpt lat="48.2073" lon="-1.49292"><ele>80.45</ele></trkpt><trkpt lat="48.20731" lon="-1.4929"><ele>80.45</ele></trkpt><trkpt lat="48.20732" lon="-1.49288"><ele>80.33</ele></trkpt><trkpt lat="48.20733" lon="-1.49287"><ele>80.21</ele></trkpt><trkpt lat="48.20735" lon="-1.49284"><ele>80.05</ele></trkpt><trkpt lat="48.20737" lon="-1.49282"><ele>79.9</ele></trkpt><trkpt lat="48.20738" lon="-1.49282"><ele>79.9</ele></trkpt><trkpt lat="48.20739" lon="-1.4928"><ele>79.73</ele></trkpt><trkpt lat="48.20741" lon="-1.49278"><ele>79.57</ele></trkpt><trkpt lat="48.20742" lon="-1.49277"><ele>79.57</ele></trkpt><trkpt lat="48.20744" lon="-1.49275"><ele>79.39</ele></trkpt><trkpt lat="48.20745" lon="-1.49273"><ele>79.24</ele></trkpt><trkpt lat="48.20746" lon="-1.49272"><ele>79.07</ele></trkpt><trkpt lat="48.20749" lon="-1.49271"><ele>79.07</ele></trkpt><trkpt lat="48.2075" lon="-1.49268"><ele>78.78</ele></trkpt><trkpt lat="48.20752" lon="-1.49265"><ele>78.78</ele></trkpt><trkpt lat="48.20755" lon="-1.49262"><ele>78.51</ele></trkpt><trkpt lat="48.20757" lon="-1.49261"><ele>78.51</ele></trkpt><trkpt lat="48.20759" lon="-1.49261"><ele>78.4</ele></trkpt><trkpt lat="48.20761" lon="-1.49262"><ele>78.4</ele></trkpt><trkpt lat="48.20761" lon="-1.49263"><ele>78.4</ele></trkpt><trkpt lat="48.20762" lon="-1.49266"><ele>78.58</ele></trkpt><trkpt lat="48.20764" lon="-1.49269"><ele>78.7</ele></trkpt><trkpt lat="48.20766" lon="-1.49272"><ele>78.7</ele></trkpt><trkpt lat="48.20768" lon="-1.49275"><ele>78.83</ele></trkpt><trkpt lat="48.2077" lon="-1.49278"><ele>79.01</ele></trkpt><trkpt lat="48.20771" lon="-1.49281"><ele>78.85</ele></trkpt><trkpt lat="48.20772" lon="-1.49284"><ele>79.01</ele></trkpt><trkpt lat="48.20774" lon="-1.49286"><ele>79.16</ele></trkpt><trkpt lat="48.20774" lon="-1.49287"><ele>79.16</ele></trkpt><trkpt lat="48.20776" lon="-1.4929"><ele>79.04</ele></trkpt><trkpt lat="48.20777" lon="-1.49292"><ele>79.04</ele></trkpt><trkpt lat="48.20777" lon="-1.49295"><ele>79.18</ele></trkpt><trkpt lat="48.20778" lon="-1.49298"><ele>79.18</ele></trkpt><trkpt lat="48.2078" lon="-1.493"><ele>79.07</ele></trkpt><trkpt lat="48.20781" lon="-1.49302"><ele>79.07</ele></trkpt><trkpt lat="48.20782" lon="-1.49304"><ele>79.26</ele></trkpt><trkpt lat="48.20784" lon="-1.49305"><ele>79.01</ele></trkpt><trkpt lat="48.20784" lon="-1.49307"><ele>79.19</ele></trkpt><trkpt lat="48.20789" lon="-1.49314"><ele>79.11</ele></trkpt><trkpt lat="48.20791" lon="-1.49317"><ele>79.24</ele></trkpt><trkpt lat="48.20792" lon="-1.49319"><ele>79.24</ele></trkpt><trkpt lat="48.20795" lon="-1.49321"><ele>79.07</ele></trkpt><trkpt lat="48.20796" lon="-1.4932"><ele>79.07</ele></trkpt><trkpt lat="48.20795" lon="-1.49324"><ele>79.18</ele></trkpt><trkpt lat="48.20796" lon="-1.49325"><ele>79.18</ele></trkpt><trkpt lat="48.20797" lon="-1.49327"><ele>78.84</ele></trkpt><trkpt lat="48.20799" lon="-1.49329"><ele>78.95</ele></trkpt><trkpt lat="48.208" lon="-1.49332"><ele>78.95</ele></trkpt><trkpt lat="48.20802" lon="-1.49335"><ele>78.69</ele></trkpt><trkpt lat="48.20802" lon="-1.49337"><ele>78.81</ele></trkpt><trkpt lat="48.20803" lon="-1.4934"><ele>78.81</ele></trkpt><trkpt lat="48.20805" lon="-1.49342"><ele>78.94</ele></trkpt><trkpt lat="48.20807" lon="-1.49344"><ele>78.57</ele></trkpt><trkpt lat="48.20808" lon="-1.49346"><ele>78.73</ele></trkpt><trkpt lat="48.2081" lon="-1.49348"><ele>78.37</ele></trkpt><trkpt lat="48.20811" lon="-1.49351"><ele>78.55</ele></trkpt><trkpt lat="48.20812" lon="-1.49352"><ele>78.55</ele></trkpt><trkpt lat="48.20814" lon="-1.49354"><ele>78.44</ele></trkpt><trkpt lat="48.20815" lon="-1.49357"><ele>78.44</ele></trkpt><trkpt lat="48.20816" lon="-1.49359"><ele>78.64</ele></trkpt><trkpt lat="48.20818" lon="-1.49361"><ele>78.35</ele></trkpt><trkpt lat="48.20819" lon="-1.49361"><ele>78.35</ele></trkpt><trkpt lat="48.20821" lon="-1.49363"><ele>78.55</ele></trkpt><trkpt lat="48.20821" lon="-1.49365"><ele>78.55</ele></trkpt><trkpt lat="48.20823" lon="-1.49369"><ele>78.43</ele></trkpt><trkpt lat="48.20826" lon="-1.49371"><ele>78.43</ele></trkpt><trkpt lat="48.20827" lon="-1.49372"><ele>78.27</ele></trkpt><trkpt lat="48.20827" lon="-1.49374"><ele>78.27</ele></trkpt><trkpt lat="48.20829" lon="-1.49375"><ele>78.27</ele></trkpt><trkpt lat="48.2083" lon="-1.49377"><ele>78.42</ele></trkpt><trkpt lat="48.20831" lon="-1.49379"><ele>78.06</ele></trkpt><trkpt lat="48.20832" lon="-1.49381"><ele>78.19</ele></trkpt><trkpt lat="48.20833" lon="-1.49383"><ele>78.19</ele></trkpt><trkpt lat="48.20835" lon="-1.49386"><ele>78.31</ele></trkpt><trkpt lat="48.20837" lon="-1.49389"><ele>78.03</ele></trkpt><trkpt lat="48.20839" lon="-1.49392"><ele>78.03</ele></trkpt><trkpt lat="48.2084" lon="-1.49393"><ele>77.77</ele></trkpt><trkpt lat="48.2084" lon="-1.49396"><ele>77.77</ele></trkpt><trkpt lat="48.20842" lon="-1.49399"><ele>77.87</ele></trkpt><trkpt lat="48.20842" lon="-1.49402"><ele>77.98</ele></trkpt><trkpt lat="48.20844" lon="-1.49405"><ele>77.59</ele></trkpt><trkpt lat="48.20844" lon="-1.49407"><ele>77.69</ele></trkpt><trkpt lat="48.20845" lon="-1.49411"><ele>77.78</ele></trkpt><trkpt lat="48.20847" lon="-1.49414"><ele>77.78</ele></trkpt><trkpt lat="48.20848" lon="-1.49418"><ele>77.46</ele></trkpt><trkpt lat="48.2085" lon="-1.4942"><ele>77.51</ele></trkpt><trkpt lat="48.20851" lon="-1.49422"><ele>77.51</ele></trkpt><trkpt lat="48.20852" lon="-1.49424"><ele>77.54</ele></trkpt><trkpt lat="48.20854" lon="-1.49427"><ele>77.17</ele></trkpt><trkpt lat="48.20855" lon="-1.49429"><ele>77.17</ele></trkpt><trkpt lat="48.20856" lon="-1.49432"><ele>77.17</ele></trkpt><trkpt lat="48.20857" lon="-1.49434"><ele>76.83</ele></trkpt><trkpt lat="48.20858" lon="-1.49437"><ele>76.84</ele></trkpt><trkpt lat="48.20859" lon="-1.49439"><ele>76.84</ele></trkpt><trkpt lat="48.20861" lon="-1.49442"><ele>76.58</ele></trkpt><trkpt lat="48.20861" lon="-1.49445"><ele>76.61</ele></trkpt><trkpt lat="48.20862" lon="-1.49447"><ele>76.61</ele></trkpt><trkpt lat="48.20863" lon="-1.4945"><ele>76.66</ele></trkpt><trkpt lat="48.20864" lon="-1.49453"><ele>76.73</ele></trkpt><trkpt lat="48.20866" lon="-1.49455"><ele>76.53</ele></trkpt><trkpt lat="48.20868" lon="-1.49458"><ele>76.63</ele></trkpt><trkpt lat="48.2087" lon="-1.4946"><ele>76.44</ele></trkpt><trkpt lat="48.20871" lon="-1.49461"><ele>76.44</ele></trkpt><trkpt lat="48.20873" lon="-1.49463"><ele>76.56</ele></trkpt><trkpt lat="48.20874" lon="-1.49467"><ele>76.5</ele></trkpt><trkpt lat="48.20875" lon="-1.49468"><ele>76.5</ele></trkpt><trkpt lat="48.20877" lon="-1.49469"><ele>76.5</ele></trkpt><trkpt lat="48.20877" lon="-1.49472"><ele>76.64</ele></trkpt><trkpt lat="48.20879" lon="-1.49474"><ele>76.5</ele></trkpt><trkpt lat="48.20881" lon="-1.49474"><ele>76.5</ele></trkpt><trkpt lat="48.20883" lon="-1.49475"><ele>76.54</ele></trkpt><trkpt lat="48.20884" lon="-1.49476"><ele>76.54</ele></trkpt><trkpt lat="48.20886" lon="-1.49478"><ele>76.54</ele></trkpt><trkpt lat="48.20888" lon="-1.4948"><ele>76.65</ele></trkpt><trkpt lat="48.20889" lon="-1.49482"><ele>76.65</ele></trkpt><trkpt lat="48.20891" lon="-1.49484"><ele>76.79</ele></trkpt><trkpt lat="48.20893" lon="-1.49485"><ele>76.79</ele></trkpt><trkpt lat="48.20895" lon="-1.49486"><ele>76.79</ele></trkpt><trkpt lat="48.20896" lon="-1.49487"><ele>76.71</ele></trkpt><trkpt lat="48.20897" lon="-1.49489"><ele>76.95</ele></trkpt><trkpt lat="48.20897" lon="-1.49491"><ele>76.95</ele></trkpt><trkpt lat="48.20897" lon="-1.49494"><ele>77.19</ele></trkpt><trkpt lat="48.20897" lon="-1.49498"><ele>77.44</ele></trkpt><trkpt lat="48.20898" lon="-1.49503"><ele>77.69</ele></trkpt><trkpt lat="48.209" lon="-1.49505"><ele>77.81</ele></trkpt><trkpt lat="48.20901" lon="-1.49509"><ele>78.05</ele></trkpt><trkpt lat="48.20901" lon="-1.49513"><ele>78.29</ele></trkpt><trkpt lat="48.209" lon="-1.49514"><ele>78.29</ele></trkpt><trkpt lat="48.20901" lon="-1.49516"><ele>78.29</ele></trkpt><trkpt lat="48.20901" lon="-1.49518"><ele>78.52</ele></trkpt><trkpt lat="48.20903" lon="-1.4952"><ele>78.52</ele></trkpt><trkpt lat="48.20904" lon="-1.49525"><ele>78.56</ele></trkpt><trkpt lat="48.20905" lon="-1.49527"><ele>78.76</ele></trkpt><trkpt lat="48.20906" lon="-1.49528"><ele>78.76</ele></trkpt><trkpt lat="48.20909" lon="-1.4953"><ele>78.79</ele></trkpt><trkpt lat="48.2091" lon="-1.49531"><ele>78.79</ele></trkpt><trkpt lat="48.20912" lon="-1.49533"><ele>78.79</ele></trkpt><trkpt lat="48.20914" lon="-1.49534"><ele>78.62</ele></trkpt><trkpt lat="48.20916" lon="-1.49535"><ele>78.83</ele></trkpt><trkpt lat="48.20918" lon="-1.49533"><ele>78.44</ele></trkpt><trkpt lat="48.20919" lon="-1.49534"><ele>78.44</ele></trkpt><trkpt lat="48.20922" lon="-1.49534"><ele>78.25</ele></trkpt><trkpt lat="48.20923" lon="-1.49535"><ele>78.49</ele></trkpt><trkpt lat="48.20927" lon="-1.49533"><ele>78.06</ele></trkpt><trkpt lat="48.20929" lon="-1.49531"><ele>78.06</ele></trkpt><trkpt lat="48.2093" lon="-1.49532"><ele>77.85</ele></trkpt><trkpt lat="48.20933" lon="-1.49531"><ele>77.85</ele></trkpt><trkpt lat="48.20935" lon="-1.49532"><ele>77.65</ele></trkpt><trkpt lat="48.20937" lon="-1.49533"><ele>77.65</ele></trkpt><trkpt lat="48.2094" lon="-1.49534"><ele>77.44</ele></trkpt><trkpt lat="48.20942" lon="-1.49536"><ele>77.67</ele></trkpt><trkpt lat="48.20943" lon="-1.49536"><ele>77.46</ele></trkpt><trkpt lat="48.20944" lon="-1.49536"><ele>77.46</ele></trkpt><trkpt lat="48.20946" lon="-1.49538"><ele>77.46</ele></trkpt><trkpt lat="48.20947" lon="-1.49539"><ele>77.5</ele></trkpt><trkpt lat="48.20949" lon="-1.4954"><ele>77.5</ele></trkpt><trkpt lat="48.2095" lon="-1.49541"><ele>77.5</ele></trkpt><trkpt lat="48.20952" lon="-1.49539"><ele>77.28</ele></trkpt><trkpt lat="48.20955" lon="-1.49536"><ele>77.04</ele></trkpt><trkpt lat="48.20956" lon="-1.49532"><ele>76.6</ele></trkpt><trkpt lat="48.20958" lon="-1.49531"><ele>76.6</ele></trkpt><trkpt lat="48.20959" lon="-1.4953"><ele>76.6</ele></trkpt><trkpt lat="48.2096" lon="-1.49529"><ele>76.15</ele></trkpt><trkpt lat="48.20962" lon="-1.49527"><ele>76.15</ele></trkpt><trkpt lat="48.20965" lon="-1.49527"><ele>75.91</ele></trkpt><trkpt lat="48.20966" lon="-1.49525"><ele>75.68</ele></trkpt><trkpt lat="48.20967" lon="-1.49524"><ele>75.68</ele></trkpt><trkpt lat="48.20968" lon="-1.49522"><ele>75.68</ele></trkpt><trkpt lat="48.20969" lon="-1.4952"><ele>75.18</ele></trkpt><trkpt lat="48.20971" lon="-1.4952"><ele>75.18</ele></trkpt><trkpt lat="48.20973" lon="-1.49522"><ele>75.06</ele></trkpt><trkpt lat="48.20977" lon="-1.49526"><ele>74.91</ele></trkpt><trkpt lat="48.20979" lon="-1.49526"><ele>74.91</ele></trkpt><trkpt lat="48.20981" lon="-1.49526"><ele>74.91</ele></trkpt><trkpt lat="48.20984" lon="-1.49526"><ele>74.53</ele></trkpt><trkpt lat="48.20987" lon="-1.49528"><ele>74.2</ele></trkpt><trkpt lat="48.20989" lon="-1.49529"><ele>74.2</ele></trkpt><trkpt lat="48.20992" lon="-1.49531"><ele>74.17</ele></trkpt><trkpt lat="48.20994" lon="-1.49532"><ele>73.97</ele></trkpt><trkpt lat="48.20996" lon="-1.49533"><ele>73.97</ele></trkpt><trkpt lat="48.20999" lon="-1.49535"><ele>74.1</ele></trkpt><trkpt lat="48.21001" lon="-1.49536"><ele>74.1</ele></trkpt><trkpt lat="48.21003" lon="-1.49539"><ele>74.3</ele></trkpt><trkpt lat="48.21005" lon="-1.49542"><ele>74.3</ele></trkpt><trkpt lat="48.21007" lon="-1.49543"><ele>74.52</ele></trkpt><trkpt lat="48.21009" lon="-1.49543"><ele>74.52</ele></trkpt><trkpt lat="48.21011" lon="-1.49545"><ele>74.52</ele></trkpt><trkpt lat="48.21011" lon="-1.49546"><ele>74.52</ele></trkpt><trkpt lat="48.21012" lon="-1.49547"><ele>74.52</ele></trkpt><trkpt lat="48.21014" lon="-1.49548"><ele>74.77</ele></trkpt><trkpt lat="48.21016" lon="-1.49548"><ele>74.8</ele></trkpt><trkpt lat="48.21017" lon="-1.4955"><ele>74.8</ele></trkpt><trkpt lat="48.21019" lon="-1.49551"><ele>74.8</ele></trkpt><trkpt lat="48.2102" lon="-1.49552"><ele>75.1</ele></trkpt><trkpt lat="48.21021" lon="-1.49554"><ele>75.1</ele></trkpt><trkpt lat="48.21022" lon="-1.49555"><ele>75.1</ele></trkpt><trkpt lat="48.21023" lon="-1.49556"><ele>75.34</ele></trkpt><trkpt lat="48.21024" lon="-1.49559"><ele>75.41</ele></trkpt><trkpt lat="48.21025" lon="-1.49564"><ele>75.65</ele></trkpt><trkpt lat="48.21026" lon="-1.49566"><ele>75.9</ele></trkpt><trkpt lat="48.21026" lon="-1.49569"><ele>76.14</ele></trkpt><trkpt lat="48.21027" lon="-1.49571"><ele>76.14</ele></trkpt><trkpt lat="48.21028" lon="-1.49573"><ele>76.4</ele></trkpt><trkpt lat="48.21029" lon="-1.49574"><ele>76.48</ele></trkpt><trkpt lat="48.2103" lon="-1.49577"><ele>76.48</ele></trkpt><trkpt lat="48.21031" lon="-1.49578"><ele>76.73</ele></trkpt><trkpt lat="48.21033" lon="-1.4958"><ele>76.84</ele></trkpt><trkpt lat="48.21035" lon="-1.49581"><ele>76.84</ele></trkpt><trkpt lat="48.21037" lon="-1.49583"><ele>77.17</ele></trkpt><trkpt lat="48.21037" lon="-1.49586"><ele>77.42</ele></trkpt><trkpt lat="48.21038" lon="-1.49589"><ele>77.42</ele></trkpt><trkpt lat="48.21039" lon="-1.49592"><ele>77.7</ele></trkpt><trkpt lat="48.2104" lon="-1.49594"><ele>77.7</ele></trkpt><trkpt lat="48.21043" lon="-1.49598"><ele>78.08</ele></trkpt><trkpt lat="48.21043" lon="-1.496"><ele>78.4</ele></trkpt><trkpt lat="48.21046" lon="-1.49601"><ele>78.44</ele></trkpt><trkpt lat="48.21048" lon="-1.49602"><ele>78.44</ele></trkpt><trkpt lat="48.21051" lon="-1.49603"><ele>78.77</ele></trkpt><trkpt lat="48.21053" lon="-1.49604"><ele>78.77</ele></trkpt><trkpt lat="48.21055" lon="-1.49606"><ele>78.6</ele></trkpt><trkpt lat="48.21057" lon="-1.49607"><ele>78.6</ele></trkpt><trkpt lat="48.21059" lon="-1.49607"><ele>78.36</ele></trkpt><trkpt lat="48.21059" lon="-1.4961"><ele>78.81</ele></trkpt><trkpt lat="48.21062" lon="-1.49613"><ele>79.25</ele></trkpt><trkpt lat="48.21063" lon="-1.49615"><ele>79.01</ele></trkpt><trkpt lat="48.21066" lon="-1.49617"><ele>79.48</ele></trkpt><trkpt lat="48.21068" lon="-1.4962"><ele>79.19</ele></trkpt><trkpt lat="48.21069" lon="-1.49622"><ele>79.67</ele></trkpt><trkpt lat="48.2107" lon="-1.49625"><ele>80.08</ele></trkpt><trkpt lat="48.21072" lon="-1.49627"><ele>79.8</ele></trkpt><trkpt lat="48.21074" lon="-1.49628"><ele>79.8</ele></trkpt><trkpt lat="48.21076" lon="-1.49629"><ele>79.88</ele></trkpt><trkpt lat="48.21079" lon="-1.49631"><ele>79.88</ele></trkpt><trkpt lat="48.21081" lon="-1.49633"><ele>79.88</ele></trkpt><trkpt lat="48.21083" lon="-1.49634"><ele>79.88</ele></trkpt><trkpt lat="48.21085" lon="-1.49636"><ele>79.39</ele></trkpt><trkpt lat="48.21087" lon="-1.49638"><ele>79.84</ele></trkpt><trkpt lat="48.2109" lon="-1.49642"><ele>79.78</ele></trkpt><trkpt lat="48.21091" lon="-1.49646"><ele>80.2</ele></trkpt><trkpt lat="48.21093" lon="-1.49647"><ele>79.68</ele></trkpt><trkpt lat="48.21094" lon="-1.49649"><ele>79.68</ele></trkpt><trkpt lat="48.21097" lon="-1.49651"><ele>79.5</ele></trkpt><trkpt lat="48.21099" lon="-1.49652"><ele>79.5</ele></trkpt><trkpt lat="48.21101" lon="-1.49655"><ele>79.84</ele></trkpt><trkpt lat="48.21103" lon="-1.49657"><ele>79.32</ele></trkpt><trkpt lat="48.21104" lon="-1.49659"><ele>79.64</ele></trkpt><trkpt lat="48.21106" lon="-1.4966"><ele>79.14</ele></trkpt><trkpt lat="48.21107" lon="-1.49663"><ele>79.43</ele></trkpt><trkpt lat="48.2111" lon="-1.49667"><ele>78.97</ele></trkpt><trkpt lat="48.21112" lon="-1.49671"><ele>79.24</ele></trkpt><trkpt lat="48.21114" lon="-1.49673"><ele>79.5</ele></trkpt><trkpt lat="48.21116" lon="-1.49678"><ele>79.38</ele></trkpt><trkpt lat="48.21118" lon="-1.49681"><ele>79.62</ele></trkpt><trkpt lat="48.21119" lon="-1.49682"><ele>79.27</ele></trkpt><trkpt lat="48.21121" lon="-1.49685"><ele>79.51</ele></trkpt><trkpt lat="48.21122" lon="-1.49687"><ele>79.51</ele></trkpt><trkpt lat="48.21124" lon="-1.49689"><ele>79.4</ele></trkpt><trkpt lat="48.21125" lon="-1.49692"><ele>79.4</ele></trkpt><trkpt lat="48.21127" lon="-1.49695"><ele>79.3</ele></trkpt><trkpt lat="48.2113" lon="-1.49698"><ele>79.48</ele></trkpt><trkpt lat="48.21131" lon="-1.497"><ele>79.48</ele></trkpt><trkpt lat="48.21132" lon="-1.49703"><ele>79.34</ele></trkpt><trkpt lat="48.21132" lon="-1.49704"><ele>79.34</ele></trkpt><trkpt lat="48.21137" lon="-1.49706"><ele>79.29</ele></trkpt><trkpt lat="48.21138" lon="-1.49708"><ele>79.29</ele></trkpt><trkpt lat="48.21139" lon="-1.49711"><ele>79.43</ele></trkpt><trkpt lat="48.2114" lon="-1.49715"><ele>79.48</ele></trkpt><trkpt lat="48.21141" lon="-1.49719"><ele>79.64</ele></trkpt><trkpt lat="48.21142" lon="-1.49723"><ele>79.64</ele></trkpt><trkpt lat="48.21141" lon="-1.49727"><ele>79.83</ele></trkpt><trkpt lat="48.21141" lon="-1.4973"><ele>80.03</ele></trkpt><trkpt lat="48.21139" lon="-1.49731"><ele>80.18</ele></trkpt><trkpt lat="48.21139" lon="-1.49735"><ele>80.38</ele></trkpt><trkpt lat="48.21139" lon="-1.49738"><ele>80.59</ele></trkpt><trkpt lat="48.21139" lon="-1.4974"><ele>80.59</ele></trkpt><trkpt lat="48.2114" lon="-1.49744"><ele>80.64</ele></trkpt><trkpt lat="48.21141" lon="-1.49747"><ele>80.84</ele></trkpt><trkpt lat="48.2114" lon="-1.4975"><ele>81.04</ele></trkpt><trkpt lat="48.2114" lon="-1.49754"><ele>81.24</ele></trkpt><trkpt lat="48.21141" lon="-1.49756"><ele>81.24</ele></trkpt><trkpt lat="48.21141" lon="-1.4976"><ele>81.44</ele></trkpt><trkpt lat="48.21142" lon="-1.49762"><ele>81.64</ele></trkpt><trkpt lat="48.21142" lon="-1.49766"><ele>81.84</ele></trkpt><trkpt lat="48.21141" lon="-1.49769"><ele>81.84</ele></trkpt><trkpt lat="48.21141" lon="-1.49773"><ele>82.04</ele></trkpt><trkpt lat="48.2114" lon="-1.49775"><ele>82.24</ele></trkpt><trkpt lat="48.2114" lon="-1.49778"><ele>82.24</ele></trkpt><trkpt lat="48.21139" lon="-1.49781"><ele>82.58</ele></trkpt><trkpt lat="48.21139" lon="-1.49784"><ele>82.81</ele></trkpt><trkpt lat="48.21139" lon="-1.49787"><ele>82.81</ele></trkpt><trkpt lat="48.21139" lon="-1.4979"><ele>83.08</ele></trkpt><trkpt lat="48.2114" lon="-1.49792"><ele>83.2</ele></trkpt><trkpt lat="48.2114" lon="-1.49795"><ele>83.2</ele></trkpt><trkpt lat="48.2114" lon="-1.49797"><ele>83.48</ele></trkpt><trkpt lat="48.2114" lon="-1.498"><ele>83.48</ele></trkpt><trkpt lat="48.2114" lon="-1.49805"><ele>83.94</ele></trkpt><trkpt lat="48.2114" lon="-1.49809"><ele>84.14</ele></trkpt><trkpt lat="48.21139" lon="-1.49811"><ele>84.28</ele></trkpt><trkpt lat="48.2114" lon="-1.49814"><ele>84.33</ele></trkpt><trkpt lat="48.21139" lon="-1.49817"><ele>84.47</ele></trkpt><trkpt lat="48.21139" lon="-1.4982"><ele>84.66</ele></trkpt><trkpt lat="48.21139" lon="-1.49824"><ele>84.84</ele></trkpt><trkpt lat="48.21139" lon="-1.49827"><ele>85.03</ele></trkpt><trkpt lat="48.21138" lon="-1.4983"><ele>85.03</ele></trkpt><trkpt lat="48.21138" lon="-1.49833"><ele>85.22</ele></trkpt><trkpt lat="48.21137" lon="-1.49836"><ele>85.41</ele></trkpt><trkpt lat="48.21137" lon="-1.49839"><ele>85.6</ele></trkpt><trkpt lat="48.21137" lon="-1.49842"><ele>85.6</ele></trkpt><trkpt lat="48.21137" lon="-1.49845"><ele>85.8</ele></trkpt><trkpt lat="48.21137" lon="-1.49848"><ele>85.98</ele></trkpt><trkpt lat="48.21137" lon="-1.49851"><ele>85.98</ele></trkpt><trkpt lat="48.21137" lon="-1.49854"><ele>86.18</ele></trkpt><trkpt lat="48.21137" lon="-1.49858"><ele>86.37</ele></trkpt><trkpt lat="48.21137" lon="-1.4986"><ele>86.37</ele></trkpt><trkpt lat="48.21137" lon="-1.49863"><ele>86.55</ele></trkpt><trkpt lat="48.21138" lon="-1.49866"><ele>86.72</ele></trkpt><trkpt lat="48.21138" lon="-1.4987"><ele>86.84</ele></trkpt><trkpt lat="48.21138" lon="-1.49873"><ele>86.84</ele></trkpt><trkpt lat="48.21138" lon="-1.49877"><ele>86.95</ele></trkpt><trkpt lat="48.21138" lon="-1.4988"><ele>87.06</ele></trkpt><trkpt lat="48.21138" lon="-1.49884"><ele>87.16</ele></trkpt><trkpt lat="48.21139" lon="-1.49888"><ele>87.25</ele></trkpt><trkpt lat="48.21139" lon="-1.4989"><ele>87.25</ele></trkpt><trkpt lat="48.21138" lon="-1.49893"><ele>87.35</ele></trkpt><trkpt lat="48.21139" lon="-1.49896"><ele>87.46</ele></trkpt><trkpt lat="48.21139" lon="-1.49899"><ele>87.46</ele></trkpt><trkpt lat="48.2114" lon="-1.49902"><ele>87.33</ele></trkpt><trkpt lat="48.21139" lon="-1.49905"><ele>87.68</ele></trkpt><trkpt lat="48.2114" lon="-1.4991"><ele>87.51</ele></trkpt><trkpt lat="48.21141" lon="-1.49915"><ele>87.6</ele></trkpt><trkpt lat="48.21143" lon="-1.49918"><ele>87.71</ele></trkpt><trkpt lat="48.21143" lon="-1.4992"><ele>87.71</ele></trkpt><trkpt lat="48.21144" lon="-1.49923"><ele>87.85</ele></trkpt><trkpt lat="48.21147" lon="-1.49925"><ele>87.77</ele></trkpt><trkpt lat="48.21148" lon="-1.49929"><ele>87.77</ele></trkpt><trkpt lat="48.21149" lon="-1.49931"><ele>87.76</ele></trkpt><trkpt lat="48.21151" lon="-1.49933"><ele>87.76</ele></trkpt><trkpt lat="48.21152" lon="-1.49935"><ele>87.89</ele></trkpt><trkpt lat="48.21154" lon="-1.49936"><ele>87.79</ele></trkpt><trkpt lat="48.21155" lon="-1.49938"><ele>87.9</ele></trkpt><trkpt lat="48.21157" lon="-1.4994"><ele>87.84</ele></trkpt><trkpt lat="48.21159" lon="-1.49943"><ele>87.94</ele></trkpt><trkpt lat="48.21161" lon="-1.49946"><ele>87.94</ele></trkpt><trkpt lat="48.21162" lon="-1.49948"><ele>87.98</ele></trkpt><trkpt lat="48.21164" lon="-1.4995"><ele>87.98</ele></trkpt><trkpt lat="48.21166" lon="-1.49953"><ele>87.98</ele></trkpt><trkpt lat="48.21167" lon="-1.49954"><ele>87.98</ele></trkpt><trkpt lat="48.21169" lon="-1.49956"><ele>88.01</ele></trkpt><trkpt lat="48.2117" lon="-1.49959"><ele>87.92</ele></trkpt><trkpt lat="48.21172" lon="-1.49961"><ele>87.94</ele></trkpt><trkpt lat="48.21173" lon="-1.49963"><ele>87.94</ele></trkpt><trkpt lat="48.21176" lon="-1.49965"><ele>87.85</ele></trkpt><trkpt lat="48.21177" lon="-1.49968"><ele>87.81</ele></trkpt><trkpt lat="48.21178" lon="-1.4997"><ele>87.81</ele></trkpt><trkpt lat="48.2118" lon="-1.49971"><ele>87.7</ele></trkpt><trkpt lat="48.21182" lon="-1.49973"><ele>87.66</ele></trkpt><trkpt lat="48.21184" lon="-1.49975"><ele>87.55</ele></trkpt><trkpt lat="48.21185" lon="-1.49978"><ele>87.53</ele></trkpt><trkpt lat="48.21186" lon="-1.4998"><ele>87.53</ele></trkpt><trkpt lat="48.21187" lon="-1.49981"><ele>87.53</ele></trkpt><trkpt lat="48.21188" lon="-1.49983"><ele>87.43</ele></trkpt><trkpt lat="48.21191" lon="-1.49981"><ele>87.43</ele></trkpt><trkpt lat="48.21185" lon="-1.49989"><ele>87.56</ele></trkpt><trkpt lat="48.21184" lon="-1.49991"><ele>87.63</ele></trkpt><trkpt lat="48.21182" lon="-1.49994"><ele>87.93</ele></trkpt><trkpt lat="48.21181" lon="-1.49995"><ele>87.93</ele></trkpt><trkpt lat="48.21179" lon="-1.49998"><ele>88.08</ele></trkpt><trkpt lat="48.2118" lon="-1.50001"><ele>88.08</ele></trkpt><trkpt lat="48.2118" lon="-1.50004"><ele>88.22</ele></trkpt><trkpt lat="48.2118" lon="-1.50007"><ele>88.33</ele></trkpt><trkpt lat="48.21179" lon="-1.5001"><ele>88.33</ele></trkpt><trkpt lat="48.2118" lon="-1.50013"><ele>88.41</ele></trkpt><trkpt lat="48.21181" lon="-1.50014"><ele>88.41</ele></trkpt><trkpt lat="48.21183" lon="-1.50015"><ele>88.47</ele></trkpt><trkpt lat="48.21185" lon="-1.50017"><ele>88.47</ele></trkpt><trkpt lat="48.21188" lon="-1.50017"><ele>88.41</ele></trkpt><trkpt lat="48.21189" lon="-1.50016"><ele>88.41</ele></trkpt><trkpt lat="48.21191" lon="-1.50017"><ele>88.41</ele></trkpt><trkpt lat="48.21194" lon="-1.50018"><ele>88.33</ele></trkpt><trkpt lat="48.21196" lon="-1.50016"><ele>88.28</ele></trkpt><trkpt lat="48.21198" lon="-1.50018"><ele>88.28</ele></trkpt><trkpt lat="48.21199" lon="-1.50019"><ele>88.28</ele></trkpt><trkpt lat="48.212" lon="-1.50022"><ele>88.3</ele></trkpt><trkpt lat="48.21202" lon="-1.50023"><ele>88.3</ele></trkpt><trkpt lat="48.21205" lon="-1.50024"><ele>88.23</ele></trkpt><trkpt lat="48.21208" lon="-1.50024"><ele>88.23</ele></trkpt><trkpt lat="48.2121" lon="-1.50025"><ele>88.18</ele></trkpt><trkpt lat="48.21211" lon="-1.50026"><ele>88.18</ele></trkpt><trkpt lat="48.21213" lon="-1.50027"><ele>88.11</ele></trkpt><trkpt lat="48.21215" lon="-1.50026"><ele>88.11</ele></trkpt><trkpt lat="48.21216" lon="-1.50025"><ele>88.11</ele></trkpt><trkpt lat="48.21217" lon="-1.50024"><ele>88.11</ele></trkpt><trkpt lat="48.21218" lon="-1.50026"><ele>88.1</ele></trkpt><trkpt lat="48.2122" lon="-1.50027"><ele>88.1</ele></trkpt><trkpt lat="48.21222" lon="-1.50027"><ele>88.1</ele></trkpt><trkpt lat="48.21224" lon="-1.50028"><ele>88.1</ele></trkpt><trkpt lat="48.21227" lon="-1.50029"><ele>88.1</ele></trkpt><trkpt lat="48.2123" lon="-1.50029"><ele>88.11</ele></trkpt><trkpt lat="48.21232" lon="-1.50029"><ele>88.11</ele></trkpt><trkpt lat="48.21233" lon="-1.50029"><ele>88.11</ele></trkpt><trkpt lat="48.21235" lon="-1.50029"><ele>88.15</ele></trkpt><trkpt lat="48.21237" lon="-1.50028"><ele>88.15</ele></trkpt><trkpt lat="48.21238" lon="-1.50029"><ele>88.15</ele></trkpt><trkpt lat="48.2124" lon="-1.5003"><ele>88.2</ele></trkpt><trkpt lat="48.21243" lon="-1.5003"><ele>88.27</ele></trkpt><trkpt lat="48.21245" lon="-1.50029"><ele>88.27</ele></trkpt><trkpt lat="48.21248" lon="-1.5003"><ele>88.33</ele></trkpt><trkpt lat="48.2125" lon="-1.5003"><ele>88.33</ele></trkpt><trkpt lat="48.21253" lon="-1.5003"><ele>88.4</ele></trkpt><trkpt lat="48.21256" lon="-1.50028"><ele>88.44</ele></trkpt><trkpt lat="48.21259" lon="-1.50027"><ele>88.46</ele></trkpt><trkpt lat="48.2126" lon="-1.50027"><ele>88.56</ele></trkpt><trkpt lat="48.21262" lon="-1.50026"><ele>88.56</ele></trkpt><trkpt lat="48.21263" lon="-1.50026"><ele>88.56</ele></trkpt><trkpt lat="48.21266" lon="-1.50027"><ele>88.78</ele></trkpt><trkpt lat="48.21269" lon="-1.50028"><ele>89.09</ele></trkpt><trkpt lat="48.21271" lon="-1.50027"><ele>89.13</ele></trkpt><trkpt lat="48.21273" lon="-1.5003"><ele>89.45</ele></trkpt><trkpt lat="48.21275" lon="-1.50031"><ele>89.45</ele></trkpt><trkpt lat="48.21276" lon="-1.5003"><ele>89.45</ele></trkpt><trkpt lat="48.21277" lon="-1.50031"><ele>89.45</ele></trkpt><trkpt lat="48.21278" lon="-1.50033"><ele>89.69</ele></trkpt><trkpt lat="48.2128" lon="-1.50032"><ele>89.69</ele></trkpt><trkpt lat="48.21281" lon="-1.5003"><ele>89.69</ele></trkpt><trkpt lat="48.21284" lon="-1.50029"><ele>89.82</ele></trkpt><trkpt lat="48.21286" lon="-1.50028"><ele>89.9</ele></trkpt><trkpt lat="48.21288" lon="-1.50029"><ele>89.9</ele></trkpt><trkpt lat="48.21291" lon="-1.50031"><ele>89.9</ele></trkpt><trkpt lat="48.21294" lon="-1.50033"><ele>89.9</ele></trkpt><trkpt lat="48.21296" lon="-1.50035"><ele>89.9</ele></trkpt><trkpt lat="48.21298" lon="-1.50036"><ele>89.9</ele></trkpt><trkpt lat="48.213" lon="-1.50037"><ele>89.93</ele></trkpt><trkpt lat="48.21302" lon="-1.50038"><ele>89.93</ele></trkpt><trkpt lat="48.21305" lon="-1.5004"><ele>90.05</ele></trkpt><trkpt lat="48.21307" lon="-1.50042"><ele>90.06</ele></trkpt><trkpt lat="48.21309" lon="-1.50043"><ele>90.25</ele></trkpt><trkpt lat="48.2131" lon="-1.50046"><ele>90.26</ele></trkpt><trkpt lat="48.21312" lon="-1.50049"><ele>90.5</ele></trkpt><trkpt lat="48.21313" lon="-1.50051"><ele>90.53</ele></trkpt><trkpt lat="48.21315" lon="-1.50053"><ele>90.53</ele></trkpt><trkpt lat="48.21317" lon="-1.50055"><ele>90.8</ele></trkpt><trkpt lat="48.21319" lon="-1.50055"><ele>90.8</ele></trkpt><trkpt lat="48.2132" lon="-1.50057"><ele>90.8</ele></trkpt><trkpt lat="48.21321" lon="-1.50058"><ele>91.01</ele></trkpt><trkpt lat="48.21322" lon="-1.50061"><ele>91.01</ele></trkpt><trkpt lat="48.21324" lon="-1.50062"><ele>91.01</ele></trkpt><trkpt lat="48.21324" lon="-1.50066"><ele>91.04</ele></trkpt><trkpt lat="48.21325" lon="-1.50069"><ele>91.22</ele></trkpt><trkpt lat="48.21325" lon="-1.50073"><ele>91.23</ele></trkpt><trkpt lat="48.21326" lon="-1.50077"><ele>91.24</ele></trkpt><trkpt lat="48.21327" lon="-1.5008"><ele>91.24</ele></trkpt><trkpt lat="48.21327" lon="-1.50081"><ele>91.24</ele></trkpt><trkpt lat="48.21327" lon="-1.50087"><ele>91.25</ele></trkpt><trkpt lat="48.21326" lon="-1.5009"><ele>91.25</ele></trkpt><trkpt lat="48.21326" lon="-1.50094"><ele>91.24</ele></trkpt><trkpt lat="48.21325" lon="-1.50098"><ele>91.23</ele></trkpt><trkpt lat="48.21325" lon="-1.501"><ele>91.23</ele></trkpt><trkpt lat="48.21323" lon="-1.50102"><ele>91.1</ele></trkpt><trkpt lat="48.21322" lon="-1.50105"><ele>91.1</ele></trkpt><trkpt lat="48.21321" lon="-1.50108"><ele>91.1</ele></trkpt><trkpt lat="48.21318" lon="-1.5011"><ele>90.96</ele></trkpt><trkpt lat="48.21318" lon="-1.50114"><ele>90.96</ele></trkpt><trkpt lat="48.21316" lon="-1.50117"><ele>90.96</ele></trkpt><trkpt lat="48.21315" lon="-1.50119"><ele>90.75</ele></trkpt><trkpt lat="48.21314" lon="-1.50122"><ele>90.75</ele></trkpt><trkpt lat="48.21313" lon="-1.50124"><ele>90.76</ele></trkpt><trkpt lat="48.21312" lon="-1.50127"><ele>90.8</ele></trkpt><trkpt lat="48.2131" lon="-1.50129"><ele>90.57</ele></trkpt><trkpt lat="48.21309" lon="-1.50132"><ele>90.66</ele></trkpt><trkpt lat="48.21307" lon="-1.50134"><ele>90.46</ele></trkpt><trkpt lat="48.21306" lon="-1.50136"><ele>90.57</ele></trkpt><trkpt lat="48.21305" lon="-1.50138"><ele>90.57</ele></trkpt><trkpt lat="48.21303" lon="-1.50139"><ele>90.57</ele></trkpt><trkpt lat="48.21302" lon="-1.50139"><ele>90.36</ele></trkpt><trkpt lat="48.213" lon="-1.50141"><ele>90.49</ele></trkpt><trkpt lat="48.21299" lon="-1.50142"><ele>90.49</ele></trkpt><trkpt lat="48.21298" lon="-1.50143"><ele>90.32</ele></trkpt><trkpt lat="48.21296" lon="-1.50145"><ele>90.46</ele></trkpt><trkpt lat="48.21293" lon="-1.50144"><ele>90.29</ele></trkpt><trkpt lat="48.21292" lon="-1.50143"><ele>90.18</ele></trkpt><trkpt lat="48.21291" lon="-1.50143"><ele>90.18</ele></trkpt><trkpt lat="48.21289" lon="-1.50141"><ele>90.06</ele></trkpt><trkpt lat="48.21288" lon="-1.50141"><ele>90.06</ele></trkpt><trkpt lat="48.21284" lon="-1.50141"><ele>89.98</ele></trkpt><trkpt lat="48.21281" lon="-1.50141"><ele>89.94</ele></trkpt><trkpt lat="48.21279" lon="-1.50139"><ele>89.9</ele></trkpt><trkpt lat="48.21276" lon="-1.50136"><ele>89.91</ele></trkpt><trkpt lat="48.21274" lon="-1.50135"><ele>89.86</ele></trkpt><trkpt lat="48.21273" lon="-1.50135"><ele>89.86</ele></trkpt><trkpt lat="48.2127" lon="-1.50135"><ele>89.76</ele></trkpt><trkpt lat="48.21269" lon="-1.50134"><ele>89.76</ele></trkpt><trkpt lat="48.21267" lon="-1.50133"><ele>89.53</ele></trkpt><trkpt lat="48.21265" lon="-1.50132"><ele>89.53</ele></trkpt><trkpt lat="48.21263" lon="-1.50131"><ele>89.24</ele></trkpt><trkpt lat="48.2126" lon="-1.50129"><ele>89.06</ele></trkpt><trkpt lat="48.21257" lon="-1.50129"><ele>88.8</ele></trkpt><trkpt lat="48.21255" lon="-1.50128"><ele>88.64</ele></trkpt><trkpt lat="48.21254" lon="-1.50126"><ele>88.51</ele></trkpt><trkpt lat="48.21252" lon="-1.50125"><ele>88.51</ele></trkpt><trkpt lat="48.21249" lon="-1.50124"><ele>88.52</ele></trkpt><trkpt lat="48.21247" lon="-1.50123"><ele>88.63</ele></trkpt><trkpt lat="48.21245" lon="-1.50121"><ele>88.49</ele></trkpt><trkpt lat="48.21242" lon="-1.5012"><ele>88.57</ele></trkpt><trkpt lat="48.21241" lon="-1.5012"><ele>88.57</ele></trkpt><trkpt lat="48.21239" lon="-1.50119"><ele>88.57</ele></trkpt><trkpt lat="48.21237" lon="-1.50118"><ele>88.61</ele></trkpt><trkpt lat="48.21235" lon="-1.50118"><ele>88.61</ele></trkpt><trkpt lat="48.21232" lon="-1.50119"><ele>88.62</ele></trkpt><trkpt lat="48.2123" lon="-1.50118"><ele>88.62</ele></trkpt><trkpt lat="48.21228" lon="-1.50118"><ele>88.6</ele></trkpt><trkpt lat="48.21226" lon="-1.50119"><ele>88.6</ele></trkpt><trkpt lat="48.21223" lon="-1.5012"><ele>88.57</ele></trkpt><trkpt lat="48.2122" lon="-1.50122"><ele>88.55</ele></trkpt><trkpt lat="48.21217" lon="-1.50123"><ele>88.63</ele></trkpt><trkpt lat="48.21215" lon="-1.50122"><ele>88.55</ele></trkpt><trkpt lat="48.21213" lon="-1.50121"><ele>88.55</ele></trkpt><trkpt lat="48.2121" lon="-1.50122"><ele>88.56</ele></trkpt><trkpt lat="48.21208" lon="-1.50122"><ele>88.56</ele></trkpt><trkpt lat="48.21206" lon="-1.50122"><ele>88.56</ele></trkpt><trkpt lat="48.21204" lon="-1.50121"><ele>88.56</ele></trkpt><trkpt lat="48.21202" lon="-1.5012"><ele>88.56</ele></trkpt><trkpt lat="48.21199" lon="-1.50119"><ele>88.68</ele></trkpt><trkpt lat="48.21198" lon="-1.50118"><ele>88.68</ele></trkpt><trkpt lat="48.21195" lon="-1.50118"><ele>88.86</ele></trkpt><trkpt lat="48.21192" lon="-1.50118"><ele>88.86</ele></trkpt><trkpt lat="48.21188" lon="-1.5012"><ele>88.99</ele></trkpt><trkpt lat="48.21186" lon="-1.5012"><ele>89.09</ele></trkpt><trkpt lat="48.21183" lon="-1.50119"><ele>89.09</ele></trkpt><trkpt lat="48.21181" lon="-1.50119"><ele>89.16</ele></trkpt><trkpt lat="48.2118" lon="-1.50118"><ele>89.16</ele></trkpt><trkpt lat="48.21177" lon="-1.50116"><ele>89.15</ele></trkpt><trkpt lat="48.21175" lon="-1.50115"><ele>89.15</ele></trkpt><trkpt lat="48.21172" lon="-1.50113"><ele>89.1</ele></trkpt><trkpt lat="48.21168" lon="-1.50112"><ele>89.33</ele></trkpt><trkpt lat="48.21167" lon="-1.50112"><ele>89.33</ele></trkpt><trkpt lat="48.21165" lon="-1.5011"><ele>89.63</ele></trkpt><trkpt lat="48.21163" lon="-1.5011"><ele>89.63</ele></trkpt><trkpt lat="48.21161" lon="-1.50109"><ele>89.52</ele></trkpt><trkpt lat="48.21159" lon="-1.50109"><ele>89.52</ele></trkpt><trkpt lat="48.21157" lon="-1.50108"><ele>89.52</ele></trkpt><trkpt lat="48.21156" lon="-1.50107"><ele>89.93</ele></trkpt><trkpt lat="48.21154" lon="-1.50105"><ele>89.93</ele></trkpt><trkpt lat="48.21152" lon="-1.50104"><ele>90.2</ele></trkpt><trkpt lat="48.2115" lon="-1.50103"><ele>90.2</ele></trkpt><trkpt lat="48.21147" lon="-1.50102"><ele>90.85</ele></trkpt><trkpt lat="48.21145" lon="-1.50103"><ele>90.85</ele></trkpt><trkpt lat="48.21143" lon="-1.50105"><ele>91.48</ele></trkpt><trkpt lat="48.21143" lon="-1.50108"><ele>91.48</ele></trkpt><trkpt lat="48.21143" lon="-1.50111"><ele>91.62</ele></trkpt><trkpt lat="48.21144" lon="-1.50113"><ele>91.62</ele></trkpt><trkpt lat="48.21144" lon="-1.50115"><ele>91.76</ele></trkpt><trkpt lat="48.21142" lon="-1.50125"><ele>92.01</ele></trkpt><trkpt lat="48.21141" lon="-1.50126"><ele>92.01</ele></trkpt><trkpt lat="48.21147" lon="-1.50136"><ele>92.07</ele></trkpt><trkpt lat="48.21146" lon="-1.50138"><ele>92.07</ele></trkpt><trkpt lat="48.21147" lon="-1.5014"><ele>92.18</ele></trkpt><trkpt lat="48.21147" lon="-1.50143"><ele>92.18</ele></trkpt><trkpt lat="48.21145" lon="-1.50147"><ele>92.29</ele></trkpt><trkpt lat="48.21143" lon="-1.50151"><ele>92.54</ele></trkpt><trkpt lat="48.21143" lon="-1.50153"><ele>92.61</ele></trkpt><trkpt lat="48.21142" lon="-1.50156"><ele>92.61</ele></trkpt><trkpt lat="48.21142" lon="-1.5016"><ele>92.68</ele></trkpt><trkpt lat="48.21142" lon="-1.50163"><ele>92.74</ele></trkpt><trkpt lat="48.21141" lon="-1.50166"><ele>92.8</ele></trkpt><trkpt lat="48.2114" lon="-1.5017"><ele>92.86</ele></trkpt><trkpt lat="48.21138" lon="-1.50175"><ele>92.99</ele></trkpt><trkpt lat="48.21137" lon="-1.50178"><ele>93.04</ele></trkpt><trkpt lat="48.21136" lon="-1.50182"><ele>93.04</ele></trkpt><trkpt lat="48.21136" lon="-1.50184"><ele>93.1</ele></trkpt><trkpt lat="48.21135" lon="-1.50191"><ele>93.27</ele></trkpt><trkpt lat="48.21135" lon="-1.50196"><ele>93.32</ele></trkpt><trkpt lat="48.21135" lon="-1.502"><ele>93.36</ele></trkpt><trkpt lat="48.21136" lon="-1.50204"><ele>93.31</ele></trkpt><trkpt lat="48.21138" lon="-1.50208"><ele>93.36</ele></trkpt><trkpt lat="48.21141" lon="-1.50211"><ele>93.23</ele></trkpt><trkpt lat="48.21143" lon="-1.50215"><ele>93.26</ele></trkpt><trkpt lat="48.21144" lon="-1.50217"><ele>93.29</ele></trkpt><trkpt lat="48.21145" lon="-1.50219"><ele>93.13</ele></trkpt><trkpt lat="48.21146" lon="-1.5022"><ele>93.13</ele></trkpt><trkpt lat="48.21147" lon="-1.50222"><ele>93.16</ele></trkpt><trkpt lat="48.21148" lon="-1.50225"><ele>93.16</ele></trkpt><trkpt lat="48.21148" lon="-1.50227"><ele>93.19</ele></trkpt><trkpt lat="48.2115" lon="-1.50231"><ele>93.05</ele></trkpt><trkpt lat="48.21151" lon="-1.50233"><ele>93.05</ele></trkpt><trkpt lat="48.21153" lon="-1.50234"><ele>92.92</ele></trkpt><trkpt lat="48.21154" lon="-1.50236"><ele>92.92</ele></trkpt><trkpt lat="48.21155" lon="-1.50238"><ele>92.92</ele></trkpt><trkpt lat="48.21156" lon="-1.5024"><ele>92.95</ele></trkpt><trkpt lat="48.21158" lon="-1.50242"><ele>92.81</ele></trkpt><trkpt lat="48.2116" lon="-1.50244"><ele>92.85</ele></trkpt><trkpt lat="48.21161" lon="-1.50248"><ele>92.89</ele></trkpt><trkpt lat="48.21163" lon="-1.50251"><ele>92.82</ele></trkpt><trkpt lat="48.21165" lon="-1.50252"><ele>92.82</ele></trkpt><trkpt lat="48.21167" lon="-1.50254"><ele>92.73</ele></trkpt><trkpt lat="48.21168" lon="-1.50256"><ele>92.8</ele></trkpt><trkpt lat="48.2117" lon="-1.50259"><ele>92.74</ele></trkpt><trkpt lat="48.21172" lon="-1.50261"><ele>92.81</ele></trkpt><trkpt lat="48.21173" lon="-1.50263"><ele>92.81</ele></trkpt><trkpt lat="48.21175" lon="-1.50266"><ele>92.87</ele></trkpt><trkpt lat="48.21177" lon="-1.50268"><ele>92.87</ele></trkpt><trkpt lat="48.21178" lon="-1.5027"><ele>92.9</ele></trkpt><trkpt lat="48.2118" lon="-1.50274"><ele>92.97</ele></trkpt><trkpt lat="48.21181" lon="-1.50274"><ele>92.97</ele></trkpt><trkpt lat="48.21184" lon="-1.50275"><ele>92.94</ele></trkpt><trkpt lat="48.21185" lon="-1.50276"><ele>92.94</ele></trkpt><trkpt lat="48.21186" lon="-1.50278"><ele>92.99</ele></trkpt><trkpt lat="48.21189" lon="-1.50281"><ele>92.98</ele></trkpt><trkpt lat="48.21191" lon="-1.50283"><ele>92.98</ele></trkpt><trkpt lat="48.21193" lon="-1.50284"><ele>92.92</ele></trkpt><trkpt lat="48.21194" lon="-1.50286"><ele>92.98</ele></trkpt><trkpt lat="48.21197" lon="-1.50288"><ele>92.94</ele></trkpt><trkpt lat="48.21199" lon="-1.5029"><ele>93.03</ele></trkpt><trkpt lat="48.21201" lon="-1.50293"><ele>93</ele></trkpt><trkpt lat="48.21204" lon="-1.50296"><ele>93.1</ele></trkpt><trkpt lat="48.21205" lon="-1.50298"><ele>93.06</ele></trkpt><trkpt lat="48.21207" lon="-1.50299"><ele>93.16</ele></trkpt><trkpt lat="48.21209" lon="-1.50302"><ele>93.12</ele></trkpt><trkpt lat="48.21211" lon="-1.50304"><ele>93.19</ele></trkpt><trkpt lat="48.21211" lon="-1.50306"><ele>93.19</ele></trkpt><trkpt lat="48.21213" lon="-1.50308"><ele>93.2</ele></trkpt><trkpt lat="48.21214" lon="-1.50311"><ele>93.21</ele></trkpt><trkpt lat="48.21216" lon="-1.50313"><ele>93.21</ele></trkpt><trkpt lat="48.21218" lon="-1.50315"><ele>93.2</ele></trkpt><trkpt lat="48.21219" lon="-1.50318"><ele>93.2</ele></trkpt><trkpt lat="48.2122" lon="-1.50321"><ele>93.23</ele></trkpt><trkpt lat="48.21222" lon="-1.50325"><ele>93.21</ele></trkpt><trkpt lat="48.21223" lon="-1.50328"><ele>93.21</ele></trkpt><trkpt lat="48.21225" lon="-1.50329"><ele>93.26</ele></trkpt><trkpt lat="48.21227" lon="-1.50331"><ele>93.22</ele></trkpt><trkpt lat="48.2123" lon="-1.50335"><ele>93.28</ele></trkpt><trkpt lat="48.21232" lon="-1.50335"><ele>93.28</ele></trkpt><trkpt lat="48.21233" lon="-1.50332"><ele>93.21</ele></trkpt><trkpt lat="48.21236" lon="-1.50328"><ele>93.2</ele></trkpt><trkpt lat="48.21238" lon="-1.50328"><ele>93.2</ele></trkpt><trkpt lat="48.21241" lon="-1.50325"><ele>93.2</ele></trkpt><trkpt lat="48.21243" lon="-1.50319"><ele>93.2</ele></trkpt><trkpt lat="48.21245" lon="-1.50315"><ele>93.2</ele></trkpt><trkpt lat="48.21246" lon="-1.50312"><ele>93.2</ele></trkpt><trkpt lat="48.21247" lon="-1.5031"><ele>93.2</ele></trkpt><trkpt lat="48.21248" lon="-1.50306"><ele>93.2</ele></trkpt><trkpt lat="48.21249" lon="-1.50305"><ele>93.2</ele></trkpt><trkpt lat="48.2125" lon="-1.50303"><ele>93.2</ele></trkpt><trkpt lat="48.21251" lon="-1.503"><ele>93.19</ele></trkpt><trkpt lat="48.21254" lon="-1.50297"><ele>93.11</ele></trkpt><trkpt lat="48.21256" lon="-1.50295"><ele>93.1</ele></trkpt><trkpt lat="48.21257" lon="-1.50293"><ele>93.08</ele></trkpt><trkpt lat="48.21259" lon="-1.50292"><ele>93.08</ele></trkpt><trkpt lat="48.2126" lon="-1.50289"><ele>93</ele></trkpt><trkpt lat="48.21262" lon="-1.50286"><ele>93</ele></trkpt><trkpt lat="48.21264" lon="-1.50284"><ele>92.95</ele></trkpt><trkpt lat="48.21265" lon="-1.50283"><ele>92.95</ele></trkpt><trkpt lat="48.21266" lon="-1.50281"><ele>92.95</ele></trkpt><trkpt lat="48.21267" lon="-1.50277"><ele>92.9</ele></trkpt><trkpt lat="48.21268" lon="-1.50277"><ele>92.9</ele></trkpt><trkpt lat="48.21268" lon="-1.50279"><ele>92.9</ele></trkpt><trkpt lat="48.2127" lon="-1.50281"><ele>92.94</ele></trkpt><trkpt lat="48.21271" lon="-1.50284"><ele>92.94</ele></trkpt><trkpt lat="48.21273" lon="-1.50287"><ele>93</ele></trkpt><trkpt lat="48.21274" lon="-1.50292"><ele>93.04</ele></trkpt><trkpt lat="48.21276" lon="-1.50296"><ele>93.11</ele></trkpt><trkpt lat="48.21277" lon="-1.50299"><ele>93.19</ele></trkpt><trkpt lat="48.2128" lon="-1.50302"><ele>93.25</ele></trkpt><trkpt lat="48.21281" lon="-1.50304"><ele>93.35</ele></trkpt><trkpt lat="48.21282" lon="-1.50307"><ele>93.57</ele></trkpt><trkpt lat="48.21283" lon="-1.5031"><ele>93.57</ele></trkpt><trkpt lat="48.21284" lon="-1.50314"><ele>93.71</ele></trkpt><trkpt lat="48.21286" lon="-1.50317"><ele>94.02</ele></trkpt><trkpt lat="48.21288" lon="-1.50319"><ele>94.02</ele></trkpt><trkpt lat="48.21289" lon="-1.50322"><ele>94.16</ele></trkpt><trkpt lat="48.21291" lon="-1.50324"><ele>94.4</ele></trkpt><trkpt lat="48.21292" lon="-1.50326"><ele>94.4</ele></trkpt><trkpt lat="48.21295" lon="-1.50328"><ele>94.47</ele></trkpt><trkpt lat="48.21297" lon="-1.5033"><ele>94.5</ele></trkpt><trkpt lat="48.21299" lon="-1.50333"><ele>94.51</ele></trkpt><trkpt lat="48.21301" lon="-1.50336"><ele>94.51</ele></trkpt><trkpt lat="48.21302" lon="-1.50338"><ele>94.55</ele></trkpt><trkpt lat="48.21304" lon="-1.5034"><ele>94.5</ele></trkpt><trkpt lat="48.21306" lon="-1.50343"><ele>94.54</ele></trkpt><trkpt lat="48.21307" lon="-1.50346"><ele>94.59</ele></trkpt><trkpt lat="48.21309" lon="-1.50348"><ele>94.54</ele></trkpt><trkpt lat="48.2131" lon="-1.5035"><ele>94.59</ele></trkpt><trkpt lat="48.21312" lon="-1.50353"><ele>94.54</ele></trkpt><trkpt lat="48.21313" lon="-1.50354"><ele>94.6</ele></trkpt><trkpt lat="48.21315" lon="-1.50354"><ele>94.6</ele></trkpt><trkpt lat="48.21318" lon="-1.50355"><ele>94.59</ele></trkpt><trkpt lat="48.21319" lon="-1.50359"><ele>94.6</ele></trkpt><trkpt lat="48.2132" lon="-1.50362"><ele>94.6</ele></trkpt><trkpt lat="48.21321" lon="-1.50366"><ele>94.66</ele></trkpt><trkpt lat="48.21322" lon="-1.50369"><ele>94.7</ele></trkpt><trkpt lat="48.21323" lon="-1.50374"><ele>94.76</ele></trkpt><trkpt lat="48.21324" lon="-1.50377"><ele>94.83</ele></trkpt><trkpt lat="48.21324" lon="-1.50382"><ele>94.9</ele></trkpt><trkpt lat="48.21325" lon="-1.50386"><ele>94.96</ele></trkpt><trkpt lat="48.21326" lon="-1.5039"><ele>95.03</ele></trkpt><trkpt lat="48.21326" lon="-1.50395"><ele>95.12</ele></trkpt><trkpt lat="48.21326" lon="-1.504"><ele>95.25</ele></trkpt><trkpt lat="48.21327" lon="-1.50405"><ele>95.37</ele></trkpt><trkpt lat="48.21328" lon="-1.50408"><ele>95.49</ele></trkpt><trkpt lat="48.21328" lon="-1.50411"><ele>95.57</ele></trkpt><trkpt lat="48.21329" lon="-1.50414"><ele>95.62</ele></trkpt><trkpt lat="48.2133" lon="-1.50416"><ele>95.62</ele></trkpt><trkpt lat="48.21331" lon="-1.50419"><ele>95.69</ele></trkpt><trkpt lat="48.21333" lon="-1.50421"><ele>95.71</ele></trkpt><trkpt lat="48.21335" lon="-1.50423"><ele>95.77</ele></trkpt><trkpt lat="48.21336" lon="-1.50425"><ele>95.77</ele></trkpt><trkpt lat="48.21336" lon="-1.50427"><ele>95.82</ele></trkpt><trkpt lat="48.21336" lon="-1.50429"><ele>95.82</ele></trkpt><trkpt lat="48.21337" lon="-1.50432"><ele>95.89</ele></trkpt><trkpt lat="48.21338" lon="-1.50436"><ele>95.99</ele></trkpt><trkpt lat="48.21339" lon="-1.50438"><ele>95.99</ele></trkpt><trkpt lat="48.2134" lon="-1.5044"><ele>96.06</ele></trkpt><trkpt lat="48.21342" lon="-1.5044"><ele>96.08</ele></trkpt><trkpt lat="48.21344" lon="-1.50437"><ele>96.02</ele></trkpt><trkpt lat="48.21346" lon="-1.50435"><ele>96</ele></trkpt><trkpt lat="48.21347" lon="-1.50434"><ele>96</ele></trkpt><trkpt lat="48.21349" lon="-1.50434"><ele>96</ele></trkpt><trkpt lat="48.21349" lon="-1.50435"><ele>96</ele></trkpt><trkpt lat="48.21349" lon="-1.50438"><ele>96.06</ele></trkpt><trkpt lat="48.2135" lon="-1.50439"><ele>96.06</ele></trkpt><trkpt lat="48.21353" lon="-1.50444"><ele>96.11</ele></trkpt><trkpt lat="48.21353" lon="-1.50446"><ele>96.18</ele></trkpt><trkpt lat="48.21354" lon="-1.5045"><ele>96.2</ele></trkpt><trkpt lat="48.21357" lon="-1.50453"><ele>96.26</ele></trkpt><trkpt lat="48.21358" lon="-1.50456"><ele>96.26</ele></trkpt><trkpt lat="48.21361" lon="-1.50459"><ele>96.3</ele></trkpt><trkpt lat="48.21363" lon="-1.50463"><ele>96.3</ele></trkpt><trkpt lat="48.21365" lon="-1.50465"><ele>96.3</ele></trkpt><trkpt lat="48.21367" lon="-1.50469"><ele>96.35</ele></trkpt><trkpt lat="48.21369" lon="-1.50472"><ele>96.36</ele></trkpt><trkpt lat="48.21371" lon="-1.50475"><ele>96.4</ele></trkpt><trkpt lat="48.21372" lon="-1.50478"><ele>96.33</ele></trkpt><trkpt lat="48.21376" lon="-1.50479"><ele>96.29</ele></trkpt><trkpt lat="48.21378" lon="-1.50479"><ele>96.29</ele></trkpt><trkpt lat="48.21379" lon="-1.50478"><ele>96.26</ele></trkpt><trkpt lat="48.21381" lon="-1.50479"><ele>96.18</ele></trkpt><trkpt lat="48.21382" lon="-1.50479"><ele>96.18</ele></trkpt><trkpt lat="48.21382" lon="-1.50478"><ele>96.15</ele></trkpt><trkpt lat="48.21386" lon="-1.50477"><ele>96</ele></trkpt><trkpt lat="48.21385" lon="-1.50471"><ele>95.97</ele></trkpt></trkseg></trk></gpx>
