{
  "type": "FeatureCollection",
  "name": "deplacements_pdipr_01-06-2026",
  "features": [
    {
      "type": "Feature",
      "geometry": {
        "type": "LineString",
        "coordinates": [
          [
            -1.4327884931,
            48.3087454538
          ],
          [
            -1.4347166671,
            48.3087024417
          ],
          [
            -1.4350386228,
            48.3086527092
          ],
          [
            -1.4362739123,
            48.3082472022
          ],
          [
            -1.4377551412,
            48.307830666
          ]
        ]
      },
      "properties": {
        "CD_TRONC": 194,
        "INSEE_COM": "35178",
        "NOM_COM": "Mézières-sur-Couesnon",
        "INTERET": "Locale",
        "REVET": "Goudron",
        "STAT_JUR": "Voie Communale",
        "DATE_CP": null,
        "DATE_DEL": null,
        "PRAT_PED": "OUI",
        "PRAT_EQU": "NON",
        "ADMF_PED": "Fermé",
        "ADMF_EQU": null,
        "PRAT_VEL": "NON",
        "ADMF_VEL": null,
        "ITIN_PED": "Pédestre Local",
        "ITIN_EQU": null,
        "ITIN_VEL": null,
        "LONGUEUR": 388.81,
        "DATE_MAJ": "20220503131446",
        "DPCollSIRET": "22350001800013",
        "DPCollNom": "DEPARTEMENT D ILLE ET VILAINE",
        "DPCollModication": "2026-06-01T09:05:16.6143727Z"
      }
    },
    {
      "type": "Feature",
      "geometry": {
        "type": "LineString",
        "coordinates": [
          [
            -1.3902102627,
            48.2552204922
          ],
          [
            -1.38997481,
            48.2556083465
          ],
          [
            -1.3899322083,
            48.2563824402
          ]
        ]
      },
      "properties": {
        "CD_TRONC": 196,
        "INSEE_COM": "35253",
        "NOM_COM": "Saint-Aubin-du-Cormier",
        "INTERET": "Locale",
        "REVET": "Goudron",
        "STAT_JUR": "Voie Communale",
        "DATE_CP": null,
        "DATE_DEL": "19910328",
        "PRAT_PED": "OUI",
        "PRAT_EQU": "NON",
        "ADMF_PED": "Ouvert",
        "ADMF_EQU": null,
        "PRAT_VEL": "NON",
        "ADMF_VEL": null,
        "ITIN_PED": "Pédestre Local",
        "ITIN_EQU": null,
        "ITIN_VEL": null,
        "LONGUEUR": 132.61,
        "DATE_MAJ": "20220503131446",
        "DPCollSIRET": "22350001800013",
        "DPCollNom": "DEPARTEMENT D ILLE ET VILAINE",
        "DPCollModication": "2026-06-01T09:05:16.6159444Z"
      }
    },
    {
      "type": "Feature",
      "geometry": {
        "type": "LineString",
        "coordinates": [
          [
            -1.4324407967,
            48.2963526019
          ],
          [
            -1.4336823444,
            48.2967244572
          ],
          [
            -1.4339551465,
            48.2969108788
          ],
          [
            -1.4339538177,
            48.296949034
          ],
          [
            -1.433957623,
            48.2969871149
          ],
          [
            -1.4339665318,
            48.2970248146
          ],
          [
            -1.4339804724,
            48.2970618292
          ],
          [
            -1.4339993324,
            48.2970978603
          ],
          [
            -1.4340229597,
            48.2971326174
          ],
          [
            -1.4340511638,
            48.2971658204
          ],
          [
            -1.4340837175,
            48.2971972016
          ],
          [
            -1.4341203584,
            48.297226508
          ],
          [
            -1.434160791,
            48.2972535035
          ],
          [
            -1.4342046894,
            48.2972779704
          ],
          [
            -1.4342516998,
            48.2972997114
          ],
          [
            -1.4343014432,
            48.2973185513
          ],
          [
            -1.4343535186,
            48.2973343382
          ],
          [
            -1.4344075063,
            48.2973469449
          ],
          [
            -1.434462971,
            48.2973562698
          ],
          [
            -1.4352108528,
            48.2975248668
          ],
          [
            -1.4364753367,
            48.29854019
          ],
          [
            -1.4372505129,
            48.2988834848
          ],
          [
            -1.4388137215,
            48.299870836
          ],
          [
            -1.4389375569,
            48.2999817593
          ],
          [
            -1.4390756349,
            48.3000847615
          ],
          [
            -1.4392269134,
            48.3001790649
          ],
          [
            -1.4393902505,
            48.300263958
          ],
          [
            -1.4395644135,
            48.3003387999
          ],
          [
            -1.4397480877,
            48.3004030257
          ],
          [
            -1.4399398869,
            48.3004561507
          ],
          [
            -1.4401383633,
            48.3004977738
          ],
          [
            -1.4403420188,
            48.300527581
          ],
          [
            -1.4405493163,
            48.3005453471
          ],
          [
            -1.4407586912,
            48.3005509382
          ],
          [
            -1.4409419926,
            48.3005673497
          ],
          [
            -1.4411218185,
            48.3005948369
          ],
          [
            -1.4412966988,
            48.300633175
          ],
          [
            -1.4414652041,
            48.3006820506
          ],
          [
            -1.4416259567,
            48.3007410642
          ],
          [
            -1.4417776424,
            48.3008097334
          ],
          [
            -1.4419210026,
            48.3008888874
          ],
          [
            -1.4420748505,
            48.3009588208
          ],
          [
            -1.4422379294,
            48.3010189623
          ],
          [
            -1.4424089073,
            48.3010688208
          ],
          [
            -1.4425863874,
            48.3011079888
          ],
          [
            -1.44276892,
            48.3011361465
          ],
          [
            -1.442955014,
            48.3011530639
          ],
          [
            -1.4431431493,
            48.3011586027
          ],
          [
            -1.443331789,
            48.3011527177
          ],
          [
            -1.4438618882,
            48.3011330862
          ],
          [
            -1.4445753381,
            48.3011899495
          ],
          [
            -1.4451200906,
            48.3013284665
          ]
        ]
      },
      "properties": {
        "CD_TRONC": 210,
        "INSEE_COM": "35178",
        "NOM_COM": "Mézières-sur-Couesnon",
        "INTERET": "Locale",
        "REVET": "Goudron",
        "STAT_JUR": "Voie Communale",
        "DATE_CP": null,
        "DATE_DEL": null,
        "PRAT_PED": "OUI",
        "PRAT_EQU": "NON",
        "ADMF_PED": "Fermé",
        "ADMF_EQU": null,
        "PRAT_VEL": "NON",
        "ADMF_VEL": null,
        "ITIN_PED": "Pédestre Local",
        "ITIN_EQU": null,
        "ITIN_VEL": null,
        "LONGUEUR": 1143.03,
        "DATE_MAJ": "20220503131446",
        "DPCollSIRET": "22350001800013",
        "DPCollNom": "DEPARTEMENT D ILLE ET VILAINE",
        "DPCollModication": "2026-06-01T09:05:16.7641302Z"
      }
    },
    {
      "type": "Feature",
      "geometry": {
        "type": "LineString",
        "coordinates": [
          [
            -1.4725498092,
            48.254957786
          ],
          [
            -1.4722080716,
            48.254875348
          ],
          [
            -1.47176048,
            48.2547551901
          ],
          [
            -1.4714265421,
            48.2546068822
          ]
        ]
      },
      "properties": {
        "CD_TRONC": 211,
        "INSEE_COM": "35121",
        "NOM_COM": "Gosné",
        "INTERET": "Locale",
        "REVET": "Goudron",
        "STAT_JUR": "Voie Communale",
        "DATE_CP": "20030224",
        "DATE_DEL": "20020502",
        "PRAT_PED": "OUI",
        "PRAT_EQU": "NON",
        "ADMF_PED": "Ouvert",
        "ADMF_EQU": null,
        "PRAT_VEL": "NON",
        "ADMF_VEL": null,
        "ITIN_PED": "Pédestre Local",
        "ITIN_EQU": null,
        "ITIN_VEL": null,
        "LONGUEUR": 92.54,
        "DATE_MAJ": "20220503131446",
        "DPCollSIRET": "22350001800013",
        "DPCollNom": "DEPARTEMENT D ILLE ET VILAINE",
        "DPCollModication": "2026-06-01T09:05:16.7673375Z"
      }
    },
    {
      "type": "Feature",
      "geometry": {
        "type": "LineString",
        "coordinates": [
          [
            -1.369293351,
            48.2520769066
          ],
          [
            -1.3687478913,
            48.2533130567
          ],
          [
            -1.3668190144,
            48.2565959771
          ],
          [
            -1.3668139525,
            48.2566641151
          ]
        ]
      },
      "properties": {
        "CD_TRONC": 997,
        "INSEE_COM": "35253",
        "NOM_COM": "Saint-Aubin-du-Cormier",
        "INTERET": "Locale",
        "REVET": "Goudron",
        "STAT_JUR": "Chemin Rural",
        "DATE_CP": null,
        "DATE_DEL": "19910328",
        "PRAT_PED": "NON",
        "PRAT_EQU": "OUI",
        "ADMF_PED": null,
        "ADMF_EQU": "Ouvert",
        "PRAT_VEL": "NON",
        "ADMF_VEL": null,
        "ITIN_PED": null,
        "ITIN_EQU": "Equestre Local",
        "ITIN_VEL": null,
        "LONGUEUR": 542.76,
        "DATE_MAJ": "20220503131446",
        "DPCollSIRET": "22350001800013",
        "DPCollNom": "DEPARTEMENT D ILLE ET VILAINE",
        "DPCollModication": "2026-06-01T09:05:17.02947Z"
      }
    },
    {
      "type": "Feature",
      "geometry": {
        "type": "LineString",
        "coordinates": [
          [
            -1.361307562,
            48.2487277361
          ],
          [
            -1.365152839,
            48.2494797553
          ],
          [
            -1.3657068194,
            48.2496308046
          ]
        ]
      },
      "properties": {
        "CD_TRONC": 998,
        "INSEE_COM": "35253",
        "NOM_COM": "Saint-Aubin-du-Cormier",
        "INTERET": "Locale",
        "REVET": "Terre",
        "STAT_JUR": "Chemin Rural",
        "DATE_CP": null,
        "DATE_DEL": "19910328",
        "PRAT_PED": "NON",
        "PRAT_EQU": "OUI",
        "ADMF_PED": null,
        "ADMF_EQU": "Ouvert",
        "PRAT_VEL": "NON",
        "ADMF_VEL": null,
        "ITIN_PED": null,
        "ITIN_EQU": "Equestre Local",
        "ITIN_VEL": null,
        "LONGUEUR": 341.83,
        "DATE_MAJ": "20220503131446",
        "DPCollSIRET": "22350001800013",
        "DPCollNom": "DEPARTEMENT D ILLE ET VILAINE",
        "DPCollModication": "2026-06-01T09:05:17.0311181Z"
      }
    },
    {
      "type": "Feature",
      "geometry": {
        "type": "LineString",
        "coordinates": [
          [
            -1.4317624218,
            48.3120781234
          ],
          [
            -1.431549966,
            48.3121861119
          ],
          [
            -1.4318839358,
            48.312928173
          ],
          [
            -1.4319120953,
            48.3132752201
          ],
          [
            -1.4320230089,
            48.3133434678
          ],
          [
            -1.4322195823,
            48.3133676401
          ],
          [
            -1.4328231894,
            48.3132521976
          ],
          [
            -1.4339293463,
            48.3129764309
          ],
          [
            -1.4341646385,
            48.3129631025
          ],
          [
            -1.4351738757,
            48.3128198209
          ],
          [
            -1.4354512825,
            48.3128733971
          ],
          [
            -1.4357215678,
            48.3129867151
          ],
          [
            -1.4360889168,
            48.3129976677
          ],
          [
            -1.437203221,
            48.312965101
          ],
          [
            -1.4377074913,
            48.3130114459
          ]
        ]
      },
      "properties": {
        "CD_TRONC": 1025,
        "INSEE_COM": "35178",
        "NOM_COM": "Mézières-sur-Couesnon",
        "INTERET": "Départementale",
        "REVET": "Terre",
        "STAT_JUR": "Chemin Départemental",
        "DATE_CP": null,
        "DATE_DEL": null,
        "PRAT_PED": "OUI",
        "PRAT_EQU": "OUI",
        "ADMF_PED": "Ouvert",
        "ADMF_EQU": "Ouvert",
        "PRAT_VEL": "NON",
        "ADMF_VEL": null,
        "ITIN_PED": "Grande Randonnée",
        "ITIN_EQU": "Equibreizh",
        "ITIN_VEL": null,
        "LONGUEUR": 591.44,
        "DATE_MAJ": "20220503131446",
        "DPCollSIRET": "22350001800013",
        "DPCollNom": "DEPARTEMENT D ILLE ET VILAINE",
        "DPCollModication": "2026-06-01T09:05:17.0327032Z"
      }
    },
    {
      "type": "Feature",
      "geometry": {
        "type": "LineString",
        "coordinates": [
          [
            -1.4439923332,
            48.3098189411
          ],
          [
            -1.4444397421,
            48.3090224613
          ]
        ]
      },
      "properties": {
        "CD_TRONC": 5885,
        "INSEE_COM": "35178",
        "NOM_COM": "Mézières-sur-Couesnon",
        "INTERET": "Départementale",
        "REVET": "Goudron",
        "STAT_JUR": "Voie Communale",
        "DATE_CP": null,
        "DATE_DEL": null,
        "PRAT_PED": "OUI",
        "PRAT_EQU": "NON",
        "ADMF_PED": "Ouvert",
        "ADMF_EQU": null,
        "PRAT_VEL": "NON",
        "ADMF_VEL": null,
        "ITIN_PED": "Grande Randonnée",
        "ITIN_EQU": null,
        "ITIN_VEL": null,
        "LONGUEUR": 94.54,
        "DATE_MAJ": "20220503131446",
        "DPCollSIRET": "22350001800013",
        "DPCollNom": "DEPARTEMENT D ILLE ET VILAINE",
        "DPCollModication": "2026-06-01T09:05:17.0406815Z"
      }
    },
    {
      "type": "Feature",
      "geometry": {
        "type": "LineString",
        "coordinates": [
          [
            -1.4465951032,
            48.3080091659
          ],
          [
            -1.4465453042,
            48.3075890179
          ],
          [
            -1.4464350445,
            48.3072569772
          ]
        ]
      },
      "properties": {
        "CD_TRONC": 5886,
        "INSEE_COM": "35178",
        "NOM_COM": "Mézières-sur-Couesnon",
        "INTERET": "Départementale",
        "REVET": "Goudron",
        "STAT_JUR": "Voie Communale",
        "DATE_CP": null,
        "DATE_DEL": null,
        "PRAT_PED": "OUI",
        "PRAT_EQU": "NON",
        "ADMF_PED": "Ouvert",
        "ADMF_EQU": null,
        "PRAT_VEL": "NON",
        "ADMF_VEL": null,
        "ITIN_PED": "Grande Randonnée",
        "ITIN_EQU": null,
        "ITIN_VEL": null,
        "LONGUEUR": 84.64,
        "DATE_MAJ": "20220503131446",
        "DPCollSIRET": "22350001800013",
        "DPCollNom": "DEPARTEMENT D ILLE ET VILAINE",
        "DPCollModication": "2026-06-01T09:05:17.0418712Z"
      }
    },
    {
      "type": "Feature",
      "geometry": {
        "type": "LineString",
        "coordinates": [
          [
            -1.4044749859,
            48.3011217532
          ],
          [
            -1.4045060608,
            48.3011338117
          ],
          [
            -1.4045386957,
            48.3011439418
          ],
          [
            -1.4045726331,
            48.3011520638
          ],
          [
            -1.4046076053,
            48.3011581136
          ],
          [
            -1.4046433366,
            48.3011620435
          ],
          [
            -1.4048958486,
            48.3012842464
          ],
          [
            -1.4050728348,
            48.3013348236
          ],
          [
            -1.4052525985,
            48.3013810782
          ],
          [
            -1.4054349107,
            48.3014229514
          ],
          [
            -1.4056172594,
            48.3015778073
          ],
          [
            -1.4058565425,
            48.3018492776
          ],
          [
            -1.4063209907,
            48.3021466889
          ],
          [
            -1.4064201614,
            48.3021787559
          ],
          [
            -1.4067096523,
            48.3023839785
          ],
          [
            -1.4068862049,
            48.3025719525
          ],
          [
            -1.4073880783,
            48.3028808394
          ],
          [
            -1.4075989792,
            48.3031204615
          ],
          [
            -1.4077238075,
            48.3034076395
          ],
          [
            -1.4078508331,
            48.3035674167
          ],
          [
            -1.4079327315,
            48.3037260142
          ],
          [
            -1.4080030377,
            48.3037556742
          ],
          [
            -1.408623206,
            48.3039036251
          ],
          [
            -1.4089785339,
            48.3040072039
          ],
          [
            -1.4093320913,
            48.3041323045
          ],
          [
            -1.4096101014,
            48.3043472682
          ],
          [
            -1.4099020608,
            48.3046840015
          ],
          [
            -1.4103035194,
            48.3050223728
          ],
          [
            -1.4104015577,
            48.3051431727
          ],
          [
            -1.4106345468,
            48.3053390497
          ],
          [
            -1.4107311553,
            48.305381933
          ],
          [
            -1.4108209022,
            48.3054309451
          ],
          [
            -1.4109029625,
            48.3054856355
          ],
          [
            -1.410976582,
            48.3055455016
          ],
          [
            -1.4110410842,
            48.3056099933
          ],
          [
            -1.4114312001,
            48.3058128812
          ],
          [
            -1.4115529095,
            48.3059961086
          ],
          [
            -1.4116026975,
            48.3060425227
          ],
          [
            -1.4116421886,
            48.3061554936
          ],
          [
            -1.4117656977,
            48.3062937251
          ],
          [
            -1.4119083417,
            48.3063887551
          ],
          [
            -1.4125693728,
            48.306543783
          ],
          [
            -1.4130841333,
            48.3067039432
          ]
        ]
      },
      "properties": {
        "CD_TRONC": 5887,
        "INSEE_COM": "35178",
        "NOM_COM": "Mézières-sur-Couesnon",
        "INTERET": "Départementale",
        "REVET": "Goudron",
        "STAT_JUR": "Voie Communale",
        "DATE_CP": null,
        "DATE_DEL": null,
        "PRAT_PED": "OUI",
        "PRAT_EQU": "OUI",
        "ADMF_PED": "Ouvert",
        "ADMF_EQU": "Ouvert",
        "PRAT_VEL": "NON",
        "ADMF_VEL": null,
        "ITIN_PED": "Grande Randonnée",
        "ITIN_EQU": "Equibreizh",
        "ITIN_VEL": null,
        "LONGUEUR": 928.97,
        "DATE_MAJ": "20220503131446",
        "DPCollSIRET": "22350001800013",
        "DPCollNom": "DEPARTEMENT D ILLE ET VILAINE",
        "DPCollModication": "2026-06-01T09:05:17.0431993Z"
      }
    },
    {
      "type": "Feature",
      "geometry": {
        "type": "LineString",
        "coordinates": [
          [
            -1.4044749859,
            48.3011217532
          ],
          [
            -1.4044013357,
            48.301415302
          ],
          [
            -1.404350209,
            48.3018512106
          ],
          [
            -1.4039994462,
            48.3020221546
          ],
          [
            -1.403248043,
            48.3024311015
          ],
          [
            -1.4031667363,
            48.302527115
          ],
          [
            -1.4032071348,
            48.302582832
          ]
        ]
      },
      "properties": {
        "CD_TRONC": 5888,
        "INSEE_COM": "35178",
        "NOM_COM": "Mézières-sur-Couesnon",
        "INTERET": "Locale",
        "REVET": "Goudron",
        "STAT_JUR": "Voie Communale",
        "DATE_CP": "20030224",
        "DATE_DEL": "20020712",
        "PRAT_PED": "OUI",
        "PRAT_EQU": "NON",
        "ADMF_PED": "Ouvert",
        "ADMF_EQU": null,
        "PRAT_VEL": "NON",
        "ADMF_VEL": null,
        "ITIN_PED": "Pédestre Local",
        "ITIN_EQU": null,
        "ITIN_VEL": null,
        "LONGUEUR": 204.93,
        "DATE_MAJ": "20220503131446",
        "DPCollSIRET": "22350001800013",
        "DPCollNom": "DEPARTEMENT D ILLE ET VILAINE",
        "DPCollModication": "2026-06-01T09:05:17.0445314Z"
      }
    },
    {
      "type": "Feature",
      "geometry": {
        "type": "LineString",
        "coordinates": [
          [
            -1.4042483282,
            48.261273582
          ],
          [
            -1.4027374952,
            48.2614594389
          ],
          [
            -1.3996029941,
            48.2613517482
          ],
          [
            -1.3995325101,
            48.2615966521
          ],
          [
            -1.3993733839,
            48.2618290869
          ],
          [
            -1.3989979933,
            48.2617381566
          ],
          [
            -1.3980613431,
            48.2616395103
          ],
          [
            -1.3972498953,
            48.2615862661
          ],
          [
            -1.3966987186,
            48.261571017
          ],
          [
            -1.3964703105,
            48.2616152815
          ],
          [
            -1.3964404321,
            48.2615567869
          ]
        ]
      },
      "properties": {
        "CD_TRONC": 5890,
        "INSEE_COM": "35253",
        "NOM_COM": "Saint-Aubin-du-Cormier",
        "INTERET": "Départementale",
        "REVET": "Goudron",
        "STAT_JUR": "Voie Communale",
        "DATE_CP": "20030224",
        "DATE_DEL": "19910328",
        "PRAT_PED": "OUI",
        "PRAT_EQU": "OUI",
        "ADMF_PED": "Ouvert",
        "ADMF_EQU": "Ouvert",
        "PRAT_VEL": "NON",
        "ADMF_VEL": null,
        "ITIN_PED": "Grande Randonnée",
        "ITIN_EQU": "Equibreizh",
        "ITIN_VEL": null,
        "LONGUEUR": 629.02,
        "DATE_MAJ": "20220503131446",
        "DPCollSIRET": "22350001800013",
        "DPCollNom": "DEPARTEMENT D ILLE ET VILAINE",
        "DPCollModication": "2026-06-01T09:05:17.0472866Z"
      }
    },
    {
      "type": "Feature",
      "geometry": {
        "type": "LineString",
        "coordinates": [
          [
            -1.3964404321,
            48.2615567869
          ],
          [
            -1.3964362543,
            48.2614639546
          ],
          [
            -1.3961605393,
            48.2609674648
          ],
          [
            -1.3951833611,
            48.2612554554
          ],
          [
            -1.3949839631,
            48.2612614582
          ],
          [
            -1.3947516019,
            48.2610879273
          ],
          [
            -1.3946286169,
            48.2610208738
          ],
          [
            -1.3943918332,
            48.2609272576
          ],
          [
            -1.3936764849,
            48.2608628323
          ],
          [
            -1.3934657872,
            48.260743495
          ],
          [
            -1.393158904,
            48.2605725534
          ],
          [
            -1.3927703123,
            48.2606227686
          ],
          [
            -1.3926528339,
            48.2605842198
          ],
          [
            -1.3920772137,
            48.2607425146
          ]
        ]
      },
      "properties": {
        "CD_TRONC": 5891,
        "INSEE_COM": "35253",
        "NOM_COM": "Saint-Aubin-du-Cormier",
        "INTERET": "Départementale",
        "REVET": "Goudron",
        "STAT_JUR": "Voie Communale",
        "DATE_CP": "20030224",
        "DATE_DEL": "19910328",
        "PRAT_PED": "OUI",
        "PRAT_EQU": "OUI",
        "ADMF_PED": "Ouvert",
        "ADMF_EQU": "Ouvert",
        "PRAT_VEL": "NON",
        "ADMF_VEL": null,
        "ITIN_PED": "Grande Randonnée",
        "ITIN_EQU": "Equibreizh",
        "ITIN_VEL": null,
        "LONGUEUR": 410.35,
        "DATE_MAJ": "20220503131446",
        "DPCollSIRET": "22350001800013",
        "DPCollNom": "DEPARTEMENT D ILLE ET VILAINE",
        "DPCollModication": "2026-06-01T09:05:17.0490016Z"
      }
    },
    {
      "type": "Feature",
      "geometry": {
        "type": "LineString",
        "coordinates": [
          [
            -1.4074581814,
            48.2654567518
          ],
          [
            -1.4078727312,
            48.2647412622
          ],
          [
            -1.4066901105,
            48.2633784732
          ],
          [
            -1.4051555956,
            48.261554483
          ],
          [
            -1.4045924713,
            48.2613537395
          ],
          [
            -1.4042483282,
            48.261273582
          ]
        ]
      },
      "properties": {
        "CD_TRONC": 5892,
        "INSEE_COM": "35253",
        "NOM_COM": "Saint-Aubin-du-Cormier",
        "INTERET": "Départementale",
        "REVET": "Goudron",
        "STAT_JUR": "Voie Communale",
        "DATE_CP": "20030224",
        "DATE_DEL": "19910328",
        "PRAT_PED": "OUI",
        "PRAT_EQU": "OUI",
        "ADMF_PED": "Ouvert",
        "ADMF_EQU": "Ouvert",
        "PRAT_VEL": "NON",
        "ADMF_VEL": null,
        "ITIN_PED": "Grande Randonnée",
        "ITIN_EQU": "Equibreizh",
        "ITIN_VEL": null,
        "LONGUEUR": 567.25,
        "DATE_MAJ": "20220503131446",
        "DPCollSIRET": "22350001800013",
        "DPCollNom": "DEPARTEMENT D ILLE ET VILAINE",
        "DPCollModication": "2026-06-01T09:05:17.0505417Z"
      }
    },
    {
      "type": "Feature",
      "geometry": {
        "type": "LineString",
        "coordinates": [
          [
            -1.3899322083,
            48.2563824402
          ],
          [
            -1.3907728267,
            48.2563798079
          ],
          [
            -1.3920192769,
            48.2566839614
          ],
          [
            -1.3921498073,
            48.2567720949
          ],
          [
            -1.392338795,
            48.2569832314
          ],
          [
            -1.3926044898,
            48.2569722134
          ]
        ]
      },
      "properties": {
        "CD_TRONC": 73,
        "INSEE_COM": "35253",
        "NOM_COM": "Saint-Aubin-du-Cormier",
        "INTERET": "Locale",
        "REVET": "Goudron",
        "STAT_JUR": "Voie Communale",
        "DATE_CP": "20030224",
        "DATE_DEL": "19910328",
        "PRAT_PED": "OUI",
        "PRAT_EQU": "NON",
        "ADMF_PED": "Ouvert",
        "ADMF_EQU": null,
        "PRAT_VEL": "NON",
        "ADMF_VEL": null,
        "ITIN_PED": "Pédestre Local",
        "ITIN_EQU": null,
        "ITIN_VEL": null,
        "LONGUEUR": 221.76,
        "DATE_MAJ": "20220503131446",
        "DPCollSIRET": "22350001800013",
        "DPCollNom": "DEPARTEMENT D ILLE ET VILAINE",
        "DPCollModication": "2026-06-01T09:05:17.191593Z"
      }
    },
    {
      "type": "Feature",
      "geometry": {
        "type": "LineString",
        "coordinates": [
          [
            -1.4085812853,
            48.2840189816
          ],
          [
            -1.4086377639,
            48.2840935269
          ],
          [
            -1.4092825077,
            48.2842026022
          ],
          [
            -1.4098517634,
            48.2850245975
          ],
          [
            -1.4099586473,
            48.2862365907
          ],
          [
            -1.4102299321,
            48.2862765374
          ],
          [
            -1.4107620825,
            48.2862960197
          ],
          [
            -1.4115271924,
            48.2862817698
          ],
          [
            -1.412208062,
            48.2863493414
          ],
          [
            -1.4123692573,
            48.2864184286
          ],
          [
            -1.4128576644,
            48.2867471073
          ],
          [
            -1.4129862863,
            48.2869390074
          ],
          [
            -1.4128330687,
            48.2871073555
          ],
          [
            -1.4126657561,
            48.2874624029
          ],
          [
            -1.4125251039,
            48.2875105709
          ],
          [
            -1.4113253952,
            48.2873908382
          ],
          [
            -1.4112031218,
            48.287402554
          ],
          [
            -1.4110586907,
            48.287597495
          ],
          [
            -1.411015232,
            48.2879102648
          ],
          [
            -1.4108785644,
            48.2881979008
          ],
          [
            -1.4103772285,
            48.288674389
          ],
          [
            -1.410107527,
            48.2888453914
          ],
          [
            -1.409569379,
            48.2893304014
          ],
          [
            -1.4094868378,
            48.289366364
          ],
          [
            -1.4094094725,
            48.2894072659
          ],
          [
            -1.4093379684,
            48.2894527447
          ],
          [
            -1.4092729591,
            48.2895023974
          ],
          [
            -1.4090764838,
            48.2896039416
          ],
          [
            -1.4088931002,
            48.2897160526
          ],
          [
            -1.408724137,
            48.2898379182
          ],
          [
            -1.4085708182,
            48.2899686557
          ],
          [
            -1.4084342545,
            48.2901073179
          ],
          [
            -1.4083154353,
            48.2902529001
          ],
          [
            -1.4082152213,
            48.2904043478
          ],
          [
            -1.4081343386,
            48.2905605638
          ],
          [
            -1.4078931861,
            48.2908807035
          ],
          [
            -1.4071952301,
            48.291499622
          ],
          [
            -1.4067824748,
            48.2920808692
          ],
          [
            -1.4063349378,
            48.2928807818
          ],
          [
            -1.4061367468,
            48.2930741412
          ],
          [
            -1.4047024493,
            48.2949876263
          ],
          [
            -1.4038418618,
            48.2948366263
          ]
        ]
      },
      "properties": {
        "CD_TRONC": 5883,
        "INSEE_COM": "35178",
        "NOM_COM": "Mézières-sur-Couesnon",
        "INTERET": "Locale",
        "REVET": "Terre",
        "STAT_JUR": "Voie Communale",
        "DATE_CP": null,
        "DATE_DEL": null,
        "PRAT_PED": "OUI",
        "PRAT_EQU": "NON",
        "ADMF_PED": "Fermé",
        "ADMF_EQU": null,
        "PRAT_VEL": "NON",
        "ADMF_VEL": null,
        "ITIN_PED": "Pédestre Local",
        "ITIN_EQU": null,
        "ITIN_VEL": null,
        "LONGUEUR": 1776.47,
        "DATE_MAJ": "20220503131446",
        "DPCollSIRET": "22350001800013",
        "DPCollNom": "DEPARTEMENT D ILLE ET VILAINE",
        "DPCollModication": "2026-06-01T09:05:17.2391673Z"
      }
    },
    {
      "type": "Feature",
      "geometry": {
        "type": "LineString",
        "coordinates": [
          [
            -1.4327884931,
            48.3087454538
          ],
          [
            -1.4328227365,
            48.3083905251
          ],
          [
            -1.4325743521,
            48.3051012116
          ],
          [
            -1.4328414004,
            48.3041136446
          ],
          [
            -1.4327976741,
            48.303509676
          ],
          [
            -1.4326113688,
            48.3028252177
          ],
          [
            -1.4320127691,
            48.3009502625
          ],
          [
            -1.431934081,
            48.3004691841
          ],
          [
            -1.4322358738,
            48.2977912566
          ],
          [
            -1.4324407967,
            48.2963526019
          ]
        ]
      },
      "properties": {
        "CD_TRONC": 2577,
        "INSEE_COM": "35178",
        "NOM_COM": "Mézières-sur-Couesnon",
        "INTERET": "Locale",
        "REVET": "Goudron",
        "STAT_JUR": "Route Départementale",
        "DATE_CP": null,
        "DATE_DEL": null,
        "PRAT_PED": "OUI",
        "PRAT_EQU": "NON",
        "ADMF_PED": "Fermé",
        "ADMF_EQU": null,
        "PRAT_VEL": "NON",
        "ADMF_VEL": null,
        "ITIN_PED": "Pédestre Local",
        "ITIN_EQU": null,
        "ITIN_VEL": null,
        "LONGUEUR": 1387.6,
        "DATE_MAJ": "20220503131450",
        "DPCollSIRET": "22350001800013",
        "DPCollNom": "DEPARTEMENT D ILLE ET VILAINE",
        "DPCollModication": "2026-06-01T09:05:17.3047801Z"
      }
    },
    {
      "type": "Feature",
      "geometry": {
        "type": "LineString",
        "coordinates": [
          [
            -1.4729099119,
            48.2625624015
          ],
          [
            -1.4756370563,
            48.2629270549
          ]
        ]
      },
      "properties": {
        "CD_TRONC": 2578,
        "INSEE_COM": "35121",
        "NOM_COM": "Gosné",
        "INTERET": "Locale",
        "REVET": "Goudron",
        "STAT_JUR": "Voie Communale",
        "DATE_CP": "20030224",
        "DATE_DEL": "20020502",
        "PRAT_PED": "OUI",
        "PRAT_EQU": "NON",
        "ADMF_PED": "Ouvert",
        "ADMF_EQU": null,
        "PRAT_VEL": "NON",
        "ADMF_VEL": null,
        "ITIN_PED": "Pédestre Local",
        "ITIN_EQU": null,
        "ITIN_VEL": null,
        "LONGUEUR": 206.4,
        "DATE_MAJ": "20220503131450",
        "DPCollSIRET": "22350001800013",
        "DPCollNom": "DEPARTEMENT D ILLE ET VILAINE",
        "DPCollModication": "2026-06-01T09:05:17.3060948Z"
      }
    },
    {
      "type": "Feature",
      "geometry": {
        "type": "LineString",
        "coordinates": [
          [
            -1.4527420168,
            48.3148653967
          ],
          [
            -1.4517254915,
            48.3147917236
          ],
          [
            -1.4515038365,
            48.3147252127
          ]
        ]
      },
      "properties": {
        "CD_TRONC": 2579,
        "INSEE_COM": "35178",
        "NOM_COM": "Mézières-sur-Couesnon",
        "INTERET": "Départementale",
        "REVET": "Goudron",
        "STAT_JUR": "Voie Communale",
        "DATE_CP": null,
        "DATE_DEL": null,
        "PRAT_PED": "OUI",
        "PRAT_EQU": "OUI",
        "ADMF_PED": "Ouvert",
        "ADMF_EQU": "Ouvert",
        "PRAT_VEL": "NON",
        "ADMF_VEL": null,
        "ITIN_PED": "Pédestre Local",
        "ITIN_EQU": "Equibreizh",
        "ITIN_VEL": null,
        "LONGUEUR": 93.82,
        "DATE_MAJ": "20220503131450",
        "DPCollSIRET": "22350001800013",
        "DPCollNom": "DEPARTEMENT D ILLE ET VILAINE",
        "DPCollModication": "2026-06-01T09:05:17.3073569Z"
      }
    },
    {
      "type": "Feature",
      "geometry": {
        "type": "LineString",
        "coordinates": [
          [
            -1.4168405934,
            48.3093626092
          ],
          [
            -1.4170981109,
            48.3090003005
          ],
          [
            -1.4171771054,
            48.3088428506
          ],
          [
            -1.4173278571,
            48.3087227743
          ],
          [
            -1.4175293507,
            48.3086451504
          ],
          [
            -1.4178658923,
            48.3082348837
          ],
          [
            -1.4182512681,
            48.3076911805
          ],
          [
            -1.4184217204,
            48.3077291578
          ],
          [
            -1.418849891,
            48.3077718101
          ],
          [
            -1.418888275,
            48.3077754385
          ],
          [
            -1.418927084,
            48.3077768356
          ],
          [
            -1.4189660316,
            48.3077759911
          ],
          [
            -1.4190048302,
            48.3077729112
          ],
          [
            -1.4190431933,
            48.3077676188
          ],
          [
            -1.4190808376,
            48.3077601527
          ],
          [
            -1.4191174851,
            48.3077505683
          ],
          [
            -1.4191528654,
            48.3077389362
          ],
          [
            -1.4191867171,
            48.3077253424
          ],
          [
            -1.4192187903,
            48.3077098872
          ],
          [
            -1.4192488482,
            48.3076926847
          ],
          [
            -1.4192766689,
            48.3076738619
          ],
          [
            -1.4193020468,
            48.3076535579
          ],
          [
            -1.4193247947,
            48.3076319225
          ],
          [
            -1.4193447447,
            48.3076091155
          ],
          [
            -1.4193617492,
            48.3075853053
          ],
          [
            -1.4195346536,
            48.3073971623
          ],
          [
            -1.4197761195,
            48.3072593871
          ],
          [
            -1.4200284922,
            48.3070983139
          ],
          [
            -1.4205605963,
            48.3065147832
          ]
        ]
      },
      "properties": {
        "CD_TRONC": 2580,
        "INSEE_COM": "35178",
        "NOM_COM": "Mézières-sur-Couesnon",
        "INTERET": "Locale",
        "REVET": "Terre",
        "STAT_JUR": "Voie Communale",
        "DATE_CP": null,
        "DATE_DEL": null,
        "PRAT_PED": "OUI",
        "PRAT_EQU": "NON",
        "ADMF_PED": "Fermé",
        "ADMF_EQU": null,
        "PRAT_VEL": "NON",
        "ADMF_VEL": null,
        "ITIN_PED": "Pédestre Local",
        "ITIN_EQU": null,
        "ITIN_VEL": null,
        "LONGUEUR": 458.76,
        "DATE_MAJ": "20220503131450",
        "DPCollSIRET": "22350001800013",
        "DPCollNom": "DEPARTEMENT D ILLE ET VILAINE",
        "DPCollModication": "2026-06-01T09:05:17.3086394Z"
      }
    },
    {
      "type": "Feature",
      "geometry": {
        "type": "LineString",
        "coordinates": [
          [
            -1.4583430229,
            48.3004519081
          ],
          [
            -1.4631799371,
            48.3008107022
          ]
        ]
      },
      "properties": {
        "CD_TRONC": 2582,
        "INSEE_COM": "35178",
        "NOM_COM": "Mézières-sur-Couesnon",
        "INTERET": "Locale",
        "REVET": "Goudron",
        "STAT_JUR": "Voie Communale",
        "DATE_CP": null,
        "DATE_DEL": null,
        "PRAT_PED": "OUI",
        "PRAT_EQU": "NON",
        "ADMF_PED": "Fermé",
        "ADMF_EQU": null,
        "PRAT_VEL": "NON",
        "ADMF_VEL": null,
        "ITIN_PED": "Pédestre Local",
        "ITIN_EQU": null,
        "ITIN_VEL": null,
        "LONGUEUR": 360.9,
        "DATE_MAJ": "20220503131450",
        "DPCollSIRET": "22350001800013",
        "DPCollNom": "DEPARTEMENT D ILLE ET VILAINE",
        "DPCollModication": "2026-06-01T09:05:17.3117267Z"
      }
    },
    {
      "type": "Feature",
      "geometry": {
        "type": "LineString",
        "coordinates": [
          [
            -1.4610119112,
            48.3074104119
          ],
          [
            -1.461879059,
            48.3072680125
          ],
          [
            -1.4626509097,
            48.3085870861
          ],
          [
            -1.4628034053,
            48.3089379217
          ],
          [
            -1.4629403666,
            48.3099627806
          ],
          [
            -1.4631582937,
            48.3103408157
          ]
        ]
      },
      "properties": {
        "CD_TRONC": 2583,
        "INSEE_COM": "35178",
        "NOM_COM": "Mézières-sur-Couesnon",
        "INTERET": "Départementale",
        "REVET": "Goudron",
        "STAT_JUR": "Voie Communale",
        "DATE_CP": "20030224",
        "DATE_DEL": "20020712",
        "PRAT_PED": "OUI",
        "PRAT_EQU": "OUI",
        "ADMF_PED": "Ouvert",
        "ADMF_EQU": "Ouvert",
        "PRAT_VEL": "NON",
        "ADMF_VEL": null,
        "ITIN_PED": "Pédestre Local",
        "ITIN_EQU": "Equibreizh",
        "ITIN_VEL": null,
        "LONGUEUR": 423.58,
        "DATE_MAJ": "20220503131450",
        "DPCollSIRET": "22350001800013",
        "DPCollNom": "DEPARTEMENT D ILLE ET VILAINE",
        "DPCollModication": "2026-06-01T09:05:17.3128628Z"
      }
    },
    {
      "type": "Feature",
      "geometry": {
        "type": "LineString",
        "coordinates": [
          [
            -1.4692795847,
            48.2477136641
          ],
          [
            -1.4689944156,
            48.2478572372
          ],
          [
            -1.4685301225,
            48.2480023738
          ],
          [
            -1.4680420885,
            48.248078065
          ],
          [
            -1.4675650934,
            48.2482159855
          ]
        ]
      },
      "properties": {
        "CD_TRONC": 2584,
        "INSEE_COM": "35121",
        "NOM_COM": "Gosné",
        "INTERET": "Locale",
        "REVET": "Goudron",
        "STAT_JUR": "Voie Communale",
        "DATE_CP": "20030224",
        "DATE_DEL": "20020502",
        "PRAT_PED": "OUI",
        "PRAT_EQU": "NON",
        "ADMF_PED": "Ouvert",
        "ADMF_EQU": null,
        "PRAT_VEL": "NON",
        "ADMF_VEL": null,
        "ITIN_PED": "Pédestre Local",
        "ITIN_EQU": null,
        "ITIN_VEL": null,
        "LONGUEUR": 140.34,
        "DATE_MAJ": "20220503131450",
        "DPCollSIRET": "22350001800013",
        "DPCollNom": "DEPARTEMENT D ILLE ET VILAINE",
        "DPCollModication": "2026-06-01T09:05:17.3145078Z"
      }
    },
    {
      "type": "Feature",
      "geometry": {
        "type": "LineString",
        "coordinates": [
          [
            -1.4240738842,
            48.3075835122
          ],
          [
            -1.4239042282,
            48.307807753
          ],
          [
            -1.4230657505,
            48.3096358265
          ]
        ]
      },
      "properties": {
        "CD_TRONC": 2587,
        "INSEE_COM": "35178",
        "NOM_COM": "Mézières-sur-Couesnon",
        "INTERET": "Locale",
        "REVET": "Goudron",
        "STAT_JUR": "Voie Communale",
        "DATE_CP": null,
        "DATE_DEL": null,
        "PRAT_PED": "OUI",
        "PRAT_EQU": "NON",
        "ADMF_PED": "Fermé",
        "ADMF_EQU": null,
        "PRAT_VEL": "NON",
        "ADMF_VEL": null,
        "ITIN_PED": "Pédestre Local",
        "ITIN_EQU": null,
        "ITIN_VEL": null,
        "LONGUEUR": 240.4,
        "DATE_MAJ": "20220503131450",
        "DPCollSIRET": "22350001800013",
        "DPCollNom": "DEPARTEMENT D ILLE ET VILAINE",
        "DPCollModication": "2026-06-01T09:05:17.3190248Z"
      }
    },
    {
      "type": "Feature",
      "geometry": {
        "type": "LineString",
        "coordinates": [
          [
            -1.3616464297,
            48.2470539966
          ],
          [
            -1.361307562,
            48.2487277361
          ]
        ]
      },
      "properties": {
        "CD_TRONC": 1033,
        "INSEE_COM": "35253",
        "NOM_COM": "Saint-Aubin-du-Cormier",
        "INTERET": "Locale",
        "REVET": "Goudron",
        "STAT_JUR": "Route Départementale",
        "DATE_CP": null,
        "DATE_DEL": "19910328",
        "PRAT_PED": "NON",
        "PRAT_EQU": "OUI",
        "ADMF_PED": null,
        "ADMF_EQU": "Fermé",
        "PRAT_VEL": "NON",
        "ADMF_VEL": null,
        "ITIN_PED": null,
        "ITIN_EQU": "Equestre Local",
        "ITIN_VEL": null,
        "LONGUEUR": 187.71,
        "DATE_MAJ": "20220503131450",
        "DPCollSIRET": "22350001800013",
        "DPCollNom": "DEPARTEMENT D ILLE ET VILAINE",
        "DPCollModication": "2026-06-01T09:05:17.3581037Z"
      }
    },
    {
      "type": "Feature",
      "geometry": {
        "type": "LineString",
        "coordinates": [
          [
            -1.3716162372,
            48.2508357759
          ],
          [
            -1.3733744526,
            48.2523407305
          ],
          [
            -1.3704204049,
            48.2521067369
          ],
          [
            -1.369293351,
            48.2520769066
          ]
        ]
      },
      "properties": {
        "CD_TRONC": 1036,
        "INSEE_COM": "35253",
        "NOM_COM": "Saint-Aubin-du-Cormier",
        "INTERET": "Locale",
        "REVET": "Goudron",
        "STAT_JUR": "Route Départementale",
        "DATE_CP": null,
        "DATE_DEL": "19910328",
        "PRAT_PED": "NON",
        "PRAT_EQU": "OUI",
        "ADMF_PED": null,
        "ADMF_EQU": "Ouvert",
        "PRAT_VEL": "NON",
        "ADMF_VEL": null,
        "ITIN_PED": null,
        "ITIN_EQU": "Equestre Local",
        "ITIN_VEL": null,
        "LONGUEUR": 516.67,
        "DATE_MAJ": "20220503131450",
        "DPCollSIRET": "22350001800013",
        "DPCollNom": "DEPARTEMENT D ILLE ET VILAINE",
        "DPCollModication": "2026-06-01T09:05:17.3634611Z"
      }
    },
    {
      "type": "Feature",
      "geometry": {
        "type": "LineString",
        "coordinates": [
          [
            -1.4425131966,
            48.3130157013
          ],
          [
            -1.4424413531,
            48.3123616493
          ],
          [
            -1.4425343494,
            48.3121507227
          ],
          [
            -1.4428161372,
            48.3118897858
          ],
          [
            -1.4431280349,
            48.3113082224
          ]
        ]
      },
      "properties": {
        "CD_TRONC": 1045,
        "INSEE_COM": "35178",
        "NOM_COM": "Mézières-sur-Couesnon",
        "INTERET": "Départementale",
        "REVET": "Empierré",
        "STAT_JUR": "Chemin Rural",
        "DATE_CP": null,
        "DATE_DEL": null,
        "PRAT_PED": "OUI",
        "PRAT_EQU": "NON",
        "ADMF_PED": "Ouvert",
        "ADMF_EQU": null,
        "PRAT_VEL": "NON",
        "ADMF_VEL": null,
        "ITIN_PED": "Grande Randonnée",
        "ITIN_EQU": null,
        "ITIN_VEL": null,
        "LONGUEUR": 201.72,
        "DATE_MAJ": "20220503131450",
        "DPCollSIRET": "22350001800013",
        "DPCollNom": "DEPARTEMENT D ILLE ET VILAINE",
        "DPCollModication": "2026-06-01T09:05:17.3740295Z"
      }
    },
    {
      "type": "Feature",
      "geometry": {
        "type": "LineString",
        "coordinates": [
          [
            -1.3668139525,
            48.2566641151
          ],
          [
            -1.366817443,
            48.2569000271
          ],
          [
            -1.3671497143,
            48.2577424988
          ]
        ]
      },
      "properties": {
        "CD_TRONC": 1548,
        "INSEE_COM": "35253",
        "NOM_COM": "Saint-Aubin-du-Cormier",
        "INTERET": "Locale",
        "REVET": "Empierré",
        "STAT_JUR": "Chemin Rural",
        "DATE_CP": null,
        "DATE_DEL": "19910328",
        "PRAT_PED": "NON",
        "PRAT_EQU": "OUI",
        "ADMF_PED": null,
        "ADMF_EQU": "Ouvert",
        "PRAT_VEL": "NON",
        "ADMF_VEL": null,
        "ITIN_PED": null,
        "ITIN_EQU": "Equestre Local",
        "ITIN_VEL": null,
        "LONGUEUR": 123.05,
        "DATE_MAJ": "20220503131450",
        "DPCollSIRET": "22350001800013",
        "DPCollNom": "DEPARTEMENT D ILLE ET VILAINE",
        "DPCollModication": "2026-06-01T09:05:17.7442319Z"
      }
    },
    {
      "type": "Feature",
      "geometry": {
        "type": "LineString",
        "coordinates": [
          [
            -1.4453188889,
            48.2485263014
          ],
          [
            -1.445277273,
            48.248777753
          ],
          [
            -1.4451118307,
            48.2491437812
          ],
          [
            -1.4451393082,
            48.2494105197
          ],
          [
            -1.4452087644,
            48.2495566916
          ],
          [
            -1.4454425097,
            48.2497882405
          ],
          [
            -1.445723777,
            48.2500752265
          ],
          [
            -1.4455743108,
            48.2508762876
          ],
          [
            -1.4457606546,
            48.2519336672
          ],
          [
            -1.4458897663,
            48.2526174202
          ],
          [
            -1.4457004514,
            48.2527771476
          ],
          [
            -1.4449070807,
            48.2528527875
          ],
          [
            -1.4444591543,
            48.253012038
          ],
          [
            -1.4436973672,
            48.2533427573
          ],
          [
            -1.4434742361,
            48.2535419028
          ],
          [
            -1.443182566,
            48.2539782493
          ],
          [
            -1.4426203047,
            48.2548978351
          ],
          [
            -1.4421154657,
            48.2562254908
          ]
        ]
      },
      "properties": {
        "CD_TRONC": 5873,
        "INSEE_COM": "35121",
        "NOM_COM": "Gosné",
        "INTERET": "Locale",
        "REVET": "Goudron",
        "STAT_JUR": "Voie Communale",
        "DATE_CP": "20030224",
        "DATE_DEL": "20020502",
        "PRAT_PED": "OUI",
        "PRAT_EQU": "NON",
        "ADMF_PED": "Ouvert",
        "ADMF_EQU": null,
        "PRAT_VEL": "NON",
        "ADMF_VEL": null,
        "ITIN_PED": "Pédestre Local",
        "ITIN_EQU": null,
        "ITIN_VEL": null,
        "LONGUEUR": 1001.79,
        "DATE_MAJ": "20220503131450",
        "DPCollSIRET": "22350001800013",
        "DPCollNom": "DEPARTEMENT D ILLE ET VILAINE",
        "DPCollModication": "2026-06-01T09:05:17.8070306Z"
      }
    },
    {
      "type": "Feature",
      "geometry": {
        "type": "LineString",
        "coordinates": [
          [
            -1.4624206604,
            48.2988707256
          ],
          [
            -1.4674808474,
            48.2989899013
          ]
        ]
      },
      "properties": {
        "CD_TRONC": 5874,
        "INSEE_COM": "35178",
        "NOM_COM": "Mézières-sur-Couesnon",
        "INTERET": "Locale",
        "REVET": "Goudron",
        "STAT_JUR": "Voie Communale",
        "DATE_CP": null,
        "DATE_DEL": null,
        "PRAT_PED": "OUI",
        "PRAT_EQU": "NON",
        "ADMF_PED": "Fermé",
        "ADMF_EQU": null,
        "PRAT_VEL": "NON",
        "ADMF_VEL": null,
        "ITIN_PED": "Pédestre Local",
        "ITIN_EQU": null,
        "ITIN_VEL": null,
        "LONGUEUR": 375.49,
        "DATE_MAJ": "20220503131450",
        "DPCollSIRET": "22350001800013",
        "DPCollNom": "DEPARTEMENT D ILLE ET VILAINE",
        "DPCollModication": "2026-06-01T09:05:17.8084113Z"
      }
    },
    {
      "type": "Feature",
      "geometry": {
        "type": "LineString",
        "coordinates": [
          [
            -1.4690590347,
            48.3148389183
          ],
          [
            -1.4704247158,
            48.3152617793
          ],
          [
            -1.4706907566,
            48.3153637858
          ]
        ]
      },
      "properties": {
        "CD_TRONC": 5876,
        "INSEE_COM": "35178",
        "NOM_COM": "Mézières-sur-Couesnon",
        "INTERET": "Départementale",
        "REVET": "Goudron",
        "STAT_JUR": "Voie Communale",
        "DATE_CP": "20030224",
        "DATE_DEL": "20020712",
        "PRAT_PED": "OUI",
        "PRAT_EQU": "OUI",
        "ADMF_PED": "Ouvert",
        "ADMF_EQU": "Ouvert",
        "PRAT_VEL": "NON",
        "ADMF_VEL": null,
        "ITIN_PED": "Pédestre Local",
        "ITIN_EQU": "Equibreizh",
        "ITIN_VEL": null,
        "LONGUEUR": 134.37,
        "DATE_MAJ": "20220503131450",
        "DPCollSIRET": "22350001800013",
        "DPCollNom": "DEPARTEMENT D ILLE ET VILAINE",
        "DPCollModication": "2026-06-01T09:05:17.8118149Z"
      }
    },
    {
      "type": "Feature",
      "geometry": {
        "type": "LineString",
        "coordinates": [
          [
            -1.3590181352,
            48.215809639
          ],
          [
            -1.35948131,
            48.2158232375
          ],
          [
            -1.3613234472,
            48.2159552805
          ],
          [
            -1.3625765139,
            48.2161636163
          ],
          [
            -1.3625344297,
            48.216258637
          ]
        ]
      },
      "properties": {
        "CD_TRONC": 5877,
        "INSEE_COM": "35154",
        "NOM_COM": "Livré-sur-Changeon",
        "INTERET": "Départementale",
        "REVET": "Goudron",
        "STAT_JUR": "Voie Communale",
        "DATE_CP": "20030224",
        "DATE_DEL": "19910510",
        "PRAT_PED": "OUI",
        "PRAT_EQU": "OUI",
        "ADMF_PED": "Ouvert",
        "ADMF_EQU": "Ouvert",
        "PRAT_VEL": "NON",
        "ADMF_VEL": null,
        "ITIN_PED": "Grande Randonnée",
        "ITIN_EQU": "Equibreizh",
        "ITIN_VEL": null,
        "LONGUEUR": 278.97,
        "DATE_MAJ": "20220503131450",
        "DPCollSIRET": "22350001800013",
        "DPCollNom": "DEPARTEMENT D ILLE ET VILAINE",
        "DPCollModication": "2026-06-01T09:05:17.8135495Z"
      }
    },
    {
      "type": "Feature",
      "geometry": {
        "type": "LineString",
        "coordinates": [
          [
            -1.3682993016,
            48.2327346017
          ],
          [
            -1.3682770761,
            48.2331929808
          ],
          [
            -1.3683091321,
            48.2343696235
          ],
          [
            -1.3682534723,
            48.234575818
          ],
          [
            -1.3677799876,
            48.2351830579
          ]
        ]
      },
      "properties": {
        "CD_TRONC": 5878,
        "INSEE_COM": "35154",
        "NOM_COM": "Livré-sur-Changeon",
        "INTERET": "Locale",
        "REVET": "Goudron",
        "STAT_JUR": "Voie Communale",
        "DATE_CP": null,
        "DATE_DEL": "19910510",
        "PRAT_PED": "OUI",
        "PRAT_EQU": "NON",
        "ADMF_PED": "Fermé",
        "ADMF_EQU": null,
        "PRAT_VEL": "NON",
        "ADMF_VEL": null,
        "ITIN_PED": "Pédestre Local",
        "ITIN_EQU": null,
        "ITIN_VEL": null,
        "LONGUEUR": 281.15,
        "DATE_MAJ": "20220503131450",
        "DPCollSIRET": "22350001800013",
        "DPCollNom": "DEPARTEMENT D ILLE ET VILAINE",
        "DPCollModication": "2026-06-01T09:05:17.8149325Z"
      }
    },
    {
      "type": "Feature",
      "geometry": {
        "type": "LineString",
        "coordinates": [
          [
            -1.3626782318,
            48.2280679854
          ],
          [
            -1.3624375223,
            48.2282457311
          ],
          [
            -1.3620185054,
            48.2286352865
          ],
          [
            -1.3613628053,
            48.2291094497
          ],
          [
            -1.3611474885,
            48.2292156359
          ],
          [
            -1.3609271293,
            48.2292781373
          ],
          [
            -1.3597239242,
            48.2295209477
          ],
          [
            -1.3594576079,
            48.2296318759
          ],
          [
            -1.3585501303,
            48.2300850146
          ],
          [
            -1.3579186171,
            48.2302747021
          ],
          [
            -1.3562475006,
            48.2306768489
          ],
          [
            -1.3550513834,
            48.2309455748
          ],
          [
            -1.3546631866,
            48.2310414351
          ]
        ]
      },
      "properties": {
        "CD_TRONC": 5882,
        "INSEE_COM": "35154",
        "NOM_COM": "Livré-sur-Changeon",
        "INTERET": "Locale",
        "REVET": "Goudron",
        "STAT_JUR": "Voie Communale",
        "DATE_CP": null,
        "DATE_DEL": "19971010",
        "PRAT_PED": "OUI",
        "PRAT_EQU": "NON",
        "ADMF_PED": "Ouvert",
        "ADMF_EQU": null,
        "PRAT_VEL": "NON",
        "ADMF_VEL": null,
        "ITIN_PED": "Pédestre Local",
        "ITIN_EQU": null,
        "ITIN_VEL": null,
        "LONGUEUR": 697.86,
        "DATE_MAJ": "20220503131450",
        "DPCollSIRET": "22350001800013",
        "DPCollNom": "DEPARTEMENT D ILLE ET VILAINE",
        "DPCollModication": "2026-06-01T09:05:17.8186329Z"
      }
    },
    {
      "type": "Feature",
      "geometry": {
        "type": "LineString",
        "coordinates": [
          [
            -1.4325138346,
            48.3091951475
          ],
          [
            -1.432557046,
            48.3091628889
          ],
          [
            -1.4327884931,
            48.3087454538
          ]
        ]
      },
      "properties": {
        "CD_TRONC": 17062,
        "INSEE_COM": "35178",
        "NOM_COM": "Mézières-sur-Couesnon",
        "INTERET": "Locale",
        "REVET": "Goudron",
        "STAT_JUR": "Route Départementale",
        "DATE_CP": null,
        "DATE_DEL": null,
        "PRAT_PED": "OUI",
        "PRAT_EQU": "OUI",
        "ADMF_PED": "Fermé",
        "ADMF_EQU": "Ouvert",
        "PRAT_VEL": "NON",
        "ADMF_VEL": null,
        "ITIN_PED": "Pédestre Local",
        "ITIN_EQU": "Equibreizh",
        "ITIN_VEL": null,
        "LONGUEUR": 54.28,
        "DATE_MAJ": "20220503131450",
        "DPCollSIRET": "22350001800013",
        "DPCollNom": "DEPARTEMENT D ILLE ET VILAINE",
        "DPCollModication": "2026-06-01T09:05:17.8424034Z"
      }
    },
    {
      "type": "Feature",
      "geometry": {
        "type": "LineString",
        "coordinates": [
          [
            -1.4201088426,
            48.2725147409
          ],
          [
            -1.4200161279,
            48.270957526
          ],
          [
            -1.4197673785,
            48.2695898288
          ],
          [
            -1.4176515098,
            48.2692365314
          ],
          [
            -1.4157373441,
            48.2688655353
          ],
          [
            -1.4143030592,
            48.268794259
          ],
          [
            -1.4130262528,
            48.2680968455
          ],
          [
            -1.4117892794,
            48.2679562404
          ],
          [
            -1.4107181788,
            48.2674952871
          ],
          [
            -1.4099760291,
            48.2673068518
          ],
          [
            -1.408341694,
            48.2664814299
          ]
        ]
      },
      "properties": {
        "CD_TRONC": 1019,
        "INSEE_COM": "35253",
        "NOM_COM": "Saint-Aubin-du-Cormier",
        "INTERET": "Locale",
        "REVET": "Terre",
        "STAT_JUR": "Voie Privée",
        "DATE_CP": null,
        "DATE_DEL": "19910328",
        "PRAT_PED": "OUI",
        "PRAT_EQU": "OUI",
        "ADMF_PED": "Fermé",
        "ADMF_EQU": "Fermé",
        "PRAT_VEL": "NON",
        "ADMF_VEL": null,
        "ITIN_PED": "Pédestre Local",
        "ITIN_EQU": "Equestre Local",
        "ITIN_VEL": null,
        "LONGUEUR": 1263.84,
        "DATE_MAJ": "20220503131450",
        "DPCollSIRET": "22350001800013",
        "DPCollNom": "DEPARTEMENT D ILLE ET VILAINE",
        "DPCollModication": "2026-06-01T09:05:18.2488652Z"
      }
    },
    {
      "type": "Feature",
      "geometry": {
        "type": "LineString",
        "coordinates": [
          [
            -1.4252047194,
            48.3107728556
          ],
          [
            -1.4250214488,
            48.3107683652
          ],
          [
            -1.4249023523,
            48.3107273993
          ],
          [
            -1.4248161048,
            48.310745946
          ],
          [
            -1.4247555088,
            48.3108446349
          ],
          [
            -1.4246957799,
            48.3109054437
          ],
          [
            -1.4246114335,
            48.3109626679
          ],
          [
            -1.424494981,
            48.3110075763
          ],
          [
            -1.4243006859,
            48.3110103404
          ],
          [
            -1.4240495037,
            48.3109791872
          ],
          [
            -1.4235317285,
            48.3109385476
          ],
          [
            -1.4230756096,
            48.3108869432
          ],
          [
            -1.422200192,
            48.3106774441
          ],
          [
            -1.4217011241,
            48.3105065194
          ],
          [
            -1.4214268779,
            48.3104419801
          ],
          [
            -1.4211682165,
            48.3104045367
          ],
          [
            -1.4206054924,
            48.3104573708
          ],
          [
            -1.4203160171,
            48.3104366527
          ],
          [
            -1.418954324,
            48.3100342783
          ],
          [
            -1.4180584693,
            48.3100139895
          ],
          [
            -1.4173495817,
            48.3099707829
          ],
          [
            -1.4171088046,
            48.3099347209
          ],
          [
            -1.4170220927,
            48.3098905218
          ],
          [
            -1.4169690361,
            48.3097984644
          ],
          [
            -1.4169325166,
            48.3096691645
          ],
          [
            -1.416868914,
            48.3095390741
          ],
          [
            -1.4168405934,
            48.3093626092
          ],
          [
            -1.416749734,
            48.3094227743
          ],
          [
            -1.4166471968,
            48.3094725619
          ],
          [
            -1.4164532085,
            48.3094789064
          ],
          [
            -1.4162324722,
            48.3094240716
          ],
          [
            -1.4160965498,
            48.3094462694
          ]
        ]
      },
      "properties": {
        "CD_TRONC": 1024,
        "INSEE_COM": "35178",
        "NOM_COM": "Mézières-sur-Couesnon",
        "INTERET": "Départementale",
        "REVET": "Terre",
        "STAT_JUR": "Chemin Départemental",
        "DATE_CP": null,
        "DATE_DEL": null,
        "PRAT_PED": "OUI",
        "PRAT_EQU": "OUI",
        "ADMF_PED": "Ouvert",
        "ADMF_EQU": "Ouvert",
        "PRAT_VEL": "NON",
        "ADMF_VEL": null,
        "ITIN_PED": "Grande Randonnée",
        "ITIN_EQU": "Equibreizh",
        "ITIN_VEL": null,
        "LONGUEUR": 768.54,
        "DATE_MAJ": "20220503131450",
        "DPCollSIRET": "22350001800013",
        "DPCollNom": "DEPARTEMENT D ILLE ET VILAINE",
        "DPCollModication": "2026-06-01T09:05:18.252923Z"
      }
    },
    {
      "type": "Feature",
      "geometry": {
        "type": "LineString",
        "coordinates": [
          [
            -1.3506715414,
            48.206079535
          ],
          [
            -1.3510429043,
            48.2063290942
          ],
          [
            -1.3518290169,
            48.2068990459
          ],
          [
            -1.3522386091,
            48.2072978578
          ],
          [
            -1.3534477674,
            48.2081697876
          ],
          [
            -1.3537546711,
            48.2083787767
          ],
          [
            -1.3542919979,
            48.2089245115
          ],
          [
            -1.354763166,
            48.2092505866
          ]
        ]
      },
      "properties": {
        "CD_TRONC": 3044,
        "INSEE_COM": "35154",
        "NOM_COM": "Livré-sur-Changeon",
        "INTERET": "Départementale",
        "REVET": "Terre",
        "STAT_JUR": "Chemin d'Exploitation",
        "DATE_CP": "20030224",
        "DATE_DEL": "19910510",
        "PRAT_PED": "OUI",
        "PRAT_EQU": "OUI",
        "ADMF_PED": "Ouvert",
        "ADMF_EQU": "Ouvert",
        "PRAT_VEL": "NON",
        "ADMF_VEL": null,
        "ITIN_PED": "Grande Randonnée",
        "ITIN_EQU": "Equibreizh",
        "ITIN_VEL": null,
        "LONGUEUR": 466.71,
        "DATE_MAJ": "20220503131450",
        "DPCollSIRET": "22350001800013",
        "DPCollNom": "DEPARTEMENT D ILLE ET VILAINE",
        "DPCollModication": "2026-06-01T09:05:18.5991561Z"
      }
    },
    {
      "type": "Feature",
      "geometry": {
        "type": "LineString",
        "coordinates": [
          [
            -1.4631273699,
            48.2534869851
          ],
          [
            -1.4630583846,
            48.2531152382
          ],
          [
            -1.4629953616,
            48.2521817334
          ],
          [
            -1.4628854856,
            48.2508637214
          ]
        ]
      },
      "properties": {
        "CD_TRONC": 3046,
        "INSEE_COM": "35121",
        "NOM_COM": "Gosné",
        "INTERET": "Locale",
        "REVET": "Terre",
        "STAT_JUR": "Chemin d'Exploitation",
        "DATE_CP": "20030224",
        "DATE_DEL": "20020502",
        "PRAT_PED": "OUI",
        "PRAT_EQU": "NON",
        "ADMF_PED": "Ouvert",
        "ADMF_EQU": null,
        "PRAT_VEL": "NON",
        "ADMF_VEL": null,
        "ITIN_PED": "Pédestre Local",
        "ITIN_EQU": null,
        "ITIN_VEL": null,
        "LONGUEUR": 292.2,
        "DATE_MAJ": "20220503131450",
        "DPCollSIRET": "22350001800013",
        "DPCollNom": "DEPARTEMENT D ILLE ET VILAINE",
        "DPCollModication": "2026-06-01T09:05:18.6026682Z"
      }
    },
    {
      "type": "Feature",
      "geometry": {
        "type": "LineString",
        "coordinates": [
          [
            -1.3619449664,
            48.2187066973
          ],
          [
            -1.3620900437,
            48.2188215059
          ],
          [
            -1.3622834962,
            48.2191414839
          ],
          [
            -1.362371239,
            48.2195464343
          ],
          [
            -1.3622516582,
            48.2197225243
          ],
          [
            -1.3626369018,
            48.2201870554
          ],
          [
            -1.3625940696,
            48.2205834799
          ],
          [
            -1.3619419792,
            48.2213266847
          ],
          [
            -1.3618397305,
            48.2214363259
          ]
        ]
      },
      "properties": {
        "CD_TRONC": 3050,
        "INSEE_COM": "35154",
        "NOM_COM": "Livré-sur-Changeon",
        "INTERET": "Départementale",
        "REVET": "Terre",
        "STAT_JUR": "Chemin d'Exploitation",
        "DATE_CP": "20030224",
        "DATE_DEL": "19910510",
        "PRAT_PED": "OUI",
        "PRAT_EQU": "OUI",
        "ADMF_PED": "Ouvert",
        "ADMF_EQU": "Ouvert",
        "PRAT_VEL": "NON",
        "ADMF_VEL": null,
        "ITIN_PED": "Grande Randonnée",
        "ITIN_EQU": "Equibreizh",
        "ITIN_VEL": null,
        "LONGUEUR": 335.33,
        "DATE_MAJ": "20220503131450",
        "DPCollSIRET": "22350001800013",
        "DPCollNom": "DEPARTEMENT D ILLE ET VILAINE",
        "DPCollModication": "2026-06-01T09:05:18.6079827Z"
      }
    },
    {
      "type": "Feature",
      "geometry": {
        "type": "LineString",
        "coordinates": [
          [
            -1.4756370563,
            48.2629270549
          ],
          [
            -1.4761215738,
            48.2622201935
          ],
          [
            -1.4763381099,
            48.2619318181
          ]
        ]
      },
      "properties": {
        "CD_TRONC": 2738,
        "INSEE_COM": "35121",
        "NOM_COM": "Gosné",
        "INTERET": "Locale",
        "REVET": "Terre",
        "STAT_JUR": "Chemin d'Exploitation",
        "DATE_CP": "20030224",
        "DATE_DEL": "20020502",
        "PRAT_PED": "OUI",
        "PRAT_EQU": "NON",
        "ADMF_PED": "Ouvert",
        "ADMF_EQU": null,
        "PRAT_VEL": "NON",
        "ADMF_VEL": null,
        "ITIN_PED": "Pédestre Local",
        "ITIN_EQU": null,
        "ITIN_VEL": null,
        "LONGUEUR": 122.25,
        "DATE_MAJ": "20220503131455",
        "DPCollSIRET": "22350001800013",
        "DPCollNom": "DEPARTEMENT D ILLE ET VILAINE",
        "DPCollModication": "2026-06-01T09:05:19.0532705Z"
      }
    },
    {
      "type": "Feature",
      "geometry": {
        "type": "LineString",
        "coordinates": [
          [
            -1.4677471972,
            48.2554618863
          ],
          [
            -1.4678218706,
            48.2554161422
          ],
          [
            -1.4678412563,
            48.2550553601
          ]
        ]
      },
      "properties": {
        "CD_TRONC": 2739,
        "INSEE_COM": "35121",
        "NOM_COM": "Gosné",
        "INTERET": "Locale",
        "REVET": "Terre",
        "STAT_JUR": "Chemin d'Exploitation",
        "DATE_CP": "20030224",
        "DATE_DEL": "20020502",
        "PRAT_PED": "OUI",
        "PRAT_EQU": "NON",
        "ADMF_PED": "Ouvert",
        "ADMF_EQU": null,
        "PRAT_VEL": "NON",
        "ADMF_VEL": null,
        "ITIN_PED": "Pédestre Local",
        "ITIN_EQU": null,
        "ITIN_VEL": null,
        "LONGUEUR": 47.64,
        "DATE_MAJ": "20220503131455",
        "DPCollSIRET": "22350001800013",
        "DPCollNom": "DEPARTEMENT D ILLE ET VILAINE",
        "DPCollModication": "2026-06-01T09:05:19.0547476Z"
      }
    },
    {
      "type": "Feature",
      "geometry": {
        "type": "LineString",
        "coordinates": [
          [
            -1.4376995539,
            48.3086324338
          ],
          [
            -1.4377534151,
            48.3091179154
          ],
          [
            -1.437882587,
            48.3095998468
          ],
          [
            -1.4371636193,
            48.3101089692
          ],
          [
            -1.436131528,
            48.3102050571
          ],
          [
            -1.4362697413,
            48.3108127191
          ],
          [
            -1.4366997336,
            48.3115370479
          ],
          [
            -1.4366776646,
            48.3117342159
          ]
        ]
      },
      "properties": {
        "CD_TRONC": 1003,
        "INSEE_COM": "35178",
        "NOM_COM": "Mézières-sur-Couesnon",
        "INTERET": "Locale",
        "REVET": "Terre",
        "STAT_JUR": "Chemin Départemental",
        "DATE_CP": null,
        "DATE_DEL": null,
        "PRAT_PED": "OUI",
        "PRAT_EQU": "NON",
        "ADMF_PED": "Fermé",
        "ADMF_EQU": null,
        "PRAT_VEL": "NON",
        "ADMF_VEL": null,
        "ITIN_PED": "Pédestre Local",
        "ITIN_EQU": null,
        "ITIN_VEL": null,
        "LONGUEUR": 440.4,
        "DATE_MAJ": "20220503131455",
        "DPCollSIRET": "22350001800013",
        "DPCollNom": "DEPARTEMENT D ILLE ET VILAINE",
        "DPCollModication": "2026-06-01T09:05:19.0598568Z"
      }
    },
    {
      "type": "Feature",
      "geometry": {
        "type": "LineString",
        "coordinates": [
          [
            -1.4712056196,
            48.2629935243
          ],
          [
            -1.4719516536,
            48.2631053702
          ],
          [
            -1.472851865,
            48.2628775554
          ],
          [
            -1.4729099119,
            48.2625624015
          ]
        ]
      },
      "properties": {
        "CD_TRONC": 6983,
        "INSEE_COM": "35121",
        "NOM_COM": "Gosné",
        "INTERET": "Locale",
        "REVET": "Terre",
        "STAT_JUR": "Voie Privée",
        "DATE_CP": "20030224",
        "DATE_DEL": "20020502",
        "PRAT_PED": "OUI",
        "PRAT_EQU": "NON",
        "ADMF_PED": "Ouvert",
        "ADMF_EQU": null,
        "PRAT_VEL": "NON",
        "ADMF_VEL": null,
        "ITIN_PED": "Pédestre Local",
        "ITIN_EQU": null,
        "ITIN_VEL": null,
        "LONGUEUR": 163.47,
        "DATE_MAJ": "20220503131455",
        "DPCollSIRET": "22350001800013",
        "DPCollNom": "DEPARTEMENT D ILLE ET VILAINE",
        "DPCollModication": "2026-06-01T09:05:19.3148996Z"
      }
    },
    {
      "type": "Feature",
      "geometry": {
        "type": "LineString",
        "coordinates": [
          [
            -1.4513967262,
            48.3028738933
          ],
          [
            -1.45296306,
            48.3033084632
          ],
          [
            -1.4531954787,
            48.3033521638
          ],
          [
            -1.4537659278,
            48.3033783626
          ],
          [
            -1.4542923358,
            48.3034753629
          ],
          [
            -1.4543720597,
            48.3034461319
          ],
          [
            -1.454463206,
            48.3030874339
          ],
          [
            -1.454500329,
            48.302987685
          ],
          [
            -1.4545499835,
            48.30289017
          ],
          [
            -1.4546118041,
            48.3027956065
          ],
          [
            -1.454685336,
            48.3027046903
          ],
          [
            -1.454770038,
            48.3026180905
          ],
          [
            -1.4548652868,
            48.3025364443
          ],
          [
            -1.4549703816,
            48.3024603525
          ],
          [
            -1.455084549,
            48.3023903751
          ],
          [
            -1.4552069488,
            48.302327027
          ],
          [
            -1.4553366803,
            48.3022707743
          ],
          [
            -1.455472789,
            48.3022220311
          ],
          [
            -1.4567685322,
            48.3017821632
          ]
        ]
      },
      "properties": {
        "CD_TRONC": 978,
        "INSEE_COM": "35178",
        "NOM_COM": "Mézières-sur-Couesnon",
        "INTERET": "Départementale",
        "REVET": "Empierré",
        "STAT_JUR": "Chemin Rural",
        "DATE_CP": null,
        "DATE_DEL": null,
        "PRAT_PED": "OUI",
        "PRAT_EQU": "NON",
        "ADMF_PED": "Ouvert",
        "ADMF_EQU": null,
        "PRAT_VEL": "NON",
        "ADMF_VEL": null,
        "ITIN_PED": "Grande Randonnée",
        "ITIN_EQU": null,
        "ITIN_VEL": null,
        "LONGUEUR": 508.25,
        "DATE_MAJ": "20220503131455",
        "DPCollSIRET": "22350001800013",
        "DPCollNom": "DEPARTEMENT D ILLE ET VILAINE",
        "DPCollModication": "2026-06-01T09:05:19.6171137Z"
      }
    },
    {
      "type": "Feature",
      "geometry": {
        "type": "LineString",
        "coordinates": [
          [
            -1.4421154657,
            48.2562254908
          ],
          [
            -1.4416991244,
            48.2563152488
          ],
          [
            -1.4410405739,
            48.256402056
          ],
          [
            -1.4405087718,
            48.2565228733
          ],
          [
            -1.4397416262,
            48.256515517
          ],
          [
            -1.4388382425,
            48.2565682645
          ]
        ]
      },
      "properties": {
        "CD_TRONC": 979,
        "INSEE_COM": "35121",
        "NOM_COM": "Gosné",
        "INTERET": "Locale",
        "REVET": "Goudron",
        "STAT_JUR": "Chemin Rural",
        "DATE_CP": "20030224",
        "DATE_DEL": "20020502",
        "PRAT_PED": "OUI",
        "PRAT_EQU": "NON",
        "ADMF_PED": "Ouvert",
        "ADMF_EQU": null,
        "PRAT_VEL": "NON",
        "ADMF_VEL": null,
        "ITIN_PED": "Pédestre Local",
        "ITIN_EQU": null,
        "ITIN_VEL": null,
        "LONGUEUR": 248.23,
        "DATE_MAJ": "20220503131455",
        "DPCollSIRET": "22350001800013",
        "DPCollNom": "DEPARTEMENT D ILLE ET VILAINE",
        "DPCollModication": "2026-06-01T09:05:19.6183328Z"
      }
    },
    {
      "type": "Feature",
      "geometry": {
        "type": "LineString",
        "coordinates": [
          [
            -1.4631799371,
            48.3008107022
          ],
          [
            -1.4625061116,
            48.2989847211
          ],
          [
            -1.4624206604,
            48.2988707256
          ]
        ]
      },
      "properties": {
        "CD_TRONC": 964,
        "INSEE_COM": "35178",
        "NOM_COM": "Mézières-sur-Couesnon",
        "INTERET": "Locale",
        "REVET": "Goudron",
        "STAT_JUR": "Route Départementale",
        "DATE_CP": null,
        "DATE_DEL": null,
        "PRAT_PED": "OUI",
        "PRAT_EQU": "NON",
        "ADMF_PED": "Fermé",
        "ADMF_EQU": null,
        "PRAT_VEL": "NON",
        "ADMF_VEL": null,
        "ITIN_PED": "Pédestre Local",
        "ITIN_EQU": null,
        "ITIN_VEL": null,
        "LONGUEUR": 223.18,
        "DATE_MAJ": "20220503131455",
        "DPCollSIRET": "22350001800013",
        "DPCollNom": "DEPARTEMENT D ILLE ET VILAINE",
        "DPCollModication": "2026-06-01T09:05:19.8208718Z"
      }
    },
    {
      "type": "Feature",
      "geometry": {
        "type": "LineString",
        "coordinates": [
          [
            -1.4496741523,
            48.3024791214
          ],
          [
            -1.4513967262,
            48.3028738933
          ]
        ]
      },
      "properties": {
        "CD_TRONC": 969,
        "INSEE_COM": "35178",
        "NOM_COM": "Mézières-sur-Couesnon",
        "INTERET": "Locale",
        "REVET": "Empierré",
        "STAT_JUR": "Chemin Rural",
        "DATE_CP": null,
        "DATE_DEL": null,
        "PRAT_PED": "OUI",
        "PRAT_EQU": "NON",
        "ADMF_PED": "Fermé",
        "ADMF_EQU": null,
        "PRAT_VEL": "NON",
        "ADMF_VEL": null,
        "ITIN_PED": "Pédestre Local",
        "ITIN_EQU": null,
        "ITIN_VEL": null,
        "LONGUEUR": 135.06,
        "DATE_MAJ": "20220503131455",
        "DPCollSIRET": "22350001800013",
        "DPCollNom": "DEPARTEMENT D ILLE ET VILAINE",
        "DPCollModication": "2026-06-01T09:05:19.8267138Z"
      }
    },
    {
      "type": "Feature",
      "geometry": {
        "type": "LineString",
        "coordinates": [
          [
            -1.4568838673,
            48.3010786786
          ],
          [
            -1.4569705424,
            48.3005148691
          ],
          [
            -1.4577040335,
            48.3004461085
          ],
          [
            -1.4583430229,
            48.3004519081
          ]
        ]
      },
      "properties": {
        "CD_TRONC": 970,
        "INSEE_COM": "35178",
        "NOM_COM": "Mézières-sur-Couesnon",
        "INTERET": "Locale",
        "REVET": "Goudron",
        "STAT_JUR": "Chemin Rural",
        "DATE_CP": null,
        "DATE_DEL": null,
        "PRAT_PED": "OUI",
        "PRAT_EQU": "NON",
        "ADMF_PED": "Fermé",
        "ADMF_EQU": null,
        "PRAT_VEL": "NON",
        "ADMF_VEL": null,
        "ITIN_PED": "Pédestre Local",
        "ITIN_EQU": null,
        "ITIN_VEL": null,
        "LONGUEUR": 165.31,
        "DATE_MAJ": "20220503131455",
        "DPCollSIRET": "22350001800013",
        "DPCollNom": "DEPARTEMENT D ILLE ET VILAINE",
        "DPCollModication": "2026-06-01T09:05:19.8281596Z"
      }
    },
    {
      "type": "Feature",
      "geometry": {
        "type": "LineString",
        "coordinates": [
          [
            -1.4462878884,
            48.2562175292
          ],
          [
            -1.4462296879,
            48.2565326706
          ],
          [
            -1.4459842395,
            48.2565906842
          ],
          [
            -1.4458185589,
            48.2566852479
          ],
          [
            -1.4456072658,
            48.2569316391
          ],
          [
            -1.4452899479,
            48.2574025754
          ],
          [
            -1.4450314623,
            48.2576716036
          ],
          [
            -1.4449851557,
            48.2578104485
          ],
          [
            -1.4449991414,
            48.2583464086
          ],
          [
            -1.4452404684,
            48.2584028973
          ],
          [
            -1.4462087898,
            48.2586645018
          ],
          [
            -1.4469073389,
            48.2588498205
          ],
          [
            -1.4471295528,
            48.2588384747
          ],
          [
            -1.4479318277,
            48.259142083
          ],
          [
            -1.4480557898,
            48.2592357704
          ],
          [
            -1.448088826,
            48.2593626873
          ],
          [
            -1.4477974083,
            48.2599816787
          ],
          [
            -1.4477230889,
            48.2600530281
          ]
        ]
      },
      "properties": {
        "CD_TRONC": 2649,
        "INSEE_COM": "35121",
        "NOM_COM": "Gosné",
        "INTERET": "Locale",
        "REVET": "Goudron",
        "STAT_JUR": "Chemin Rural",
        "DATE_CP": "20030224",
        "DATE_DEL": "20020502",
        "PRAT_PED": "OUI",
        "PRAT_EQU": "NON",
        "ADMF_PED": "Ouvert",
        "ADMF_EQU": null,
        "PRAT_VEL": "NON",
        "ADMF_VEL": null,
        "ITIN_PED": "Pédestre Local",
        "ITIN_EQU": null,
        "ITIN_VEL": null,
        "LONGUEUR": 617.9,
        "DATE_MAJ": "20220503131500",
        "DPCollSIRET": "22350001800013",
        "DPCollNom": "DEPARTEMENT D ILLE ET VILAINE",
        "DPCollModication": "2026-06-01T09:05:20.5351454Z"
      }
    },
    {
      "type": "Feature",
      "geometry": {
        "type": "LineString",
        "coordinates": [
          [
            -1.4230657505,
            48.3096358265
          ],
          [
            -1.423113987,
            48.3098460159
          ],
          [
            -1.423776266,
            48.3099699739
          ],
          [
            -1.4244573292,
            48.3101420932
          ],
          [
            -1.4245864955,
            48.3102543816
          ],
          [
            -1.424826142,
            48.3103159884
          ],
          [
            -1.4250942543,
            48.3103588627
          ],
          [
            -1.4251947757,
            48.3104136747
          ],
          [
            -1.4252466447,
            48.3105324857
          ],
          [
            -1.4252370709,
            48.3106274633
          ],
          [
            -1.4252394394,
            48.3106877507
          ],
          [
            -1.4252047194,
            48.3107728556
          ]
        ]
      },
      "properties": {
        "CD_TRONC": 2650,
        "INSEE_COM": "35178",
        "NOM_COM": "Mézières-sur-Couesnon",
        "INTERET": "Locale",
        "REVET": "Terre",
        "STAT_JUR": "Voie Privée",
        "DATE_CP": null,
        "DATE_DEL": null,
        "PRAT_PED": "OUI",
        "PRAT_EQU": "NON",
        "ADMF_PED": "Fermé",
        "ADMF_EQU": null,
        "PRAT_VEL": "NON",
        "ADMF_VEL": null,
        "ITIN_PED": "Pédestre Local",
        "ITIN_EQU": null,
        "ITIN_VEL": null,
        "LONGUEUR": 234.31,
        "DATE_MAJ": "20220503131500",
        "DPCollSIRET": "22350001800013",
        "DPCollNom": "DEPARTEMENT D ILLE ET VILAINE",
        "DPCollModication": "2026-06-01T09:05:20.5365091Z"
      }
    },
    {
      "type": "Feature",
      "geometry": {
        "type": "LineString",
        "coordinates": [
          [
            -1.462918501,
            48.246214782
          ],
          [
            -1.4622110432,
            48.2468677705
          ],
          [
            -1.4615009684,
            48.2474848326
          ],
          [
            -1.46095918,
            48.2480064351
          ]
        ]
      },
      "properties": {
        "CD_TRONC": 989,
        "INSEE_COM": "35121",
        "NOM_COM": "Gosné",
        "INTERET": "Locale",
        "REVET": "Goudron",
        "STAT_JUR": "Route Départementale",
        "DATE_CP": "20030224",
        "DATE_DEL": "20020502",
        "PRAT_PED": "OUI",
        "PRAT_EQU": "NON",
        "ADMF_PED": "Ouvert",
        "ADMF_EQU": null,
        "PRAT_VEL": "NON",
        "ADMF_VEL": null,
        "ITIN_PED": "Pédestre Local",
        "ITIN_EQU": null,
        "ITIN_VEL": null,
        "LONGUEUR": 246.63,
        "DATE_MAJ": "20220503131500",
        "DPCollSIRET": "22350001800013",
        "DPCollNom": "DEPARTEMENT D ILLE ET VILAINE",
        "DPCollModication": "2026-06-01T09:05:20.6700759Z"
      }
    },
    {
      "type": "Feature",
      "geometry": {
        "type": "LineString",
        "coordinates": [
          [
            -1.4023513429,
            48.2321333815
          ],
          [
            -1.4018342936,
            48.2318210683
          ],
          [
            -1.4011872659,
            48.2316156488
          ],
          [
            -1.399148699,
            48.2312793029
          ],
          [
            -1.3984745741,
            48.2311301384
          ],
          [
            -1.3975445659,
            48.230735458
          ],
          [
            -1.3964524333,
            48.2301512742
          ]
        ]
      },
      "properties": {
        "CD_TRONC": 995,
        "INSEE_COM": "35253",
        "NOM_COM": "Saint-Aubin-du-Cormier",
        "INTERET": "Locale",
        "REVET": "Goudron",
        "STAT_JUR": "Route Départementale",
        "DATE_CP": "20030224",
        "DATE_DEL": "20020523",
        "PRAT_PED": "OUI",
        "PRAT_EQU": "OUI",
        "ADMF_PED": "Ouvert",
        "ADMF_EQU": "Fermé",
        "PRAT_VEL": "NON",
        "ADMF_VEL": null,
        "ITIN_PED": "Pédestre Local",
        "ITIN_EQU": "Equestre Local",
        "ITIN_VEL": null,
        "LONGUEUR": 499.29,
        "DATE_MAJ": "20220503131500",
        "DPCollSIRET": "22350001800013",
        "DPCollNom": "DEPARTEMENT D ILLE ET VILAINE",
        "DPCollModication": "2026-06-01T09:05:20.6752172Z"
      }
    },
    {
      "type": "Feature",
      "geometry": {
        "type": "LineString",
        "coordinates": [
          [
            -1.3657068194,
            48.2496308046
          ],
          [
            -1.3661881353,
            48.2496954116
          ],
          [
            -1.3716162372,
            48.2508357759
          ]
        ]
      },
      "properties": {
        "CD_TRONC": 1506,
        "INSEE_COM": "35253",
        "NOM_COM": "Saint-Aubin-du-Cormier",
        "INTERET": "Locale",
        "REVET": "Goudron",
        "STAT_JUR": "Chemin Rural",
        "DATE_CP": null,
        "DATE_DEL": "19910328",
        "PRAT_PED": "NON",
        "PRAT_EQU": "OUI",
        "ADMF_PED": null,
        "ADMF_EQU": "Ouvert",
        "PRAT_VEL": "NON",
        "ADMF_VEL": null,
        "ITIN_PED": null,
        "ITIN_EQU": "Equestre Local",
        "ITIN_VEL": null,
        "LONGUEUR": 458.82,
        "DATE_MAJ": "20220503131500",
        "DPCollSIRET": "22350001800013",
        "DPCollNom": "DEPARTEMENT D ILLE ET VILAINE",
        "DPCollModication": "2026-06-01T09:05:21.1172673Z"
      }
    },
    {
      "type": "Feature",
      "geometry": {
        "type": "LineString",
        "coordinates": [
          [
            -1.3804289382,
            48.2377156926
          ],
          [
            -1.3799642315,
            48.2407391361
          ]
        ]
      },
      "properties": {
        "CD_TRONC": 1512,
        "INSEE_COM": "35253",
        "NOM_COM": "Saint-Aubin-du-Cormier",
        "INTERET": "Locale",
        "REVET": "Empierré",
        "STAT_JUR": "Chemin Rural",
        "DATE_CP": null,
        "DATE_DEL": "19910328",
        "PRAT_PED": "NON",
        "PRAT_EQU": "OUI",
        "ADMF_PED": null,
        "ADMF_EQU": "Fermé",
        "PRAT_VEL": "NON",
        "ADMF_VEL": null,
        "ITIN_PED": null,
        "ITIN_EQU": "Equestre Local",
        "ITIN_VEL": null,
        "LONGUEUR": 337.79,
        "DATE_MAJ": "20220503131500",
        "DPCollSIRET": "22350001800013",
        "DPCollNom": "DEPARTEMENT D ILLE ET VILAINE",
        "DPCollModication": "2026-06-01T09:05:21.124113Z"
      }
    },
    {
      "type": "Feature",
      "geometry": {
        "type": "LineString",
        "coordinates": [
          [
            -1.3778580378,
            48.2462484425
          ],
          [
            -1.3777042266,
            48.2469921895
          ],
          [
            -1.3772252947,
            48.2491057811
          ]
        ]
      },
      "properties": {
        "CD_TRONC": 1513,
        "INSEE_COM": "35253",
        "NOM_COM": "Saint-Aubin-du-Cormier",
        "INTERET": "Locale",
        "REVET": "Goudron",
        "STAT_JUR": "Chemin Rural",
        "DATE_CP": null,
        "DATE_DEL": "19910328",
        "PRAT_PED": "NON",
        "PRAT_EQU": "OUI",
        "ADMF_PED": null,
        "ADMF_EQU": "Fermé",
        "PRAT_VEL": "NON",
        "ADMF_VEL": null,
        "ITIN_PED": null,
        "ITIN_EQU": "Equestre Local",
        "ITIN_VEL": null,
        "LONGUEUR": 321.03,
        "DATE_MAJ": "20220503131500",
        "DPCollSIRET": "22350001800013",
        "DPCollNom": "DEPARTEMENT D ILLE ET VILAINE",
        "DPCollModication": "2026-06-01T09:05:21.1254045Z"
      }
    },
    {
      "type": "Feature",
      "geometry": {
        "type": "LineString",
        "coordinates": [
          [
            -1.4670007051,
            48.259269428
          ],
          [
            -1.467014698,
            48.259055493
          ],
          [
            -1.4671252874,
            48.2585911178
          ],
          [
            -1.4672587746,
            48.2581020325
          ],
          [
            -1.4673069542,
            48.2572597019
          ],
          [
            -1.4672870348,
            48.2571090442
          ],
          [
            -1.4673039158,
            48.2569081146
          ],
          [
            -1.467336096,
            48.2568411453
          ],
          [
            -1.4675156431,
            48.2566258986
          ],
          [
            -1.4675510965,
            48.2565387176
          ],
          [
            -1.4675877807,
            48.2562345087
          ],
          [
            -1.4675860265,
            48.2560664728
          ],
          [
            -1.4676214721,
            48.2558529188
          ],
          [
            -1.4677106014,
            48.2555145352
          ],
          [
            -1.4677471972,
            48.2554618863
          ]
        ]
      },
      "properties": {
        "CD_TRONC": 1520,
        "INSEE_COM": "35121",
        "NOM_COM": "Gosné",
        "INTERET": "Locale",
        "REVET": "Terre",
        "STAT_JUR": "Chemin Rural",
        "DATE_CP": "20030224",
        "DATE_DEL": "20020502",
        "PRAT_PED": "OUI",
        "PRAT_EQU": "NON",
        "ADMF_PED": "Ouvert",
        "ADMF_EQU": null,
        "PRAT_VEL": "NON",
        "ADMF_VEL": null,
        "ITIN_PED": "Pédestre Local",
        "ITIN_EQU": null,
        "ITIN_VEL": null,
        "LONGUEUR": 430.53,
        "DATE_MAJ": "20220503131500",
        "DPCollSIRET": "22350001800013",
        "DPCollNom": "DEPARTEMENT D ILLE ET VILAINE",
        "DPCollModication": "2026-06-01T09:05:21.1346082Z"
      }
    },
    {
      "type": "Feature",
      "geometry": {
        "type": "LineString",
        "coordinates": [
          [
            -1.4431280349,
            48.3113082224
          ],
          [
            -1.4430368547,
            48.3112019708
          ],
          [
            -1.4431530375,
            48.3105037772
          ],
          [
            -1.4431629261,
            48.3103245838
          ],
          [
            -1.4433340984,
            48.310108334
          ],
          [
            -1.4435291063,
            48.3099627176
          ],
          [
            -1.4439923332,
            48.3098189411
          ]
        ]
      },
      "properties": {
        "CD_TRONC": 1476,
        "INSEE_COM": "35178",
        "NOM_COM": "Mézières-sur-Couesnon",
        "INTERET": "Départementale",
        "REVET": "Goudron",
        "STAT_JUR": "Chemin Rural",
        "DATE_CP": null,
        "DATE_DEL": null,
        "PRAT_PED": "OUI",
        "PRAT_EQU": "NON",
        "ADMF_PED": "Ouvert",
        "ADMF_EQU": null,
        "PRAT_VEL": "NON",
        "ADMF_VEL": null,
        "ITIN_PED": "Grande Randonnée",
        "ITIN_EQU": null,
        "ITIN_VEL": null,
        "LONGUEUR": 198.38,
        "DATE_MAJ": "20220503131500",
        "DPCollSIRET": "22350001800013",
        "DPCollNom": "DEPARTEMENT D ILLE ET VILAINE",
        "DPCollModication": "2026-06-01T09:05:21.2912474Z"
      }
    },
    {
      "type": "Feature",
      "geometry": {
        "type": "LineString",
        "coordinates": [
          [
            -1.4464350445,
            48.3072569772
          ],
          [
            -1.4464317705,
            48.3070067487
          ],
          [
            -1.4483169418,
            48.3046588271
          ],
          [
            -1.4485314812,
            48.3044910066
          ],
          [
            -1.4488638384,
            48.3043640543
          ],
          [
            -1.4490746125,
            48.3041939899
          ],
          [
            -1.4491301763,
            48.3041958223
          ],
          [
            -1.4491859185,
            48.3041945532
          ],
          [
            -1.4492414547,
            48.3041901913
          ],
          [
            -1.4492964016,
            48.3041827667
          ],
          [
            -1.4493503803,
            48.3041723307
          ],
          [
            -1.4494030184,
            48.3041589551
          ],
          [
            -1.4494539527,
            48.3041427324
          ],
          [
            -1.4495028319,
            48.3041237744
          ],
          [
            -1.4495493188,
            48.3041022119
          ],
          [
            -1.4503490476,
            48.3038813669
          ],
          [
            -1.4505342951,
            48.3038743938
          ],
          [
            -1.4505664415,
            48.3038772318
          ],
          [
            -1.4505989237,
            48.3038781569
          ],
          [
            -1.4506314902,
            48.3038771619
          ],
          [
            -1.4506638889,
            48.3038742545
          ],
          [
            -1.4506958687,
            48.3038694572
          ],
          [
            -1.4507271821,
            48.3038628073
          ],
          [
            -1.4507575866,
            48.3038543561
          ],
          [
            -1.4507868467,
            48.3038441691
          ],
          [
            -1.4508147359,
            48.3038323252
          ],
          [
            -1.4508410381,
            48.3038189162
          ],
          [
            -1.4508655497,
            48.3038040458
          ],
          [
            -1.4508880808,
            48.3037878293
          ],
          [
            -1.4509084571,
            48.3037703921
          ],
          [
            -1.4509265206,
            48.3037518694
          ],
          [
            -1.4509421315,
            48.3037324046
          ],
          [
            -1.4509551689,
            48.3037121484
          ],
          [
            -1.4509655319,
            48.3036912576
          ],
          [
            -1.4513967262,
            48.3028738933
          ]
        ]
      },
      "properties": {
        "CD_TRONC": 1497,
        "INSEE_COM": "35178",
        "NOM_COM": "Mézières-sur-Couesnon",
        "INTERET": "Départementale",
        "REVET": "Empierré",
        "STAT_JUR": "Chemin Rural",
        "DATE_CP": null,
        "DATE_DEL": null,
        "PRAT_PED": "OUI",
        "PRAT_EQU": "NON",
        "ADMF_PED": "Ouvert",
        "ADMF_EQU": null,
        "PRAT_VEL": "NON",
        "ADMF_VEL": null,
        "ITIN_PED": "Grande Randonnée",
        "ITIN_EQU": null,
        "ITIN_VEL": null,
        "LONGUEUR": 654.82,
        "DATE_MAJ": "20220503131500",
        "DPCollSIRET": "22350001800013",
        "DPCollNom": "DEPARTEMENT D ILLE ET VILAINE",
        "DPCollModication": "2026-06-01T09:05:21.3159948Z"
      }
    },
    {
      "type": "Feature",
      "geometry": {
        "type": "LineString",
        "coordinates": [
          [
            -1.46095918,
            48.2480064351
          ],
          [
            -1.4607264337,
            48.2479091111
          ],
          [
            -1.4598878088,
            48.2479150068
          ],
          [
            -1.45974886,
            48.2479670144
          ],
          [
            -1.4594212404,
            48.2480442413
          ],
          [
            -1.4584398143,
            48.2479553984
          ],
          [
            -1.4582310225,
            48.2479518352
          ],
          [
            -1.4579869214,
            48.2489148188
          ],
          [
            -1.4581258667,
            48.2490717145
          ]
        ]
      },
      "properties": {
        "CD_TRONC": 1498,
        "INSEE_COM": "35121",
        "NOM_COM": "Gosné",
        "INTERET": "Locale",
        "REVET": "Goudron",
        "STAT_JUR": "Chemin Rural",
        "DATE_CP": "20030224",
        "DATE_DEL": "20020502",
        "PRAT_PED": "OUI",
        "PRAT_EQU": "NON",
        "ADMF_PED": "Ouvert",
        "ADMF_EQU": null,
        "PRAT_VEL": "NON",
        "ADMF_VEL": null,
        "ITIN_PED": "Pédestre Local",
        "ITIN_EQU": null,
        "ITIN_VEL": null,
        "LONGUEUR": 338.08,
        "DATE_MAJ": "20220503131500",
        "DPCollSIRET": "22350001800013",
        "DPCollNom": "DEPARTEMENT D ILLE ET VILAINE",
        "DPCollModication": "2026-06-01T09:05:21.3181494Z"
      }
    },
    {
      "type": "Feature",
      "geometry": {
        "type": "LineString",
        "coordinates": [
          [
            -1.4421154657,
            48.2562254908
          ],
          [
            -1.4422159796,
            48.2561471983
          ],
          [
            -1.4428170453,
            48.256076905
          ],
          [
            -1.4437210202,
            48.2561054903
          ],
          [
            -1.4444387009,
            48.256200688
          ],
          [
            -1.4446678598,
            48.25621889
          ],
          [
            -1.4451234479,
            48.2562704035
          ],
          [
            -1.4456776777,
            48.2562852042
          ],
          [
            -1.4462878884,
            48.2562175292
          ]
        ]
      },
      "properties": {
        "CD_TRONC": 1499,
        "INSEE_COM": "35121",
        "NOM_COM": "Gosné",
        "INTERET": "Locale",
        "REVET": "Terre",
        "STAT_JUR": "Chemin Rural",
        "DATE_CP": "20030224",
        "DATE_DEL": "20020502",
        "PRAT_PED": "OUI",
        "PRAT_EQU": "NON",
        "ADMF_PED": "Ouvert",
        "ADMF_EQU": null,
        "PRAT_VEL": "NON",
        "ADMF_VEL": null,
        "ITIN_PED": "Pédestre Local",
        "ITIN_EQU": null,
        "ITIN_VEL": null,
        "LONGUEUR": 316.72,
        "DATE_MAJ": "20220503131500",
        "DPCollSIRET": "22350001800013",
        "DPCollNom": "DEPARTEMENT D ILLE ET VILAINE",
        "DPCollModication": "2026-06-01T09:05:21.3197278Z"
      }
    },
    {
      "type": "Feature",
      "geometry": {
        "type": "LineString",
        "coordinates": [
          [
            -1.4581258667,
            48.2490717145
          ],
          [
            -1.4573942915,
            48.2495056319
          ],
          [
            -1.4571959024,
            48.2495913286
          ],
          [
            -1.4568240043,
            48.2496854796
          ],
          [
            -1.4561670306,
            48.2497522356
          ],
          [
            -1.4556862506,
            48.2498085252
          ],
          [
            -1.4554049889,
            48.2497924309
          ],
          [
            -1.4548934111,
            48.2496534033
          ],
          [
            -1.4545278381,
            48.2495184051
          ],
          [
            -1.4543920035,
            48.2494319671
          ],
          [
            -1.454204784,
            48.2492444595
          ],
          [
            -1.4536118449,
            48.249055085
          ]
        ]
      },
      "properties": {
        "CD_TRONC": 8759,
        "INSEE_COM": "35121",
        "NOM_COM": "Gosné",
        "INTERET": "Locale",
        "REVET": "Terre",
        "STAT_JUR": "Chemin Rural",
        "DATE_CP": "20030224",
        "DATE_DEL": "20020502",
        "PRAT_PED": "OUI",
        "PRAT_EQU": "NON",
        "ADMF_PED": "Ouvert",
        "ADMF_EQU": null,
        "PRAT_VEL": "NON",
        "ADMF_VEL": null,
        "ITIN_PED": "Pédestre Local",
        "ITIN_EQU": null,
        "ITIN_VEL": null,
        "LONGUEUR": 385.97,
        "DATE_MAJ": "20220503131506",
        "DPCollSIRET": "22350001800013",
        "DPCollNom": "DEPARTEMENT D ILLE ET VILAINE",
        "DPCollModication": "2026-06-01T09:05:21.9038571Z"
      }
    },
    {
      "type": "Feature",
      "geometry": {
        "type": "LineString",
        "coordinates": [
          [
            -1.4747055165,
            48.2504917437
          ],
          [
            -1.4745295663,
            48.2503642852
          ],
          [
            -1.4739236662,
            48.2500087081
          ],
          [
            -1.472831082,
            48.2493347578
          ],
          [
            -1.4710558726,
            48.2483468607
          ],
          [
            -1.4703047387,
            48.2480146472
          ],
          [
            -1.4692795847,
            48.2477136641
          ]
        ]
      },
      "properties": {
        "CD_TRONC": 8760,
        "INSEE_COM": "35121",
        "NOM_COM": "Gosné",
        "INTERET": "Locale",
        "REVET": "Goudron",
        "STAT_JUR": "Route Départementale",
        "DATE_CP": "20030224",
        "DATE_DEL": "20020502",
        "PRAT_PED": "OUI",
        "PRAT_EQU": "NON",
        "ADMF_PED": "Ouvert",
        "ADMF_EQU": null,
        "PRAT_VEL": "NON",
        "ADMF_VEL": null,
        "ITIN_PED": "Pédestre Local",
        "ITIN_EQU": null,
        "ITIN_VEL": null,
        "LONGUEUR": 511.06,
        "DATE_MAJ": "20220503131506",
        "DPCollSIRET": "22350001800013",
        "DPCollNom": "DEPARTEMENT D ILLE ET VILAINE",
        "DPCollModication": "2026-06-01T09:05:21.9060505Z"
      }
    },
    {
      "type": "Feature",
      "geometry": {
        "type": "LineString",
        "coordinates": [
          [
            -1.3755484002,
            48.234433698
          ],
          [
            -1.375752714,
            48.2342365715
          ],
          [
            -1.3766158975,
            48.2333297077
          ],
          [
            -1.3767355693,
            48.2331435367
          ]
        ]
      },
      "properties": {
        "CD_TRONC": 8761,
        "INSEE_COM": "35154",
        "NOM_COM": "Livré-sur-Changeon",
        "INTERET": "Départementale",
        "REVET": "Empierré",
        "STAT_JUR": "Chemin Rural",
        "DATE_CP": "20030224",
        "DATE_DEL": "20020916",
        "PRAT_PED": "OUI",
        "PRAT_EQU": "OUI",
        "ADMF_PED": "Ouvert",
        "ADMF_EQU": "Fermé",
        "PRAT_VEL": "NON",
        "ADMF_VEL": null,
        "ITIN_PED": "Grande Randonnée",
        "ITIN_EQU": "Equestre Local",
        "ITIN_VEL": null,
        "LONGUEUR": 168.61,
        "DATE_MAJ": "20220503131506",
        "DPCollSIRET": "22350001800013",
        "DPCollNom": "DEPARTEMENT D ILLE ET VILAINE",
        "DPCollModication": "2026-06-01T09:05:21.9081162Z"
      }
    },
    {
      "type": "Feature",
      "geometry": {
        "type": "LineString",
        "coordinates": [
          [
            -1.3542742151,
            48.2433447686
          ],
          [
            -1.3543605932,
            48.2432021251
          ],
          [
            -1.3552602033,
            48.2408112268
          ],
          [
            -1.3552662056,
            48.2403921987
          ]
        ]
      },
      "properties": {
        "CD_TRONC": 8762,
        "INSEE_COM": "35154",
        "NOM_COM": "Livré-sur-Changeon",
        "INTERET": "Départementale",
        "REVET": "Terre",
        "STAT_JUR": "Chemin Rural",
        "DATE_CP": null,
        "DATE_DEL": "19910510",
        "PRAT_PED": "OUI",
        "PRAT_EQU": "OUI",
        "ADMF_PED": "Ouvert",
        "ADMF_EQU": "Ouvert",
        "PRAT_VEL": "NON",
        "ADMF_VEL": null,
        "ITIN_PED": "Grande Randonnée",
        "ITIN_EQU": "Equibreizh",
        "ITIN_VEL": null,
        "LONGUEUR": 337.66,
        "DATE_MAJ": "20220503131506",
        "DPCollSIRET": "22350001800013",
        "DPCollNom": "DEPARTEMENT D ILLE ET VILAINE",
        "DPCollModication": "2026-06-01T09:05:21.9103622Z"
      }
    },
    {
      "type": "Feature",
      "geometry": {
        "type": "LineString",
        "coordinates": [
          [
            -1.472138809,
            48.2560046156
          ],
          [
            -1.4725498092,
            48.254957786
          ]
        ]
      },
      "properties": {
        "CD_TRONC": 8765,
        "INSEE_COM": "35121",
        "NOM_COM": "Gosné",
        "INTERET": "Locale",
        "REVET": "Goudron",
        "STAT_JUR": "Chemin Rural",
        "DATE_CP": "20030224",
        "DATE_DEL": "20020502",
        "PRAT_PED": "OUI",
        "PRAT_EQU": "NON",
        "ADMF_PED": "Ouvert",
        "ADMF_EQU": null,
        "PRAT_VEL": "NON",
        "ADMF_VEL": null,
        "ITIN_PED": "Pédestre Local",
        "ITIN_EQU": null,
        "ITIN_VEL": null,
        "LONGUEUR": 120.28,
        "DATE_MAJ": "20220503131506",
        "DPCollSIRET": "22350001800013",
        "DPCollNom": "DEPARTEMENT D ILLE ET VILAINE",
        "DPCollModication": "2026-06-01T09:05:21.9138908Z"
      }
    },
    {
      "type": "Feature",
      "geometry": {
        "type": "LineString",
        "coordinates": [
          [
            -1.4739456793,
            48.2467471399
          ],
          [
            -1.4743124349,
            48.2466550446
          ],
          [
            -1.475121515,
            48.2463002123
          ],
          [
            -1.4752860026,
            48.2462403291
          ],
          [
            -1.4756405918,
            48.2462119878
          ],
          [
            -1.4758466252,
            48.2461684129
          ],
          [
            -1.4760462856,
            48.246154884
          ],
          [
            -1.4763184745,
            48.2462071589
          ],
          [
            -1.4767442689,
            48.2463340866
          ],
          [
            -1.4776319938,
            48.2460679459
          ],
          [
            -1.4777470427,
            48.2460039722
          ]
        ]
      },
      "properties": {
        "CD_TRONC": 8767,
        "INSEE_COM": "35121",
        "NOM_COM": "Gosné",
        "INTERET": "Locale",
        "REVET": "Terre",
        "STAT_JUR": "Chemin Rural",
        "DATE_CP": "20030224",
        "DATE_DEL": "20020502",
        "PRAT_PED": "OUI",
        "PRAT_EQU": "NON",
        "ADMF_PED": "Fermé",
        "ADMF_EQU": null,
        "PRAT_VEL": "NON",
        "ADMF_VEL": null,
        "ITIN_PED": "Pédestre Local",
        "ITIN_EQU": null,
        "ITIN_VEL": null,
        "LONGUEUR": 311.28,
        "DATE_MAJ": "20220503131506",
        "DPCollSIRET": "22350001800013",
        "DPCollNom": "DEPARTEMENT D ILLE ET VILAINE",
        "DPCollModication": "2026-06-01T09:05:21.915267Z"
      }
    },
    {
      "type": "Feature",
      "geometry": {
        "type": "LineString",
        "coordinates": [
          [
            -1.4297216851,
            48.2570106242
          ],
          [
            -1.4294351549,
            48.2569179604
          ],
          [
            -1.4290153417,
            48.2566674263
          ],
          [
            -1.4286111029,
            48.2563079192
          ],
          [
            -1.428129119,
            48.2560724466
          ],
          [
            -1.4278863482,
            48.2559936507
          ],
          [
            -1.4274833584,
            48.255344359
          ],
          [
            -1.4273900687,
            48.2550634826
          ],
          [
            -1.4271023303,
            48.2540350149
          ],
          [
            -1.4270461586,
            48.2537811843
          ],
          [
            -1.4265300461,
            48.2534437692
          ],
          [
            -1.4261414231,
            48.2530110913
          ],
          [
            -1.4266208921,
            48.2528664476
          ],
          [
            -1.42712542,
            48.252697596
          ],
          [
            -1.4286081158,
            48.2521921846
          ],
          [
            -1.429087963,
            48.252006153
          ]
        ]
      },
      "properties": {
        "CD_TRONC": 8768,
        "INSEE_COM": "35121",
        "NOM_COM": "Gosné",
        "INTERET": "Locale",
        "REVET": "Terre",
        "STAT_JUR": "Chemin Rural",
        "DATE_CP": "20030224",
        "DATE_DEL": "20020502",
        "PRAT_PED": "OUI",
        "PRAT_EQU": "NON",
        "ADMF_PED": "Ouvert",
        "ADMF_EQU": null,
        "PRAT_VEL": "NON",
        "ADMF_VEL": null,
        "ITIN_PED": "Pédestre Local",
        "ITIN_EQU": null,
        "ITIN_VEL": null,
        "LONGUEUR": 789.99,
        "DATE_MAJ": "20220503131506",
        "DPCollSIRET": "22350001800013",
        "DPCollNom": "DEPARTEMENT D ILLE ET VILAINE",
        "DPCollModication": "2026-06-01T09:05:21.9186413Z"
      }
    },
    {
      "type": "Feature",
      "geometry": {
        "type": "LineString",
        "coordinates": [
          [
            -1.4343607795,
            48.2593645666
          ],
          [
            -1.4336649423,
            48.2593429132
          ],
          [
            -1.4333347962,
            48.259329517
          ],
          [
            -1.4331786784,
            48.2593225316
          ],
          [
            -1.4328073043,
            48.2593184483
          ]
        ]
      },
      "properties": {
        "CD_TRONC": 8769,
        "INSEE_COM": "35121",
        "NOM_COM": "Gosné",
        "INTERET": "Départementale",
        "REVET": "Terre",
        "STAT_JUR": "Chemin Rural",
        "DATE_CP": "20030224",
        "DATE_DEL": "20020502",
        "PRAT_PED": "OUI",
        "PRAT_EQU": "OUI",
        "ADMF_PED": "Ouvert",
        "ADMF_EQU": "Ouvert",
        "PRAT_VEL": "NON",
        "ADMF_VEL": null,
        "ITIN_PED": "Pédestre Local",
        "ITIN_EQU": "Equibreizh",
        "ITIN_VEL": null,
        "LONGUEUR": 115.42,
        "DATE_MAJ": "20220503131506",
        "DPCollSIRET": "22350001800013",
        "DPCollNom": "DEPARTEMENT D ILLE ET VILAINE",
        "DPCollModication": "2026-06-01T09:05:21.9210738Z"
      }
    },
    {
      "type": "Feature",
      "geometry": {
        "type": "LineString",
        "coordinates": [
          [
            -1.4343607795,
            48.2593645666
          ],
          [
            -1.4340982994,
            48.2601108473
          ],
          [
            -1.4339364627,
            48.2607673755
          ],
          [
            -1.4338215324,
            48.2615060715
          ],
          [
            -1.4337515424,
            48.2616044661
          ]
        ]
      },
      "properties": {
        "CD_TRONC": 8770,
        "INSEE_COM": "35121",
        "NOM_COM": "Gosné",
        "INTERET": "Départementale",
        "REVET": "Terre",
        "STAT_JUR": "Chemin Rural",
        "DATE_CP": "20030224",
        "DATE_DEL": "20020502",
        "PRAT_PED": "OUI",
        "PRAT_EQU": "OUI",
        "ADMF_PED": "Ouvert",
        "ADMF_EQU": "Ouvert",
        "PRAT_VEL": "NON",
        "ADMF_VEL": null,
        "ITIN_PED": "Pédestre Local",
        "ITIN_EQU": "Equibreizh",
        "ITIN_VEL": null,
        "LONGUEUR": 253.8,
        "DATE_MAJ": "20220503131506",
        "DPCollSIRET": "22350001800013",
        "DPCollNom": "DEPARTEMENT D ILLE ET VILAINE",
        "DPCollModication": "2026-06-01T09:05:21.9234452Z"
      }
    },
    {
      "type": "Feature",
      "geometry": {
        "type": "LineString",
        "coordinates": [
          [
            -1.4322796777,
            48.2765397204
          ],
          [
            -1.4318144083,
            48.2766330119
          ],
          [
            -1.4303307287,
            48.2768157288
          ],
          [
            -1.4297797701,
            48.2766534483
          ],
          [
            -1.4283735897,
            48.2767881591
          ],
          [
            -1.4268049772,
            48.2767303497
          ],
          [
            -1.4260515473,
            48.2767544485
          ],
          [
            -1.4246433735,
            48.276862486
          ]
        ]
      },
      "properties": {
        "CD_TRONC": 6615,
        "INSEE_COM": "35178",
        "NOM_COM": "Mézières-sur-Couesnon",
        "INTERET": "Locale",
        "REVET": "Terre",
        "STAT_JUR": "Chemin Rural",
        "DATE_CP": null,
        "DATE_DEL": null,
        "PRAT_PED": "OUI",
        "PRAT_EQU": "NON",
        "ADMF_PED": "Fermé",
        "ADMF_EQU": null,
        "PRAT_VEL": "NON",
        "ADMF_VEL": null,
        "ITIN_PED": "Pédestre Local",
        "ITIN_EQU": null,
        "ITIN_VEL": null,
        "LONGUEUR": 575.72,
        "DATE_MAJ": "20220503131506",
        "DPCollSIRET": "22350001800013",
        "DPCollNom": "DEPARTEMENT D ILLE ET VILAINE",
        "DPCollModication": "2026-06-01T09:05:22.0018135Z"
      }
    },
    {
      "type": "Feature",
      "geometry": {
        "type": "LineString",
        "coordinates": [
          [
            -1.3677799876,
            48.2351830579
          ],
          [
            -1.3641806173,
            48.2352767024
          ]
        ]
      },
      "properties": {
        "CD_TRONC": 6616,
        "INSEE_COM": "35154",
        "NOM_COM": "Livré-sur-Changeon",
        "INTERET": "Départementale",
        "REVET": "Terre",
        "STAT_JUR": "Chemin d'Exploitation",
        "DATE_CP": "20030224",
        "DATE_DEL": "19910510",
        "PRAT_PED": "OUI",
        "PRAT_EQU": "OUI",
        "ADMF_PED": "Ouvert",
        "ADMF_EQU": "Fermé",
        "PRAT_VEL": "NON",
        "ADMF_VEL": null,
        "ITIN_PED": "Grande Randonnée",
        "ITIN_EQU": "Equestre Local",
        "ITIN_VEL": null,
        "LONGUEUR": 267.45,
        "DATE_MAJ": "20220503131506",
        "DPCollSIRET": "22350001800013",
        "DPCollNom": "DEPARTEMENT D ILLE ET VILAINE",
        "DPCollModication": "2026-06-01T09:05:22.0030979Z"
      }
    },
    {
      "type": "Feature",
      "geometry": {
        "type": "LineString",
        "coordinates": [
          [
            -1.3547019037,
            48.2381870964
          ],
          [
            -1.3547396024,
            48.2384455536
          ],
          [
            -1.3551657595,
            48.2400197527
          ],
          [
            -1.3552662056,
            48.2403921987
          ]
        ]
      },
      "properties": {
        "CD_TRONC": 6618,
        "INSEE_COM": "35154",
        "NOM_COM": "Livré-sur-Changeon",
        "INTERET": "Départementale",
        "REVET": "Goudron",
        "STAT_JUR": "Chemin d'Exploitation",
        "DATE_CP": "20030224",
        "DATE_DEL": "20020916",
        "PRAT_PED": "OUI",
        "PRAT_EQU": "OUI",
        "ADMF_PED": "Ouvert",
        "ADMF_EQU": "Ouvert",
        "PRAT_VEL": "NON",
        "ADMF_VEL": null,
        "ITIN_PED": "Grande Randonnée",
        "ITIN_EQU": "Equibreizh",
        "ITIN_VEL": null,
        "LONGUEUR": 248.72,
        "DATE_MAJ": "20220503131506",
        "DPCollSIRET": "22350001800013",
        "DPCollNom": "DEPARTEMENT D ILLE ET VILAINE",
        "DPCollModication": "2026-06-01T09:05:22.006825Z"
      }
    },
    {
      "type": "Feature",
      "geometry": {
        "type": "LineString",
        "coordinates": [
          [
            -1.3767355693,
            48.2331435367
          ],
          [
            -1.3776171522,
            48.2335599112
          ],
          [
            -1.3789487865,
            48.2343222187
          ],
          [
            -1.3796533635,
            48.2347464827
          ],
          [
            -1.3806700924,
            48.2353957027
          ],
          [
            -1.3816378234,
            48.2358344945
          ]
        ]
      },
      "properties": {
        "CD_TRONC": 6619,
        "INSEE_COM": "35154",
        "NOM_COM": "Livré-sur-Changeon",
        "INTERET": "Départementale",
        "REVET": "Empierré",
        "STAT_JUR": "Chemin d'Exploitation",
        "DATE_CP": "20030224",
        "DATE_DEL": "19910510",
        "PRAT_PED": "OUI",
        "PRAT_EQU": "OUI",
        "ADMF_PED": "Ouvert",
        "ADMF_EQU": "Fermé",
        "PRAT_VEL": "NON",
        "ADMF_VEL": null,
        "ITIN_PED": "Grande Randonnée",
        "ITIN_EQU": "Equestre Local",
        "ITIN_VEL": null,
        "LONGUEUR": 472.07,
        "DATE_MAJ": "20220503131506",
        "DPCollSIRET": "22350001800013",
        "DPCollNom": "DEPARTEMENT D ILLE ET VILAINE",
        "DPCollModication": "2026-06-01T09:05:22.0081906Z"
      }
    },
    {
      "type": "Feature",
      "geometry": {
        "type": "LineString",
        "coordinates": [
          [
            -1.35195982,
            48.246906314
          ],
          [
            -1.3532896622,
            48.2474590614
          ],
          [
            -1.3581114885,
            48.2481856821
          ],
          [
            -1.3613061389,
            48.2487277886
          ]
        ]
      },
      "properties": {
        "CD_TRONC": 6621,
        "INSEE_COM": "35154",
        "NOM_COM": "Livré-sur-Changeon",
        "INTERET": "Départementale",
        "REVET": "Terre",
        "STAT_JUR": "Chemin d'Exploitation",
        "DATE_CP": "20030224",
        "DATE_DEL": "19910510",
        "PRAT_PED": "OUI",
        "PRAT_EQU": "OUI",
        "ADMF_PED": "Ouvert",
        "ADMF_EQU": "Ouvert",
        "PRAT_VEL": "NON",
        "ADMF_VEL": null,
        "ITIN_PED": "Grande Randonnée",
        "ITIN_EQU": "Equibreizh",
        "ITIN_VEL": null,
        "LONGUEUR": 727.87,
        "DATE_MAJ": "20220503131506",
        "DPCollSIRET": "22350001800013",
        "DPCollNom": "DEPARTEMENT D ILLE ET VILAINE",
        "DPCollModication": "2026-06-01T09:05:22.0095749Z"
      }
    },
    {
      "type": "Feature",
      "geometry": {
        "type": "LineString",
        "coordinates": [
          [
            -1.3599382962,
            48.2171003751
          ],
          [
            -1.360212312,
            48.2175146608
          ],
          [
            -1.3602194744,
            48.2177738087
          ],
          [
            -1.3603071276,
            48.2179708522
          ],
          [
            -1.3606992118,
            48.2184494431
          ],
          [
            -1.3609778826,
            48.2185230748
          ],
          [
            -1.3619449664,
            48.2187066973
          ]
        ]
      },
      "properties": {
        "CD_TRONC": 6622,
        "INSEE_COM": "35154",
        "NOM_COM": "Livré-sur-Changeon",
        "INTERET": "Départementale",
        "REVET": "Terre",
        "STAT_JUR": "Chemin d'Exploitation",
        "DATE_CP": "20030224",
        "DATE_DEL": "19910510",
        "PRAT_PED": "OUI",
        "PRAT_EQU": "OUI",
        "ADMF_PED": "Ouvert",
        "ADMF_EQU": "Ouvert",
        "PRAT_VEL": "NON",
        "ADMF_VEL": null,
        "ITIN_PED": "Grande Randonnée",
        "ITIN_EQU": "Equibreizh",
        "ITIN_VEL": null,
        "LONGUEUR": 259.56,
        "DATE_MAJ": "20220503131506",
        "DPCollSIRET": "22350001800013",
        "DPCollNom": "DEPARTEMENT D ILLE ET VILAINE",
        "DPCollModication": "2026-06-01T09:05:22.0110734Z"
      }
    },
    {
      "type": "Feature",
      "geometry": {
        "type": "LineString",
        "coordinates": [
          [
            -1.3755484002,
            48.234433698
          ],
          [
            -1.3746428795,
            48.2343635638
          ],
          [
            -1.3721667394,
            48.2341863384
          ],
          [
            -1.3702802868,
            48.2338090235
          ],
          [
            -1.3702019924,
            48.2337714184
          ]
        ]
      },
      "properties": {
        "CD_TRONC": 6623,
        "INSEE_COM": "35154",
        "NOM_COM": "Livré-sur-Changeon",
        "INTERET": "Départementale",
        "REVET": "Terre",
        "STAT_JUR": "Chemin d'Exploitation",
        "DATE_CP": "20030224",
        "DATE_DEL": "19910510",
        "PRAT_PED": "OUI",
        "PRAT_EQU": "OUI",
        "ADMF_PED": "Ouvert",
        "ADMF_EQU": "Fermé",
        "PRAT_VEL": "NON",
        "ADMF_VEL": null,
        "ITIN_PED": "Grande Randonnée",
        "ITIN_EQU": "Equestre Local",
        "ITIN_VEL": null,
        "LONGUEUR": 405.96,
        "DATE_MAJ": "20220503131506",
        "DPCollSIRET": "22350001800013",
        "DPCollNom": "DEPARTEMENT D ILLE ET VILAINE",
        "DPCollModication": "2026-06-01T09:05:22.012584Z"
      }
    },
    {
      "type": "Feature",
      "geometry": {
        "type": "LineString",
        "coordinates": [
          [
            -1.3944019684,
            48.236660901
          ],
          [
            -1.3909180815,
            48.2376909544
          ],
          [
            -1.3893280267,
            48.2381391446
          ],
          [
            -1.388636379,
            48.2383627517
          ],
          [
            -1.3868493591,
            48.2382908641
          ],
          [
            -1.3859180885,
            48.2381657092
          ],
          [
            -1.3853648075,
            48.2379311149
          ],
          [
            -1.3842796997,
            48.2372632896
          ],
          [
            -1.3834271201,
            48.2367966214
          ],
          [
            -1.3816378234,
            48.2358344945
          ]
        ]
      },
      "properties": {
        "CD_TRONC": 6626,
        "INSEE_COM": "35154",
        "NOM_COM": "Livré-sur-Changeon",
        "INTERET": "Départementale",
        "REVET": "Terre",
        "STAT_JUR": "Chemin d'Exploitation",
        "DATE_CP": "20030224",
        "DATE_DEL": "19910510",
        "PRAT_PED": "OUI",
        "PRAT_EQU": "OUI",
        "ADMF_PED": "Ouvert",
        "ADMF_EQU": "Fermé",
        "PRAT_VEL": "NON",
        "ADMF_VEL": null,
        "ITIN_PED": "Grande Randonnée",
        "ITIN_EQU": "Equestre Local",
        "ITIN_VEL": null,
        "LONGUEUR": 1082.06,
        "DATE_MAJ": "20220503131506",
        "DPCollSIRET": "22350001800013",
        "DPCollNom": "DEPARTEMENT D ILLE ET VILAINE",
        "DPCollModication": "2026-06-01T09:05:22.0152655Z"
      }
    },
    {
      "type": "Feature",
      "geometry": {
        "type": "LineString",
        "coordinates": [
          [
            -1.3641806173,
            48.2352767024
          ],
          [
            -1.3640975113,
            48.2352784656
          ],
          [
            -1.362666123,
            48.2359203654
          ]
        ]
      },
      "properties": {
        "CD_TRONC": 6627,
        "INSEE_COM": "35154",
        "NOM_COM": "Livré-sur-Changeon",
        "INTERET": "Départementale",
        "REVET": "Terre",
        "STAT_JUR": "Chemin d'Exploitation",
        "DATE_CP": "20030224",
        "DATE_DEL": "19910510",
        "PRAT_PED": "OUI",
        "PRAT_EQU": "OUI",
        "ADMF_PED": "Ouvert",
        "ADMF_EQU": "Ouvert",
        "PRAT_VEL": "NON",
        "ADMF_VEL": null,
        "ITIN_PED": "Grande Randonnée",
        "ITIN_EQU": "Equibreizh",
        "ITIN_VEL": null,
        "LONGUEUR": 134.18,
        "DATE_MAJ": "20220503131506",
        "DPCollSIRET": "22350001800013",
        "DPCollNom": "DEPARTEMENT D ILLE ET VILAINE",
        "DPCollModication": "2026-06-01T09:05:22.0176094Z"
      }
    },
    {
      "type": "Feature",
      "geometry": {
        "type": "LineString",
        "coordinates": [
          [
            -1.3700564008,
            48.2337703269
          ],
          [
            -1.3696143321,
            48.2351070879
          ],
          [
            -1.3677799876,
            48.2351830579
          ]
        ]
      },
      "properties": {
        "CD_TRONC": 6628,
        "INSEE_COM": "35154",
        "NOM_COM": "Livré-sur-Changeon",
        "INTERET": "Départementale",
        "REVET": "Terre",
        "STAT_JUR": "Chemin d'Exploitation",
        "DATE_CP": "20030224",
        "DATE_DEL": "19910510",
        "PRAT_PED": "OUI",
        "PRAT_EQU": "OUI",
        "ADMF_PED": "Ouvert",
        "ADMF_EQU": "Fermé",
        "PRAT_VEL": "NON",
        "ADMF_VEL": null,
        "ITIN_PED": "Grande Randonnée",
        "ITIN_EQU": "Equestre Local",
        "ITIN_VEL": null,
        "LONGUEUR": 288.61,
        "DATE_MAJ": "20220503131506",
        "DPCollSIRET": "22350001800013",
        "DPCollNom": "DEPARTEMENT D ILLE ET VILAINE",
        "DPCollModication": "2026-06-01T09:05:22.0195676Z"
      }
    },
    {
      "type": "Feature",
      "geometry": {
        "type": "LineString",
        "coordinates": [
          [
            -1.4678412563,
            48.2550553601
          ],
          [
            -1.4676645242,
            48.2547186874
          ],
          [
            -1.4675176556,
            48.2546288659
          ],
          [
            -1.4669228809,
            48.2545834043
          ],
          [
            -1.4666410588,
            48.2546191892
          ]
        ]
      },
      "properties": {
        "CD_TRONC": 6631,
        "INSEE_COM": "35121",
        "NOM_COM": "Gosné",
        "INTERET": "Locale",
        "REVET": "Terre",
        "STAT_JUR": "Chemin Rural",
        "DATE_CP": "20030224",
        "DATE_DEL": "20020502",
        "PRAT_PED": "OUI",
        "PRAT_EQU": "NON",
        "ADMF_PED": "Ouvert",
        "ADMF_EQU": null,
        "PRAT_VEL": "NON",
        "ADMF_VEL": null,
        "ITIN_PED": "Pédestre Local",
        "ITIN_EQU": null,
        "ITIN_VEL": null,
        "LONGUEUR": 120.16,
        "DATE_MAJ": "20220503131506",
        "DPCollSIRET": "22350001800013",
        "DPCollNom": "DEPARTEMENT D ILLE ET VILAINE",
        "DPCollModication": "2026-06-01T09:05:22.02088Z"
      }
    },
    {
      "type": "Feature",
      "geometry": {
        "type": "LineString",
        "coordinates": [
          [
            -1.4628461022,
            48.2609013727
          ],
          [
            -1.4635880602,
            48.2609657354
          ],
          [
            -1.4640112808,
            48.2611134942
          ],
          [
            -1.4652421644,
            48.2615418054
          ]
        ]
      },
      "properties": {
        "CD_TRONC": 5865,
        "INSEE_COM": "35121",
        "NOM_COM": "Gosné",
        "INTERET": "Locale",
        "REVET": "Goudron",
        "STAT_JUR": "Voie Communale",
        "DATE_CP": "20030224",
        "DATE_DEL": "20020502",
        "PRAT_PED": "OUI",
        "PRAT_EQU": "NON",
        "ADMF_PED": "Ouvert",
        "ADMF_EQU": null,
        "PRAT_VEL": "NON",
        "ADMF_VEL": null,
        "ITIN_PED": "Pédestre Local",
        "ITIN_EQU": null,
        "ITIN_VEL": null,
        "LONGUEUR": 193.97,
        "DATE_MAJ": "20220503131506",
        "DPCollSIRET": "22350001800013",
        "DPCollNom": "DEPARTEMENT D ILLE ET VILAINE",
        "DPCollModication": "2026-06-01T09:05:22.5108242Z"
      }
    },
    {
      "type": "Feature",
      "geometry": {
        "type": "LineString",
        "coordinates": [
          [
            -1.4692795847,
            48.2477136641
          ],
          [
            -1.4694784089,
            48.2476375877
          ],
          [
            -1.4698759494,
            48.247273817
          ],
          [
            -1.4702954742,
            48.2469062322
          ]
        ]
      },
      "properties": {
        "CD_TRONC": 5867,
        "INSEE_COM": "35121",
        "NOM_COM": "Gosné",
        "INTERET": "Locale",
        "REVET": "Goudron",
        "STAT_JUR": "Voie Communale",
        "DATE_CP": "20030224",
        "DATE_DEL": "20020502",
        "PRAT_PED": "OUI",
        "PRAT_EQU": "NON",
        "ADMF_PED": "Ouvert",
        "ADMF_EQU": null,
        "PRAT_VEL": "NON",
        "ADMF_VEL": null,
        "ITIN_PED": "Pédestre Local",
        "ITIN_EQU": null,
        "ITIN_VEL": null,
        "LONGUEUR": 118.43,
        "DATE_MAJ": "20220503131506",
        "DPCollSIRET": "22350001800013",
        "DPCollNom": "DEPARTEMENT D ILLE ET VILAINE",
        "DPCollModication": "2026-06-01T09:05:22.5133446Z"
      }
    },
    {
      "type": "Feature",
      "geometry": {
        "type": "LineString",
        "coordinates": [
          [
            -1.3920772137,
            48.2607425146
          ],
          [
            -1.3910441382,
            48.2606222352
          ],
          [
            -1.3906324381,
            48.2605628532
          ],
          [
            -1.389316767,
            48.260630017
          ],
          [
            -1.3891006203,
            48.2606410496
          ],
          [
            -1.3888329006,
            48.2606547142
          ],
          [
            -1.388421903,
            48.2607904585
          ],
          [
            -1.3880928961,
            48.2608490148
          ],
          [
            -1.3877582807,
            48.2608877101
          ],
          [
            -1.387420752,
            48.2609062327
          ],
          [
            -1.3870830287,
            48.2609044335
          ],
          [
            -1.3867478309,
            48.2608823269
          ],
          [
            -1.3864178586,
            48.260840091
          ],
          [
            -1.3861440421,
            48.2608509877
          ],
          [
            -1.3858704506,
            48.2608474577
          ],
          [
            -1.3855987729,
            48.2608295226
          ],
          [
            -1.3853306864,
            48.2607972933
          ],
          [
            -1.3850678461,
            48.2607509688
          ],
          [
            -1.3845615733,
            48.2607430559
          ],
          [
            -1.3838024778,
            48.2606148191
          ],
          [
            -1.3832653526,
            48.2604077678
          ],
          [
            -1.3826965899,
            48.260301073
          ],
          [
            -1.3822803441,
            48.2605167935
          ],
          [
            -1.3820159082,
            48.2605716471
          ],
          [
            -1.3813799713,
            48.2606474684
          ],
          [
            -1.3810548521,
            48.2606194705
          ],
          [
            -1.3808725958,
            48.2605575626
          ],
          [
            -1.3794773656,
            48.2601992013
          ],
          [
            -1.3793552328,
            48.2601388768
          ]
        ]
      },
      "properties": {
        "CD_TRONC": 5894,
        "INSEE_COM": "35253",
        "NOM_COM": "Saint-Aubin-du-Cormier",
        "INTERET": "Départementale",
        "REVET": "Terre",
        "STAT_JUR": "Voie Communale",
        "DATE_CP": "20030224",
        "DATE_DEL": "19910328",
        "PRAT_PED": "OUI",
        "PRAT_EQU": "OUI",
        "ADMF_PED": "Ouvert",
        "ADMF_EQU": "Ouvert",
        "PRAT_VEL": "NON",
        "ADMF_VEL": null,
        "ITIN_PED": "Grande Randonnée",
        "ITIN_EQU": "Equibreizh",
        "ITIN_VEL": null,
        "LONGUEUR": 983.86,
        "DATE_MAJ": "20220503131506",
        "DPCollSIRET": "22350001800013",
        "DPCollNom": "DEPARTEMENT D ILLE ET VILAINE",
        "DPCollModication": "2026-06-01T09:05:22.5148892Z"
      }
    },
    {
      "type": "Feature",
      "geometry": {
        "type": "LineString",
        "coordinates": [
          [
            -1.4054732994,
            48.2284457665
          ],
          [
            -1.4040883727,
            48.2276958155
          ],
          [
            -1.4037550741,
            48.2277416292
          ],
          [
            -1.4030049862,
            48.2285301288
          ],
          [
            -1.4022925954,
            48.2293297951
          ],
          [
            -1.4022565759,
            48.2294112526
          ],
          [
            -1.402380614,
            48.2300246527
          ],
          [
            -1.4025576146,
            48.2301954492
          ],
          [
            -1.4032074795,
            48.2304902408
          ],
          [
            -1.4033764006,
            48.230615557
          ],
          [
            -1.4033915339,
            48.2307966807
          ],
          [
            -1.4029597944,
            48.2315237978
          ],
          [
            -1.4025508636,
            48.2320317675
          ],
          [
            -1.4023513429,
            48.2321333815
          ]
        ]
      },
      "properties": {
        "CD_TRONC": 5895,
        "INSEE_COM": "35253",
        "NOM_COM": "Saint-Aubin-du-Cormier",
        "INTERET": "Départementale",
        "REVET": "Goudron",
        "STAT_JUR": "Voie Communale",
        "DATE_CP": "20030224",
        "DATE_DEL": "20020523",
        "PRAT_PED": "OUI",
        "PRAT_EQU": "OUI",
        "ADMF_PED": "Ouvert",
        "ADMF_EQU": "Fermé",
        "PRAT_VEL": "NON",
        "ADMF_VEL": null,
        "ITIN_PED": "Grande Randonnée",
        "ITIN_EQU": "Equestre Local",
        "ITIN_VEL": null,
        "LONGUEUR": 733.13,
        "DATE_MAJ": "20220503131506",
        "DPCollSIRET": "22350001800013",
        "DPCollNom": "DEPARTEMENT D ILLE ET VILAINE",
        "DPCollModication": "2026-06-01T09:05:22.516369Z"
      }
    },
    {
      "type": "Feature",
      "geometry": {
        "type": "LineString",
        "coordinates": [
          [
            -1.3924822364,
            48.2425182599
          ],
          [
            -1.39206189,
            48.244926557
          ],
          [
            -1.3920276036,
            48.245542986
          ],
          [
            -1.3918620111,
            48.2465270778
          ],
          [
            -1.3916457575,
            48.2478997722
          ],
          [
            -1.3914255371,
            48.2486625947
          ],
          [
            -1.3912186175,
            48.2491996044
          ],
          [
            -1.3904038851,
            48.2509251335
          ],
          [
            -1.3902977851,
            48.2514512399
          ],
          [
            -1.3901921452,
            48.2530752982
          ],
          [
            -1.3901073955,
            48.2536006098
          ],
          [
            -1.3893180136,
            48.2549246194
          ],
          [
            -1.3902102627,
            48.2552204922
          ]
        ]
      },
      "properties": {
        "CD_TRONC": 5896,
        "INSEE_COM": "35253",
        "NOM_COM": "Saint-Aubin-du-Cormier",
        "INTERET": "Locale",
        "REVET": "Goudron",
        "STAT_JUR": "Voie Communale",
        "DATE_CP": "20030224",
        "DATE_DEL": "19910328",
        "PRAT_PED": "OUI",
        "PRAT_EQU": "NON",
        "ADMF_PED": "Ouvert",
        "ADMF_EQU": null,
        "PRAT_VEL": "NON",
        "ADMF_VEL": null,
        "ITIN_PED": "Pédestre Local",
        "ITIN_EQU": null,
        "ITIN_VEL": null,
        "LONGUEUR": 1481.27,
        "DATE_MAJ": "20220503131506",
        "DPCollSIRET": "22350001800013",
        "DPCollNom": "DEPARTEMENT D ILLE ET VILAINE",
        "DPCollModication": "2026-06-01T09:05:22.5175881Z"
      }
    },
    {
      "type": "Feature",
      "geometry": {
        "type": "LineString",
        "coordinates": [
          [
            -1.4337515424,
            48.2616044661
          ],
          [
            -1.4336105939,
            48.2621381081
          ],
          [
            -1.433568211,
            48.2625141007
          ],
          [
            -1.433769081,
            48.2646920038
          ],
          [
            -1.4338118985,
            48.2648426028
          ],
          [
            -1.4325710842,
            48.2715504947
          ],
          [
            -1.432671398,
            48.2716489894
          ]
        ]
      },
      "properties": {
        "CD_TRONC": 5897,
        "INSEE_COM": "35253",
        "NOM_COM": "Saint-Aubin-du-Cormier",
        "INTERET": "Départementale",
        "REVET": "Goudron",
        "STAT_JUR": "Voie Communale",
        "DATE_CP": "20030224",
        "DATE_DEL": "19910328",
        "PRAT_PED": "OUI",
        "PRAT_EQU": "OUI",
        "ADMF_PED": "Ouvert",
        "ADMF_EQU": "Ouvert",
        "PRAT_VEL": "NON",
        "ADMF_VEL": null,
        "ITIN_PED": "Pédestre Local",
        "ITIN_EQU": "Equibreizh",
        "ITIN_VEL": null,
        "LONGUEUR": 1126.11,
        "DATE_MAJ": "20220503131506",
        "DPCollSIRET": "22350001800013",
        "DPCollNom": "DEPARTEMENT D ILLE ET VILAINE",
        "DPCollModication": "2026-06-01T09:05:22.519184Z"
      }
    },
    {
      "type": "Feature",
      "geometry": {
        "type": "LineString",
        "coordinates": [
          [
            -1.3926044898,
            48.2569722134
          ],
          [
            -1.3930256871,
            48.258082801
          ],
          [
            -1.3929788182,
            48.2581434346
          ],
          [
            -1.3929242284,
            48.2582012022
          ],
          [
            -1.3928623488,
            48.2582556475
          ],
          [
            -1.3927936682,
            48.2583063405
          ],
          [
            -1.3927187291,
            48.2583528807
          ],
          [
            -1.3926381234,
            48.2583949006
          ],
          [
            -1.3925524876,
            48.2584320683
          ],
          [
            -1.3924624983,
            48.2584640902
          ],
          [
            -1.3923688662,
            48.2584907134
          ],
          [
            -1.3922723307,
            48.2585117276
          ],
          [
            -1.3921736545,
            48.2585269669
          ],
          [
            -1.3925450705,
            48.258699131
          ],
          [
            -1.3930433549,
            48.2584980044
          ],
          [
            -1.394143682,
            48.2581626187
          ],
          [
            -1.3944269562,
            48.2581341986
          ],
          [
            -1.3950084622,
            48.2581924389
          ],
          [
            -1.3954261486,
            48.2583199555
          ],
          [
            -1.3957558499,
            48.2585055842
          ],
          [
            -1.3959614613,
            48.2586803312
          ],
          [
            -1.3960253622,
            48.2587828624
          ],
          [
            -1.3960272505,
            48.2598216561
          ],
          [
            -1.3961617405,
            48.2599457184
          ],
          [
            -1.3963179459,
            48.2604787622
          ],
          [
            -1.3963040687,
            48.2609028603
          ],
          [
            -1.3961605393,
            48.2609674648
          ]
        ]
      },
      "properties": {
        "CD_TRONC": 5899,
        "INSEE_COM": "35253",
        "NOM_COM": "Saint-Aubin-du-Cormier",
        "INTERET": "Locale",
        "REVET": "Empierré",
        "STAT_JUR": "Voie Communale",
        "DATE_CP": "20030224",
        "DATE_DEL": "19910328",
        "PRAT_PED": "OUI",
        "PRAT_EQU": "NON",
        "ADMF_PED": "Ouvert",
        "ADMF_EQU": null,
        "PRAT_VEL": "NON",
        "ADMF_VEL": null,
        "ITIN_PED": "Pédestre Local",
        "ITIN_EQU": null,
        "ITIN_VEL": null,
        "LONGUEUR": 798.32,
        "DATE_MAJ": "20220503131506",
        "DPCollSIRET": "22350001800013",
        "DPCollNom": "DEPARTEMENT D ILLE ET VILAINE",
        "DPCollModication": "2026-06-01T09:05:22.6282693Z"
      }
    },
    {
      "type": "Feature",
      "geometry": {
        "type": "LineString",
        "coordinates": [
          [
            -1.3785207551,
            48.2552673953
          ],
          [
            -1.3790239864,
            48.2556087664
          ],
          [
            -1.3794615792,
            48.2558476609
          ],
          [
            -1.3811504978,
            48.2565360786
          ],
          [
            -1.3832521642,
            48.2573355248
          ],
          [
            -1.3859949948,
            48.2579442321
          ],
          [
            -1.3865605773,
            48.2580901311
          ],
          [
            -1.3877252037,
            48.2586977879
          ],
          [
            -1.388039451,
            48.2588267876
          ],
          [
            -1.3885229743,
            48.2589304243
          ],
          [
            -1.3887650425,
            48.2590501824
          ],
          [
            -1.3887753613,
            48.2593454505
          ],
          [
            -1.3885714152,
            48.2599714626
          ],
          [
            -1.3885812543,
            48.2601013278
          ],
          [
            -1.3886854857,
            48.2601952109
          ],
          [
            -1.3892973689,
            48.2602964606
          ],
          [
            -1.3898694862,
            48.2602632805
          ],
          [
            -1.3912320398,
            48.2601601843
          ],
          [
            -1.3920600696,
            48.2601985457
          ],
          [
            -1.3923086597,
            48.2602250677
          ],
          [
            -1.3924755925,
            48.2603428443
          ],
          [
            -1.3926528339,
            48.2605842198
          ]
        ]
      },
      "properties": {
        "CD_TRONC": 5900,
        "INSEE_COM": "35253",
        "NOM_COM": "Saint-Aubin-du-Cormier",
        "INTERET": "Locale",
        "REVET": "Goudron",
        "STAT_JUR": "Voie Communale",
        "DATE_CP": "20030224",
        "DATE_DEL": "20020523",
        "PRAT_PED": "OUI",
        "PRAT_EQU": "NON",
        "ADMF_PED": "Ouvert",
        "ADMF_EQU": null,
        "PRAT_VEL": "NON",
        "ADMF_VEL": null,
        "ITIN_PED": "Pédestre Local",
        "ITIN_EQU": null,
        "ITIN_VEL": null,
        "LONGUEUR": 1329,
        "DATE_MAJ": "20220503131506",
        "DPCollSIRET": "22350001800013",
        "DPCollNom": "DEPARTEMENT D ILLE ET VILAINE",
        "DPCollModication": "2026-06-01T09:05:22.630858Z"
      }
    },
    {
      "type": "Feature",
      "geometry": {
        "type": "LineString",
        "coordinates": [
          [
            -1.3431893274,
            48.246865812
          ],
          [
            -1.3417062829,
            48.2468893457
          ],
          [
            -1.3412428099,
            48.2469397624
          ],
          [
            -1.3405953807,
            48.2470970754
          ]
        ]
      },
      "properties": {
        "CD_TRONC": 8793,
        "INSEE_COM": "35154",
        "NOM_COM": "Livré-sur-Changeon",
        "INTERET": "Locale",
        "REVET": "Goudron",
        "STAT_JUR": "Chemin Rural",
        "DATE_CP": null,
        "DATE_DEL": "19910510",
        "PRAT_PED": "OUI",
        "PRAT_EQU": "OUI",
        "ADMF_PED": "Fermé",
        "ADMF_EQU": "Fermé",
        "PRAT_VEL": "NON",
        "ADMF_VEL": null,
        "ITIN_PED": "Pédestre Local",
        "ITIN_EQU": "Equestre Local",
        "ITIN_VEL": null,
        "LONGUEUR": 196.12,
        "DATE_MAJ": "20220503131506",
        "DPCollSIRET": "22350001800013",
        "DPCollNom": "DEPARTEMENT D ILLE ET VILAINE",
        "DPCollModication": "2026-06-01T09:05:22.8087219Z"
      }
    },
    {
      "type": "Feature",
      "geometry": {
        "type": "LineString",
        "coordinates": [
          [
            -1.3816378234,
            48.2358344945
          ],
          [
            -1.3808391497,
            48.2370209045
          ],
          [
            -1.3804275154,
            48.2377157453
          ]
        ]
      },
      "properties": {
        "CD_TRONC": 8788,
        "INSEE_COM": "35154",
        "NOM_COM": "Livré-sur-Changeon",
        "INTERET": "Locale",
        "REVET": "Terre",
        "STAT_JUR": "Chemin Rural",
        "DATE_CP": null,
        "DATE_DEL": "19910510",
        "PRAT_PED": "NON",
        "PRAT_EQU": "OUI",
        "ADMF_PED": null,
        "ADMF_EQU": "Fermé",
        "PRAT_VEL": "NON",
        "ADMF_VEL": null,
        "ITIN_PED": null,
        "ITIN_EQU": "Equestre Local",
        "ITIN_VEL": null,
        "LONGUEUR": 227.63,
        "DATE_MAJ": "20220503131506",
        "DPCollSIRET": "22350001800013",
        "DPCollNom": "DEPARTEMENT D ILLE ET VILAINE",
        "DPCollModication": "2026-06-01T09:05:22.838496Z"
      }
    },
    {
      "type": "Feature",
      "geometry": {
        "type": "LineString",
        "coordinates": [
          [
            -1.3431893274,
            48.246865812
          ],
          [
            -1.343789275,
            48.2478212826
          ],
          [
            -1.3445778331,
            48.2493754066
          ]
        ]
      },
      "properties": {
        "CD_TRONC": 8789,
        "INSEE_COM": "35154",
        "NOM_COM": "Livré-sur-Changeon",
        "INTERET": "Locale",
        "REVET": "Empierré",
        "STAT_JUR": "Chemin Rural",
        "DATE_CP": null,
        "DATE_DEL": "19910510",
        "PRAT_PED": "OUI",
        "PRAT_EQU": "NON",
        "ADMF_PED": "Fermé",
        "ADMF_EQU": null,
        "PRAT_VEL": "NON",
        "ADMF_VEL": null,
        "ITIN_PED": "Pédestre Local",
        "ITIN_EQU": null,
        "ITIN_VEL": null,
        "LONGUEUR": 297.53,
        "DATE_MAJ": "20220503131506",
        "DPCollSIRET": "22350001800013",
        "DPCollNom": "DEPARTEMENT D ILLE ET VILAINE",
        "DPCollModication": "2026-06-01T09:05:22.8396714Z"
      }
    },
    {
      "type": "Feature",
      "geometry": {
        "type": "LineString",
        "coordinates": [
          [
            -1.3700564008,
            48.2337703269
          ],
          [
            -1.3702019924,
            48.2337714184
          ],
          [
            -1.3703102673,
            48.2330885786
          ]
        ]
      },
      "properties": {
        "CD_TRONC": 8791,
        "INSEE_COM": "35154",
        "NOM_COM": "Livré-sur-Changeon",
        "INTERET": "Locale",
        "REVET": "Terre",
        "STAT_JUR": "Chemin Rural",
        "DATE_CP": null,
        "DATE_DEL": "19910510",
        "PRAT_PED": "OUI",
        "PRAT_EQU": "NON",
        "ADMF_PED": "Fermé",
        "ADMF_EQU": null,
        "PRAT_VEL": "NON",
        "ADMF_VEL": null,
        "ITIN_PED": "Pédestre Local",
        "ITIN_EQU": null,
        "ITIN_VEL": null,
        "LONGUEUR": 87.13,
        "DATE_MAJ": "20220503131506",
        "DPCollSIRET": "22350001800013",
        "DPCollNom": "DEPARTEMENT D ILLE ET VILAINE",
        "DPCollModication": "2026-06-01T09:05:22.8417532Z"
      }
    },
    {
      "type": "Feature",
      "geometry": {
        "type": "LineString",
        "coordinates": [
          [
            -1.35195982,
            48.246906314
          ],
          [
            -1.3500199417,
            48.2470693349
          ],
          [
            -1.3491331565,
            48.2470857816
          ],
          [
            -1.3464384374,
            48.2469608646
          ],
          [
            -1.3447358116,
            48.2468756898
          ],
          [
            -1.3431893274,
            48.246865812
          ]
        ]
      },
      "properties": {
        "CD_TRONC": 8792,
        "INSEE_COM": "35154",
        "NOM_COM": "Livré-sur-Changeon",
        "INTERET": "Locale",
        "REVET": "Goudron",
        "STAT_JUR": "Chemin Rural",
        "DATE_CP": null,
        "DATE_DEL": "19910510",
        "PRAT_PED": "OUI",
        "PRAT_EQU": "OUI",
        "ADMF_PED": "Fermé",
        "ADMF_EQU": "Fermé",
        "PRAT_VEL": "NON",
        "ADMF_VEL": null,
        "ITIN_PED": "Pédestre Local",
        "ITIN_EQU": "Equestre Local",
        "ITIN_VEL": null,
        "LONGUEUR": 653.05,
        "DATE_MAJ": "20220503131506",
        "DPCollSIRET": "22350001800013",
        "DPCollNom": "DEPARTEMENT D ILLE ET VILAINE",
        "DPCollModication": "2026-06-01T09:05:22.8432607Z"
      }
    },
    {
      "type": "Feature",
      "geometry": {
        "type": "LineString",
        "coordinates": [
          [
            -1.3696432233,
            48.2241338351
          ],
          [
            -1.3695605527,
            48.2243934478
          ],
          [
            -1.3695883511,
            48.2245049579
          ],
          [
            -1.3691350608,
            48.2245636995
          ]
        ]
      },
      "properties": {
        "CD_TRONC": 8795,
        "INSEE_COM": "35154",
        "NOM_COM": "Livré-sur-Changeon",
        "INTERET": "Départementale",
        "REVET": "Terre",
        "STAT_JUR": "Chemin d'Exploitation",
        "DATE_CP": "20030224",
        "DATE_DEL": "19910510",
        "PRAT_PED": "OUI",
        "PRAT_EQU": "OUI",
        "ADMF_PED": "Ouvert",
        "ADMF_EQU": "Ouvert",
        "PRAT_VEL": "NON",
        "ADMF_VEL": null,
        "ITIN_PED": "Grande Randonnée",
        "ITIN_EQU": "Equibreizh",
        "ITIN_VEL": null,
        "LONGUEUR": 76.35,
        "DATE_MAJ": "20220503131506",
        "DPCollSIRET": "22350001800013",
        "DPCollNom": "DEPARTEMENT D ILLE ET VILAINE",
        "DPCollModication": "2026-06-01T09:05:22.9657155Z"
      }
    },
    {
      "type": "Feature",
      "geometry": {
        "type": "LineString",
        "coordinates": [
          [
            -1.4388382425,
            48.2565682645
          ],
          [
            -1.4386666203,
            48.2565300657
          ],
          [
            -1.4368931846,
            48.2564338244
          ],
          [
            -1.4362393792,
            48.2563472163
          ],
          [
            -1.4358335961,
            48.2562176832
          ],
          [
            -1.4349824229,
            48.2562237927
          ],
          [
            -1.4347970518,
            48.2561795116
          ],
          [
            -1.4346175755,
            48.256074622
          ],
          [
            -1.4339886679,
            48.256007749
          ],
          [
            -1.4331545347,
            48.2558942857
          ],
          [
            -1.4328311944,
            48.2558702275
          ],
          [
            -1.4324805401,
            48.2559816245
          ]
        ]
      },
      "properties": {
        "CD_TRONC": 8752,
        "INSEE_COM": "35121",
        "NOM_COM": "Gosné",
        "INTERET": "Locale",
        "REVET": "Terre",
        "STAT_JUR": "Chemin d'Exploitation",
        "DATE_CP": "20030224",
        "DATE_DEL": "20020502",
        "PRAT_PED": "OUI",
        "PRAT_EQU": "NON",
        "ADMF_PED": "Ouvert",
        "ADMF_EQU": null,
        "PRAT_VEL": "NON",
        "ADMF_VEL": null,
        "ITIN_PED": "Pédestre Local",
        "ITIN_EQU": null,
        "ITIN_VEL": null,
        "LONGUEUR": 487.24,
        "DATE_MAJ": "20220503131506",
        "DPCollSIRET": "22350001800013",
        "DPCollNom": "DEPARTEMENT D ILLE ET VILAINE",
        "DPCollModication": "2026-06-01T09:05:23.0048221Z"
      }
    },
    {
      "type": "Feature",
      "geometry": {
        "type": "LineString",
        "coordinates": [
          [
            -1.4536118449,
            48.249055085
          ],
          [
            -1.4534587958,
            48.2491028222
          ],
          [
            -1.453019393,
            48.2493444789
          ],
          [
            -1.4526272382,
            48.2494355655
          ],
          [
            -1.4520999853,
            48.2495164828
          ],
          [
            -1.4513004056,
            48.2495180087
          ],
          [
            -1.4507153183,
            48.2495228913
          ],
          [
            -1.4501081087,
            48.2492997012
          ],
          [
            -1.4496200009,
            48.2492542823
          ],
          [
            -1.4491697432,
            48.2492473096
          ],
          [
            -1.4486041362,
            48.2491446263
          ],
          [
            -1.4482711536,
            48.2491247409
          ],
          [
            -1.4477338363,
            48.2492556128
          ],
          [
            -1.4470643103,
            48.2494105368
          ],
          [
            -1.4467928797,
            48.2494093118
          ],
          [
            -1.446502866,
            48.2490864153
          ],
          [
            -1.4462709668,
            48.2489444518
          ],
          [
            -1.445672718,
            48.2485225201
          ],
          [
            -1.4453188889,
            48.2485263014
          ]
        ]
      },
      "properties": {
        "CD_TRONC": 8753,
        "INSEE_COM": "35121",
        "NOM_COM": "Gosné",
        "INTERET": "Locale",
        "REVET": "Terre",
        "STAT_JUR": "Chemin d'Exploitation",
        "DATE_CP": "20030224",
        "DATE_DEL": "20020502",
        "PRAT_PED": "OUI",
        "PRAT_EQU": "NON",
        "ADMF_PED": "Ouvert",
        "ADMF_EQU": null,
        "PRAT_VEL": "NON",
        "ADMF_VEL": null,
        "ITIN_PED": "Pédestre Local",
        "ITIN_EQU": null,
        "ITIN_VEL": null,
        "LONGUEUR": 689.58,
        "DATE_MAJ": "20220503131506",
        "DPCollSIRET": "22350001800013",
        "DPCollNom": "DEPARTEMENT D ILLE ET VILAINE",
        "DPCollModication": "2026-06-01T09:05:23.0072819Z"
      }
    },
    {
      "type": "Feature",
      "geometry": {
        "type": "LineString",
        "coordinates": [
          [
            -1.3542742151,
            48.2433447686
          ],
          [
            -1.3542772009,
            48.2433808994
          ],
          [
            -1.3538129507,
            48.2446569017
          ],
          [
            -1.3535286428,
            48.2453779364
          ],
          [
            -1.3535282063,
            48.2454789974
          ],
          [
            -1.3532539404,
            48.2459268556
          ],
          [
            -1.3528405654,
            48.2463674422
          ],
          [
            -1.35195982,
            48.246906314
          ]
        ]
      },
      "properties": {
        "CD_TRONC": 8754,
        "INSEE_COM": "35154",
        "NOM_COM": "Livré-sur-Changeon",
        "INTERET": "Départementale",
        "REVET": "Empierré",
        "STAT_JUR": "Chemin d'Exploitation",
        "DATE_CP": "20030224",
        "DATE_DEL": "19910510",
        "PRAT_PED": "OUI",
        "PRAT_EQU": "OUI",
        "ADMF_PED": "Ouvert",
        "ADMF_EQU": "Ouvert",
        "PRAT_VEL": "NON",
        "ADMF_VEL": null,
        "ITIN_PED": "Grande Randonnée",
        "ITIN_EQU": "Equibreizh",
        "ITIN_VEL": null,
        "LONGUEUR": 444.3,
        "DATE_MAJ": "20220503131506",
        "DPCollSIRET": "22350001800013",
        "DPCollNom": "DEPARTEMENT D ILLE ET VILAINE",
        "DPCollModication": "2026-06-01T09:05:23.0093089Z"
      }
    },
    {
      "type": "Feature",
      "geometry": {
        "type": "LineString",
        "coordinates": [
          [
            -1.4763381099,
            48.2619318181
          ],
          [
            -1.4764294934,
            48.2617465426
          ],
          [
            -1.4769700396,
            48.2612789768
          ],
          [
            -1.4771812035,
            48.2610325304
          ],
          [
            -1.4773023695,
            48.2607775726
          ],
          [
            -1.4772402978,
            48.2604242011
          ],
          [
            -1.4771076757,
            48.2600100112
          ],
          [
            -1.4771751366,
            48.2598584271
          ],
          [
            -1.4773014465,
            48.2597165344
          ],
          [
            -1.4774796321,
            48.2595547927
          ],
          [
            -1.4775334516,
            48.2592427759
          ],
          [
            -1.4773247575,
            48.2589901658
          ],
          [
            -1.4772534836,
            48.2588897607
          ],
          [
            -1.4772224592,
            48.2586822983
          ],
          [
            -1.4775740228,
            48.2583023658
          ],
          [
            -1.4776175249,
            48.2580265059
          ],
          [
            -1.477635788,
            48.2578738058
          ],
          [
            -1.4776124355,
            48.2578091186
          ],
          [
            -1.4771472617,
            48.2576926266
          ],
          [
            -1.4764896739,
            48.2575178527
          ],
          [
            -1.4758365391,
            48.2573429065
          ],
          [
            -1.4756007071,
            48.2571938733
          ],
          [
            -1.4752461393,
            48.2568556033
          ],
          [
            -1.4749425641,
            48.2566972135
          ],
          [
            -1.474686059,
            48.2566272007
          ],
          [
            -1.4740314025,
            48.2565320329
          ],
          [
            -1.4734258073,
            48.2563910403
          ],
          [
            -1.4729705629,
            48.2562860777
          ],
          [
            -1.4725170795,
            48.2562743868
          ],
          [
            -1.4722514081,
            48.2562268738
          ],
          [
            -1.472138809,
            48.2560046156
          ]
        ]
      },
      "properties": {
        "CD_TRONC": 8773,
        "INSEE_COM": "35121",
        "NOM_COM": "Gosné",
        "INTERET": "Locale",
        "REVET": "Terre",
        "STAT_JUR": "Chemin Rural",
        "DATE_CP": "20030224",
        "DATE_DEL": "20020502",
        "PRAT_PED": "OUI",
        "PRAT_EQU": "NON",
        "ADMF_PED": "Ouvert",
        "ADMF_EQU": null,
        "PRAT_VEL": "NON",
        "ADMF_VEL": null,
        "ITIN_PED": "Pédestre Local",
        "ITIN_EQU": null,
        "ITIN_VEL": null,
        "LONGUEUR": 974.87,
        "DATE_MAJ": "20220503131506",
        "DPCollSIRET": "22350001800013",
        "DPCollNom": "DEPARTEMENT D ILLE ET VILAINE",
        "DPCollModication": "2026-06-01T09:05:23.1342471Z"
      }
    },
    {
      "type": "Feature",
      "geometry": {
        "type": "LineString",
        "coordinates": [
          [
            -1.4610983465,
            48.2593966609
          ],
          [
            -1.461583752,
            48.2591726726
          ],
          [
            -1.4622763329,
            48.2589371035
          ],
          [
            -1.4623062953,
            48.2591662435
          ],
          [
            -1.4625007097,
            48.259406282
          ],
          [
            -1.4626404749,
            48.2596334817
          ],
          [
            -1.4627527076,
            48.2597991309
          ],
          [
            -1.4633234667,
            48.2602663709
          ],
          [
            -1.4632718314,
            48.2604471528
          ],
          [
            -1.4628461022,
            48.2609013727
          ]
        ]
      },
      "properties": {
        "CD_TRONC": 8774,
        "INSEE_COM": "35121",
        "NOM_COM": "Gosné",
        "INTERET": "Locale",
        "REVET": "Goudron",
        "STAT_JUR": "Chemin Rural",
        "DATE_CP": "20030224",
        "DATE_DEL": "20020502",
        "PRAT_PED": "OUI",
        "PRAT_EQU": "NON",
        "ADMF_PED": "Ouvert",
        "ADMF_EQU": null,
        "PRAT_VEL": "NON",
        "ADMF_VEL": null,
        "ITIN_PED": "Pédestre Local",
        "ITIN_EQU": null,
        "ITIN_VEL": null,
        "LONGUEUR": 351.9,
        "DATE_MAJ": "20220503131506",
        "DPCollSIRET": "22350001800013",
        "DPCollNom": "DEPARTEMENT D ILLE ET VILAINE",
        "DPCollModication": "2026-06-01T09:05:23.1355859Z"
      }
    },
    {
      "type": "Feature",
      "geometry": {
        "type": "LineString",
        "coordinates": [
          [
            -1.3625358519,
            48.2162585845
          ],
          [
            -1.3622978465,
            48.2163141133
          ],
          [
            -1.360995041,
            48.2167466078
          ],
          [
            -1.3599382962,
            48.2171003751
          ]
        ]
      },
      "properties": {
        "CD_TRONC": 8775,
        "INSEE_COM": "35154",
        "NOM_COM": "Livré-sur-Changeon",
        "INTERET": "Départementale",
        "REVET": "Terre",
        "STAT_JUR": "Chemin d'Exploitation",
        "DATE_CP": "20030224",
        "DATE_DEL": "19910510",
        "PRAT_PED": "OUI",
        "PRAT_EQU": "OUI",
        "ADMF_PED": "Ouvert",
        "ADMF_EQU": "Ouvert",
        "PRAT_VEL": "NON",
        "ADMF_VEL": null,
        "ITIN_PED": "Grande Randonnée",
        "ITIN_EQU": "Equibreizh",
        "ITIN_VEL": null,
        "LONGUEUR": 214.56,
        "DATE_MAJ": "20220503131506",
        "DPCollSIRET": "22350001800013",
        "DPCollNom": "DEPARTEMENT D ILLE ET VILAINE",
        "DPCollModication": "2026-06-01T09:05:23.1368649Z"
      }
    },
    {
      "type": "Feature",
      "geometry": {
        "type": "LineString",
        "coordinates": [
          [
            -1.3670920329,
            48.2260727409
          ],
          [
            -1.366999982,
            48.2264604958
          ],
          [
            -1.3667340963,
            48.2265590278
          ],
          [
            -1.3666160413,
            48.2266501826
          ],
          [
            -1.3662758169,
            48.2265750239
          ],
          [
            -1.3661077515,
            48.226562165
          ],
          [
            -1.3657977677,
            48.2266108248
          ],
          [
            -1.365459694,
            48.2267339574
          ],
          [
            -1.3654030342,
            48.2269115374
          ]
        ]
      },
      "properties": {
        "CD_TRONC": 8776,
        "INSEE_COM": "35154",
        "NOM_COM": "Livré-sur-Changeon",
        "INTERET": "Départementale",
        "REVET": "Terre",
        "STAT_JUR": "Chemin d'Exploitation",
        "DATE_CP": "20160125",
        "DATE_DEL": "20151113",
        "PRAT_PED": "NON",
        "PRAT_EQU": "OUI",
        "ADMF_PED": null,
        "ADMF_EQU": "Ouvert",
        "PRAT_VEL": "NON",
        "ADMF_VEL": null,
        "ITIN_PED": "Grande Randonnée",
        "ITIN_EQU": "Equibreizh",
        "ITIN_VEL": null,
        "LONGUEUR": 191.2,
        "DATE_MAJ": "20220503131506",
        "DPCollSIRET": "22350001800013",
        "DPCollNom": "DEPARTEMENT D ILLE ET VILAINE",
        "DPCollModication": "2026-06-01T09:05:23.1382349Z"
      }
    },
    {
      "type": "Feature",
      "geometry": {
        "type": "LineString",
        "coordinates": [
          [
            -1.394330219,
            48.230344764
          ],
          [
            -1.3941796631,
            48.2312355238
          ],
          [
            -1.3946684479,
            48.2312914601
          ],
          [
            -1.3945877109,
            48.2316607852
          ],
          [
            -1.3946036386,
            48.2320376839
          ],
          [
            -1.3943634032,
            48.2326514821
          ],
          [
            -1.3942097699,
            48.2332914343
          ],
          [
            -1.3943229949,
            48.2340072903
          ],
          [
            -1.3942352041,
            48.2347520866
          ],
          [
            -1.3944019684,
            48.236660901
          ]
        ]
      },
      "properties": {
        "CD_TRONC": 8777,
        "INSEE_COM": "35154",
        "NOM_COM": "Livré-sur-Changeon",
        "INTERET": "Locale",
        "REVET": "Terre",
        "STAT_JUR": "Chemin d'Exploitation",
        "DATE_CP": "20030224",
        "DATE_DEL": "19910510",
        "PRAT_PED": "OUI",
        "PRAT_EQU": "OUI",
        "ADMF_PED": "Ouvert",
        "ADMF_EQU": "Fermé",
        "PRAT_VEL": "NON",
        "ADMF_VEL": null,
        "ITIN_PED": "Pédestre Local",
        "ITIN_EQU": "Equestre Local",
        "ITIN_VEL": null,
        "LONGUEUR": 737.92,
        "DATE_MAJ": "20220503131506",
        "DPCollSIRET": "22350001800013",
        "DPCollNom": "DEPARTEMENT D ILLE ET VILAINE",
        "DPCollModication": "2026-06-01T09:05:23.2392693Z"
      }
    },
    {
      "type": "Feature",
      "geometry": {
        "type": "LineString",
        "coordinates": [
          [
            -1.3320963081,
            48.2502701785
          ],
          [
            -1.3319035191,
            48.2504870598
          ],
          [
            -1.3309358058,
            48.2513522506
          ],
          [
            -1.3307904493,
            48.2515816955
          ],
          [
            -1.3306874129,
            48.2518048198
          ],
          [
            -1.3307491108,
            48.2520638005
          ]
        ]
      },
      "properties": {
        "CD_TRONC": 8778,
        "INSEE_COM": "35154",
        "NOM_COM": "Livré-sur-Changeon",
        "INTERET": "Locale",
        "REVET": "Goudron",
        "STAT_JUR": "Route Départementale",
        "DATE_CP": null,
        "DATE_DEL": "19910510",
        "PRAT_PED": "OUI",
        "PRAT_EQU": "OUI",
        "ADMF_PED": "Fermé",
        "ADMF_EQU": "Fermé",
        "PRAT_VEL": "NON",
        "ADMF_VEL": null,
        "ITIN_PED": "Pédestre Local",
        "ITIN_EQU": "Equestre Local",
        "ITIN_VEL": null,
        "LONGUEUR": 230.84,
        "DATE_MAJ": "20220503131506",
        "DPCollSIRET": "22350001800013",
        "DPCollNom": "DEPARTEMENT D ILLE ET VILAINE",
        "DPCollModication": "2026-06-01T09:05:23.2404027Z"
      }
    },
    {
      "type": "Feature",
      "geometry": {
        "type": "LineString",
        "coordinates": [
          [
            -1.4567685322,
            48.3017821632
          ],
          [
            -1.4568685116,
            48.3016248507
          ],
          [
            -1.4569362941,
            48.3013009185
          ],
          [
            -1.4568838673,
            48.3010786786
          ]
        ]
      },
      "properties": {
        "CD_TRONC": 8779,
        "INSEE_COM": "35178",
        "NOM_COM": "Mézières-sur-Couesnon",
        "INTERET": "Locale",
        "REVET": "Terre",
        "STAT_JUR": "Chemin Rural",
        "DATE_CP": null,
        "DATE_DEL": null,
        "PRAT_PED": "OUI",
        "PRAT_EQU": "NON",
        "ADMF_PED": "Fermé",
        "ADMF_EQU": null,
        "PRAT_VEL": "NON",
        "ADMF_VEL": null,
        "ITIN_PED": "Pédestre Local",
        "ITIN_EQU": null,
        "ITIN_VEL": null,
        "LONGUEUR": 80.35,
        "DATE_MAJ": "20220503131506",
        "DPCollSIRET": "22350001800013",
        "DPCollNom": "DEPARTEMENT D ILLE ET VILAINE",
        "DPCollModication": "2026-06-01T09:05:23.2415148Z"
      }
    },
    {
      "type": "Feature",
      "geometry": {
        "type": "LineString",
        "coordinates": [
          [
            -1.3618397305,
            48.2214363259
          ],
          [
            -1.3630084381,
            48.2220550185
          ],
          [
            -1.3637361579,
            48.2224668313
          ],
          [
            -1.3655037568,
            48.2226647041
          ],
          [
            -1.3659611782,
            48.2227593726
          ],
          [
            -1.3664325267,
            48.2230738349
          ],
          [
            -1.3694022049,
            48.2241771047
          ],
          [
            -1.3696432233,
            48.2241338351
          ]
        ]
      },
      "properties": {
        "CD_TRONC": 8780,
        "INSEE_COM": "35154",
        "NOM_COM": "Livré-sur-Changeon",
        "INTERET": "Départementale",
        "REVET": "Goudron",
        "STAT_JUR": "Route Départementale",
        "DATE_CP": null,
        "DATE_DEL": "19910510",
        "PRAT_PED": "OUI",
        "PRAT_EQU": "OUI",
        "ADMF_PED": "Ouvert",
        "ADMF_EQU": "Ouvert",
        "PRAT_VEL": "NON",
        "ADMF_VEL": null,
        "ITIN_PED": "Grande Randonnée",
        "ITIN_EQU": "Equibreizh",
        "ITIN_VEL": null,
        "LONGUEUR": 670.55,
        "DATE_MAJ": "20220503131506",
        "DPCollSIRET": "22350001800013",
        "DPCollNom": "DEPARTEMENT D ILLE ET VILAINE",
        "DPCollModication": "2026-06-01T09:05:23.2426353Z"
      }
    },
    {
      "type": "Feature",
      "geometry": {
        "type": "LineString",
        "coordinates": [
          [
            -1.3542742151,
            48.2433447686
          ],
          [
            -1.3557667484,
            48.2436616721
          ],
          [
            -1.357587464,
            48.2440173139
          ],
          [
            -1.3617894215,
            48.2463376937
          ]
        ]
      },
      "properties": {
        "CD_TRONC": 8782,
        "INSEE_COM": "35154",
        "NOM_COM": "Livré-sur-Changeon",
        "INTERET": "Locale",
        "REVET": "Terre",
        "STAT_JUR": "Chemin Rural",
        "DATE_CP": null,
        "DATE_DEL": "19910510",
        "PRAT_PED": "NON",
        "PRAT_EQU": "OUI",
        "ADMF_PED": null,
        "ADMF_EQU": "Fermé",
        "PRAT_VEL": "NON",
        "ADMF_VEL": null,
        "ITIN_PED": null,
        "ITIN_EQU": "Equestre Local",
        "ITIN_VEL": null,
        "LONGUEUR": 661.82,
        "DATE_MAJ": "20220503131506",
        "DPCollSIRET": "22350001800013",
        "DPCollNom": "DEPARTEMENT D ILLE ET VILAINE",
        "DPCollModication": "2026-06-01T09:05:23.2437189Z"
      }
    },
    {
      "type": "Feature",
      "geometry": {
        "type": "LineString",
        "coordinates": [
          [
            -1.3445778331,
            48.2493754066
          ],
          [
            -1.34368837,
            48.2495190517
          ]
        ]
      },
      "properties": {
        "CD_TRONC": 8783,
        "INSEE_COM": "35154",
        "NOM_COM": "Livré-sur-Changeon",
        "INTERET": "Locale",
        "REVET": "Goudron",
        "STAT_JUR": "Route Départementale",
        "DATE_CP": null,
        "DATE_DEL": "19910510",
        "PRAT_PED": "OUI",
        "PRAT_EQU": "NON",
        "ADMF_PED": "Fermé",
        "ADMF_EQU": null,
        "PRAT_VEL": "NON",
        "ADMF_VEL": null,
        "ITIN_PED": "Pédestre Local",
        "ITIN_EQU": null,
        "ITIN_VEL": null,
        "LONGUEUR": 67.93,
        "DATE_MAJ": "20220503131506",
        "DPCollSIRET": "22350001800013",
        "DPCollNom": "DEPARTEMENT D ILLE ET VILAINE",
        "DPCollModication": "2026-06-01T09:05:23.2448497Z"
      }
    },
    {
      "type": "Feature",
      "geometry": {
        "type": "LineString",
        "coordinates": [
          [
            -1.4677750371,
            48.3104525856
          ],
          [
            -1.4684230836,
            48.310549699
          ],
          [
            -1.4701833677,
            48.3107382886
          ],
          [
            -1.4706124708,
            48.3108245923
          ],
          [
            -1.4716872995,
            48.3111487546
          ],
          [
            -1.4714041318,
            48.3115600314
          ],
          [
            -1.4703807903,
            48.3130181598
          ],
          [
            -1.4690590347,
            48.3148389183
          ]
        ]
      },
      "properties": {
        "CD_TRONC": 8785,
        "INSEE_COM": "35178",
        "NOM_COM": "Mézières-sur-Couesnon",
        "INTERET": "Départementale",
        "REVET": "Terre",
        "STAT_JUR": "Chemin Rural",
        "DATE_CP": "20030224",
        "DATE_DEL": "20020712",
        "PRAT_PED": "OUI",
        "PRAT_EQU": "OUI",
        "ADMF_PED": "Ouvert",
        "ADMF_EQU": "Ouvert",
        "PRAT_VEL": "NON",
        "ADMF_VEL": null,
        "ITIN_PED": "Pédestre Local",
        "ITIN_EQU": "Equibreizh",
        "ITIN_VEL": null,
        "LONGUEUR": 756.21,
        "DATE_MAJ": "20220503131506",
        "DPCollSIRET": "22350001800013",
        "DPCollNom": "DEPARTEMENT D ILLE ET VILAINE",
        "DPCollModication": "2026-06-01T09:05:23.2480369Z"
      }
    },
    {
      "type": "Feature",
      "geometry": {
        "type": "LineString",
        "coordinates": [
          [
            -1.3703102673,
            48.2330885786
          ],
          [
            -1.3699941308,
            48.2330329342
          ],
          [
            -1.369873156,
            48.232817995
          ],
          [
            -1.3692345466,
            48.2327201196
          ],
          [
            -1.3688070255,
            48.2327991246
          ],
          [
            -1.3682993016,
            48.2327346017
          ]
        ]
      },
      "properties": {
        "CD_TRONC": 8786,
        "INSEE_COM": "35154",
        "NOM_COM": "Livré-sur-Changeon",
        "INTERET": "Locale",
        "REVET": "Goudron",
        "STAT_JUR": "Chemin Rural",
        "DATE_CP": null,
        "DATE_DEL": "19910510",
        "PRAT_PED": "OUI",
        "PRAT_EQU": "NON",
        "ADMF_PED": "Fermé",
        "ADMF_EQU": null,
        "PRAT_VEL": "NON",
        "ADMF_VEL": null,
        "ITIN_PED": "Pédestre Local",
        "ITIN_EQU": null,
        "ITIN_VEL": null,
        "LONGUEUR": 169.76,
        "DATE_MAJ": "20220503131506",
        "DPCollSIRET": "22350001800013",
        "DPCollNom": "DEPARTEMENT D ILLE ET VILAINE",
        "DPCollModication": "2026-06-01T09:05:23.2496032Z"
      }
    },
    {
      "type": "Feature",
      "geometry": {
        "type": "LineString",
        "coordinates": [
          [
            -1.4325539657,
            48.2567621889
          ],
          [
            -1.4313790919,
            48.2568321226
          ],
          [
            -1.4306587296,
            48.2568746569
          ],
          [
            -1.4297216851,
            48.2570106242
          ]
        ]
      },
      "properties": {
        "CD_TRONC": 5868,
        "INSEE_COM": "35121",
        "NOM_COM": "Gosné",
        "INTERET": "Locale",
        "REVET": "Goudron",
        "STAT_JUR": "Voie Communale",
        "DATE_CP": "20030224",
        "DATE_DEL": "20020502",
        "PRAT_PED": "OUI",
        "PRAT_EQU": "NON",
        "ADMF_PED": "Ouvert",
        "ADMF_EQU": null,
        "PRAT_VEL": "NON",
        "ADMF_VEL": null,
        "ITIN_PED": "Pédestre Local",
        "ITIN_EQU": null,
        "ITIN_VEL": null,
        "LONGUEUR": 212.38,
        "DATE_MAJ": "20220503131511",
        "DPCollSIRET": "22350001800013",
        "DPCollNom": "DEPARTEMENT D ILLE ET VILAINE",
        "DPCollModication": "2026-06-01T09:05:24.4992412Z"
      }
    },
    {
      "type": "Feature",
      "geometry": {
        "type": "LineString",
        "coordinates": [
          [
            -1.4666410588,
            48.2546191892
          ],
          [
            -1.4651811755,
            48.2551392592
          ],
          [
            -1.4648494038,
            48.2553532841
          ],
          [
            -1.4646067088,
            48.2556283207
          ]
        ]
      },
      "properties": {
        "CD_TRONC": 5869,
        "INSEE_COM": "35121",
        "NOM_COM": "Gosné",
        "INTERET": "Locale",
        "REVET": "Goudron",
        "STAT_JUR": "Voie Communale",
        "DATE_CP": "20030224",
        "DATE_DEL": "20020502",
        "PRAT_PED": "OUI",
        "PRAT_EQU": "NON",
        "ADMF_PED": "Ouvert",
        "ADMF_EQU": null,
        "PRAT_VEL": "NON",
        "ADMF_VEL": null,
        "ITIN_PED": "Pédestre Local",
        "ITIN_EQU": null,
        "ITIN_VEL": null,
        "LONGUEUR": 192.52,
        "DATE_MAJ": "20220503131511",
        "DPCollSIRET": "22350001800013",
        "DPCollNom": "DEPARTEMENT D ILLE ET VILAINE",
        "DPCollModication": "2026-06-01T09:05:24.5014198Z"
      }
    },
    {
      "type": "Feature",
      "geometry": {
        "type": "LineString",
        "coordinates": [
          [
            -1.4669046882,
            48.2467714109
          ],
          [
            -1.4665381359,
            48.2466250409
          ],
          [
            -1.4662997514,
            48.2465645639
          ],
          [
            -1.4658679418,
            48.2465015979
          ],
          [
            -1.4654244798,
            48.2465259964
          ],
          [
            -1.4650004611,
            48.2465439364
          ],
          [
            -1.4643506819,
            48.2464254358
          ],
          [
            -1.462918501,
            48.246214782
          ]
        ]
      },
      "properties": {
        "CD_TRONC": 5870,
        "INSEE_COM": "35121",
        "NOM_COM": "Gosné",
        "INTERET": "Locale",
        "REVET": "Goudron",
        "STAT_JUR": "Voie Communale",
        "DATE_CP": "20030224",
        "DATE_DEL": "20020502",
        "PRAT_PED": "OUI",
        "PRAT_EQU": "NON",
        "ADMF_PED": "Ouvert",
        "ADMF_EQU": null,
        "PRAT_VEL": "NON",
        "ADMF_VEL": null,
        "ITIN_PED": "Pédestre Local",
        "ITIN_EQU": null,
        "ITIN_VEL": null,
        "LONGUEUR": 306.87,
        "DATE_MAJ": "20220503131511",
        "DPCollSIRET": "22350001800013",
        "DPCollNom": "DEPARTEMENT D ILLE ET VILAINE",
        "DPCollModication": "2026-06-01T09:05:24.5032237Z"
      }
    },
    {
      "type": "Feature",
      "geometry": {
        "type": "LineString",
        "coordinates": [
          [
            -1.4652421644,
            48.2615418054
          ],
          [
            -1.465585467,
            48.2615928996
          ],
          [
            -1.4669319391,
            48.2618901175
          ],
          [
            -1.468148833,
            48.2621540706
          ],
          [
            -1.4683139949,
            48.2620725945
          ],
          [
            -1.4683699251,
            48.2610560288
          ],
          [
            -1.4683876617,
            48.2601707387
          ],
          [
            -1.468391003,
            48.2594314421
          ],
          [
            -1.468113094,
            48.2593334638
          ],
          [
            -1.467153123,
            48.2592982385
          ],
          [
            -1.4670007051,
            48.259269428
          ]
        ]
      },
      "properties": {
        "CD_TRONC": 5871,
        "INSEE_COM": "35121",
        "NOM_COM": "Gosné",
        "INTERET": "Locale",
        "REVET": "Goudron",
        "STAT_JUR": "Voie Communale",
        "DATE_CP": "20030224",
        "DATE_DEL": "20020502",
        "PRAT_PED": "OUI",
        "PRAT_EQU": "NON",
        "ADMF_PED": "Ouvert",
        "ADMF_EQU": null,
        "PRAT_VEL": "NON",
        "ADMF_VEL": null,
        "ITIN_PED": "Pédestre Local",
        "ITIN_EQU": null,
        "ITIN_VEL": null,
        "LONGUEUR": 641.59,
        "DATE_MAJ": "20220503131511",
        "DPCollSIRET": "22350001800013",
        "DPCollNom": "DEPARTEMENT D ILLE ET VILAINE",
        "DPCollModication": "2026-06-01T09:05:24.5065309Z"
      }
    },
    {
      "type": "Feature",
      "geometry": {
        "type": "LineString",
        "coordinates": [
          [
            -1.4652421644,
            48.2615418054
          ],
          [
            -1.4653276429,
            48.2617910923
          ],
          [
            -1.4658402671,
            48.2619815615
          ]
        ]
      },
      "properties": {
        "CD_TRONC": 6982,
        "INSEE_COM": "35121",
        "NOM_COM": "Gosné",
        "INTERET": "Locale",
        "REVET": "Terre",
        "STAT_JUR": "Voie Privée",
        "DATE_CP": "20030224",
        "DATE_DEL": "20020502",
        "PRAT_PED": "OUI",
        "PRAT_EQU": "NON",
        "ADMF_PED": "Ouvert",
        "ADMF_EQU": null,
        "PRAT_VEL": "NON",
        "ADMF_VEL": null,
        "ITIN_PED": "Pédestre Local",
        "ITIN_EQU": null,
        "ITIN_VEL": null,
        "LONGUEUR": 71.96,
        "DATE_MAJ": "20220503131516",
        "DPCollSIRET": "22350001800013",
        "DPCollNom": "DEPARTEMENT D ILLE ET VILAINE",
        "DPCollModication": "2026-06-01T09:05:24.8485837Z"
      }
    },
    {
      "type": "Feature",
      "geometry": {
        "type": "LineString",
        "coordinates": [
          [
            -1.4477230889,
            48.2600530281
          ],
          [
            -1.4484388908,
            48.2601780792
          ],
          [
            -1.4493568405,
            48.2603618998
          ],
          [
            -1.4501544675,
            48.2605664956
          ],
          [
            -1.4505609412,
            48.2606227147
          ],
          [
            -1.4531731971,
            48.2607520862
          ],
          [
            -1.4558512134,
            48.2608971816
          ]
        ]
      },
      "properties": {
        "CD_TRONC": 5872,
        "INSEE_COM": "35121",
        "NOM_COM": "Gosné",
        "INTERET": "Locale",
        "REVET": "Goudron",
        "STAT_JUR": "Voie Communale",
        "DATE_CP": "20030224",
        "DATE_DEL": "20020502",
        "PRAT_PED": "OUI",
        "PRAT_EQU": "NON",
        "ADMF_PED": "Ouvert",
        "ADMF_EQU": null,
        "PRAT_VEL": "NON",
        "ADMF_VEL": null,
        "ITIN_PED": "Pédestre Local",
        "ITIN_EQU": null,
        "ITIN_VEL": null,
        "LONGUEUR": 614.04,
        "DATE_MAJ": "20220503131516",
        "DPCollSIRET": "22350001800013",
        "DPCollNom": "DEPARTEMENT D ILLE ET VILAINE",
        "DPCollModication": "2026-06-01T09:05:25.2758595Z"
      }
    },
    {
      "type": "Feature",
      "geometry": {
        "type": "LineString",
        "coordinates": [
          [
            -1.4451200906,
            48.3013284665
          ],
          [
            -1.4457401687,
            48.3014914318
          ],
          [
            -1.4461940232,
            48.3016437362
          ],
          [
            -1.4480996944,
            48.3021536505
          ],
          [
            -1.4496741523,
            48.3024791214
          ]
        ]
      },
      "properties": {
        "CD_TRONC": 2634,
        "INSEE_COM": "35178",
        "NOM_COM": "Mézières-sur-Couesnon",
        "INTERET": "Locale",
        "REVET": "Goudron",
        "STAT_JUR": "Chemin Rural",
        "DATE_CP": null,
        "DATE_DEL": null,
        "PRAT_PED": "OUI",
        "PRAT_EQU": "NON",
        "ADMF_PED": "Fermé",
        "ADMF_EQU": null,
        "PRAT_VEL": "NON",
        "ADMF_VEL": null,
        "ITIN_PED": "Pédestre Local",
        "ITIN_EQU": null,
        "ITIN_VEL": null,
        "LONGUEUR": 361.58,
        "DATE_MAJ": "20220503131516",
        "DPCollSIRET": "22350001800013",
        "DPCollNom": "DEPARTEMENT D ILLE ET VILAINE",
        "DPCollModication": "2026-06-01T09:05:25.3157052Z"
      }
    },
    {
      "type": "Feature",
      "geometry": {
        "type": "LineString",
        "coordinates": [
          [
            -1.4246433735,
            48.276862486
          ],
          [
            -1.4225534687,
            48.2768662708
          ],
          [
            -1.4218174163,
            48.2771328256
          ],
          [
            -1.4207949535,
            48.2773545145
          ],
          [
            -1.420153066,
            48.2776180519
          ],
          [
            -1.4181637924,
            48.2770782583
          ]
        ]
      },
      "properties": {
        "CD_TRONC": 2638,
        "INSEE_COM": "35178",
        "NOM_COM": "Mézières-sur-Couesnon",
        "INTERET": "Locale",
        "REVET": "Terre",
        "STAT_JUR": "Voie Privée",
        "DATE_CP": null,
        "DATE_DEL": null,
        "PRAT_PED": "OUI",
        "PRAT_EQU": "NON",
        "ADMF_PED": "Fermé",
        "ADMF_EQU": null,
        "PRAT_VEL": "NON",
        "ADMF_VEL": null,
        "ITIN_PED": "Pédestre Local",
        "ITIN_EQU": null,
        "ITIN_VEL": null,
        "LONGUEUR": 512.15,
        "DATE_MAJ": "20220503131516",
        "DPCollSIRET": "22350001800013",
        "DPCollNom": "DEPARTEMENT D ILLE ET VILAINE",
        "DPCollModication": "2026-06-01T09:05:25.4785207Z"
      }
    },
    {
      "type": "Feature",
      "geometry": {
        "type": "LineString",
        "coordinates": [
          [
            -1.4674808474,
            48.2989899013
          ],
          [
            -1.4689824351,
            48.2987423728
          ],
          [
            -1.4703457704,
            48.2984718398
          ]
        ]
      },
      "properties": {
        "CD_TRONC": 2640,
        "INSEE_COM": "35178",
        "NOM_COM": "Mézières-sur-Couesnon",
        "INTERET": "Locale",
        "REVET": "Empierré",
        "STAT_JUR": "Chemin Rural",
        "DATE_CP": null,
        "DATE_DEL": null,
        "PRAT_PED": "OUI",
        "PRAT_EQU": "NON",
        "ADMF_PED": "Fermé",
        "ADMF_EQU": null,
        "PRAT_VEL": "NON",
        "ADMF_VEL": null,
        "ITIN_PED": "Pédestre Local",
        "ITIN_EQU": null,
        "ITIN_VEL": null,
        "LONGUEUR": 220.18,
        "DATE_MAJ": "20220503131516",
        "DPCollSIRET": "22350001800013",
        "DPCollNom": "DEPARTEMENT D ILLE ET VILAINE",
        "DPCollModication": "2026-06-01T09:05:25.4833626Z"
      }
    },
    {
      "type": "Feature",
      "geometry": {
        "type": "LineString",
        "coordinates": [
          [
            -1.4343607795,
            48.2593645666
          ],
          [
            -1.4345020908,
            48.2590370332
          ],
          [
            -1.4351587676,
            48.2577438972
          ],
          [
            -1.4358335961,
            48.2562176832
          ]
        ]
      },
      "properties": {
        "CD_TRONC": 2643,
        "INSEE_COM": "35121",
        "NOM_COM": "Gosné",
        "INTERET": "Locale",
        "REVET": "Terre",
        "STAT_JUR": "Chemin Rural",
        "DATE_CP": "20030224",
        "DATE_DEL": "20020502",
        "PRAT_PED": "OUI",
        "PRAT_EQU": "NON",
        "ADMF_PED": "Ouvert",
        "ADMF_EQU": null,
        "PRAT_VEL": "NON",
        "ADMF_VEL": null,
        "ITIN_PED": "Pédestre Local",
        "ITIN_EQU": null,
        "ITIN_VEL": null,
        "LONGUEUR": 366.51,
        "DATE_MAJ": "20220503131516",
        "DPCollSIRET": "22350001800013",
        "DPCollNom": "DEPARTEMENT D ILLE ET VILAINE",
        "DPCollModication": "2026-06-01T09:05:25.490746Z"
      }
    },
    {
      "type": "Feature",
      "geometry": {
        "type": "LineString",
        "coordinates": [
          [
            -1.4515038365,
            48.3147252127
          ],
          [
            -1.4510026984,
            48.3150788187
          ],
          [
            -1.4502081735,
            48.3156322115
          ],
          [
            -1.4496363751,
            48.3160410375
          ],
          [
            -1.4493351876,
            48.3162992813
          ],
          [
            -1.4492274687,
            48.3167430974
          ],
          [
            -1.4491189355,
            48.3168701097
          ]
        ]
      },
      "properties": {
        "CD_TRONC": 2644,
        "INSEE_COM": "35178",
        "NOM_COM": "Mézières-sur-Couesnon",
        "INTERET": "Départementale",
        "REVET": "Goudron",
        "STAT_JUR": "Chemin Rural",
        "DATE_CP": null,
        "DATE_DEL": null,
        "PRAT_PED": "NON",
        "PRAT_EQU": "OUI",
        "ADMF_PED": null,
        "ADMF_EQU": "Ouvert",
        "PRAT_VEL": "NON",
        "ADMF_VEL": null,
        "ITIN_PED": null,
        "ITIN_EQU": "Equibreizh",
        "ITIN_VEL": null,
        "LONGUEUR": 303.97,
        "DATE_MAJ": "20220503131516",
        "DPCollSIRET": "22350001800013",
        "DPCollNom": "DEPARTEMENT D ILLE ET VILAINE",
        "DPCollModication": "2026-06-01T09:05:25.4923097Z"
      }
    },
    {
      "type": "Feature",
      "geometry": {
        "type": "LineString",
        "coordinates": [
          [
            -1.4732980748,
            48.2957039797
          ],
          [
            -1.4741249704,
            48.2948175648
          ],
          [
            -1.4749559405,
            48.2938529525
          ],
          [
            -1.4753829427,
            48.2934958209
          ],
          [
            -1.4755327067,
            48.2932192002
          ],
          [
            -1.475552101,
            48.2921025784
          ]
        ]
      },
      "properties": {
        "CD_TRONC": 2645,
        "INSEE_COM": "35178",
        "NOM_COM": "Mézières-sur-Couesnon",
        "INTERET": "Départementale",
        "REVET": "Empierré",
        "STAT_JUR": "Chemin Rural",
        "DATE_CP": null,
        "DATE_DEL": null,
        "PRAT_PED": "OUI",
        "PRAT_EQU": "OUI",
        "ADMF_PED": "Ouvert",
        "ADMF_EQU": "Ouvert",
        "PRAT_VEL": "NON",
        "ADMF_VEL": null,
        "ITIN_PED": "Grande Randonnée",
        "ITIN_EQU": "Equestre Local",
        "ITIN_VEL": null,
        "LONGUEUR": 447.29,
        "DATE_MAJ": "20220503131516",
        "DPCollSIRET": "22350001800013",
        "DPCollNom": "DEPARTEMENT D ILLE ET VILAINE",
        "DPCollModication": "2026-06-01T09:05:25.4940594Z"
      }
    },
    {
      "type": "Feature",
      "geometry": {
        "type": "LineString",
        "coordinates": [
          [
            -1.4640403151,
            48.2243381911
          ],
          [
            -1.463750108,
            48.2253387001
          ],
          [
            -1.4638766659,
            48.226514506
          ],
          [
            -1.4641209655,
            48.2273127561
          ],
          [
            -1.4649557585,
            48.2278687773
          ],
          [
            -1.4663413856,
            48.2276189961
          ],
          [
            -1.4677691695,
            48.2275325253
          ],
          [
            -1.468072822,
            48.2275823156
          ]
        ]
      },
      "properties": {
        "CD_TRONC": 15498,
        "INSEE_COM": "35152",
        "NOM_COM": "Liffré",
        "INTERET": "Départementale",
        "REVET": "Terre",
        "STAT_JUR": "Voie Privée",
        "DATE_CP": null,
        "DATE_DEL": "19911107",
        "PRAT_PED": "OUI",
        "PRAT_EQU": "NON",
        "ADMF_PED": "Ouvert",
        "ADMF_EQU": null,
        "PRAT_VEL": null,
        "ADMF_VEL": null,
        "ITIN_PED": "Grande Randonnée",
        "ITIN_EQU": null,
        "ITIN_VEL": null,
        "LONGUEUR": 658.62,
        "DATE_MAJ": "20220503131516",
        "DPCollSIRET": "22350001800013",
        "DPCollNom": "DEPARTEMENT D ILLE ET VILAINE",
        "DPCollModication": "2026-06-01T09:05:25.8372651Z"
      }
    },
    {
      "type": "Feature",
      "geometry": {
        "type": "LineString",
        "coordinates": [
          [
            -1.5146697407,
            48.2258436963
          ],
          [
            -1.514624203,
            48.2259734151
          ],
          [
            -1.5147912559,
            48.2265221947
          ],
          [
            -1.5147309107,
            48.2270616461
          ],
          [
            -1.5149078042,
            48.2273631073
          ],
          [
            -1.5147305203,
            48.2278286223
          ],
          [
            -1.5149417661,
            48.2284523171
          ],
          [
            -1.5148460388,
            48.2292400624
          ],
          [
            -1.5146510803,
            48.2294521011
          ],
          [
            -1.5142135503,
            48.2297770584
          ],
          [
            -1.5143174582,
            48.2300452611
          ],
          [
            -1.5152113842,
            48.2312214472
          ],
          [
            -1.51710276,
            48.231648385
          ],
          [
            -1.5190311901,
            48.2318620822
          ],
          [
            -1.5199373034,
            48.2318733583
          ],
          [
            -1.5206852449,
            48.2316761872
          ],
          [
            -1.5212299219,
            48.232191572
          ]
        ]
      },
      "properties": {
        "CD_TRONC": 15499,
        "INSEE_COM": "35152",
        "NOM_COM": "Liffré",
        "INTERET": "Locale",
        "REVET": "Terre",
        "STAT_JUR": "Voie Privée",
        "DATE_CP": null,
        "DATE_DEL": "19911107",
        "PRAT_PED": "OUI",
        "PRAT_EQU": "NON",
        "ADMF_PED": "Ouvert",
        "ADMF_EQU": null,
        "PRAT_VEL": null,
        "ADMF_VEL": null,
        "ITIN_PED": "Pédestre Local",
        "ITIN_EQU": null,
        "ITIN_VEL": null,
        "LONGUEUR": 1129.59,
        "DATE_MAJ": "20220503131516",
        "DPCollSIRET": "22350001800013",
        "DPCollNom": "DEPARTEMENT D ILLE ET VILAINE",
        "DPCollModication": "2026-06-01T09:05:25.839206Z"
      }
    },
    {
      "type": "Feature",
      "geometry": {
        "type": "LineString",
        "coordinates": [
          [
            -1.4303461302,
            48.2039778454
          ],
          [
            -1.4287332967,
            48.2040528083
          ],
          [
            -1.427793217,
            48.2039033403
          ],
          [
            -1.4270627304,
            48.203584686
          ]
        ]
      },
      "properties": {
        "CD_TRONC": 15502,
        "INSEE_COM": "35152",
        "NOM_COM": "Liffré",
        "INTERET": "Locale",
        "REVET": "Goudron",
        "STAT_JUR": "Voie Communale",
        "DATE_CP": null,
        "DATE_DEL": "19911107",
        "PRAT_PED": "OUI",
        "PRAT_EQU": "NON",
        "ADMF_PED": "Ouvert",
        "ADMF_EQU": null,
        "PRAT_VEL": null,
        "ADMF_VEL": null,
        "ITIN_PED": "Pédestre Local",
        "ITIN_EQU": null,
        "ITIN_VEL": null,
        "LONGUEUR": 256.7,
        "DATE_MAJ": "20220503131516",
        "DPCollSIRET": "22350001800013",
        "DPCollNom": "DEPARTEMENT D ILLE ET VILAINE",
        "DPCollModication": "2026-06-01T09:05:25.8407741Z"
      }
    },
    {
      "type": "Feature",
      "geometry": {
        "type": "LineString",
        "coordinates": [
          [
            -1.415754235,
            48.2169099033
          ],
          [
            -1.4082398468,
            48.2157561054
          ]
        ]
      },
      "properties": {
        "CD_TRONC": 15503,
        "INSEE_COM": "35152",
        "NOM_COM": "Liffré",
        "INTERET": "Locale",
        "REVET": "Terre",
        "STAT_JUR": "Voie Privée",
        "DATE_CP": "20090928",
        "DATE_DEL": "20090619",
        "PRAT_PED": "NON",
        "PRAT_EQU": "OUI",
        "ADMF_PED": null,
        "ADMF_EQU": "Ouvert",
        "PRAT_VEL": null,
        "ADMF_VEL": null,
        "ITIN_PED": null,
        "ITIN_EQU": "Equestre Local",
        "ITIN_VEL": null,
        "LONGUEUR": 572.67,
        "DATE_MAJ": "20220503131516",
        "DPCollSIRET": "22350001800013",
        "DPCollNom": "DEPARTEMENT D ILLE ET VILAINE",
        "DPCollModication": "2026-06-01T09:05:25.8420933Z"
      }
    },
    {
      "type": "Feature",
      "geometry": {
        "type": "LineString",
        "coordinates": [
          [
            -1.5397229658,
            48.2304535629
          ],
          [
            -1.5390696277,
            48.2311843721
          ],
          [
            -1.5390034071,
            48.2313239097
          ],
          [
            -1.5390164103,
            48.2319290567
          ],
          [
            -1.5387221112,
            48.232772234
          ],
          [
            -1.537712379,
            48.2339078794
          ],
          [
            -1.5372128718,
            48.2344362873
          ]
        ]
      },
      "properties": {
        "CD_TRONC": 15500,
        "INSEE_COM": "35152",
        "NOM_COM": "Liffré",
        "INTERET": "Départementale",
        "REVET": "Goudron",
        "STAT_JUR": "Voie Privée",
        "DATE_CP": null,
        "DATE_DEL": "19911107",
        "PRAT_PED": "NON",
        "PRAT_EQU": "OUI",
        "ADMF_PED": null,
        "ADMF_EQU": "Ouvert",
        "PRAT_VEL": null,
        "ADMF_VEL": null,
        "ITIN_PED": null,
        "ITIN_EQU": "Equibreizh",
        "ITIN_VEL": null,
        "LONGUEUR": 490.62,
        "DATE_MAJ": "20240325145313",
        "DPCollSIRET": "22350001800013",
        "DPCollNom": "DEPARTEMENT D ILLE ET VILAINE",
        "DPCollModication": "2026-06-01T09:05:25.8435672Z"
      }
    },
    {
      "type": "Feature",
      "geometry": {
        "type": "LineString",
        "coordinates": [
          [
            -1.5190363512,
            48.2231603179
          ],
          [
            -1.5176765416,
            48.221976753
          ],
          [
            -1.5168150061,
            48.2222161107
          ],
          [
            -1.5162585772,
            48.221750726
          ],
          [
            -1.5156532968,
            48.2214863844
          ]
        ]
      },
      "properties": {
        "CD_TRONC": 15504,
        "INSEE_COM": "35152",
        "NOM_COM": "Liffré",
        "INTERET": "Locale",
        "REVET": "Terre",
        "STAT_JUR": "Voie Privée",
        "DATE_CP": null,
        "DATE_DEL": "19911107",
        "PRAT_PED": "NON",
        "PRAT_EQU": "OUI",
        "ADMF_PED": null,
        "ADMF_EQU": "Fermé",
        "PRAT_VEL": null,
        "ADMF_VEL": null,
        "ITIN_PED": null,
        "ITIN_EQU": "Equestre Local",
        "ITIN_VEL": null,
        "LONGUEUR": 355.03,
        "DATE_MAJ": "20220503131516",
        "DPCollSIRET": "22350001800013",
        "DPCollNom": "DEPARTEMENT D ILLE ET VILAINE",
        "DPCollModication": "2026-06-01T09:05:25.8479709Z"
      }
    },
    {
      "type": "Feature",
      "geometry": {
        "type": "LineString",
        "coordinates": [
          [
            -1.5907186187,
            48.1837908939
          ],
          [
            -1.5929630572,
            48.181539204
          ]
        ]
      },
      "properties": {
        "CD_TRONC": 15505,
        "INSEE_COM": "35152",
        "NOM_COM": "Liffré",
        "INTERET": "Locale",
        "REVET": "Empierré",
        "STAT_JUR": "Voie Privée",
        "DATE_CP": null,
        "DATE_DEL": "20090619",
        "PRAT_PED": "NON",
        "PRAT_EQU": "OUI",
        "ADMF_PED": null,
        "ADMF_EQU": "Ouvert",
        "PRAT_VEL": null,
        "ADMF_VEL": null,
        "ITIN_PED": null,
        "ITIN_EQU": "Equestre Local",
        "ITIN_VEL": null,
        "LONGUEUR": 300.75,
        "DATE_MAJ": "20220503131516",
        "DPCollSIRET": "22350001800013",
        "DPCollNom": "DEPARTEMENT D ILLE ET VILAINE",
        "DPCollModication": "2026-06-01T09:05:25.8494378Z"
      }
    },
    {
      "type": "Feature",
      "geometry": {
        "type": "LineString",
        "coordinates": [
          [
            -1.6067950824,
            48.1774008951
          ],
          [
            -1.6089331004,
            48.1797374522
          ]
        ]
      },
      "properties": {
        "CD_TRONC": 15506,
        "INSEE_COM": "35152",
        "NOM_COM": "Liffré",
        "INTERET": "Locale",
        "REVET": "Goudron",
        "STAT_JUR": "Route Départementale",
        "DATE_CP": null,
        "DATE_DEL": "19911107",
        "PRAT_PED": "NON",
        "PRAT_EQU": "OUI",
        "ADMF_PED": null,
        "ADMF_EQU": "Ouvert",
        "PRAT_VEL": null,
        "ADMF_VEL": null,
        "ITIN_PED": null,
        "ITIN_EQU": "Equestre Local",
        "ITIN_VEL": null,
        "LONGUEUR": 304.44,
        "DATE_MAJ": "20220503131516",
        "DPCollSIRET": "22350001800013",
        "DPCollNom": "DEPARTEMENT D ILLE ET VILAINE",
        "DPCollModication": "2026-06-01T09:05:25.8508596Z"
      }
    },
    {
      "type": "Feature",
      "geometry": {
        "type": "LineString",
        "coordinates": [
          [
            -1.4195109811,
            48.2684938437
          ],
          [
            -1.4194919258,
            48.2686042087
          ],
          [
            -1.4198525678,
            48.2690251092
          ],
          [
            -1.4203377467,
            48.2695716139
          ],
          [
            -1.4208525063,
            48.2701800831
          ],
          [
            -1.4211809501,
            48.2705554424
          ],
          [
            -1.4213507708,
            48.270824728
          ],
          [
            -1.4210252181,
            48.2708607535
          ],
          [
            -1.4208167242,
            48.2708447108
          ],
          [
            -1.4201743346,
            48.2709355057
          ],
          [
            -1.4202749505,
            48.2722192726
          ],
          [
            -1.4201088426,
            48.2725147409
          ]
        ]
      },
      "properties": {
        "CD_TRONC": 6769,
        "INSEE_COM": "35253",
        "NOM_COM": "Saint-Aubin-du-Cormier",
        "INTERET": "Départementale",
        "REVET": "Terre",
        "STAT_JUR": "Voie Privée",
        "DATE_CP": "20030224",
        "DATE_DEL": "20020523",
        "PRAT_PED": "OUI",
        "PRAT_EQU": "NON",
        "ADMF_PED": "Ouvert",
        "ADMF_EQU": null,
        "PRAT_VEL": "NON",
        "ADMF_VEL": null,
        "ITIN_PED": "Grande Randonnée",
        "ITIN_EQU": null,
        "ITIN_VEL": null,
        "LONGUEUR": 562.03,
        "DATE_MAJ": "20220503131521",
        "DPCollSIRET": "22350001800013",
        "DPCollNom": "DEPARTEMENT D ILLE ET VILAINE",
        "DPCollModication": "2026-06-01T09:05:26.9303547Z"
      }
    },
    {
      "type": "Feature",
      "geometry": {
        "type": "LineString",
        "coordinates": [
          [
            -1.5107582776,
            48.2878533661
          ],
          [
            -1.5112316558,
            48.2871357389
          ],
          [
            -1.5117967283,
            48.2858299862
          ],
          [
            -1.5129372376,
            48.2828354153
          ],
          [
            -1.5124608234,
            48.2814545269
          ],
          [
            -1.5119405976,
            48.2800730487
          ],
          [
            -1.5112638436,
            48.2793989685
          ],
          [
            -1.5099805726,
            48.2790929225
          ],
          [
            -1.5088814054,
            48.27877729
          ],
          [
            -1.5082794665,
            48.278331682
          ],
          [
            -1.5079482983,
            48.2778230895
          ],
          [
            -1.5078287321,
            48.2773213958
          ],
          [
            -1.507867786,
            48.2769517812
          ],
          [
            -1.5080060522,
            48.2765450376
          ]
        ]
      },
      "properties": {
        "CD_TRONC": 6770,
        "INSEE_COM": "35253",
        "NOM_COM": "Saint-Aubin-du-Cormier",
        "INTERET": "Locale",
        "REVET": "Terre",
        "STAT_JUR": "Voie Privée",
        "DATE_CP": null,
        "DATE_DEL": "19910328",
        "PRAT_PED": "OUI",
        "PRAT_EQU": "OUI",
        "ADMF_PED": "Ouvert",
        "ADMF_EQU": "Ouvert",
        "PRAT_VEL": "NON",
        "ADMF_VEL": null,
        "ITIN_PED": "Pédestre Local",
        "ITIN_EQU": "Equestre Local",
        "ITIN_VEL": null,
        "LONGUEUR": 1449.8,
        "DATE_MAJ": "20220503131521",
        "DPCollSIRET": "22350001800013",
        "DPCollNom": "DEPARTEMENT D ILLE ET VILAINE",
        "DPCollModication": "2026-06-01T09:05:26.932436Z"
      }
    },
    {
      "type": "Feature",
      "geometry": {
        "type": "LineString",
        "coordinates": [
          [
            -1.4201088426,
            48.2725147409
          ],
          [
            -1.4200065726,
            48.2727231418
          ],
          [
            -1.4199791669,
            48.2728502235
          ],
          [
            -1.4196497607,
            48.2738192504
          ],
          [
            -1.41902045,
            48.2752048252
          ],
          [
            -1.4184497201,
            48.2764333423
          ],
          [
            -1.4181637924,
            48.2770782583
          ]
        ]
      },
      "properties": {
        "CD_TRONC": 6771,
        "INSEE_COM": "35253",
        "NOM_COM": "Saint-Aubin-du-Cormier",
        "INTERET": "Départementale",
        "REVET": "Terre",
        "STAT_JUR": "Voie Privée",
        "DATE_CP": "20030224",
        "DATE_DEL": "20020523",
        "PRAT_PED": "OUI",
        "PRAT_EQU": "OUI",
        "ADMF_PED": "Ouvert",
        "ADMF_EQU": "Fermé",
        "PRAT_VEL": "NON",
        "ADMF_VEL": null,
        "ITIN_PED": "Grande Randonnée",
        "ITIN_EQU": "Equestre Local",
        "ITIN_VEL": null,
        "LONGUEUR": 527.71,
        "DATE_MAJ": "20220503131521",
        "DPCollSIRET": "22350001800013",
        "DPCollNom": "DEPARTEMENT D ILLE ET VILAINE",
        "DPCollModication": "2026-06-01T09:05:26.9344424Z"
      }
    },
    {
      "type": "Feature",
      "geometry": {
        "type": "LineString",
        "coordinates": [
          [
            -1.3601195678,
            48.256723874
          ],
          [
            -1.3603536091,
            48.2570017878
          ],
          [
            -1.361028833,
            48.2578035629
          ],
          [
            -1.3618758096,
            48.2574204326
          ],
          [
            -1.3629552451,
            48.257053439
          ],
          [
            -1.3637127134,
            48.2572816449
          ],
          [
            -1.3649909243,
            48.2574394523
          ],
          [
            -1.3664637784,
            48.2576811307
          ],
          [
            -1.3671497143,
            48.2577424988
          ],
          [
            -1.3683504172,
            48.2578647504
          ],
          [
            -1.368713561,
            48.2578533106
          ],
          [
            -1.3700052495,
            48.2580106393
          ],
          [
            -1.3705800591,
            48.258514598
          ],
          [
            -1.3724610269,
            48.2586173208
          ],
          [
            -1.3737925674,
            48.2585753229
          ],
          [
            -1.3742318601,
            48.2586874825
          ],
          [
            -1.3744149703,
            48.2587987229
          ],
          [
            -1.3750746532,
            48.2587869085
          ]
        ]
      },
      "properties": {
        "CD_TRONC": 6772,
        "INSEE_COM": "35253",
        "NOM_COM": "Saint-Aubin-du-Cormier",
        "INTERET": "Départementale",
        "REVET": "Terre",
        "STAT_JUR": "Chemin Départemental",
        "DATE_CP": "20030224",
        "DATE_DEL": "20020523",
        "PRAT_PED": "OUI",
        "PRAT_EQU": "OUI",
        "ADMF_PED": "Ouvert",
        "ADMF_EQU": "Ouvert",
        "PRAT_VEL": "NON",
        "ADMF_VEL": null,
        "ITIN_PED": "Grande Randonnée",
        "ITIN_EQU": "Equibreizh",
        "ITIN_VEL": null,
        "LONGUEUR": 1251.79,
        "DATE_MAJ": "20220503131521",
        "DPCollSIRET": "22350001800013",
        "DPCollNom": "DEPARTEMENT D ILLE ET VILAINE",
        "DPCollModication": "2026-06-01T09:05:26.9366103Z"
      }
    },
    {
      "type": "Feature",
      "geometry": {
        "type": "LineString",
        "coordinates": [
          [
            -1.5096152295,
            48.2733988715
          ],
          [
            -1.509765053,
            48.2740354665
          ],
          [
            -1.5099113275,
            48.2746569706
          ],
          [
            -1.5095819001,
            48.2753317274
          ],
          [
            -1.5088971087,
            48.2757765195
          ],
          [
            -1.5081332547,
            48.2763421687
          ],
          [
            -1.5080060522,
            48.2765450376
          ]
        ]
      },
      "properties": {
        "CD_TRONC": 6773,
        "INSEE_COM": "35253",
        "NOM_COM": "Saint-Aubin-du-Cormier",
        "INTERET": "Locale",
        "REVET": "Terre",
        "STAT_JUR": "Voie Privée",
        "DATE_CP": null,
        "DATE_DEL": "19910328",
        "PRAT_PED": "NON",
        "PRAT_EQU": "OUI",
        "ADMF_PED": null,
        "ADMF_EQU": "Ouvert",
        "PRAT_VEL": "NON",
        "ADMF_VEL": null,
        "ITIN_PED": null,
        "ITIN_EQU": "Equestre Local",
        "ITIN_VEL": null,
        "LONGUEUR": 400.39,
        "DATE_MAJ": "20220503131521",
        "DPCollSIRET": "22350001800013",
        "DPCollNom": "DEPARTEMENT D ILLE ET VILAINE",
        "DPCollModication": "2026-06-01T09:05:26.9384628Z"
      }
    },
    {
      "type": "Feature",
      "geometry": {
        "type": "LineString",
        "coordinates": [
          [
            -1.4323238347,
            48.2750317913
          ],
          [
            -1.4324948912,
            48.2734627306
          ],
          [
            -1.432671398,
            48.2716489894
          ]
        ]
      },
      "properties": {
        "CD_TRONC": 6774,
        "INSEE_COM": "35253",
        "NOM_COM": "Saint-Aubin-du-Cormier",
        "INTERET": "Départementale",
        "REVET": "Terre",
        "STAT_JUR": "Voie Privée",
        "DATE_CP": "20030224",
        "DATE_DEL": "19910328",
        "PRAT_PED": "OUI",
        "PRAT_EQU": "OUI",
        "ADMF_PED": "Ouvert",
        "ADMF_EQU": "Ouvert",
        "PRAT_VEL": "NON",
        "ADMF_VEL": null,
        "ITIN_PED": "Pédestre Local",
        "ITIN_EQU": "Equibreizh",
        "ITIN_VEL": null,
        "LONGUEUR": 376.86,
        "DATE_MAJ": "20220503131521",
        "DPCollSIRET": "22350001800013",
        "DPCollNom": "DEPARTEMENT D ILLE ET VILAINE",
        "DPCollModication": "2026-06-01T09:05:26.9406754Z"
      }
    },
    {
      "type": "Feature",
      "geometry": {
        "type": "LineString",
        "coordinates": [
          [
            -1.5107547901,
            48.2878058444
          ],
          [
            -1.5094044522,
            48.2874178976
          ],
          [
            -1.5082695278,
            48.2861047047
          ],
          [
            -1.5064713428,
            48.2860464242
          ],
          [
            -1.5053766684,
            48.2852810056
          ],
          [
            -1.5036724059,
            48.2853996546
          ],
          [
            -1.5016179806,
            48.2857097384
          ],
          [
            -1.500730167,
            48.2851895826
          ],
          [
            -1.500394359,
            48.2844713839
          ],
          [
            -1.4983848688,
            48.2841048072
          ],
          [
            -1.4975325795,
            48.2840695696
          ],
          [
            -1.4963396534,
            48.284540523
          ],
          [
            -1.4955680924,
            48.2845026412
          ],
          [
            -1.4947876736,
            48.2841589806
          ],
          [
            -1.4938503855,
            48.2842525094
          ],
          [
            -1.4925671675,
            48.2847803741
          ],
          [
            -1.4911458026,
            48.2847095974
          ],
          [
            -1.4895222974,
            48.2844563389
          ],
          [
            -1.4884458984,
            48.284122261
          ],
          [
            -1.4878539069,
            48.2837724311
          ],
          [
            -1.4864325741,
            48.2837015968
          ],
          [
            -1.4852839888,
            48.2834868603
          ],
          [
            -1.483867249,
            48.2834788596
          ],
          [
            -1.4817763429,
            48.2832883058
          ]
        ]
      },
      "properties": {
        "CD_TRONC": 6775,
        "INSEE_COM": "35253",
        "NOM_COM": "Saint-Aubin-du-Cormier",
        "INTERET": "Locale",
        "REVET": "Terre",
        "STAT_JUR": "Voie Privée",
        "DATE_CP": null,
        "DATE_DEL": "19910328",
        "PRAT_PED": "NON",
        "PRAT_EQU": "OUI",
        "ADMF_PED": null,
        "ADMF_EQU": "Ouvert",
        "PRAT_VEL": "NON",
        "ADMF_VEL": null,
        "ITIN_PED": null,
        "ITIN_EQU": "Equestre Local",
        "ITIN_VEL": null,
        "LONGUEUR": 2444.8,
        "DATE_MAJ": "20220503131521",
        "DPCollSIRET": "22350001800013",
        "DPCollNom": "DEPARTEMENT D ILLE ET VILAINE",
        "DPCollModication": "2026-06-01T09:05:26.9434694Z"
      }
    },
    {
      "type": "Feature",
      "geometry": {
        "type": "LineString",
        "coordinates": [
          [
            -1.4145370674,
            48.2671938195
          ],
          [
            -1.4142275351,
            48.2669910961
          ],
          [
            -1.4139482752,
            48.2667694164
          ],
          [
            -1.4137016945,
            48.2665306906
          ],
          [
            -1.4134899181,
            48.2662769762
          ],
          [
            -1.413314771,
            48.2660104597
          ],
          [
            -1.4129289267,
            48.2652946759
          ],
          [
            -1.4127760739,
            48.2647490122
          ],
          [
            -1.4129311969,
            48.2645226687
          ],
          [
            -1.4130085684,
            48.2642520527
          ],
          [
            -1.4133139058,
            48.2638608077
          ],
          [
            -1.4139238799,
            48.263850759
          ],
          [
            -1.4143070818,
            48.2622449062
          ],
          [
            -1.4146386846,
            48.2619940823
          ],
          [
            -1.415128842,
            48.26150486
          ],
          [
            -1.4157337519,
            48.2611067185
          ],
          [
            -1.4172224018,
            48.2607083168
          ],
          [
            -1.4176879328,
            48.2606638818
          ],
          [
            -1.4181565867,
            48.2593401196
          ]
        ]
      },
      "properties": {
        "CD_TRONC": 6776,
        "INSEE_COM": "35253",
        "NOM_COM": "Saint-Aubin-du-Cormier",
        "INTERET": "Départementale",
        "REVET": "Terre",
        "STAT_JUR": "Chemin Rural",
        "DATE_CP": "20030224",
        "DATE_DEL": "20020523",
        "PRAT_PED": "OUI",
        "PRAT_EQU": "OUI",
        "ADMF_PED": "Ouvert",
        "ADMF_EQU": "Ouvert",
        "PRAT_VEL": "NON",
        "ADMF_VEL": null,
        "ITIN_PED": "Pédestre Local",
        "ITIN_EQU": "Equibreizh",
        "ITIN_VEL": null,
        "LONGUEUR": 1111.46,
        "DATE_MAJ": "20220503131521",
        "DPCollSIRET": "22350001800013",
        "DPCollNom": "DEPARTEMENT D ILLE ET VILAINE",
        "DPCollModication": "2026-06-01T09:05:26.9453303Z"
      }
    },
    {
      "type": "Feature",
      "geometry": {
        "type": "LineString",
        "coordinates": [
          [
            -1.5080060522,
            48.2765450376
          ],
          [
            -1.5094876742,
            48.2763501466
          ],
          [
            -1.5100503833,
            48.2762127374
          ],
          [
            -1.5111947845,
            48.275811382
          ],
          [
            -1.5114204071,
            48.27568157
          ],
          [
            -1.5137387528,
            48.2749440458
          ],
          [
            -1.5141789461,
            48.2748038736
          ],
          [
            -1.515347478,
            48.2746393629
          ],
          [
            -1.5160432517,
            48.2746452162
          ],
          [
            -1.5163069899,
            48.2746035931
          ]
        ]
      },
      "properties": {
        "CD_TRONC": 6777,
        "INSEE_COM": "35253",
        "NOM_COM": "Saint-Aubin-du-Cormier",
        "INTERET": "Départementale",
        "REVET": "Terre",
        "STAT_JUR": "Voie Privée",
        "DATE_CP": null,
        "DATE_DEL": "19910328",
        "PRAT_PED": "OUI",
        "PRAT_EQU": "NON",
        "ADMF_PED": "Ouvert",
        "ADMF_EQU": null,
        "PRAT_VEL": "NON",
        "ADMF_VEL": null,
        "ITIN_PED": "Grande Randonnée",
        "ITIN_EQU": null,
        "ITIN_VEL": null,
        "LONGUEUR": 661.56,
        "DATE_MAJ": "20220503131521",
        "DPCollSIRET": "22350001800013",
        "DPCollNom": "DEPARTEMENT D ILLE ET VILAINE",
        "DPCollModication": "2026-06-01T09:05:26.9472653Z"
      }
    },
    {
      "type": "Feature",
      "geometry": {
        "type": "LineString",
        "coordinates": [
          [
            -1.4327884931,
            48.3087454538
          ],
          [
            -1.4328076644,
            48.308856501
          ],
          [
            -1.4327162746,
            48.3093329668
          ],
          [
            -1.43263886,
            48.309364381
          ],
          [
            -1.4325833658,
            48.3095394803
          ],
          [
            -1.4324863483,
            48.310337259
          ],
          [
            -1.4323665536,
            48.3112573095
          ],
          [
            -1.432239225,
            48.3115159647
          ],
          [
            -1.4318809127,
            48.3119772607
          ],
          [
            -1.4317608481,
            48.3120754789
          ]
        ]
      },
      "properties": {
        "CD_TRONC": 6760,
        "INSEE_COM": "35178",
        "NOM_COM": "Mézières-sur-Couesnon",
        "INTERET": "Départementale",
        "REVET": "Terre",
        "STAT_JUR": "Chemin Départemental",
        "DATE_CP": null,
        "DATE_DEL": null,
        "PRAT_PED": "OUI",
        "PRAT_EQU": "OUI",
        "ADMF_PED": "Ouvert",
        "ADMF_EQU": "Ouvert",
        "PRAT_VEL": "NON",
        "ADMF_VEL": null,
        "ITIN_PED": "Pédestre Local",
        "ITIN_EQU": "Equibreizh",
        "ITIN_VEL": null,
        "LONGUEUR": 386.12,
        "DATE_MAJ": "20220503131521",
        "DPCollSIRET": "22350001800013",
        "DPCollNom": "DEPARTEMENT D ILLE ET VILAINE",
        "DPCollModication": "2026-06-01T09:05:26.987572Z"
      }
    },
    {
      "type": "Feature",
      "geometry": {
        "type": "LineString",
        "coordinates": [
          [
            -1.3440412735,
            48.2506799405
          ],
          [
            -1.3436897932,
            48.2495189993
          ]
        ]
      },
      "properties": {
        "CD_TRONC": 6761,
        "INSEE_COM": "35253",
        "NOM_COM": "Saint-Aubin-du-Cormier",
        "INTERET": "Locale",
        "REVET": "Terre",
        "STAT_JUR": "Voie Privée",
        "DATE_CP": null,
        "DATE_DEL": "19910328",
        "PRAT_PED": "OUI",
        "PRAT_EQU": "NON",
        "ADMF_PED": "Fermé",
        "ADMF_EQU": null,
        "PRAT_VEL": "NON",
        "ADMF_VEL": null,
        "ITIN_PED": "Pédestre Local",
        "ITIN_EQU": null,
        "ITIN_VEL": null,
        "LONGUEUR": 131.64,
        "DATE_MAJ": "20220503131521",
        "DPCollSIRET": "22350001800013",
        "DPCollNom": "DEPARTEMENT D ILLE ET VILAINE",
        "DPCollModication": "2026-06-01T09:05:26.9889884Z"
      }
    },
    {
      "type": "Feature",
      "geometry": {
        "type": "LineString",
        "coordinates": [
          [
            -1.3775416207,
            48.2594212023
          ],
          [
            -1.3772269908,
            48.2592950517
          ],
          [
            -1.3764425344,
            48.2590677815
          ],
          [
            -1.3755403873,
            48.2586780119
          ],
          [
            -1.3752592521,
            48.2587322959
          ],
          [
            -1.3750746532,
            48.2587869085
          ]
        ]
      },
      "properties": {
        "CD_TRONC": 6762,
        "INSEE_COM": "35253",
        "NOM_COM": "Saint-Aubin-du-Cormier",
        "INTERET": "Départementale",
        "REVET": "Terre",
        "STAT_JUR": "Voie Privée",
        "DATE_CP": "20030224",
        "DATE_DEL": "20020523",
        "PRAT_PED": "OUI",
        "PRAT_EQU": "OUI",
        "ADMF_PED": "Ouvert",
        "ADMF_EQU": "Ouvert",
        "PRAT_VEL": "NON",
        "ADMF_VEL": null,
        "ITIN_PED": "Grande Randonnée",
        "ITIN_EQU": "Equibreizh",
        "ITIN_VEL": null,
        "LONGUEUR": 207.15,
        "DATE_MAJ": "20220503131521",
        "DPCollSIRET": "22350001800013",
        "DPCollNom": "DEPARTEMENT D ILLE ET VILAINE",
        "DPCollModication": "2026-06-01T09:05:26.9907734Z"
      }
    },
    {
      "type": "Feature",
      "geometry": {
        "type": "LineString",
        "coordinates": [
          [
            -1.4074581814,
            48.2654567518
          ],
          [
            -1.4067274437,
            48.2662529804
          ],
          [
            -1.4067714916,
            48.2664920947
          ],
          [
            -1.4076970399,
            48.2669230311
          ],
          [
            -1.408341694,
            48.2664814299
          ],
          [
            -1.4087997543,
            48.2661676416
          ],
          [
            -1.4093168642,
            48.2658835104
          ],
          [
            -1.4102896438,
            48.2661803082
          ]
        ]
      },
      "properties": {
        "CD_TRONC": 10539,
        "INSEE_COM": "35253",
        "NOM_COM": "Saint-Aubin-du-Cormier",
        "INTERET": "Départementale",
        "REVET": "Terre",
        "STAT_JUR": "Servitude de l'Etat",
        "DATE_CP": "20030224",
        "DATE_DEL": "20020523",
        "PRAT_PED": "OUI",
        "PRAT_EQU": "OUI",
        "ADMF_PED": "Ouvert",
        "ADMF_EQU": "Ouvert",
        "PRAT_VEL": "NON",
        "ADMF_VEL": null,
        "ITIN_PED": "Grande Randonnée",
        "ITIN_EQU": "Equibreizh",
        "ITIN_VEL": null,
        "LONGUEUR": 460.59,
        "DATE_MAJ": "20220503131521",
        "DPCollSIRET": "22350001800013",
        "DPCollNom": "DEPARTEMENT D ILLE ET VILAINE",
        "DPCollModication": "2026-06-01T09:05:27.2665434Z"
      }
    },
    {
      "type": "Feature",
      "geometry": {
        "type": "LineString",
        "coordinates": [
          [
            -1.449441408,
            48.3175663661
          ],
          [
            -1.4493961622,
            48.3177023393
          ],
          [
            -1.449426199,
            48.3177859169
          ],
          [
            -1.4495647534,
            48.3178266625
          ],
          [
            -1.4497911676,
            48.3178199458
          ],
          [
            -1.4501094189,
            48.3177758827
          ],
          [
            -1.4504704744,
            48.3177421491
          ],
          [
            -1.4507156367,
            48.3177599257
          ],
          [
            -1.4510092978,
            48.3179092779
          ],
          [
            -1.4513474599,
            48.3180416349
          ],
          [
            -1.4515711998,
            48.3181629785
          ],
          [
            -1.452035337,
            48.3181554195
          ],
          [
            -1.4523838848,
            48.3183042306
          ],
          [
            -1.4532392908,
            48.3185909225
          ],
          [
            -1.4537467235,
            48.3187884708
          ],
          [
            -1.4539895362,
            48.3190073171
          ],
          [
            -1.4542997209,
            48.3190803428
          ],
          [
            -1.4546995893,
            48.3191274609
          ],
          [
            -1.4551625174,
            48.3191055171
          ],
          [
            -1.4555893754,
            48.3189855842
          ],
          [
            -1.4559121829,
            48.3189754443
          ],
          [
            -1.4566369335,
            48.3191829012
          ],
          [
            -1.4575486631,
            48.3193454258
          ],
          [
            -1.4580058597,
            48.31923988
          ],
          [
            -1.4580999975,
            48.3191390071
          ],
          [
            -1.4580924565,
            48.3188905737
          ],
          [
            -1.4582024448,
            48.3188332596
          ],
          [
            -1.4588510192,
            48.3188655812
          ]
        ]
      },
      "properties": {
        "CD_TRONC": 6748,
        "INSEE_COM": "35178",
        "NOM_COM": "Mézières-sur-Couesnon",
        "INTERET": "Départementale",
        "REVET": "Terre",
        "STAT_JUR": "Chemin Départemental",
        "DATE_CP": null,
        "DATE_DEL": null,
        "PRAT_PED": "OUI",
        "PRAT_EQU": "NON",
        "ADMF_PED": "Ouvert",
        "ADMF_EQU": null,
        "PRAT_VEL": "NON",
        "ADMF_VEL": null,
        "ITIN_PED": "Grande Randonnée",
        "ITIN_EQU": null,
        "ITIN_VEL": null,
        "LONGUEUR": 821.02,
        "DATE_MAJ": "20220503131521",
        "DPCollSIRET": "22350001800013",
        "DPCollNom": "DEPARTEMENT D ILLE ET VILAINE",
        "DPCollModication": "2026-06-01T09:05:27.6154714Z"
      }
    },
    {
      "type": "Feature",
      "geometry": {
        "type": "LineString",
        "coordinates": [
          [
            -1.4402564026,
            48.3133833422
          ],
          [
            -1.4396224809,
            48.3132674663
          ],
          [
            -1.4394330345,
            48.313263765
          ],
          [
            -1.4387721912,
            48.3131944157
          ],
          [
            -1.4380001954,
            48.3130505322
          ],
          [
            -1.4377074913,
            48.3130114459
          ]
        ]
      },
      "properties": {
        "CD_TRONC": 6749,
        "INSEE_COM": "35178",
        "NOM_COM": "Mézières-sur-Couesnon",
        "INTERET": "Départementale",
        "REVET": "Terre",
        "STAT_JUR": "Chemin Départemental",
        "DATE_CP": null,
        "DATE_DEL": null,
        "PRAT_PED": "OUI",
        "PRAT_EQU": "OUI",
        "ADMF_PED": "Ouvert",
        "ADMF_EQU": "Ouvert",
        "PRAT_VEL": "NON",
        "ADMF_VEL": null,
        "ITIN_PED": "Grande Randonnée",
        "ITIN_EQU": "Equibreizh",
        "ITIN_VEL": null,
        "LONGUEUR": 193.94,
        "DATE_MAJ": "20220503131521",
        "DPCollSIRET": "22350001800013",
        "DPCollNom": "DEPARTEMENT D ILLE ET VILAINE",
        "DPCollModication": "2026-06-01T09:05:27.7294472Z"
      }
    },
    {
      "type": "Feature",
      "geometry": {
        "type": "LineString",
        "coordinates": [
          [
            -1.4252047194,
            48.3107728556
          ],
          [
            -1.4261932063,
            48.3108294169
          ],
          [
            -1.4273639064,
            48.3109185752
          ],
          [
            -1.4279132911,
            48.3109661329
          ],
          [
            -1.4283349847,
            48.3112511158
          ],
          [
            -1.4285448972,
            48.3113457778
          ],
          [
            -1.4288418139,
            48.3114531184
          ],
          [
            -1.4292598177,
            48.3114739778
          ],
          [
            -1.4296896601,
            48.3114790333
          ],
          [
            -1.4306743318,
            48.3118143129
          ],
          [
            -1.4308173336,
            48.3118264367
          ],
          [
            -1.4310247518,
            48.3117885666
          ]
        ]
      },
      "properties": {
        "CD_TRONC": 6750,
        "INSEE_COM": "35178",
        "NOM_COM": "Mézières-sur-Couesnon",
        "INTERET": "Départementale",
        "REVET": "Terre",
        "STAT_JUR": "Chemin Départemental",
        "DATE_CP": "20030224",
        "DATE_DEL": "20020712",
        "PRAT_PED": "OUI",
        "PRAT_EQU": "OUI",
        "ADMF_PED": "Ouvert",
        "ADMF_EQU": "Ouvert",
        "PRAT_VEL": "NON",
        "ADMF_VEL": null,
        "ITIN_PED": "Grande Randonnée",
        "ITIN_EQU": "Equibreizh",
        "ITIN_VEL": null,
        "LONGUEUR": 461.87,
        "DATE_MAJ": "20220503131521",
        "DPCollSIRET": "22350001800013",
        "DPCollNom": "DEPARTEMENT D ILLE ET VILAINE",
        "DPCollModication": "2026-06-01T09:05:27.7306847Z"
      }
    },
    {
      "type": "Feature",
      "geometry": {
        "type": "LineString",
        "coordinates": [
          [
            -1.4316228104,
            48.2802605146
          ],
          [
            -1.4316885353,
            48.2801974686
          ],
          [
            -1.4317773654,
            48.2785250555
          ],
          [
            -1.4319453168,
            48.2782267806
          ],
          [
            -1.4321941665,
            48.2780074768
          ],
          [
            -1.4326723902,
            48.2778507604
          ]
        ]
      },
      "properties": {
        "CD_TRONC": 6752,
        "INSEE_COM": "35178",
        "NOM_COM": "Mézières-sur-Couesnon",
        "INTERET": "Départementale",
        "REVET": "Terre",
        "STAT_JUR": "Voie Privée",
        "DATE_CP": "20030224",
        "DATE_DEL": "20020712",
        "PRAT_PED": "OUI",
        "PRAT_EQU": null,
        "ADMF_PED": "Ouvert",
        "ADMF_EQU": null,
        "PRAT_VEL": "NON",
        "ADMF_VEL": null,
        "ITIN_PED": "Grande Randonnée",
        "ITIN_EQU": null,
        "ITIN_VEL": null,
        "LONGUEUR": 300.05,
        "DATE_MAJ": "20250127163113",
        "DPCollSIRET": "22350001800013",
        "DPCollNom": "DEPARTEMENT D ILLE ET VILAINE",
        "DPCollModication": "2026-06-01T09:05:27.7628856Z"
      }
    },
    {
      "type": "Feature",
      "geometry": {
        "type": "LineString",
        "coordinates": [
          [
            -1.4491189355,
            48.3168701097
          ],
          [
            -1.4493181223,
            48.3169407552
          ],
          [
            -1.4497990999,
            48.3170032083
          ],
          [
            -1.4498512172,
            48.3170922632
          ],
          [
            -1.4494725403,
            48.317498592
          ],
          [
            -1.449441408,
            48.3175663661
          ]
        ]
      },
      "properties": {
        "CD_TRONC": 6753,
        "INSEE_COM": "35178",
        "NOM_COM": "Mézières-sur-Couesnon",
        "INTERET": "Départementale",
        "REVET": "Terre",
        "STAT_JUR": "Chemin Départemental",
        "DATE_CP": null,
        "DATE_DEL": null,
        "PRAT_PED": "OUI",
        "PRAT_EQU": "NON",
        "ADMF_PED": "Ouvert",
        "ADMF_EQU": null,
        "PRAT_VEL": "NON",
        "ADMF_VEL": null,
        "ITIN_PED": "Grande Randonnée",
        "ITIN_EQU": null,
        "ITIN_VEL": null,
        "LONGUEUR": 124.73,
        "DATE_MAJ": "20220503131521",
        "DPCollSIRET": "22350001800013",
        "DPCollNom": "DEPARTEMENT D ILLE ET VILAINE",
        "DPCollModication": "2026-06-01T09:05:27.8671276Z"
      }
    },
    {
      "type": "Feature",
      "geometry": {
        "type": "LineString",
        "coordinates": [
          [
            -1.4310247518,
            48.3117885666
          ],
          [
            -1.4310626391,
            48.3119015915
          ],
          [
            -1.4311420618,
            48.3119463756
          ],
          [
            -1.4312866543,
            48.3119950256
          ],
          [
            -1.4313557124,
            48.3120771447
          ],
          [
            -1.431386247,
            48.3120868141
          ],
          [
            -1.4314711189,
            48.3120754134
          ],
          [
            -1.4315324136,
            48.3120579069
          ],
          [
            -1.4316037114,
            48.3120543338
          ],
          [
            -1.4316569982,
            48.3120754555
          ],
          [
            -1.4317608481,
            48.3120754789
          ]
        ]
      },
      "properties": {
        "CD_TRONC": 6755,
        "INSEE_COM": "35178",
        "NOM_COM": "Mézières-sur-Couesnon",
        "INTERET": "Départementale",
        "REVET": "Terre",
        "STAT_JUR": "Chemin Départemental",
        "DATE_CP": null,
        "DATE_DEL": null,
        "PRAT_PED": "OUI",
        "PRAT_EQU": "NON",
        "ADMF_PED": "Ouvert",
        "ADMF_EQU": null,
        "PRAT_VEL": "NON",
        "ADMF_VEL": null,
        "ITIN_PED": "Grande Randonnée",
        "ITIN_EQU": null,
        "ITIN_VEL": null,
        "LONGUEUR": 74.52,
        "DATE_MAJ": "20220503131521",
        "DPCollSIRET": "22350001800013",
        "DPCollNom": "DEPARTEMENT D ILLE ET VILAINE",
        "DPCollModication": "2026-06-01T09:05:27.8682967Z"
      }
    },
    {
      "type": "Feature",
      "geometry": {
        "type": "LineString",
        "coordinates": [
          [
            -1.3440412735,
            48.2506799405
          ],
          [
            -1.3419145426,
            48.2512955544
          ],
          [
            -1.3400531836,
            48.2516598007
          ],
          [
            -1.3376223198,
            48.2521678267
          ],
          [
            -1.3360301146,
            48.2523345752
          ],
          [
            -1.3347039789,
            48.2522589661
          ],
          [
            -1.3307505341,
            48.2520637483
          ]
        ]
      },
      "properties": {
        "CD_TRONC": 6758,
        "INSEE_COM": "35253",
        "NOM_COM": "Saint-Aubin-du-Cormier",
        "INTERET": "Locale",
        "REVET": "Terre",
        "STAT_JUR": "Voie Privée",
        "DATE_CP": null,
        "DATE_DEL": "19910328",
        "PRAT_PED": "OUI",
        "PRAT_EQU": "OUI",
        "ADMF_PED": "Fermé",
        "ADMF_EQU": "Fermé",
        "PRAT_VEL": "NON",
        "ADMF_VEL": null,
        "ITIN_PED": "Pédestre Local",
        "ITIN_EQU": "Equestre Local",
        "ITIN_VEL": null,
        "LONGUEUR": 1017.74,
        "DATE_MAJ": "20220503131521",
        "DPCollSIRET": "22350001800013",
        "DPCollNom": "DEPARTEMENT D ILLE ET VILAINE",
        "DPCollModication": "2026-06-01T09:05:27.8694869Z"
      }
    },
    {
      "type": "Feature",
      "geometry": {
        "type": "LineString",
        "coordinates": [
          [
            -1.475552101,
            48.2921025784
          ],
          [
            -1.4754730829,
            48.2894922901
          ],
          [
            -1.4754822519,
            48.2867735274
          ],
          [
            -1.4754665513,
            48.2853876722
          ]
        ]
      },
      "properties": {
        "CD_TRONC": 6754,
        "INSEE_COM": "35178",
        "NOM_COM": "Mézières-sur-Couesnon",
        "INTERET": "Départementale",
        "REVET": "Terre",
        "STAT_JUR": "Voie Privée",
        "DATE_CP": null,
        "DATE_DEL": null,
        "PRAT_PED": "OUI",
        "PRAT_EQU": "OUI",
        "ADMF_PED": "Ouvert",
        "ADMF_EQU": "Ouvert",
        "PRAT_VEL": "NON",
        "ADMF_VEL": null,
        "ITIN_PED": "Grande Randonnée",
        "ITIN_EQU": "Equestre Local",
        "ITIN_VEL": null,
        "LONGUEUR": 746.38,
        "DATE_MAJ": "20240325152248",
        "DPCollSIRET": "22350001800013",
        "DPCollNom": "DEPARTEMENT D ILLE ET VILAINE",
        "DPCollModication": "2026-06-01T09:05:27.8738679Z"
      }
    },
    {
      "type": "Feature",
      "geometry": {
        "type": "LineString",
        "coordinates": [
          [
            -1.4754513392,
            48.285112375
          ],
          [
            -1.4749898839,
            48.2767596713
          ],
          [
            -1.4749144597,
            48.2765364327
          ]
        ]
      },
      "properties": {
        "CD_TRONC": 6757,
        "INSEE_COM": "35253",
        "NOM_COM": "Saint-Aubin-du-Cormier",
        "INTERET": "Locale",
        "REVET": "Empierré",
        "STAT_JUR": "Voie Privée",
        "DATE_CP": null,
        "DATE_DEL": "19910328",
        "PRAT_PED": "NON",
        "PRAT_EQU": "OUI",
        "ADMF_PED": null,
        "ADMF_EQU": "Fermé",
        "PRAT_VEL": "NON",
        "ADMF_VEL": null,
        "ITIN_PED": null,
        "ITIN_EQU": "Equestre Local",
        "ITIN_VEL": null,
        "LONGUEUR": 954.41,
        "DATE_MAJ": "20241009130640",
        "DPCollSIRET": "22350001800013",
        "DPCollNom": "DEPARTEMENT D ILLE ET VILAINE",
        "DPCollModication": "2026-06-01T09:05:27.8757868Z"
      }
    },
    {
      "type": "Feature",
      "geometry": {
        "type": "LineString",
        "coordinates": [
          [
            -1.4344834304,
            48.2750531014
          ],
          [
            -1.4350545487,
            48.2748790691
          ],
          [
            -1.4354738923,
            48.274853792
          ],
          [
            -1.4360013771,
            48.2753490078
          ],
          [
            -1.4364140919,
            48.2754145804
          ],
          [
            -1.437656675,
            48.2753152803
          ],
          [
            -1.4383562951,
            48.2750001601
          ],
          [
            -1.4390347512,
            48.2749696515
          ],
          [
            -1.4397259432,
            48.2751223149
          ]
        ]
      },
      "properties": {
        "CD_TRONC": 13789,
        "INSEE_COM": "35253",
        "NOM_COM": "Saint-Aubin-du-Cormier",
        "INTERET": "Départementale",
        "REVET": "Terre",
        "STAT_JUR": "Voie Privée",
        "DATE_CP": null,
        "DATE_DEL": "19910328",
        "PRAT_PED": "OUI",
        "PRAT_EQU": "NON",
        "ADMF_PED": "Ouvert",
        "ADMF_EQU": null,
        "PRAT_VEL": "NON",
        "ADMF_VEL": null,
        "ITIN_PED": "Grande Randonnée",
        "ITIN_EQU": null,
        "ITIN_VEL": null,
        "LONGUEUR": 436.76,
        "DATE_MAJ": "20241009124739",
        "DPCollSIRET": "22350001800013",
        "DPCollNom": "DEPARTEMENT D ILLE ET VILAINE",
        "DPCollModication": "2026-06-01T09:05:28.4562032Z"
      }
    },
    {
      "type": "Feature",
      "geometry": {
        "type": "LineString",
        "coordinates": [
          [
            -1.4310247518,
            48.3117885666
          ],
          [
            -1.4312036162,
            48.3116827388
          ],
          [
            -1.431375739,
            48.3114861394
          ],
          [
            -1.4317891065,
            48.3110957828
          ],
          [
            -1.4319083833,
            48.310595919
          ],
          [
            -1.4318942883,
            48.3102114271
          ],
          [
            -1.432002347,
            48.3098424152
          ],
          [
            -1.4319881676,
            48.3096419923
          ],
          [
            -1.4321601483,
            48.3091498312
          ],
          [
            -1.4325138346,
            48.3091951475
          ]
        ]
      },
      "properties": {
        "CD_TRONC": 6759,
        "INSEE_COM": "35178",
        "NOM_COM": "Mézières-sur-Couesnon",
        "INTERET": "Départementale",
        "REVET": "Terre",
        "STAT_JUR": "Chemin Départemental",
        "DATE_CP": null,
        "DATE_DEL": null,
        "PRAT_PED": "OUI",
        "PRAT_EQU": "OUI",
        "ADMF_PED": "Ouvert",
        "ADMF_EQU": "Ouvert",
        "PRAT_VEL": "NON",
        "ADMF_VEL": null,
        "ITIN_PED": "Pédestre Local",
        "ITIN_EQU": "Equibreizh",
        "ITIN_VEL": null,
        "LONGUEUR": 342.12,
        "DATE_MAJ": "20220503131526",
        "DPCollSIRET": "22350001800013",
        "DPCollNom": "DEPARTEMENT D ILLE ET VILAINE",
        "DPCollModication": "2026-06-01T09:05:28.6817188Z"
      }
    },
    {
      "type": "Feature",
      "geometry": {
        "type": "LineString",
        "coordinates": [
          [
            -1.4205442892,
            48.3065140836
          ],
          [
            -1.4209321459,
            48.3065394574
          ],
          [
            -1.4215406303,
            48.3066393537
          ],
          [
            -1.422148173,
            48.3067177106
          ],
          [
            -1.4226048024,
            48.3068150967
          ],
          [
            -1.4230942396,
            48.3068852389
          ],
          [
            -1.4232842088,
            48.3070576334
          ],
          [
            -1.4234887954,
            48.3073423418
          ],
          [
            -1.423603481,
            48.3074229031
          ],
          [
            -1.4240738842,
            48.3075835122
          ]
        ]
      },
      "properties": {
        "CD_TRONC": 8798,
        "INSEE_COM": "35178",
        "NOM_COM": "Mézières-sur-Couesnon",
        "INTERET": "Locale",
        "REVET": "Terre",
        "STAT_JUR": "Chemin Rural",
        "DATE_CP": null,
        "DATE_DEL": null,
        "PRAT_PED": "OUI",
        "PRAT_EQU": "NON",
        "ADMF_PED": "Fermé",
        "ADMF_EQU": null,
        "PRAT_VEL": "NON",
        "ADMF_VEL": null,
        "ITIN_PED": "Pédestre Local",
        "ITIN_EQU": null,
        "ITIN_VEL": null,
        "LONGUEUR": 304.31,
        "DATE_MAJ": "20220503131526",
        "DPCollSIRET": "22350001800013",
        "DPCollNom": "DEPARTEMENT D ILLE ET VILAINE",
        "DPCollModication": "2026-06-01T09:05:28.7263114Z"
      }
    },
    {
      "type": "Feature",
      "geometry": {
        "type": "LineString",
        "coordinates": [
          [
            -1.2934366173,
            48.22923003
          ],
          [
            -1.2932608914,
            48.2290659518
          ],
          [
            -1.2931985203,
            48.2287821181
          ],
          [
            -1.2929624716,
            48.2284688375
          ],
          [
            -1.2927094246,
            48.2282694794
          ],
          [
            -1.292488639,
            48.228171354
          ],
          [
            -1.2918507684,
            48.2279611892
          ],
          [
            -1.2914308535,
            48.2278524767
          ],
          [
            -1.2916808445,
            48.2273818121
          ],
          [
            -1.2920388386,
            48.2269373515
          ],
          [
            -1.2924995568,
            48.2268141771
          ],
          [
            -1.2929165938,
            48.2265074956
          ],
          [
            -1.2935244591,
            48.2261203946
          ],
          [
            -1.2929376492,
            48.2257091534
          ],
          [
            -1.2923350848,
            48.2250749358
          ],
          [
            -1.2922566186,
            48.2249175719
          ],
          [
            -1.2914187163,
            48.2246180626
          ],
          [
            -1.2903359964,
            48.2241863012
          ],
          [
            -1.2893457524,
            48.2235928615
          ],
          [
            -1.2894997961,
            48.2233812706
          ],
          [
            -1.2895991132,
            48.2230934673
          ],
          [
            -1.2899541478,
            48.2225808419
          ],
          [
            -1.2902348397,
            48.2219965295
          ],
          [
            -1.2904415181,
            48.2216952857
          ],
          [
            -1.2904631553,
            48.2214351001
          ],
          [
            -1.2910783057,
            48.2207871298
          ],
          [
            -1.2914366632,
            48.2208065282
          ],
          [
            -1.2917031069,
            48.2206785854
          ],
          [
            -1.2925532281,
            48.2203577573
          ],
          [
            -1.2929168489,
            48.2201614286
          ],
          [
            -1.293458007,
            48.2198670876
          ],
          [
            -1.2943069229,
            48.2194966988
          ],
          [
            -1.2946922119,
            48.219286223
          ],
          [
            -1.2948966492,
            48.2190062678
          ]
        ]
      },
      "properties": {
        "CD_TRONC": 8801,
        "INSEE_COM": "35154",
        "NOM_COM": "Livré-sur-Changeon",
        "INTERET": "Locale",
        "REVET": "Terre",
        "STAT_JUR": "Chemin Rural",
        "DATE_CP": null,
        "DATE_DEL": "19910510",
        "PRAT_PED": "NON",
        "PRAT_EQU": "OUI",
        "ADMF_PED": null,
        "ADMF_EQU": "Ouvert",
        "PRAT_VEL": "NON",
        "ADMF_VEL": null,
        "ITIN_PED": null,
        "ITIN_EQU": "Equestre Local",
        "ITIN_VEL": null,
        "LONGUEUR": 1611.25,
        "DATE_MAJ": "20220503131526",
        "DPCollSIRET": "22350001800013",
        "DPCollNom": "DEPARTEMENT D ILLE ET VILAINE",
        "DPCollModication": "2026-06-01T09:05:28.7289457Z"
      }
    },
    {
      "type": "Feature",
      "geometry": {
        "type": "LineString",
        "coordinates": [
          [
            -1.3511840584,
            48.2310967471
          ],
          [
            -1.3523185218,
            48.2329332605
          ],
          [
            -1.3524926013,
            48.2331743305
          ],
          [
            -1.3526286389,
            48.2333695948
          ]
        ]
      },
      "properties": {
        "CD_TRONC": 8802,
        "INSEE_COM": "35154",
        "NOM_COM": "Livré-sur-Changeon",
        "INTERET": "Locale",
        "REVET": "Goudron",
        "STAT_JUR": "Chemin Rural",
        "DATE_CP": null,
        "DATE_DEL": "19971010",
        "PRAT_PED": "OUI",
        "PRAT_EQU": "NON",
        "ADMF_PED": "Ouvert",
        "ADMF_EQU": null,
        "PRAT_VEL": "NON",
        "ADMF_VEL": null,
        "ITIN_PED": "Pédestre Local",
        "ITIN_EQU": null,
        "ITIN_VEL": null,
        "LONGUEUR": 274.49,
        "DATE_MAJ": "20220503131526",
        "DPCollSIRET": "22350001800013",
        "DPCollNom": "DEPARTEMENT D ILLE ET VILAINE",
        "DPCollModication": "2026-06-01T09:05:28.7302715Z"
      }
    },
    {
      "type": "Feature",
      "geometry": {
        "type": "LineString",
        "coordinates": [
          [
            -1.4610119112,
            48.3074104119
          ],
          [
            -1.4604430802,
            48.3075725467
          ],
          [
            -1.4588821266,
            48.3078364746
          ],
          [
            -1.4568496666,
            48.308103848
          ],
          [
            -1.4549332553,
            48.3081379188
          ],
          [
            -1.4545370792,
            48.3083555112
          ],
          [
            -1.4543371121,
            48.3086110137
          ],
          [
            -1.4524470454,
            48.3100126443
          ],
          [
            -1.4532363485,
            48.3113991987
          ],
          [
            -1.4530611355,
            48.3124119736
          ],
          [
            -1.4528589955,
            48.3136262413
          ],
          [
            -1.4527870904,
            48.3138201245
          ],
          [
            -1.4527415892,
            48.314017036
          ],
          [
            -1.4527228681,
            48.3142153475
          ],
          [
            -1.4527310822,
            48.314413419
          ],
          [
            -1.4527661633,
            48.3146096124
          ],
          [
            -1.4527420168,
            48.3148653967
          ]
        ]
      },
      "properties": {
        "CD_TRONC": 8804,
        "INSEE_COM": "35178",
        "NOM_COM": "Mézières-sur-Couesnon",
        "INTERET": "Départementale",
        "REVET": "Empierré",
        "STAT_JUR": "Chemin Rural",
        "DATE_CP": null,
        "DATE_DEL": null,
        "PRAT_PED": "OUI",
        "PRAT_EQU": "OUI",
        "ADMF_PED": "Ouvert",
        "ADMF_EQU": "Ouvert",
        "PRAT_VEL": "NON",
        "ADMF_VEL": null,
        "ITIN_PED": "Pédestre Local",
        "ITIN_EQU": "Equibreizh",
        "ITIN_VEL": null,
        "LONGUEUR": 1293.53,
        "DATE_MAJ": "20220503131526",
        "DPCollSIRET": "22350001800013",
        "DPCollNom": "DEPARTEMENT D ILLE ET VILAINE",
        "DPCollModication": "2026-06-01T09:05:28.7329303Z"
      }
    },
    {
      "type": "Feature",
      "geometry": {
        "type": "LineString",
        "coordinates": [
          [
            -1.4567685322,
            48.3017821632
          ],
          [
            -1.4569349871,
            48.3021527278
          ],
          [
            -1.4572678546,
            48.3027409128
          ],
          [
            -1.4575587088,
            48.3030947497
          ],
          [
            -1.4579506461,
            48.3035449152
          ],
          [
            -1.4586115725,
            48.304132765
          ],
          [
            -1.4588830201,
            48.304468255
          ],
          [
            -1.459323232,
            48.3043491263
          ],
          [
            -1.4598197007,
            48.3042612546
          ],
          [
            -1.4604819168,
            48.3042315041
          ],
          [
            -1.4621080828,
            48.3041057661
          ],
          [
            -1.4622931552,
            48.3041345357
          ],
          [
            -1.4629144054,
            48.3040896379
          ],
          [
            -1.46343338,
            48.3040986586
          ]
        ]
      },
      "properties": {
        "CD_TRONC": 8805,
        "INSEE_COM": "35178",
        "NOM_COM": "Mézières-sur-Couesnon",
        "INTERET": "Départementale",
        "REVET": "Empierré",
        "STAT_JUR": "Chemin Rural",
        "DATE_CP": null,
        "DATE_DEL": null,
        "PRAT_PED": "OUI",
        "PRAT_EQU": "NON",
        "ADMF_PED": "Ouvert",
        "ADMF_EQU": null,
        "PRAT_VEL": "NON",
        "ADMF_VEL": null,
        "ITIN_PED": "Grande Randonnée",
        "ITIN_EQU": null,
        "ITIN_VEL": null,
        "LONGUEUR": 682.48,
        "DATE_MAJ": "20220503131526",
        "DPCollSIRET": "22350001800013",
        "DPCollNom": "DEPARTEMENT D ILLE ET VILAINE",
        "DPCollModication": "2026-06-01T09:05:28.7343999Z"
      }
    },
    {
      "type": "Feature",
      "geometry": {
        "type": "LineString",
        "coordinates": [
          [
            -1.4645736978,
            48.304396564
          ],
          [
            -1.4650056492,
            48.303721309
          ],
          [
            -1.466758237,
            48.302222118
          ],
          [
            -1.4685209388,
            48.3006748269
          ],
          [
            -1.4697625795,
            48.2996836853
          ],
          [
            -1.4703457704,
            48.2984718398
          ],
          [
            -1.4705869087,
            48.298407881
          ],
          [
            -1.4706913624,
            48.2979127528
          ],
          [
            -1.4707629931,
            48.2977884413
          ],
          [
            -1.4710077465,
            48.2976408925
          ],
          [
            -1.4732980748,
            48.2957039797
          ]
        ]
      },
      "properties": {
        "CD_TRONC": 8806,
        "INSEE_COM": "35178",
        "NOM_COM": "Mézières-sur-Couesnon",
        "INTERET": "Départementale",
        "REVET": "Empierré",
        "STAT_JUR": "Chemin Rural",
        "DATE_CP": null,
        "DATE_DEL": null,
        "PRAT_PED": "OUI",
        "PRAT_EQU": "NON",
        "ADMF_PED": "Ouvert",
        "ADMF_EQU": null,
        "PRAT_VEL": "NON",
        "ADMF_VEL": null,
        "ITIN_PED": "Grande Randonnée",
        "ITIN_EQU": null,
        "ITIN_VEL": null,
        "LONGUEUR": 1182.26,
        "DATE_MAJ": "20220503131526",
        "DPCollSIRET": "22350001800013",
        "DPCollNom": "DEPARTEMENT D ILLE ET VILAINE",
        "DPCollModication": "2026-06-01T09:05:28.7357266Z"
      }
    },
    {
      "type": "Feature",
      "geometry": {
        "type": "LineString",
        "coordinates": [
          [
            -1.3641472269,
            48.2273175551
          ],
          [
            -1.3642912314,
            48.2282914818
          ],
          [
            -1.3644198112,
            48.2288812341
          ],
          [
            -1.364684556,
            48.229645427
          ],
          [
            -1.3648585434,
            48.2300231798
          ],
          [
            -1.3649570832,
            48.2300980565
          ]
        ]
      },
      "properties": {
        "CD_TRONC": 8807,
        "INSEE_COM": "35154",
        "NOM_COM": "Livré-sur-Changeon",
        "INTERET": "Départementale",
        "REVET": "Terre",
        "STAT_JUR": "Chemin d'Exploitation",
        "DATE_CP": "20030224",
        "DATE_DEL": "19910510",
        "PRAT_PED": "OUI",
        "PRAT_EQU": "OUI",
        "ADMF_PED": "Ouvert",
        "ADMF_EQU": "Ouvert",
        "PRAT_VEL": "NON",
        "ADMF_VEL": null,
        "ITIN_PED": "Grande Randonnée",
        "ITIN_EQU": "Equibreizh",
        "ITIN_VEL": null,
        "LONGUEUR": 317.19,
        "DATE_MAJ": "20220503131526",
        "DPCollSIRET": "22350001800013",
        "DPCollNom": "DEPARTEMENT D ILLE ET VILAINE",
        "DPCollModication": "2026-06-01T09:05:28.7370667Z"
      }
    },
    {
      "type": "Feature",
      "geometry": {
        "type": "LineString",
        "coordinates": [
          [
            -1.36540495,
            48.2310966446
          ],
          [
            -1.36533188,
            48.231329296
          ],
          [
            -1.3651474009,
            48.2317371277
          ],
          [
            -1.3648172191,
            48.23266633
          ],
          [
            -1.3645913653,
            48.2330308215
          ],
          [
            -1.3641778782,
            48.233461137
          ],
          [
            -1.3639430056,
            48.2336661167
          ],
          [
            -1.3641806173,
            48.2352767024
          ]
        ]
      },
      "properties": {
        "CD_TRONC": 8808,
        "INSEE_COM": "35154",
        "NOM_COM": "Livré-sur-Changeon",
        "INTERET": "Départementale",
        "REVET": "Terre",
        "STAT_JUR": "Chemin d'Exploitation",
        "DATE_CP": "20030224",
        "DATE_DEL": "19910510",
        "PRAT_PED": "OUI",
        "PRAT_EQU": "OUI",
        "ADMF_PED": "Ouvert",
        "ADMF_EQU": "Ouvert",
        "PRAT_VEL": "NON",
        "ADMF_VEL": null,
        "ITIN_PED": "Grande Randonnée",
        "ITIN_EQU": "Equibreizh",
        "ITIN_VEL": null,
        "LONGUEUR": 489.14,
        "DATE_MAJ": "20220503131526",
        "DPCollSIRET": "22350001800013",
        "DPCollNom": "DEPARTEMENT D ILLE ET VILAINE",
        "DPCollModication": "2026-06-01T09:05:28.7382761Z"
      }
    },
    {
      "type": "Feature",
      "geometry": {
        "type": "LineString",
        "coordinates": [
          [
            -1.4658402671,
            48.2619815615
          ],
          [
            -1.4664240513,
            48.2622237378
          ],
          [
            -1.4666123532,
            48.2622176492
          ],
          [
            -1.4670173852,
            48.2624115931
          ],
          [
            -1.4672089431,
            48.2624504068
          ],
          [
            -1.4677183233,
            48.2625959637
          ],
          [
            -1.4689278418,
            48.2628740568
          ],
          [
            -1.4712056196,
            48.2629935243
          ]
        ]
      },
      "properties": {
        "CD_TRONC": 6984,
        "INSEE_COM": "35121",
        "NOM_COM": "Gosné",
        "INTERET": "Locale",
        "REVET": "Terre",
        "STAT_JUR": "Voie Privée",
        "DATE_CP": "20030224",
        "DATE_DEL": "20020502",
        "PRAT_PED": "OUI",
        "PRAT_EQU": "NON",
        "ADMF_PED": "Ouvert",
        "ADMF_EQU": null,
        "PRAT_VEL": "NON",
        "ADMF_VEL": null,
        "ITIN_PED": "Pédestre Local",
        "ITIN_EQU": null,
        "ITIN_VEL": null,
        "LONGUEUR": 422.44,
        "DATE_MAJ": "20220503131526",
        "DPCollSIRET": "22350001800013",
        "DPCollNom": "DEPARTEMENT D ILLE ET VILAINE",
        "DPCollModication": "2026-06-01T09:05:28.7943813Z"
      }
    },
    {
      "type": "Feature",
      "geometry": {
        "type": "LineString",
        "coordinates": [
          [
            -1.4102896438,
            48.2661803082
          ],
          [
            -1.4145370674,
            48.2671938195
          ]
        ]
      },
      "properties": {
        "CD_TRONC": 10514,
        "INSEE_COM": "35253",
        "NOM_COM": "Saint-Aubin-du-Cormier",
        "INTERET": "Départementale",
        "REVET": "Goudron",
        "STAT_JUR": "Route Départementale",
        "DATE_CP": "20030224",
        "DATE_DEL": "20020523",
        "PRAT_PED": "OUI",
        "PRAT_EQU": "OUI",
        "ADMF_PED": "Ouvert",
        "ADMF_EQU": "Ouvert",
        "PRAT_VEL": "NON",
        "ADMF_VEL": null,
        "ITIN_PED": "Grande Randonnée",
        "ITIN_EQU": "Equibreizh",
        "ITIN_VEL": null,
        "LONGUEUR": 334.7,
        "DATE_MAJ": "20220503131526",
        "DPCollSIRET": "22350001800013",
        "DPCollNom": "DEPARTEMENT D ILLE ET VILAINE",
        "DPCollModication": "2026-06-01T09:05:29.0931501Z"
      }
    },
    {
      "type": "Feature",
      "geometry": {
        "type": "LineString",
        "coordinates": [
          [
            -1.3601195678,
            48.256723874
          ],
          [
            -1.3598039209,
            48.2554337286
          ],
          [
            -1.3597483605,
            48.2549565458
          ],
          [
            -1.360043037,
            48.2538169744
          ],
          [
            -1.3605481936,
            48.2523913745
          ],
          [
            -1.3608408783,
            48.2509697094
          ],
          [
            -1.3611092653,
            48.249659763
          ],
          [
            -1.361307562,
            48.2487277361
          ]
        ]
      },
      "properties": {
        "CD_TRONC": 10515,
        "INSEE_COM": "35253",
        "NOM_COM": "Saint-Aubin-du-Cormier",
        "INTERET": "Départementale",
        "REVET": "Goudron",
        "STAT_JUR": "Route Départementale",
        "DATE_CP": null,
        "DATE_DEL": "19910328",
        "PRAT_PED": "OUI",
        "PRAT_EQU": "OUI",
        "ADMF_PED": "Ouvert",
        "ADMF_EQU": "Ouvert",
        "PRAT_VEL": "NON",
        "ADMF_VEL": null,
        "ITIN_PED": "Grande Randonnée",
        "ITIN_EQU": "Equibreizh",
        "ITIN_VEL": null,
        "LONGUEUR": 900.89,
        "DATE_MAJ": "20220503131526",
        "DPCollSIRET": "22350001800013",
        "DPCollNom": "DEPARTEMENT D ILLE ET VILAINE",
        "DPCollModication": "2026-06-01T09:05:29.0961226Z"
      }
    },
    {
      "type": "Feature",
      "geometry": {
        "type": "LineString",
        "coordinates": [
          [
            -1.4588510192,
            48.3188655812
          ],
          [
            -1.4590359925,
            48.3190712789
          ],
          [
            -1.4590329205,
            48.3192799672
          ],
          [
            -1.4591649419,
            48.3194449007
          ],
          [
            -1.4609076626,
            48.3197288265
          ],
          [
            -1.4614567269,
            48.3199099732
          ],
          [
            -1.4616350187,
            48.3198933346
          ],
          [
            -1.4617748398,
            48.3198213744
          ],
          [
            -1.4620065112,
            48.3195260673
          ],
          [
            -1.4621697603,
            48.3194595308
          ],
          [
            -1.4624096916,
            48.3194832511
          ],
          [
            -1.4624632348,
            48.3196061595
          ],
          [
            -1.462838042,
            48.3200903545
          ],
          [
            -1.4630935707,
            48.3201073427
          ],
          [
            -1.4637230734,
            48.3200478202
          ],
          [
            -1.4644335072,
            48.3201521413
          ],
          [
            -1.4651710409,
            48.3203141119
          ],
          [
            -1.4658661548,
            48.3203311043
          ],
          [
            -1.4668804838,
            48.3201576338
          ],
          [
            -1.4671921267,
            48.3199585629
          ],
          [
            -1.4674250201,
            48.3197574779
          ],
          [
            -1.4680474715,
            48.3195010757
          ],
          [
            -1.4683357639,
            48.3196253772
          ],
          [
            -1.4687868977,
            48.3200674271
          ],
          [
            -1.4689213436,
            48.3202062365
          ],
          [
            -1.4687661386,
            48.3205423752
          ]
        ]
      },
      "properties": {
        "CD_TRONC": 6989,
        "INSEE_COM": "35178",
        "NOM_COM": "Mézières-sur-Couesnon",
        "INTERET": "Départementale",
        "REVET": "Terre",
        "STAT_JUR": "Chemin Départemental",
        "DATE_CP": null,
        "DATE_DEL": null,
        "PRAT_PED": "OUI",
        "PRAT_EQU": "NON",
        "ADMF_PED": "Ouvert",
        "ADMF_EQU": null,
        "PRAT_VEL": "NON",
        "ADMF_VEL": null,
        "ITIN_PED": "Grande Randonnée",
        "ITIN_EQU": null,
        "ITIN_VEL": null,
        "LONGUEUR": 983.11,
        "DATE_MAJ": "20220503131526",
        "DPCollSIRET": "22350001800013",
        "DPCollNom": "DEPARTEMENT D ILLE ET VILAINE",
        "DPCollModication": "2026-06-01T09:05:29.1134095Z"
      }
    },
    {
      "type": "Feature",
      "geometry": {
        "type": "LineString",
        "coordinates": [
          [
            -1.4491189355,
            48.3168701097
          ],
          [
            -1.4483765533,
            48.3168837311
          ],
          [
            -1.4483109917,
            48.3167002222
          ],
          [
            -1.4479417052,
            48.316634413
          ],
          [
            -1.4474473516,
            48.3166325647
          ],
          [
            -1.4471093958,
            48.3167682387
          ],
          [
            -1.4467983066,
            48.3168583534
          ],
          [
            -1.4465507076,
            48.3168541461
          ],
          [
            -1.4459532646,
            48.3167549536
          ],
          [
            -1.4456917793,
            48.3166594075
          ],
          [
            -1.4450635713,
            48.316538781
          ],
          [
            -1.4445643546,
            48.3164827491
          ],
          [
            -1.444208619,
            48.3163776043
          ],
          [
            -1.4440323993,
            48.3164549798
          ],
          [
            -1.4439051952,
            48.3162168998
          ],
          [
            -1.4435651983,
            48.3160394658
          ],
          [
            -1.4432465371,
            48.3159483284
          ],
          [
            -1.4423154741,
            48.3159139188
          ],
          [
            -1.4420263105,
            48.3158063976
          ],
          [
            -1.4418441006,
            48.3156594796
          ],
          [
            -1.4414851968,
            48.3153449437
          ],
          [
            -1.4411210654,
            48.3149684243
          ],
          [
            -1.4411368424,
            48.3146911809
          ],
          [
            -1.4410690218,
            48.3145279176
          ],
          [
            -1.4408738481,
            48.3144244066
          ],
          [
            -1.4407770539,
            48.3144460644
          ],
          [
            -1.4406210157,
            48.3142780033
          ],
          [
            -1.4403962562,
            48.3141440625
          ],
          [
            -1.4403033955,
            48.3139390014
          ],
          [
            -1.4402094822,
            48.3138518962
          ],
          [
            -1.4400338264,
            48.3138035218
          ],
          [
            -1.4400943971,
            48.3137048253
          ],
          [
            -1.440225772,
            48.3136287022
          ],
          [
            -1.4403492043,
            48.3134744776
          ],
          [
            -1.4402564026,
            48.3133833422
          ]
        ]
      },
      "properties": {
        "CD_TRONC": 6990,
        "INSEE_COM": "35178",
        "NOM_COM": "Mézières-sur-Couesnon",
        "INTERET": "Départementale",
        "REVET": "Terre",
        "STAT_JUR": "Chemin Départemental",
        "DATE_CP": null,
        "DATE_DEL": null,
        "PRAT_PED": "OUI",
        "PRAT_EQU": "OUI",
        "ADMF_PED": "Ouvert",
        "ADMF_EQU": "Ouvert",
        "PRAT_VEL": "NON",
        "ADMF_VEL": null,
        "ITIN_PED": "Grande Randonnée",
        "ITIN_EQU": "Equibreizh",
        "ITIN_VEL": null,
        "LONGUEUR": 932.67,
        "DATE_MAJ": "20220503131526",
        "DPCollSIRET": "22350001800013",
        "DPCollNom": "DEPARTEMENT D ILLE ET VILAINE",
        "DPCollModication": "2026-06-01T09:05:29.2275362Z"
      }
    },
    {
      "type": "Feature",
      "geometry": {
        "type": "LineString",
        "coordinates": [
          [
            -1.3909180815,
            48.2376909544
          ],
          [
            -1.3914852854,
            48.2392292095
          ],
          [
            -1.3921371377,
            48.2413329743
          ],
          [
            -1.3924985086,
            48.2423281013
          ],
          [
            -1.3924822364,
            48.2425182599
          ]
        ]
      },
      "properties": {
        "CD_TRONC": 10523,
        "INSEE_COM": "35253",
        "NOM_COM": "Saint-Aubin-du-Cormier",
        "INTERET": "Locale",
        "REVET": "Empierré",
        "STAT_JUR": "Chemin d'Exploitation",
        "DATE_CP": "20030224",
        "DATE_DEL": "19910328",
        "PRAT_PED": "OUI",
        "PRAT_EQU": "NON",
        "ADMF_PED": "Ouvert",
        "ADMF_EQU": null,
        "PRAT_VEL": "NON",
        "ADMF_VEL": null,
        "ITIN_PED": "Pédestre Local",
        "ITIN_EQU": null,
        "ITIN_VEL": null,
        "LONGUEUR": 549.81,
        "DATE_MAJ": "20220503131530",
        "DPCollSIRET": "22350001800013",
        "DPCollNom": "DEPARTEMENT D ILLE ET VILAINE",
        "DPCollModication": "2026-06-01T09:05:29.5932627Z"
      }
    },
    {
      "type": "Feature",
      "geometry": {
        "type": "LineString",
        "coordinates": [
          [
            -1.3970427786,
            48.2357757578
          ],
          [
            -1.3970514602,
            48.2361932717
          ],
          [
            -1.3944033912,
            48.236660848
          ]
        ]
      },
      "properties": {
        "CD_TRONC": 10524,
        "INSEE_COM": "35253",
        "NOM_COM": "Saint-Aubin-du-Cormier",
        "INTERET": "Départementale",
        "REVET": "Empierré",
        "STAT_JUR": "Chemin d'Exploitation",
        "DATE_CP": "20030224",
        "DATE_DEL": "20020523",
        "PRAT_PED": "OUI",
        "PRAT_EQU": "OUI",
        "ADMF_PED": "Ouvert",
        "ADMF_EQU": "Fermé",
        "PRAT_VEL": "NON",
        "ADMF_VEL": null,
        "ITIN_PED": "Grande Randonnée",
        "ITIN_EQU": "Equestre Local",
        "ITIN_VEL": null,
        "LONGUEUR": 249.77,
        "DATE_MAJ": "20220503131530",
        "DPCollSIRET": "22350001800013",
        "DPCollNom": "DEPARTEMENT D ILLE ET VILAINE",
        "DPCollModication": "2026-06-01T09:05:29.5956378Z"
      }
    },
    {
      "type": "Feature",
      "geometry": {
        "type": "LineString",
        "coordinates": [
          [
            -1.4181565867,
            48.2593401196
          ],
          [
            -1.4183605354,
            48.2593568542
          ],
          [
            -1.418566438,
            48.2593614838
          ],
          [
            -1.4187727087,
            48.2593539728
          ],
          [
            -1.4189777586,
            48.2593343791
          ],
          [
            -1.4191800082,
            48.2593028535
          ],
          [
            -1.4196356666,
            48.259313127
          ],
          [
            -1.4200358304,
            48.259342364
          ],
          [
            -1.4229601729,
            48.259352124
          ],
          [
            -1.4241170645,
            48.2594048141
          ],
          [
            -1.4259711104,
            48.2594694092
          ],
          [
            -1.4276053696,
            48.2594970134
          ],
          [
            -1.4282304877,
            48.2594467572
          ],
          [
            -1.4294097906,
            48.2590866158
          ],
          [
            -1.4296977496,
            48.2590609161
          ],
          [
            -1.4304550382,
            48.2592024011
          ],
          [
            -1.4313101675,
            48.2592865626
          ],
          [
            -1.4328073043,
            48.2593184483
          ]
        ]
      },
      "properties": {
        "CD_TRONC": 10526,
        "INSEE_COM": "35253",
        "NOM_COM": "Saint-Aubin-du-Cormier",
        "INTERET": "Départementale",
        "REVET": "Empierré",
        "STAT_JUR": "Chemin d'Exploitation",
        "DATE_CP": "20030224",
        "DATE_DEL": "19910328",
        "PRAT_PED": "OUI",
        "PRAT_EQU": "OUI",
        "ADMF_PED": "Ouvert",
        "ADMF_EQU": "Ouvert",
        "PRAT_VEL": "NON",
        "ADMF_VEL": null,
        "ITIN_PED": "Pédestre Local",
        "ITIN_EQU": "Equibreizh",
        "ITIN_VEL": null,
        "LONGUEUR": 1100.78,
        "DATE_MAJ": "20220503131530",
        "DPCollSIRET": "22350001800013",
        "DPCollNom": "DEPARTEMENT D ILLE ET VILAINE",
        "DPCollModication": "2026-06-01T09:05:29.5978905Z"
      }
    },
    {
      "type": "Feature",
      "geometry": {
        "type": "LineString",
        "coordinates": [
          [
            -1.4817763429,
            48.2832883058
          ],
          [
            -1.4821337273,
            48.2831442391
          ],
          [
            -1.4830793975,
            48.2830026508
          ],
          [
            -1.4835107193,
            48.2827508104
          ],
          [
            -1.483345399,
            48.2824666608
          ],
          [
            -1.483553118,
            48.2819368065
          ],
          [
            -1.4835992659,
            48.2817192013
          ],
          [
            -1.4841304684,
            48.2812594889
          ],
          [
            -1.4841908646,
            48.2810020965
          ],
          [
            -1.4847025234,
            48.2805897276
          ],
          [
            -1.4847535364,
            48.2798404263
          ],
          [
            -1.4851809631,
            48.2793310238
          ]
        ]
      },
      "properties": {
        "CD_TRONC": 6779,
        "INSEE_COM": "35253",
        "NOM_COM": "Saint-Aubin-du-Cormier",
        "INTERET": "Départementale",
        "REVET": "Terre",
        "STAT_JUR": "Voie Privée",
        "DATE_CP": null,
        "DATE_DEL": "19910328",
        "PRAT_PED": "OUI",
        "PRAT_EQU": "NON",
        "ADMF_PED": "Ouvert",
        "ADMF_EQU": null,
        "PRAT_VEL": "NON",
        "ADMF_VEL": null,
        "ITIN_PED": "Grande Randonnée",
        "ITIN_EQU": null,
        "ITIN_VEL": null,
        "LONGUEUR": 565.8,
        "DATE_MAJ": "20241009130739",
        "DPCollSIRET": "22350001800013",
        "DPCollNom": "DEPARTEMENT D ILLE ET VILAINE",
        "DPCollModication": "2026-06-01T09:05:29.9051602Z"
      }
    },
    {
      "type": "Feature",
      "geometry": {
        "type": "LineString",
        "coordinates": [
          [
            -1.4706907566,
            48.3153637858
          ],
          [
            -1.4732900709,
            48.3157065908
          ],
          [
            -1.4789878233,
            48.3162653026
          ]
        ]
      },
      "properties": {
        "CD_TRONC": 6637,
        "INSEE_COM": "35178",
        "NOM_COM": "Mézières-sur-Couesnon",
        "INTERET": "Départementale",
        "REVET": "Empierré",
        "STAT_JUR": "Chemin Rural",
        "DATE_CP": "20030224",
        "DATE_DEL": "20020712",
        "PRAT_PED": "OUI",
        "PRAT_EQU": "OUI",
        "ADMF_PED": "Ouvert",
        "ADMF_EQU": "Ouvert",
        "PRAT_VEL": "NON",
        "ADMF_VEL": null,
        "ITIN_PED": "Pédestre Local",
        "ITIN_EQU": "Equibreizh",
        "ITIN_VEL": null,
        "LONGUEUR": 623.37,
        "DATE_MAJ": "20220503131530",
        "DPCollSIRET": "22350001800013",
        "DPCollNom": "DEPARTEMENT D ILLE ET VILAINE",
        "DPCollModication": "2026-06-01T09:05:29.9916612Z"
      }
    },
    {
      "type": "Feature",
      "geometry": {
        "type": "LineString",
        "coordinates": [
          [
            -1.4711953443,
            48.2467827493
          ],
          [
            -1.4718654953,
            48.2467915218
          ],
          [
            -1.4723818433,
            48.2467765682
          ],
          [
            -1.472797542,
            48.2467846697
          ],
          [
            -1.47330599,
            48.2468339646
          ],
          [
            -1.4739456793,
            48.2467471399
          ]
        ]
      },
      "properties": {
        "CD_TRONC": 6639,
        "INSEE_COM": "35121",
        "NOM_COM": "Gosné",
        "INTERET": "Locale",
        "REVET": "Terre",
        "STAT_JUR": "Chemin d'Exploitation",
        "DATE_CP": "20030224",
        "DATE_DEL": "20020502",
        "PRAT_PED": "OUI",
        "PRAT_EQU": "NON",
        "ADMF_PED": "Fermé",
        "ADMF_EQU": null,
        "PRAT_VEL": "NON",
        "ADMF_VEL": null,
        "ITIN_PED": "Pédestre Local",
        "ITIN_EQU": null,
        "ITIN_VEL": null,
        "LONGUEUR": 205.59,
        "DATE_MAJ": "20220503131530",
        "DPCollSIRET": "22350001800013",
        "DPCollNom": "DEPARTEMENT D ILLE ET VILAINE",
        "DPCollModication": "2026-06-01T09:05:29.994935Z"
      }
    },
    {
      "type": "Feature",
      "geometry": {
        "type": "LineString",
        "coordinates": [
          [
            -1.361028833,
            48.2578035629
          ],
          [
            -1.3617119097,
            48.2581546873
          ],
          [
            -1.3622075068,
            48.2583011253
          ],
          [
            -1.3624521391,
            48.2583294369
          ],
          [
            -1.3631613288,
            48.2580640974
          ],
          [
            -1.3636936208,
            48.2579663418
          ],
          [
            -1.3649098081,
            48.2580090847
          ],
          [
            -1.367860636,
            48.2585642739
          ],
          [
            -1.3704907498,
            48.2589674773
          ],
          [
            -1.3723236484,
            48.2591527293
          ],
          [
            -1.3729560765,
            48.2590955145
          ],
          [
            -1.3736329608,
            48.2589911556
          ],
          [
            -1.3745260659,
            48.2589229416
          ],
          [
            -1.3750746532,
            48.2587869085
          ],
          [
            -1.3752426127,
            48.2584935656
          ],
          [
            -1.3761176392,
            48.2582724107
          ],
          [
            -1.376203869,
            48.2581929195
          ]
        ]
      },
      "properties": {
        "CD_TRONC": 6782,
        "INSEE_COM": "35253",
        "NOM_COM": "Saint-Aubin-du-Cormier",
        "INTERET": "Locale",
        "REVET": "Terre",
        "STAT_JUR": "Chemin Départemental",
        "DATE_CP": "20030224",
        "DATE_DEL": "20020523",
        "PRAT_PED": "OUI",
        "PRAT_EQU": "NON",
        "ADMF_PED": "Ouvert",
        "ADMF_EQU": null,
        "PRAT_VEL": "NON",
        "ADMF_VEL": null,
        "ITIN_PED": "Pédestre Local",
        "ITIN_EQU": null,
        "ITIN_VEL": null,
        "LONGUEUR": 1204.01,
        "DATE_MAJ": "20220503131530",
        "DPCollSIRET": "22350001800013",
        "DPCollNom": "DEPARTEMENT D ILLE ET VILAINE",
        "DPCollModication": "2026-06-01T09:05:30.1350697Z"
      }
    },
    {
      "type": "Feature",
      "geometry": {
        "type": "LineString",
        "coordinates": [
          [
            -1.4151842718,
            48.1642016731
          ],
          [
            -1.415104478,
            48.1640208117
          ]
        ]
      },
      "properties": {
        "CD_TRONC": 15730,
        "INSEE_COM": "35031",
        "NOM_COM": "La Bouëxière",
        "INTERET": "Locale",
        "REVET": "Empierré",
        "STAT_JUR": "Chemin Rural",
        "DATE_CP": "20090928",
        "DATE_DEL": "19990226",
        "PRAT_PED": "OUI",
        "PRAT_EQU": "NON",
        "ADMF_PED": "Ouvert",
        "ADMF_EQU": null,
        "PRAT_VEL": null,
        "ADMF_VEL": null,
        "ITIN_PED": "Pédestre Local",
        "ITIN_EQU": null,
        "ITIN_VEL": null,
        "LONGUEUR": 20.96,
        "DATE_MAJ": "20220503131535",
        "DPCollSIRET": "22350001800013",
        "DPCollNom": "DEPARTEMENT D ILLE ET VILAINE",
        "DPCollModication": "2026-06-01T09:05:30.3026452Z"
      }
    },
    {
      "type": "Feature",
      "geometry": {
        "type": "LineString",
        "coordinates": [
          [
            -1.4399373202,
            48.3125120519
          ],
          [
            -1.4402995969,
            48.3125270603
          ],
          [
            -1.4405613546,
            48.3125792226
          ],
          [
            -1.4406490083,
            48.3125781381
          ],
          [
            -1.4407362154,
            48.3125822912
          ],
          [
            -1.4408222815,
            48.3125916488
          ],
          [
            -1.4409065212,
            48.3126061365
          ],
          [
            -1.4409882636,
            48.3126256388
          ],
          [
            -1.441066858,
            48.3126500005
          ],
          [
            -1.4411416783,
            48.3126790275
          ],
          [
            -1.4415594026,
            48.3128850767
          ],
          [
            -1.4417679169,
            48.3129416206
          ],
          [
            -1.4421294442,
            48.312990031
          ],
          [
            -1.4425131966,
            48.3130157013
          ]
        ]
      },
      "properties": {
        "CD_TRONC": 8823,
        "INSEE_COM": "35178",
        "NOM_COM": "Mézières-sur-Couesnon",
        "INTERET": "Départementale",
        "REVET": "Terre",
        "STAT_JUR": "Chemin Rural",
        "DATE_CP": "20030224",
        "DATE_DEL": "20020712",
        "PRAT_PED": "OUI",
        "PRAT_EQU": "NON",
        "ADMF_PED": "Ouvert",
        "ADMF_EQU": null,
        "PRAT_VEL": "NON",
        "ADMF_VEL": null,
        "ITIN_PED": "Grande Randonnée",
        "ITIN_EQU": null,
        "ITIN_VEL": null,
        "LONGUEUR": 203.43,
        "DATE_MAJ": "20220503131530",
        "DPCollSIRET": "22350001800013",
        "DPCollNom": "DEPARTEMENT D ILLE ET VILAINE",
        "DPCollModication": "2026-06-01T09:05:30.5541611Z"
      }
    },
    {
      "type": "Feature",
      "geometry": {
        "type": "LineString",
        "coordinates": [
          [
            -1.4645736978,
            48.304396564
          ],
          [
            -1.46343338,
            48.3040986586
          ]
        ]
      },
      "properties": {
        "CD_TRONC": 8824,
        "INSEE_COM": "35178",
        "NOM_COM": "Mézières-sur-Couesnon",
        "INTERET": "Départementale",
        "REVET": "Terre",
        "STAT_JUR": "Chemin Rural",
        "DATE_CP": "20030224",
        "DATE_DEL": "20020712",
        "PRAT_PED": "OUI",
        "PRAT_EQU": "NON",
        "ADMF_PED": "Ouvert",
        "ADMF_EQU": null,
        "PRAT_VEL": "NON",
        "ADMF_VEL": null,
        "ITIN_PED": "Grande Randonnée",
        "ITIN_EQU": null,
        "ITIN_VEL": null,
        "LONGUEUR": 90.81,
        "DATE_MAJ": "20220503131530",
        "DPCollSIRET": "22350001800013",
        "DPCollNom": "DEPARTEMENT D ILLE ET VILAINE",
        "DPCollModication": "2026-06-01T09:05:30.556151Z"
      }
    },
    {
      "type": "Feature",
      "geometry": {
        "type": "LineString",
        "coordinates": [
          [
            -1.4060760788,
            48.2861414188
          ],
          [
            -1.4061503923,
            48.2859622126
          ],
          [
            -1.4058644443,
            48.2849786315
          ],
          [
            -1.4059116586,
            48.2848171255
          ],
          [
            -1.4060271733,
            48.2847460591
          ],
          [
            -1.4069975123,
            48.284473838
          ],
          [
            -1.4075396345,
            48.2840792915
          ],
          [
            -1.4077188276,
            48.2839581628
          ],
          [
            -1.4079505071,
            48.2839519065
          ],
          [
            -1.4085812853,
            48.2840189816
          ],
          [
            -1.408773371,
            48.2839665149
          ],
          [
            -1.4088848977,
            48.2838479094
          ],
          [
            -1.4094693359,
            48.2830631366
          ],
          [
            -1.4099547506,
            48.2821199228
          ]
        ]
      },
      "properties": {
        "CD_TRONC": 8825,
        "INSEE_COM": "35178",
        "NOM_COM": "Mézières-sur-Couesnon",
        "INTERET": "Départementale",
        "REVET": "Goudron",
        "STAT_JUR": "Chemin Rural",
        "DATE_CP": "20030224",
        "DATE_DEL": "20020712",
        "PRAT_PED": "OUI",
        "PRAT_EQU": "OUI",
        "ADMF_PED": "Ouvert",
        "ADMF_EQU": "Ouvert",
        "PRAT_VEL": "NON",
        "ADMF_VEL": null,
        "ITIN_PED": "Grande Randonnée",
        "ITIN_EQU": "Equibreizh",
        "ITIN_VEL": null,
        "LONGUEUR": 622.25,
        "DATE_MAJ": "20220503131530",
        "DPCollSIRET": "22350001800013",
        "DPCollNom": "DEPARTEMENT D ILLE ET VILAINE",
        "DPCollModication": "2026-06-01T09:05:30.5608064Z"
      }
    },
    {
      "type": "Feature",
      "geometry": {
        "type": "LineString",
        "coordinates": [
          [
            -1.4130841333,
            48.3067039432
          ],
          [
            -1.4128820285,
            48.3069532496
          ],
          [
            -1.412863028,
            48.3071613871
          ],
          [
            -1.4130315769,
            48.3076114413
          ],
          [
            -1.412953709,
            48.3084984248
          ],
          [
            -1.4129442185,
            48.3085815344
          ],
          [
            -1.4129245961,
            48.3086640515
          ],
          [
            -1.4128949743,
            48.3087454194
          ],
          [
            -1.4128555529,
            48.3088250893
          ],
          [
            -1.4128065978,
            48.3089025235
          ],
          [
            -1.4127484394,
            48.3089771997
          ],
          [
            -1.41268147,
            48.309048614
          ],
          [
            -1.4125500483,
            48.3093618016
          ],
          [
            -1.4124892765,
            48.3096344421
          ],
          [
            -1.4124447972,
            48.3101525283
          ],
          [
            -1.4124876259,
            48.3104842464
          ],
          [
            -1.412790177,
            48.3105630806
          ],
          [
            -1.4133529606,
            48.3106507983
          ],
          [
            -1.4134950457,
            48.3109130067
          ],
          [
            -1.4135544288,
            48.3111096359
          ],
          [
            -1.413623274,
            48.311240107
          ]
        ]
      },
      "properties": {
        "CD_TRONC": 8827,
        "INSEE_COM": "35178",
        "NOM_COM": "Mézières-sur-Couesnon",
        "INTERET": "Départementale",
        "REVET": "Terre",
        "STAT_JUR": "Chemin Rural",
        "DATE_CP": "20030224",
        "DATE_DEL": "20020712",
        "PRAT_PED": "OUI",
        "PRAT_EQU": "OUI",
        "ADMF_PED": "Ouvert",
        "ADMF_EQU": "Ouvert",
        "PRAT_VEL": "NON",
        "ADMF_VEL": null,
        "ITIN_PED": "Grande Randonnée",
        "ITIN_EQU": "Equibreizh",
        "ITIN_VEL": null,
        "LONGUEUR": 567.34,
        "DATE_MAJ": "20220503131530",
        "DPCollSIRET": "22350001800013",
        "DPCollNom": "DEPARTEMENT D ILLE ET VILAINE",
        "DPCollModication": "2026-06-01T09:05:30.5636093Z"
      }
    },
    {
      "type": "Feature",
      "geometry": {
        "type": "LineString",
        "coordinates": [
          [
            -1.4147534118,
            48.2811208633
          ],
          [
            -1.415118693,
            48.2807554701
          ],
          [
            -1.4153156313,
            48.2805157908
          ],
          [
            -1.4154668069,
            48.2803347303
          ],
          [
            -1.4155688728,
            48.2801435363
          ],
          [
            -1.4177546248,
            48.2805464059
          ],
          [
            -1.4194778137,
            48.2805815708
          ],
          [
            -1.4201124655,
            48.2805673729
          ],
          [
            -1.4229555767,
            48.2803084037
          ],
          [
            -1.4247288488,
            48.2799010662
          ],
          [
            -1.4273567184,
            48.2792494825
          ]
        ]
      },
      "properties": {
        "CD_TRONC": 8828,
        "INSEE_COM": "35178",
        "NOM_COM": "Mézières-sur-Couesnon",
        "INTERET": "Départementale",
        "REVET": "Empierré",
        "STAT_JUR": "Chemin Rural",
        "DATE_CP": "20030224",
        "DATE_DEL": "20020712",
        "PRAT_PED": "OUI",
        "PRAT_EQU": "OUI",
        "ADMF_PED": "Ouvert",
        "ADMF_EQU": "Ouvert",
        "PRAT_VEL": "NON",
        "ADMF_VEL": null,
        "ITIN_PED": "Grande Randonnée",
        "ITIN_EQU": "Equibreizh",
        "ITIN_VEL": null,
        "LONGUEUR": 1027.98,
        "DATE_MAJ": "20220503131530",
        "DPCollSIRET": "22350001800013",
        "DPCollNom": "DEPARTEMENT D ILLE ET VILAINE",
        "DPCollModication": "2026-06-01T09:05:30.5664976Z"
      }
    },
    {
      "type": "Feature",
      "geometry": {
        "type": "LineString",
        "coordinates": [
          [
            -1.4044749859,
            48.3011217532
          ],
          [
            -1.404861089,
            48.2996720544
          ],
          [
            -1.4050154747,
            48.2992538278
          ],
          [
            -1.4048764913,
            48.2991302574
          ],
          [
            -1.4046072964,
            48.2990306115
          ],
          [
            -1.4044395092,
            48.2981785345
          ],
          [
            -1.4042486928,
            48.2971365751
          ]
        ]
      },
      "properties": {
        "CD_TRONC": 8829,
        "INSEE_COM": "35178",
        "NOM_COM": "Mézières-sur-Couesnon",
        "INTERET": "Départementale",
        "REVET": "Goudron",
        "STAT_JUR": "Chemin Rural",
        "DATE_CP": "20030224",
        "DATE_DEL": "20020712",
        "PRAT_PED": "OUI",
        "PRAT_EQU": "OUI",
        "ADMF_PED": "Ouvert",
        "ADMF_EQU": "Ouvert",
        "PRAT_VEL": "NON",
        "ADMF_VEL": null,
        "ITIN_PED": "Grande Randonnée",
        "ITIN_EQU": "Equibreizh",
        "ITIN_VEL": null,
        "LONGUEUR": 463.71,
        "DATE_MAJ": "20220503131530",
        "DPCollSIRET": "22350001800013",
        "DPCollNom": "DEPARTEMENT D ILLE ET VILAINE",
        "DPCollModication": "2026-06-01T09:05:30.5691604Z"
      }
    },
    {
      "type": "Feature",
      "geometry": {
        "type": "LineString",
        "coordinates": [
          [
            -1.4109474578,
            48.280537859
          ],
          [
            -1.410489805,
            48.2811724696
          ],
          [
            -1.4102333632,
            48.2817236324
          ],
          [
            -1.4099547506,
            48.2821199228
          ]
        ]
      },
      "properties": {
        "CD_TRONC": 8830,
        "INSEE_COM": "35178",
        "NOM_COM": "Mézières-sur-Couesnon",
        "INTERET": "Départementale",
        "REVET": "Empierré",
        "STAT_JUR": "Chemin Rural",
        "DATE_CP": "20030224",
        "DATE_DEL": "20020712",
        "PRAT_PED": "OUI",
        "PRAT_EQU": "OUI",
        "ADMF_PED": "Ouvert",
        "ADMF_EQU": "Ouvert",
        "PRAT_VEL": "NON",
        "ADMF_VEL": null,
        "ITIN_PED": "Grande Randonnée",
        "ITIN_EQU": "Equibreizh",
        "ITIN_VEL": null,
        "LONGUEUR": 191.08,
        "DATE_MAJ": "20220503131530",
        "DPCollSIRET": "22350001800013",
        "DPCollNom": "DEPARTEMENT D ILLE ET VILAINE",
        "DPCollModication": "2026-06-01T09:05:30.571489Z"
      }
    },
    {
      "type": "Feature",
      "geometry": {
        "type": "LineString",
        "coordinates": [
          [
            -1.413623274,
            48.311240107
          ],
          [
            -1.4137452416,
            48.3112096768
          ],
          [
            -1.4138576431,
            48.3111520741
          ],
          [
            -1.4160017326,
            48.3096363445
          ],
          [
            -1.4160722327,
            48.3095589178
          ],
          [
            -1.4160965498,
            48.3094462694
          ]
        ]
      },
      "properties": {
        "CD_TRONC": 8831,
        "INSEE_COM": "35178",
        "NOM_COM": "Mézières-sur-Couesnon",
        "INTERET": "Départementale",
        "REVET": "Goudron",
        "STAT_JUR": "Chemin Rural",
        "DATE_CP": "20030224",
        "DATE_DEL": "20020712",
        "PRAT_PED": "OUI",
        "PRAT_EQU": "OUI",
        "ADMF_PED": "Ouvert",
        "ADMF_EQU": "Ouvert",
        "PRAT_VEL": "NON",
        "ADMF_VEL": null,
        "ITIN_PED": "Grande Randonnée",
        "ITIN_EQU": "Equibreizh",
        "ITIN_VEL": null,
        "LONGUEUR": 274.51,
        "DATE_MAJ": "20220503131530",
        "DPCollSIRET": "22350001800013",
        "DPCollNom": "DEPARTEMENT D ILLE ET VILAINE",
        "DPCollModication": "2026-06-01T09:05:30.5736592Z"
      }
    },
    {
      "type": "Feature",
      "geometry": {
        "type": "LineString",
        "coordinates": [
          [
            -1.4147534118,
            48.2811208633
          ],
          [
            -1.4141039232,
            48.2811615178
          ],
          [
            -1.4137893317,
            48.2811160439
          ],
          [
            -1.4137381345,
            48.281187101
          ],
          [
            -1.4134192101,
            48.2811751683
          ],
          [
            -1.4132503728,
            48.2810360318
          ],
          [
            -1.4130364619,
            48.2809558012
          ],
          [
            -1.4121299288,
            48.2808056443
          ],
          [
            -1.4118874795,
            48.2807149704
          ],
          [
            -1.4109474578,
            48.280537859
          ]
        ]
      },
      "properties": {
        "CD_TRONC": 8832,
        "INSEE_COM": "35178",
        "NOM_COM": "Mézières-sur-Couesnon",
        "INTERET": "Départementale",
        "REVET": "Terre",
        "STAT_JUR": "Chemin Rural",
        "DATE_CP": "20030224",
        "DATE_DEL": "20020712",
        "PRAT_PED": "OUI",
        "PRAT_EQU": "OUI",
        "ADMF_PED": "Ouvert",
        "ADMF_EQU": "Ouvert",
        "PRAT_VEL": "NON",
        "ADMF_VEL": null,
        "ITIN_PED": "Grande Randonnée",
        "ITIN_EQU": "Equibreizh",
        "ITIN_VEL": null,
        "LONGUEUR": 305.2,
        "DATE_MAJ": "20220503131530",
        "DPCollSIRET": "22350001800013",
        "DPCollNom": "DEPARTEMENT D ILLE ET VILAINE",
        "DPCollModication": "2026-06-01T09:05:30.5757544Z"
      }
    },
    {
      "type": "Feature",
      "geometry": {
        "type": "LineString",
        "coordinates": [
          [
            -1.5301248641,
            48.2572657357
          ],
          [
            -1.5281478739,
            48.2573307273
          ]
        ]
      },
      "properties": {
        "CD_TRONC": 15546,
        "INSEE_COM": "35107",
        "NOM_COM": "Ercé-près-Liffré",
        "INTERET": "Locale",
        "REVET": "Goudron",
        "STAT_JUR": "Voie Communale",
        "DATE_CP": null,
        "DATE_DEL": "19910328",
        "PRAT_PED": "NON",
        "PRAT_EQU": "OUI",
        "ADMF_PED": null,
        "ADMF_EQU": "Fermé",
        "PRAT_VEL": null,
        "ADMF_VEL": null,
        "ITIN_PED": null,
        "ITIN_EQU": "Equestre Local",
        "ITIN_VEL": null,
        "LONGUEUR": 146.9,
        "DATE_MAJ": "20220503131530",
        "DPCollSIRET": "22350001800013",
        "DPCollNom": "DEPARTEMENT D ILLE ET VILAINE",
        "DPCollModication": "2026-06-01T09:05:30.7306151Z"
      }
    },
    {
      "type": "Feature",
      "geometry": {
        "type": "LineString",
        "coordinates": [
          [
            -1.5188934209,
            48.234770269
          ],
          [
            -1.5193628361,
            48.2337158689
          ],
          [
            -1.5190263186,
            48.2336142918
          ],
          [
            -1.5190613332,
            48.2333461827
          ],
          [
            -1.5187930206,
            48.2333005754
          ],
          [
            -1.5196177367,
            48.2329130143
          ],
          [
            -1.5212299219,
            48.232191572
          ]
        ]
      },
      "properties": {
        "CD_TRONC": 15547,
        "INSEE_COM": "35152",
        "NOM_COM": "Liffré",
        "INTERET": "Départementale",
        "REVET": "Terre",
        "STAT_JUR": "Voie Privée",
        "DATE_CP": "20090928",
        "DATE_DEL": "19911107",
        "PRAT_PED": "OUI",
        "PRAT_EQU": "OUI",
        "ADMF_PED": "Ouvert",
        "ADMF_EQU": "Ouvert",
        "PRAT_VEL": null,
        "ADMF_VEL": null,
        "ITIN_PED": "Grande Randonnée",
        "ITIN_EQU": "Equestre Local",
        "ITIN_VEL": null,
        "LONGUEUR": 419.09,
        "DATE_MAJ": "20220503131530",
        "DPCollSIRET": "22350001800013",
        "DPCollNom": "DEPARTEMENT D ILLE ET VILAINE",
        "DPCollModication": "2026-06-01T09:05:30.7325416Z"
      }
    },
    {
      "type": "Feature",
      "geometry": {
        "type": "LineString",
        "coordinates": [
          [
            -1.5211926242,
            48.2250902453
          ],
          [
            -1.5165888553,
            48.2274150625
          ],
          [
            -1.5160836394,
            48.2266349841
          ],
          [
            -1.515578903,
            48.2263640906
          ],
          [
            -1.5149808014,
            48.2258849729
          ],
          [
            -1.5146739277,
            48.2258453387
          ]
        ]
      },
      "properties": {
        "CD_TRONC": 15548,
        "INSEE_COM": "35152",
        "NOM_COM": "Liffré",
        "INTERET": "Départementale",
        "REVET": "Terre",
        "STAT_JUR": "Voie Privée",
        "DATE_CP": null,
        "DATE_DEL": "19911107",
        "PRAT_PED": "OUI",
        "PRAT_EQU": "OUI",
        "ADMF_PED": "Ouvert",
        "ADMF_EQU": "Ouvert",
        "PRAT_VEL": null,
        "ADMF_VEL": null,
        "ITIN_PED": "Pédestre Local",
        "ITIN_EQU": "Equibreizh",
        "ITIN_VEL": null,
        "LONGUEUR": 663.63,
        "DATE_MAJ": "20220503131530",
        "DPCollSIRET": "22350001800013",
        "DPCollNom": "DEPARTEMENT D ILLE ET VILAINE",
        "DPCollModication": "2026-06-01T09:05:30.7346668Z"
      }
    },
    {
      "type": "Feature",
      "geometry": {
        "type": "LineString",
        "coordinates": [
          [
            -1.4221928876,
            48.2058950282
          ],
          [
            -1.4203325788,
            48.2062350882
          ],
          [
            -1.4188516387,
            48.2065816403
          ],
          [
            -1.4181976332,
            48.2067088649
          ],
          [
            -1.4181341534,
            48.2066914153
          ]
        ]
      },
      "properties": {
        "CD_TRONC": 15549,
        "INSEE_COM": "35031",
        "NOM_COM": "La Bouëxière",
        "INTERET": "Locale",
        "REVET": "Terre",
        "STAT_JUR": "Chemin Rural",
        "DATE_CP": "20090928",
        "DATE_DEL": "19981221",
        "PRAT_PED": "OUI",
        "PRAT_EQU": "NON",
        "ADMF_PED": "Ouvert",
        "ADMF_EQU": null,
        "PRAT_VEL": null,
        "ADMF_VEL": null,
        "ITIN_PED": "Pédestre Local",
        "ITIN_EQU": null,
        "ITIN_VEL": null,
        "LONGUEUR": 315.54,
        "DATE_MAJ": "20220503131530",
        "DPCollSIRET": "22350001800013",
        "DPCollNom": "DEPARTEMENT D ILLE ET VILAINE",
        "DPCollModication": "2026-06-01T09:05:30.7368307Z"
      }
    },
    {
      "type": "Feature",
      "geometry": {
        "type": "LineString",
        "coordinates": [
          [
            -1.4615965402,
            48.1937475063
          ],
          [
            -1.4600977588,
            48.193318414
          ],
          [
            -1.4579018117,
            48.1935870675
          ],
          [
            -1.4564135784,
            48.1941596993
          ],
          [
            -1.4555584512,
            48.1944245152
          ],
          [
            -1.4543643074,
            48.1952239362
          ]
        ]
      },
      "properties": {
        "CD_TRONC": 15550,
        "INSEE_COM": "35031",
        "NOM_COM": "La Bouëxière",
        "INTERET": "Locale",
        "REVET": "Terre",
        "STAT_JUR": "Voie Privée",
        "DATE_CP": null,
        "DATE_DEL": "19910419",
        "PRAT_PED": "OUI",
        "PRAT_EQU": "NON",
        "ADMF_PED": "Ouvert",
        "ADMF_EQU": null,
        "PRAT_VEL": null,
        "ADMF_VEL": null,
        "ITIN_PED": "Pédestre Local",
        "ITIN_EQU": null,
        "ITIN_VEL": null,
        "LONGUEUR": 610.22,
        "DATE_MAJ": "20220503131530",
        "DPCollSIRET": "22350001800013",
        "DPCollNom": "DEPARTEMENT D ILLE ET VILAINE",
        "DPCollModication": "2026-06-01T09:05:30.7386108Z"
      }
    },
    {
      "type": "Feature",
      "geometry": {
        "type": "LineString",
        "coordinates": [
          [
            -1.6089331004,
            48.1797374522
          ],
          [
            -1.611521018,
            48.1826855181
          ],
          [
            -1.612032646,
            48.1830648053
          ]
        ]
      },
      "properties": {
        "CD_TRONC": 15551,
        "INSEE_COM": "35152",
        "NOM_COM": "Liffré",
        "INTERET": "Locale",
        "REVET": "Terre",
        "STAT_JUR": "Voie Privée",
        "DATE_CP": null,
        "DATE_DEL": "19911107",
        "PRAT_PED": "NON",
        "PRAT_EQU": "OUI",
        "ADMF_PED": null,
        "ADMF_EQU": "Ouvert",
        "PRAT_VEL": null,
        "ADMF_VEL": null,
        "ITIN_PED": null,
        "ITIN_EQU": "Equestre Local",
        "ITIN_VEL": null,
        "LONGUEUR": 436.69,
        "DATE_MAJ": "20220503131530",
        "DPCollSIRET": "22350001800013",
        "DPCollNom": "DEPARTEMENT D ILLE ET VILAINE",
        "DPCollModication": "2026-06-01T09:05:30.7401262Z"
      }
    },
    {
      "type": "Feature",
      "geometry": {
        "type": "LineString",
        "coordinates": [
          [
            -1.5705392187,
            48.2024510863
          ],
          [
            -1.5679901118,
            48.2047904288
          ],
          [
            -1.5676532208,
            48.2050882803
          ],
          [
            -1.5676306552,
            48.2052324598
          ]
        ]
      },
      "properties": {
        "CD_TRONC": 15553,
        "INSEE_COM": "35152",
        "NOM_COM": "Liffré",
        "INTERET": "Locale",
        "REVET": "Terre",
        "STAT_JUR": "Voie Privée",
        "DATE_CP": "20090928",
        "DATE_DEL": "20090619",
        "PRAT_PED": "NON",
        "PRAT_EQU": "OUI",
        "ADMF_PED": null,
        "ADMF_EQU": "Ouvert",
        "PRAT_VEL": null,
        "ADMF_VEL": null,
        "ITIN_PED": null,
        "ITIN_EQU": "Equestre Local",
        "ITIN_VEL": null,
        "LONGUEUR": 379.26,
        "DATE_MAJ": "20220503131530",
        "DPCollSIRET": "22350001800013",
        "DPCollNom": "DEPARTEMENT D ILLE ET VILAINE",
        "DPCollModication": "2026-06-01T09:05:30.7417997Z"
      }
    },
    {
      "type": "Feature",
      "geometry": {
        "type": "LineString",
        "coordinates": [
          [
            -1.5359028993,
            48.2358303952
          ],
          [
            -1.5356842014,
            48.2360794321
          ],
          [
            -1.5356239798,
            48.2362574903
          ],
          [
            -1.5353778151,
            48.2375980995
          ]
        ]
      },
      "properties": {
        "CD_TRONC": 15554,
        "INSEE_COM": "35152",
        "NOM_COM": "Liffré",
        "INTERET": "Locale",
        "REVET": "Empierré",
        "STAT_JUR": "Voie Privée",
        "DATE_CP": null,
        "DATE_DEL": "19911107",
        "PRAT_PED": "NON",
        "PRAT_EQU": "OUI",
        "ADMF_PED": null,
        "ADMF_EQU": "Fermé",
        "PRAT_VEL": null,
        "ADMF_VEL": null,
        "ITIN_PED": null,
        "ITIN_EQU": "Equestre Local",
        "ITIN_VEL": null,
        "LONGUEUR": 202.49,
        "DATE_MAJ": "20220503131530",
        "DPCollSIRET": "22350001800013",
        "DPCollNom": "DEPARTEMENT D ILLE ET VILAINE",
        "DPCollModication": "2026-06-01T09:05:30.7430002Z"
      }
    },
    {
      "type": "Feature",
      "geometry": {
        "type": "LineString",
        "coordinates": [
          [
            -1.5893367818,
            48.1674134513
          ],
          [
            -1.5897282435,
            48.1681652484
          ],
          [
            -1.5937610606,
            48.1705337369
          ],
          [
            -1.5938653895,
            48.170555811
          ],
          [
            -1.5954152235,
            48.1693984932
          ],
          [
            -1.5954694477,
            48.1694486574
          ],
          [
            -1.5960109157,
            48.16907513
          ]
        ]
      },
      "properties": {
        "CD_TRONC": 15555,
        "INSEE_COM": "35152",
        "NOM_COM": "Liffré",
        "INTERET": "Départementale",
        "REVET": "Terre",
        "STAT_JUR": "Voie Privée",
        "DATE_CP": null,
        "DATE_DEL": null,
        "PRAT_PED": null,
        "PRAT_EQU": "NON",
        "ADMF_PED": null,
        "ADMF_EQU": "Ajout",
        "PRAT_VEL": null,
        "ADMF_VEL": null,
        "ITIN_PED": null,
        "ITIN_EQU": "Equibreizh",
        "ITIN_VEL": null,
        "LONGUEUR": 732.95,
        "DATE_MAJ": "20220503131530",
        "DPCollSIRET": "22350001800013",
        "DPCollNom": "DEPARTEMENT D ILLE ET VILAINE",
        "DPCollModication": "2026-06-01T09:05:30.744152Z"
      }
    },
    {
      "type": "Feature",
      "geometry": {
        "type": "LineString",
        "coordinates": [
          [
            -1.4145370674,
            48.2671938195
          ],
          [
            -1.4164967765,
            48.2676688398
          ],
          [
            -1.4193653605,
            48.2683782948
          ],
          [
            -1.4195109811,
            48.2684938437
          ]
        ]
      },
      "properties": {
        "CD_TRONC": 10513,
        "INSEE_COM": "35253",
        "NOM_COM": "Saint-Aubin-du-Cormier",
        "INTERET": "Départementale",
        "REVET": "Goudron",
        "STAT_JUR": "Route Départementale",
        "DATE_CP": "20030224",
        "DATE_DEL": "20020523",
        "PRAT_PED": "OUI",
        "PRAT_EQU": "NON",
        "ADMF_PED": "Ouvert",
        "ADMF_EQU": null,
        "PRAT_VEL": "NON",
        "ADMF_VEL": null,
        "ITIN_PED": "Grande Randonnée",
        "ITIN_EQU": null,
        "ITIN_VEL": null,
        "LONGUEUR": 398.48,
        "DATE_MAJ": "20220503131530",
        "DPCollSIRET": "22350001800013",
        "DPCollNom": "DEPARTEMENT D ILLE ET VILAINE",
        "DPCollModication": "2026-06-01T09:05:30.7709285Z"
      }
    },
    {
      "type": "Feature",
      "geometry": {
        "type": "LineString",
        "coordinates": [
          [
            -1.420380719,
            48.1718476133
          ],
          [
            -1.4206956537,
            48.1713933082
          ],
          [
            -1.4210176432,
            48.1711036609
          ],
          [
            -1.4207834369,
            48.1707204098
          ],
          [
            -1.4213441334,
            48.1701442356
          ],
          [
            -1.4224235367,
            48.1684752484
          ]
        ]
      },
      "properties": {
        "CD_TRONC": 15539,
        "INSEE_COM": "35031",
        "NOM_COM": "La Bouëxière",
        "INTERET": "Locale",
        "REVET": "Terre",
        "STAT_JUR": "Chemin Rural",
        "DATE_CP": "20090928",
        "DATE_DEL": "20090630",
        "PRAT_PED": "OUI",
        "PRAT_EQU": "NON",
        "ADMF_PED": "Ouvert",
        "ADMF_EQU": null,
        "PRAT_VEL": null,
        "ADMF_VEL": null,
        "ITIN_PED": "Pédestre Local",
        "ITIN_EQU": null,
        "ITIN_VEL": null,
        "LONGUEUR": 420.28,
        "DATE_MAJ": "20220503131530",
        "DPCollSIRET": "22350001800013",
        "DPCollNom": "DEPARTEMENT D ILLE ET VILAINE",
        "DPCollModication": "2026-06-01T09:05:30.9684983Z"
      }
    },
    {
      "type": "Feature",
      "geometry": {
        "type": "LineString",
        "coordinates": [
          [
            -1.4221928876,
            48.2058950282
          ],
          [
            -1.4221756176,
            48.2058659358
          ],
          [
            -1.4203153096,
            48.2062059956
          ],
          [
            -1.4182146203,
            48.2066541571
          ],
          [
            -1.4181341534,
            48.2066914153
          ]
        ]
      },
      "properties": {
        "CD_TRONC": 15540,
        "INSEE_COM": "35152",
        "NOM_COM": "Liffré",
        "INTERET": "Départementale",
        "REVET": "Terre",
        "STAT_JUR": "Chemin Rural",
        "DATE_CP": null,
        "DATE_DEL": null,
        "PRAT_PED": "NON",
        "PRAT_EQU": "NON",
        "ADMF_PED": "Ajout",
        "ADMF_EQU": "Ajout",
        "PRAT_VEL": null,
        "ADMF_VEL": null,
        "ITIN_PED": "Pédestre Local",
        "ITIN_EQU": "Equibreizh",
        "ITIN_VEL": null,
        "LONGUEUR": 317.84,
        "DATE_MAJ": "20220503131530",
        "DPCollSIRET": "22350001800013",
        "DPCollNom": "DEPARTEMENT D ILLE ET VILAINE",
        "DPCollModication": "2026-06-01T09:05:30.9696796Z"
      }
    },
    {
      "type": "Feature",
      "geometry": {
        "type": "LineString",
        "coordinates": [
          [
            -1.5824518331,
            48.2449041359
          ],
          [
            -1.5829793032,
            48.243491186
          ],
          [
            -1.5841033238,
            48.2430419781
          ]
        ]
      },
      "properties": {
        "CD_TRONC": 15542,
        "INSEE_COM": "35067",
        "NOM_COM": "Chasné-sur-Illet",
        "INTERET": "Locale",
        "REVET": "Empierré",
        "STAT_JUR": "Voie Privée",
        "DATE_CP": null,
        "DATE_DEL": "20020530",
        "PRAT_PED": "NON",
        "PRAT_EQU": "OUI",
        "ADMF_PED": null,
        "ADMF_EQU": "Fermé",
        "PRAT_VEL": null,
        "ADMF_VEL": null,
        "ITIN_PED": null,
        "ITIN_EQU": "Equestre Local",
        "ITIN_VEL": null,
        "LONGUEUR": 259.08,
        "DATE_MAJ": "20220503131530",
        "DPCollSIRET": "22350001800013",
        "DPCollNom": "DEPARTEMENT D ILLE ET VILAINE",
        "DPCollModication": "2026-06-01T09:05:30.9707916Z"
      }
    },
    {
      "type": "Feature",
      "geometry": {
        "type": "LineString",
        "coordinates": [
          [
            -1.5123785091,
            48.2723997077
          ],
          [
            -1.514677165,
            48.2719703358
          ],
          [
            -1.5170476073,
            48.2715913452
          ]
        ]
      },
      "properties": {
        "CD_TRONC": 15544,
        "INSEE_COM": "35107",
        "NOM_COM": "Ercé-près-Liffré",
        "INTERET": "Locale",
        "REVET": "Empierré",
        "STAT_JUR": "Chemin Rural",
        "DATE_CP": "20090928",
        "DATE_DEL": "20090504",
        "PRAT_PED": "OUI",
        "PRAT_EQU": "OUI",
        "ADMF_PED": "Ouvert",
        "ADMF_EQU": "Fermé",
        "PRAT_VEL": null,
        "ADMF_VEL": null,
        "ITIN_PED": "Pédestre Local",
        "ITIN_EQU": "Equestre Local",
        "ITIN_VEL": null,
        "LONGUEUR": 357.96,
        "DATE_MAJ": "20220503131530",
        "DPCollSIRET": "22350001800013",
        "DPCollNom": "DEPARTEMENT D ILLE ET VILAINE",
        "DPCollModication": "2026-06-01T09:05:30.9718988Z"
      }
    },
    {
      "type": "Feature",
      "geometry": {
        "type": "LineString",
        "coordinates": [
          [
            -1.375629353,
            48.2488974742
          ],
          [
            -1.3743364885,
            48.248443908
          ],
          [
            -1.3721785832,
            48.2475877592
          ],
          [
            -1.3705369519,
            48.2469670539
          ],
          [
            -1.3681871795,
            48.2471851363
          ],
          [
            -1.3675438002,
            48.2472732199
          ],
          [
            -1.3662649688,
            48.2473127904
          ],
          [
            -1.3651468787,
            48.2474801278
          ],
          [
            -1.3647941667,
            48.2474983064
          ]
        ]
      },
      "properties": {
        "CD_TRONC": 8890,
        "INSEE_COM": "35253",
        "NOM_COM": "Saint-Aubin-du-Cormier",
        "INTERET": "Locale",
        "REVET": "Terre",
        "STAT_JUR": "Chemin Rural",
        "DATE_CP": null,
        "DATE_DEL": "19910328",
        "PRAT_PED": "NON",
        "PRAT_EQU": "OUI",
        "ADMF_PED": null,
        "ADMF_EQU": "Fermé",
        "PRAT_VEL": "NON",
        "ADMF_VEL": null,
        "ITIN_PED": null,
        "ITIN_EQU": "Equestre Local",
        "ITIN_VEL": null,
        "LONGUEUR": 865.95,
        "DATE_MAJ": "20220503131530",
        "DPCollSIRET": "22350001800013",
        "DPCollNom": "DEPARTEMENT D ILLE ET VILAINE",
        "DPCollModication": "2026-06-01T09:05:31.0196782Z"
      }
    },
    {
      "type": "Feature",
      "geometry": {
        "type": "LineString",
        "coordinates": [
          [
            -1.4032071348,
            48.302582832
          ],
          [
            -1.4036616474,
            48.3025819619
          ],
          [
            -1.4040866266,
            48.3024874466
          ],
          [
            -1.4045834549,
            48.3024434447
          ],
          [
            -1.4050604023,
            48.3025401185
          ],
          [
            -1.4052599019,
            48.3025326853
          ],
          [
            -1.4058267114,
            48.3028148401
          ],
          [
            -1.4064684062,
            48.3030694051
          ],
          [
            -1.4068072886,
            48.303370606
          ],
          [
            -1.4072607508,
            48.3037913843
          ],
          [
            -1.4075743452,
            48.3042927833
          ],
          [
            -1.4079724252,
            48.3046422546
          ],
          [
            -1.407857842,
            48.3050833186
          ],
          [
            -1.4077970839,
            48.3051771392
          ]
        ]
      },
      "properties": {
        "CD_TRONC": 8891,
        "INSEE_COM": "35178",
        "NOM_COM": "Mézières-sur-Couesnon",
        "INTERET": "Locale",
        "REVET": "Terre",
        "STAT_JUR": "Chemin Rural",
        "DATE_CP": "20030224",
        "DATE_DEL": "20020712",
        "PRAT_PED": "OUI",
        "PRAT_EQU": "NON",
        "ADMF_PED": "Ouvert",
        "ADMF_EQU": null,
        "PRAT_VEL": "NON",
        "ADMF_VEL": null,
        "ITIN_PED": "Pédestre Local",
        "ITIN_EQU": null,
        "ITIN_VEL": null,
        "LONGUEUR": 533.41,
        "DATE_MAJ": "20220503131530",
        "DPCollSIRET": "22350001800013",
        "DPCollNom": "DEPARTEMENT D ILLE ET VILAINE",
        "DPCollModication": "2026-06-01T09:05:31.021453Z"
      }
    },
    {
      "type": "Feature",
      "geometry": {
        "type": "LineString",
        "coordinates": [
          [
            -1.4732980748,
            48.2957039797
          ],
          [
            -1.4742174975,
            48.2963892621
          ],
          [
            -1.475305256,
            48.2970520324
          ],
          [
            -1.475593379,
            48.2972313168
          ],
          [
            -1.4771358282,
            48.297132374
          ]
        ]
      },
      "properties": {
        "CD_TRONC": 8892,
        "INSEE_COM": "35178",
        "NOM_COM": "Mézières-sur-Couesnon",
        "INTERET": "Locale",
        "REVET": "Terre",
        "STAT_JUR": "Chemin Rural",
        "DATE_CP": null,
        "DATE_DEL": null,
        "PRAT_PED": "OUI",
        "PRAT_EQU": "OUI",
        "ADMF_PED": "Ouvert",
        "ADMF_EQU": "Ouvert",
        "PRAT_VEL": "NON",
        "ADMF_VEL": null,
        "ITIN_PED": "Pédestre Local",
        "ITIN_EQU": "Equestre Local",
        "ITIN_VEL": null,
        "LONGUEUR": 355.61,
        "DATE_MAJ": "20220503131530",
        "DPCollSIRET": "22350001800013",
        "DPCollNom": "DEPARTEMENT D ILLE ET VILAINE",
        "DPCollModication": "2026-06-01T09:05:31.0234795Z"
      }
    },
    {
      "type": "Feature",
      "geometry": {
        "type": "LineString",
        "coordinates": [
          [
            -1.3725164343,
            48.2258950607
          ],
          [
            -1.3739624185,
            48.2267929491
          ],
          [
            -1.3742772167,
            48.227064218
          ],
          [
            -1.3745478047,
            48.2273897051
          ],
          [
            -1.374903868,
            48.2279774292
          ],
          [
            -1.3752858589,
            48.2287419635
          ],
          [
            -1.3753698725,
            48.2290768665
          ],
          [
            -1.3754876891,
            48.229638365
          ],
          [
            -1.3755934755,
            48.2301452241
          ],
          [
            -1.3755728392,
            48.2308445557
          ],
          [
            -1.3757498335,
            48.2312611425
          ],
          [
            -1.375960036,
            48.2317165591
          ],
          [
            -1.376711276,
            48.232955648
          ],
          [
            -1.3767355693,
            48.2331435367
          ]
        ]
      },
      "properties": {
        "CD_TRONC": 8809,
        "INSEE_COM": "35154",
        "NOM_COM": "Livré-sur-Changeon",
        "INTERET": "Locale",
        "REVET": "Empierré",
        "STAT_JUR": "Chemin d'Exploitation",
        "DATE_CP": "20030224",
        "DATE_DEL": "19910510",
        "PRAT_PED": "NON",
        "PRAT_EQU": "OUI",
        "ADMF_PED": null,
        "ADMF_EQU": "Ouvert",
        "PRAT_VEL": "NON",
        "ADMF_VEL": null,
        "ITIN_PED": null,
        "ITIN_EQU": "Equestre Local",
        "ITIN_VEL": null,
        "LONGUEUR": 892.17,
        "DATE_MAJ": "20220503131530",
        "DPCollSIRET": "22350001800013",
        "DPCollNom": "DEPARTEMENT D ILLE ET VILAINE",
        "DPCollModication": "2026-06-01T09:05:31.1125879Z"
      }
    },
    {
      "type": "Feature",
      "geometry": {
        "type": "LineString",
        "coordinates": [
          [
            -1.3649570832,
            48.2300980565
          ],
          [
            -1.36540495,
            48.2310966446
          ]
        ]
      },
      "properties": {
        "CD_TRONC": 8810,
        "INSEE_COM": "35154",
        "NOM_COM": "Livré-sur-Changeon",
        "INTERET": "Départementale",
        "REVET": "Empierré",
        "STAT_JUR": "Chemin d'Exploitation",
        "DATE_CP": "20030224",
        "DATE_DEL": "19910510",
        "PRAT_PED": "OUI",
        "PRAT_EQU": "OUI",
        "ADMF_PED": "Ouvert",
        "ADMF_EQU": "Ouvert",
        "PRAT_VEL": "NON",
        "ADMF_VEL": null,
        "ITIN_PED": "Grande Randonnée",
        "ITIN_EQU": "Equibreizh",
        "ITIN_VEL": null,
        "LONGUEUR": 115.86,
        "DATE_MAJ": "20220503131530",
        "DPCollSIRET": "22350001800013",
        "DPCollNom": "DEPARTEMENT D ILLE ET VILAINE",
        "DPCollModication": "2026-06-01T09:05:31.1141645Z"
      }
    },
    {
      "type": "Feature",
      "geometry": {
        "type": "LineString",
        "coordinates": [
          [
            -1.3492505552,
            48.2042234117
          ],
          [
            -1.3486767667,
            48.204201156
          ],
          [
            -1.3483636882,
            48.2041924865
          ],
          [
            -1.3481872784,
            48.2041851436
          ],
          [
            -1.3480130376,
            48.2041671949
          ],
          [
            -1.347842368,
            48.2041387848
          ],
          [
            -1.3476766435,
            48.2041001419
          ],
          [
            -1.3475171978,
            48.2040515773
          ],
          [
            -1.3473653143,
            48.2039934819
          ],
          [
            -1.3472222155,
            48.2039263233
          ],
          [
            -1.3463240977,
            48.2038032949
          ],
          [
            -1.3456871217,
            48.2038987178
          ],
          [
            -1.3454763236,
            48.2039658315
          ]
        ]
      },
      "properties": {
        "CD_TRONC": 8812,
        "INSEE_COM": "35154",
        "NOM_COM": "Livré-sur-Changeon",
        "INTERET": "Départementale",
        "REVET": "Terre",
        "STAT_JUR": "Chemin d'Exploitation",
        "DATE_CP": "20030224",
        "DATE_DEL": "20020916",
        "PRAT_PED": "OUI",
        "PRAT_EQU": "OUI",
        "ADMF_PED": "Ouvert",
        "ADMF_EQU": "Ouvert",
        "PRAT_VEL": "NON",
        "ADMF_VEL": null,
        "ITIN_PED": "Grande Randonnée",
        "ITIN_EQU": "Equibreizh",
        "ITIN_VEL": null,
        "LONGUEUR": 291.19,
        "DATE_MAJ": "20220503131530",
        "DPCollSIRET": "22350001800013",
        "DPCollNom": "DEPARTEMENT D ILLE ET VILAINE",
        "DPCollModication": "2026-06-01T09:05:31.1193711Z"
      }
    },
    {
      "type": "Feature",
      "geometry": {
        "type": "LineString",
        "coordinates": [
          [
            -1.3964510107,
            48.2301513272
          ],
          [
            -1.3943569102,
            48.2293207963
          ]
        ]
      },
      "properties": {
        "CD_TRONC": 8813,
        "INSEE_COM": "35154",
        "NOM_COM": "Livré-sur-Changeon",
        "INTERET": "Locale",
        "REVET": "Goudron",
        "STAT_JUR": "Route Départementale",
        "DATE_CP": null,
        "DATE_DEL": "19910510",
        "PRAT_PED": "OUI",
        "PRAT_EQU": "OUI",
        "ADMF_PED": "Ouvert",
        "ADMF_EQU": "Fermé",
        "PRAT_VEL": "NON",
        "ADMF_VEL": null,
        "ITIN_PED": "Pédestre Local",
        "ITIN_EQU": "Equestre Local",
        "ITIN_VEL": null,
        "LONGUEUR": 180.83,
        "DATE_MAJ": "20220503131530",
        "DPCollSIRET": "22350001800013",
        "DPCollNom": "DEPARTEMENT D ILLE ET VILAINE",
        "DPCollModication": "2026-06-01T09:05:31.1212119Z"
      }
    },
    {
      "type": "Feature",
      "geometry": {
        "type": "LineString",
        "coordinates": [
          [
            -1.362666123,
            48.2359203654
          ],
          [
            -1.362618005,
            48.235830587
          ],
          [
            -1.3624294952,
            48.2353382837
          ],
          [
            -1.3622254952,
            48.2350468308
          ],
          [
            -1.3614300231,
            48.2342064305
          ],
          [
            -1.361128926,
            48.2338541882
          ],
          [
            -1.3607465292,
            48.233373335
          ],
          [
            -1.3606987694,
            48.2332878339
          ],
          [
            -1.3597852417,
            48.2324174498
          ],
          [
            -1.3592336477,
            48.2319099362
          ],
          [
            -1.359106307,
            48.2318459705
          ]
        ]
      },
      "properties": {
        "CD_TRONC": 8814,
        "INSEE_COM": "35154",
        "NOM_COM": "Livré-sur-Changeon",
        "INTERET": "Locale",
        "REVET": "Terre",
        "STAT_JUR": "Chemin d'Exploitation",
        "DATE_CP": null,
        "DATE_DEL": "19971010",
        "PRAT_PED": "OUI",
        "PRAT_EQU": "NON",
        "ADMF_PED": "Ouvert",
        "ADMF_EQU": null,
        "PRAT_VEL": "NON",
        "ADMF_VEL": null,
        "ITIN_PED": "Pédestre Local",
        "ITIN_EQU": null,
        "ITIN_VEL": null,
        "LONGUEUR": 528.77,
        "DATE_MAJ": "20220503131530",
        "DPCollSIRET": "22350001800013",
        "DPCollNom": "DEPARTEMENT D ILLE ET VILAINE",
        "DPCollModication": "2026-06-01T09:05:31.122893Z"
      }
    },
    {
      "type": "Feature",
      "geometry": {
        "type": "LineString",
        "coordinates": [
          [
            -1.394330219,
            48.230344764
          ],
          [
            -1.3944180335,
            48.22987517
          ],
          [
            -1.3943569102,
            48.2293207963
          ]
        ]
      },
      "properties": {
        "CD_TRONC": 8815,
        "INSEE_COM": "35154",
        "NOM_COM": "Livré-sur-Changeon",
        "INTERET": "Locale",
        "REVET": "Goudron",
        "STAT_JUR": "Chemin d'Exploitation",
        "DATE_CP": "20030224",
        "DATE_DEL": "20020916",
        "PRAT_PED": "OUI",
        "PRAT_EQU": "OUI",
        "ADMF_PED": "Ouvert",
        "ADMF_EQU": "Fermé",
        "PRAT_VEL": "NON",
        "ADMF_VEL": null,
        "ITIN_PED": "Pédestre Local",
        "ITIN_EQU": "Equestre Local",
        "ITIN_VEL": null,
        "LONGUEUR": 114.38,
        "DATE_MAJ": "20220503131530",
        "DPCollSIRET": "22350001800013",
        "DPCollNom": "DEPARTEMENT D ILLE ET VILAINE",
        "DPCollModication": "2026-06-01T09:05:31.1245473Z"
      }
    },
    {
      "type": "Feature",
      "geometry": {
        "type": "LineString",
        "coordinates": [
          [
            -1.3526272162,
            48.2333696472
          ],
          [
            -1.3528246187,
            48.2334782457
          ],
          [
            -1.353259636,
            48.2338970984
          ],
          [
            -1.35393396,
            48.2345946683
          ],
          [
            -1.354057857,
            48.2351093928
          ],
          [
            -1.354432908,
            48.235709273
          ],
          [
            -1.3545016922,
            48.2366194339
          ],
          [
            -1.3545927155,
            48.2376432196
          ],
          [
            -1.3547019037,
            48.2381870964
          ]
        ]
      },
      "properties": {
        "CD_TRONC": 8816,
        "INSEE_COM": "35154",
        "NOM_COM": "Livré-sur-Changeon",
        "INTERET": "Locale",
        "REVET": "Goudron",
        "STAT_JUR": "Chemin d'Exploitation",
        "DATE_CP": null,
        "DATE_DEL": "19971010",
        "PRAT_PED": "OUI",
        "PRAT_EQU": "NON",
        "ADMF_PED": "Ouvert",
        "ADMF_EQU": null,
        "PRAT_VEL": "NON",
        "ADMF_VEL": null,
        "ITIN_PED": "Pédestre Local",
        "ITIN_EQU": null,
        "ITIN_VEL": null,
        "LONGUEUR": 574.39,
        "DATE_MAJ": "20220503131530",
        "DPCollSIRET": "22350001800013",
        "DPCollNom": "DEPARTEMENT D ILLE ET VILAINE",
        "DPCollModication": "2026-06-01T09:05:31.126305Z"
      }
    },
    {
      "type": "Feature",
      "geometry": {
        "type": "LineString",
        "coordinates": [
          [
            -1.3546631866,
            48.2310414351
          ],
          [
            -1.3541931768,
            48.2299915678
          ],
          [
            -1.3539358567,
            48.2295203873
          ],
          [
            -1.3536977518,
            48.2290484976
          ],
          [
            -1.3533253509,
            48.2291909427
          ],
          [
            -1.3527143865,
            48.2295071632
          ],
          [
            -1.3532535554,
            48.2307214724
          ]
        ]
      },
      "properties": {
        "CD_TRONC": 8817,
        "INSEE_COM": "35154",
        "NOM_COM": "Livré-sur-Changeon",
        "INTERET": "Locale",
        "REVET": "Terre",
        "STAT_JUR": "Chemin d'Exploitation",
        "DATE_CP": null,
        "DATE_DEL": "19971010",
        "PRAT_PED": "OUI",
        "PRAT_EQU": "NON",
        "ADMF_PED": "Ouvert",
        "ADMF_EQU": null,
        "PRAT_VEL": "NON",
        "ADMF_VEL": null,
        "ITIN_PED": "Pédestre Local",
        "ITIN_EQU": null,
        "ITIN_VEL": null,
        "LONGUEUR": 462.9,
        "DATE_MAJ": "20220503131530",
        "DPCollSIRET": "22350001800013",
        "DPCollNom": "DEPARTEMENT D ILLE ET VILAINE",
        "DPCollModication": "2026-06-01T09:05:31.1284132Z"
      }
    },
    {
      "type": "Feature",
      "geometry": {
        "type": "LineString",
        "coordinates": [
          [
            -1.3696418009,
            48.2241338877
          ],
          [
            -1.3698469573,
            48.2240433196
          ],
          [
            -1.3702136395,
            48.2238821253
          ],
          [
            -1.3712091349,
            48.2240030077
          ],
          [
            -1.3728651892,
            48.2242271116
          ],
          [
            -1.3733864921,
            48.2243229761
          ]
        ]
      },
      "properties": {
        "CD_TRONC": 8820,
        "INSEE_COM": "35154",
        "NOM_COM": "Livré-sur-Changeon",
        "INTERET": "Locale",
        "REVET": "Goudron",
        "STAT_JUR": "Route Départementale",
        "DATE_CP": "20030224",
        "DATE_DEL": "20020916",
        "PRAT_PED": "NON",
        "PRAT_EQU": "OUI",
        "ADMF_PED": null,
        "ADMF_EQU": "Ouvert",
        "PRAT_VEL": "NON",
        "ADMF_VEL": null,
        "ITIN_PED": null,
        "ITIN_EQU": "Equestre Local",
        "ITIN_VEL": null,
        "LONGUEUR": 291.63,
        "DATE_MAJ": "20220503131530",
        "DPCollSIRET": "22350001800013",
        "DPCollNom": "DEPARTEMENT D ILLE ET VILAINE",
        "DPCollModication": "2026-06-01T09:05:31.1313022Z"
      }
    },
    {
      "type": "Feature",
      "geometry": {
        "type": "LineString",
        "coordinates": [
          [
            -1.3505215618,
            48.2291889138
          ],
          [
            -1.3503394302,
            48.2297185676
          ],
          [
            -1.350786748,
            48.2309449411
          ],
          [
            -1.3511840584,
            48.2310967471
          ]
        ]
      },
      "properties": {
        "CD_TRONC": 8821,
        "INSEE_COM": "35154",
        "NOM_COM": "Livré-sur-Changeon",
        "INTERET": "Locale",
        "REVET": "Goudron",
        "STAT_JUR": "Route Départementale",
        "DATE_CP": null,
        "DATE_DEL": "19971010",
        "PRAT_PED": "OUI",
        "PRAT_EQU": "NON",
        "ADMF_PED": "Ouvert",
        "ADMF_EQU": null,
        "PRAT_VEL": "NON",
        "ADMF_VEL": null,
        "ITIN_PED": "Pédestre Local",
        "ITIN_EQU": null,
        "ITIN_VEL": null,
        "LONGUEUR": 234.67,
        "DATE_MAJ": "20220503131530",
        "DPCollSIRET": "22350001800013",
        "DPCollNom": "DEPARTEMENT D ILLE ET VILAINE",
        "DPCollModication": "2026-06-01T09:05:31.1328049Z"
      }
    },
    {
      "type": "Feature",
      "geometry": {
        "type": "LineString",
        "coordinates": [
          [
            -1.3532535554,
            48.2307214724
          ],
          [
            -1.3511840584,
            48.2310967471
          ]
        ]
      },
      "properties": {
        "CD_TRONC": 8822,
        "INSEE_COM": "35154",
        "NOM_COM": "Livré-sur-Changeon",
        "INTERET": "Locale",
        "REVET": "Goudron",
        "STAT_JUR": "Route Départementale",
        "DATE_CP": null,
        "DATE_DEL": "19971010",
        "PRAT_PED": "OUI",
        "PRAT_EQU": "NON",
        "ADMF_PED": "Ouvert",
        "ADMF_EQU": null,
        "PRAT_VEL": "NON",
        "ADMF_VEL": null,
        "ITIN_PED": "Pédestre Local",
        "ITIN_EQU": null,
        "ITIN_VEL": null,
        "LONGUEUR": 159.23,
        "DATE_MAJ": "20220503131530",
        "DPCollSIRET": "22350001800013",
        "DPCollNom": "DEPARTEMENT D ILLE ET VILAINE",
        "DPCollModication": "2026-06-01T09:05:31.1343551Z"
      }
    },
    {
      "type": "Feature",
      "geometry": {
        "type": "LineString",
        "coordinates": [
          [
            -1.3647941667,
            48.2474983064
          ],
          [
            -1.3616464297,
            48.2470539966
          ]
        ]
      },
      "properties": {
        "CD_TRONC": 8893,
        "INSEE_COM": "35253",
        "NOM_COM": "Saint-Aubin-du-Cormier",
        "INTERET": "Locale",
        "REVET": "Goudron",
        "STAT_JUR": "Chemin Rural",
        "DATE_CP": null,
        "DATE_DEL": "19910328",
        "PRAT_PED": "NON",
        "PRAT_EQU": "OUI",
        "ADMF_PED": null,
        "ADMF_EQU": "Fermé",
        "PRAT_VEL": "NON",
        "ADMF_VEL": null,
        "ITIN_PED": null,
        "ITIN_EQU": "Equestre Local",
        "ITIN_VEL": null,
        "LONGUEUR": 238.82,
        "DATE_MAJ": "20220503131530",
        "DPCollSIRET": "22350001800013",
        "DPCollNom": "DEPARTEMENT D ILLE ET VILAINE",
        "DPCollModication": "2026-06-01T09:05:31.1618274Z"
      }
    },
    {
      "type": "Feature",
      "geometry": {
        "type": "LineString",
        "coordinates": [
          [
            -1.4425131966,
            48.3130157013
          ],
          [
            -1.4427695421,
            48.3132473296
          ],
          [
            -1.4441239296,
            48.3135397747
          ],
          [
            -1.4442492672,
            48.3135652579
          ],
          [
            -1.4443777865,
            48.313583248
          ],
          [
            -1.4445085075,
            48.3135936078
          ],
          [
            -1.4446404336,
            48.3135962585
          ],
          [
            -1.4447725588,
            48.3135911797
          ],
          [
            -1.4449038757,
            48.3135784102
          ],
          [
            -1.4450333832,
            48.3135580474
          ],
          [
            -1.4456871858,
            48.3133427257
          ],
          [
            -1.4460578989,
            48.3132882555
          ],
          [
            -1.4462743934,
            48.3132276616
          ],
          [
            -1.4470108046,
            48.3132285817
          ],
          [
            -1.4476547352,
            48.3133617272
          ],
          [
            -1.4481257357,
            48.313563366
          ],
          [
            -1.4485561785,
            48.3136234715
          ],
          [
            -1.4491730561,
            48.3136479497
          ],
          [
            -1.449660018,
            48.3137846059
          ],
          [
            -1.4503806167,
            48.3141055966
          ],
          [
            -1.451124012,
            48.3144424144
          ],
          [
            -1.4515038365,
            48.3147252127
          ]
        ]
      },
      "properties": {
        "CD_TRONC": 8894,
        "INSEE_COM": "35178",
        "NOM_COM": "Mézières-sur-Couesnon",
        "INTERET": "Locale",
        "REVET": "Terre",
        "STAT_JUR": "Chemin Rural",
        "DATE_CP": "20030224",
        "DATE_DEL": "20020712",
        "PRAT_PED": "OUI",
        "PRAT_EQU": "NON",
        "ADMF_PED": "Ouvert",
        "ADMF_EQU": null,
        "PRAT_VEL": "NON",
        "ADMF_VEL": null,
        "ITIN_PED": "Pédestre Local",
        "ITIN_EQU": null,
        "ITIN_VEL": null,
        "LONGUEUR": 742.37,
        "DATE_MAJ": "20220503131530",
        "DPCollSIRET": "22350001800013",
        "DPCollNom": "DEPARTEMENT D ILLE ET VILAINE",
        "DPCollModication": "2026-06-01T09:05:31.1634469Z"
      }
    },
    {
      "type": "Feature",
      "geometry": {
        "type": "LineString",
        "coordinates": [
          [
            -1.481013355,
            48.3126261824
          ],
          [
            -1.4811214177,
            48.312431552
          ],
          [
            -1.4817672518,
            48.3110675587
          ],
          [
            -1.4817967239,
            48.3103225233
          ],
          [
            -1.4818931625,
            48.3100279758
          ],
          [
            -1.483294702,
            48.3081031202
          ],
          [
            -1.4837528818,
            48.3073561306
          ],
          [
            -1.4840204187,
            48.3068047341
          ],
          [
            -1.4841228533,
            48.3063066398
          ],
          [
            -1.4841735658,
            48.3061641618
          ]
        ]
      },
      "properties": {
        "CD_TRONC": 8895,
        "INSEE_COM": "35178",
        "NOM_COM": "Mézières-sur-Couesnon",
        "INTERET": "Locale",
        "REVET": "Terre",
        "STAT_JUR": "Chemin Rural",
        "DATE_CP": "20030224",
        "DATE_DEL": "20020712",
        "PRAT_PED": "OUI",
        "PRAT_EQU": "OUI",
        "ADMF_PED": "Ouvert",
        "ADMF_EQU": "Ouvert",
        "PRAT_VEL": "NON",
        "ADMF_VEL": null,
        "ITIN_PED": "Pédestre Local",
        "ITIN_EQU": "Equestre Local",
        "ITIN_VEL": null,
        "LONGUEUR": 762.52,
        "DATE_MAJ": "20220503131530",
        "DPCollSIRET": "22350001800013",
        "DPCollNom": "DEPARTEMENT D ILLE ET VILAINE",
        "DPCollModication": "2026-06-01T09:05:31.1648155Z"
      }
    },
    {
      "type": "Feature",
      "geometry": {
        "type": "LineString",
        "coordinates": [
          [
            -1.4841735658,
            48.3061641618
          ],
          [
            -1.484130817,
            48.3050384992
          ],
          [
            -1.4840513014,
            48.3048603036
          ],
          [
            -1.4838860043,
            48.3037173054
          ],
          [
            -1.4838235755,
            48.3035718421
          ],
          [
            -1.4836342813,
            48.3023987569
          ],
          [
            -1.4819243439,
            48.3025470468
          ],
          [
            -1.4819070636,
            48.302435435
          ],
          [
            -1.482072217,
            48.3021432501
          ],
          [
            -1.4818271058,
            48.301573141
          ],
          [
            -1.4812774546,
            48.3005796228
          ],
          [
            -1.4805150268,
            48.2999299709
          ],
          [
            -1.4796976268,
            48.2992694801
          ],
          [
            -1.479150478,
            48.2985510572
          ],
          [
            -1.4782033439,
            48.2979193158
          ],
          [
            -1.4779098138,
            48.2977873729
          ],
          [
            -1.4777465381,
            48.297674339
          ],
          [
            -1.4771358282,
            48.297132374
          ]
        ]
      },
      "properties": {
        "CD_TRONC": 8896,
        "INSEE_COM": "35178",
        "NOM_COM": "Mézières-sur-Couesnon",
        "INTERET": "Locale",
        "REVET": "Empierré",
        "STAT_JUR": "Chemin Rural",
        "DATE_CP": "20030224",
        "DATE_DEL": "20020712",
        "PRAT_PED": "OUI",
        "PRAT_EQU": "OUI",
        "ADMF_PED": "Ouvert",
        "ADMF_EQU": "Ouvert",
        "PRAT_VEL": "NON",
        "ADMF_VEL": null,
        "ITIN_PED": "Pédestre Local",
        "ITIN_EQU": "Equestre Local",
        "ITIN_VEL": null,
        "LONGUEUR": 1274.92,
        "DATE_MAJ": "20220503131530",
        "DPCollSIRET": "22350001800013",
        "DPCollNom": "DEPARTEMENT D ILLE ET VILAINE",
        "DPCollModication": "2026-06-01T09:05:31.1662664Z"
      }
    },
    {
      "type": "Feature",
      "geometry": {
        "type": "LineString",
        "coordinates": [
          [
            -1.3772252947,
            48.2491057811
          ],
          [
            -1.3756159408,
            48.2488964428
          ]
        ]
      },
      "properties": {
        "CD_TRONC": 8897,
        "INSEE_COM": "35253",
        "NOM_COM": "Saint-Aubin-du-Cormier",
        "INTERET": "Locale",
        "REVET": "Empierré",
        "STAT_JUR": "Chemin Rural",
        "DATE_CP": null,
        "DATE_DEL": "19910328",
        "PRAT_PED": "NON",
        "PRAT_EQU": "OUI",
        "ADMF_PED": null,
        "ADMF_EQU": "Fermé",
        "PRAT_VEL": "NON",
        "ADMF_VEL": null,
        "ITIN_PED": null,
        "ITIN_EQU": "Equestre Local",
        "ITIN_VEL": null,
        "LONGUEUR": 121.71,
        "DATE_MAJ": "20220503131530",
        "DPCollSIRET": "22350001800013",
        "DPCollNom": "DEPARTEMENT D ILLE ET VILAINE",
        "DPCollModication": "2026-06-01T09:05:31.1675445Z"
      }
    },
    {
      "type": "Feature",
      "geometry": {
        "type": "LineString",
        "coordinates": [
          [
            -1.4052493109,
            48.2249477637
          ],
          [
            -1.4049273964,
            48.2255534845
          ],
          [
            -1.4050855172,
            48.2257299799
          ],
          [
            -1.4053422417,
            48.2259571762
          ],
          [
            -1.405689126,
            48.2263161929
          ],
          [
            -1.4058713121,
            48.2264209819
          ],
          [
            -1.4060534758,
            48.2264742692
          ],
          [
            -1.4060522108,
            48.2265615846
          ],
          [
            -1.4057981832,
            48.2270317255
          ],
          [
            -1.4056433967,
            48.2274852868
          ],
          [
            -1.4056297167,
            48.2276546102
          ],
          [
            -1.4055755039,
            48.2278769484
          ],
          [
            -1.4055969168,
            48.2280306569
          ],
          [
            -1.4056746379,
            48.2281407748
          ],
          [
            -1.4054732994,
            48.2284457665
          ]
        ]
      },
      "properties": {
        "CD_TRONC": 8898,
        "INSEE_COM": "35253",
        "NOM_COM": "Saint-Aubin-du-Cormier",
        "INTERET": "Départementale",
        "REVET": "Terre",
        "STAT_JUR": "Chemin Rural",
        "DATE_CP": "20030224",
        "DATE_DEL": "20020523",
        "PRAT_PED": "OUI",
        "PRAT_EQU": "OUI",
        "ADMF_PED": "Ouvert",
        "ADMF_EQU": "Fermé",
        "PRAT_VEL": "NON",
        "ADMF_VEL": null,
        "ITIN_PED": "Grande Randonnée",
        "ITIN_EQU": "Equestre Local",
        "ITIN_VEL": null,
        "LONGUEUR": 434.63,
        "DATE_MAJ": "20220503131530",
        "DPCollSIRET": "22350001800013",
        "DPCollNom": "DEPARTEMENT D ILLE ET VILAINE",
        "DPCollModication": "2026-06-01T09:05:31.1687007Z"
      }
    },
    {
      "type": "Feature",
      "geometry": {
        "type": "LineString",
        "coordinates": [
          [
            -1.5754711102,
            48.198613258
          ],
          [
            -1.5753843788,
            48.1986391542
          ],
          [
            -1.5750403986,
            48.1988543861
          ],
          [
            -1.5738083981,
            48.199758393
          ],
          [
            -1.5732595842,
            48.2001302745
          ],
          [
            -1.5731788867,
            48.2001946911
          ]
        ]
      },
      "properties": {
        "CD_TRONC": 15532,
        "INSEE_COM": "35152",
        "NOM_COM": "Liffré",
        "INTERET": "Locale",
        "REVET": "Terre",
        "STAT_JUR": "Voie Privée",
        "DATE_CP": null,
        "DATE_DEL": "19911107",
        "PRAT_PED": "OUI",
        "PRAT_EQU": "OUI",
        "ADMF_PED": "Ouvert",
        "ADMF_EQU": "Fermé",
        "PRAT_VEL": null,
        "ADMF_VEL": null,
        "ITIN_PED": "Pédestre Local",
        "ITIN_EQU": "Equestre Local",
        "ITIN_VEL": null,
        "LONGUEUR": 245.37,
        "DATE_MAJ": "20220503131535",
        "DPCollSIRET": "22350001800013",
        "DPCollNom": "DEPARTEMENT D ILLE ET VILAINE",
        "DPCollModication": "2026-06-01T09:05:31.6231605Z"
      }
    },
    {
      "type": "Feature",
      "geometry": {
        "type": "LineString",
        "coordinates": [
          [
            -1.5710977904,
            48.2442897052
          ],
          [
            -1.5731629165,
            48.2441574714
          ],
          [
            -1.5742063268,
            48.244239631
          ],
          [
            -1.5764270324,
            48.2449043506
          ],
          [
            -1.5782415159,
            48.2450241857
          ],
          [
            -1.5798412794,
            48.2449711641
          ],
          [
            -1.5824518331,
            48.2449041359
          ]
        ]
      },
      "properties": {
        "CD_TRONC": 15534,
        "INSEE_COM": "35067",
        "NOM_COM": "Chasné-sur-Illet",
        "INTERET": "Locale",
        "REVET": "Goudron",
        "STAT_JUR": "Voie Communale",
        "DATE_CP": null,
        "DATE_DEL": "20020530",
        "PRAT_PED": "NON",
        "PRAT_EQU": "OUI",
        "ADMF_PED": null,
        "ADMF_EQU": "Fermé",
        "PRAT_VEL": null,
        "ADMF_VEL": null,
        "ITIN_PED": null,
        "ITIN_EQU": "Equestre Local",
        "ITIN_VEL": null,
        "LONGUEUR": 860.85,
        "DATE_MAJ": "20220503131535",
        "DPCollSIRET": "22350001800013",
        "DPCollNom": "DEPARTEMENT D ILLE ET VILAINE",
        "DPCollModication": "2026-06-01T09:05:31.6250062Z"
      }
    },
    {
      "type": "Feature",
      "geometry": {
        "type": "LineString",
        "coordinates": [
          [
            -1.3870273493,
            48.1537541569
          ],
          [
            -1.3881406622,
            48.1504431219
          ]
        ]
      },
      "properties": {
        "CD_TRONC": 15535,
        "INSEE_COM": "35031",
        "NOM_COM": "La Bouëxière",
        "INTERET": "Locale",
        "REVET": "Terre",
        "STAT_JUR": "Chemin Départemental",
        "DATE_CP": "20090928",
        "DATE_DEL": "20090630",
        "PRAT_PED": "OUI",
        "PRAT_EQU": "NON",
        "ADMF_PED": "Ouvert",
        "ADMF_EQU": null,
        "PRAT_VEL": null,
        "ADMF_VEL": null,
        "ITIN_PED": "Pédestre Local",
        "ITIN_EQU": null,
        "ITIN_VEL": null,
        "LONGUEUR": 377.17,
        "DATE_MAJ": "20220503131535",
        "DPCollSIRET": "22350001800013",
        "DPCollNom": "DEPARTEMENT D ILLE ET VILAINE",
        "DPCollModication": "2026-06-01T09:05:31.6266399Z"
      }
    },
    {
      "type": "Feature",
      "geometry": {
        "type": "LineString",
        "coordinates": [
          [
            -1.4780903259,
            48.2117872333
          ],
          [
            -1.4777366842,
            48.211592467
          ],
          [
            -1.477505143,
            48.2113588203
          ],
          [
            -1.477305944,
            48.211045539
          ],
          [
            -1.4770632262,
            48.2108231303
          ],
          [
            -1.4766136967,
            48.210451752
          ],
          [
            -1.4763248195,
            48.2101779203
          ],
          [
            -1.4761722356,
            48.2099529923
          ],
          [
            -1.4760273255,
            48.2096755015
          ],
          [
            -1.4757770584,
            48.2091893156
          ],
          [
            -1.4755302279,
            48.2088706281
          ],
          [
            -1.4753804152,
            48.2083923475
          ],
          [
            -1.4750929958,
            48.2079607419
          ],
          [
            -1.4750092137,
            48.2077043638
          ],
          [
            -1.4751190676,
            48.207330692
          ],
          [
            -1.4753456526,
            48.2068868028
          ],
          [
            -1.4757025746,
            48.2062153644
          ],
          [
            -1.474696395,
            48.2060678693
          ],
          [
            -1.4748251595,
            48.2055357641
          ],
          [
            -1.4740053909,
            48.2056623795
          ],
          [
            -1.4738922406,
            48.2054729042
          ],
          [
            -1.4737102713,
            48.2054257292
          ]
        ]
      },
      "properties": {
        "CD_TRONC": 15536,
        "INSEE_COM": "35031",
        "NOM_COM": "La Bouëxière",
        "INTERET": "Locale",
        "REVET": "Terre",
        "STAT_JUR": "Chemin Rural",
        "DATE_CP": "20090928",
        "DATE_DEL": "20090630",
        "PRAT_PED": "OUI",
        "PRAT_EQU": "NON",
        "ADMF_PED": "Ouvert",
        "ADMF_EQU": null,
        "PRAT_VEL": null,
        "ADMF_VEL": null,
        "ITIN_PED": "Pédestre Local",
        "ITIN_EQU": null,
        "ITIN_VEL": null,
        "LONGUEUR": 926.8,
        "DATE_MAJ": "20220503131535",
        "DPCollSIRET": "22350001800013",
        "DPCollNom": "DEPARTEMENT D ILLE ET VILAINE",
        "DPCollModication": "2026-06-01T09:05:31.6281626Z"
      }
    },
    {
      "type": "Feature",
      "geometry": {
        "type": "LineString",
        "coordinates": [
          [
            -1.3870273493,
            48.1537541569
          ],
          [
            -1.3860943239,
            48.1556706005
          ],
          [
            -1.3812506728,
            48.1545962298
          ]
        ]
      },
      "properties": {
        "CD_TRONC": 15537,
        "INSEE_COM": "35031",
        "NOM_COM": "La Bouëxière",
        "INTERET": "Locale",
        "REVET": "Empierré",
        "STAT_JUR": "Voie Privée",
        "DATE_CP": "20090928",
        "DATE_DEL": "20091020",
        "PRAT_PED": "OUI",
        "PRAT_EQU": "NON",
        "ADMF_PED": "Ouvert",
        "ADMF_EQU": null,
        "PRAT_VEL": null,
        "ADMF_VEL": null,
        "ITIN_PED": "Pédestre Local",
        "ITIN_EQU": null,
        "ITIN_VEL": null,
        "LONGUEUR": 603.45,
        "DATE_MAJ": "20220503131535",
        "DPCollSIRET": "22350001800013",
        "DPCollNom": "DEPARTEMENT D ILLE ET VILAINE",
        "DPCollModication": "2026-06-01T09:05:31.6297236Z"
      }
    },
    {
      "type": "Feature",
      "geometry": {
        "type": "LineString",
        "coordinates": [
          [
            -1.4222975076,
            48.1722119391
          ],
          [
            -1.4218743154,
            48.1721782411
          ],
          [
            -1.4209017918,
            48.1718596227
          ],
          [
            -1.4206150096,
            48.1718298186
          ],
          [
            -1.420380719,
            48.1718476133
          ]
        ]
      },
      "properties": {
        "CD_TRONC": 15538,
        "INSEE_COM": "35031",
        "NOM_COM": "La Bouëxière",
        "INTERET": "Locale",
        "REVET": "Goudron",
        "STAT_JUR": "Voie Communale",
        "DATE_CP": "20090928",
        "DATE_DEL": "20090630",
        "PRAT_PED": "OUI",
        "PRAT_EQU": "NON",
        "ADMF_PED": "Ouvert",
        "ADMF_EQU": null,
        "PRAT_VEL": null,
        "ADMF_VEL": null,
        "ITIN_PED": "Pédestre Local",
        "ITIN_EQU": null,
        "ITIN_VEL": null,
        "LONGUEUR": 151.29,
        "DATE_MAJ": "20220503131535",
        "DPCollSIRET": "22350001800013",
        "DPCollNom": "DEPARTEMENT D ILLE ET VILAINE",
        "DPCollModication": "2026-06-01T09:05:31.6314516Z"
      }
    },
    {
      "type": "Feature",
      "geometry": {
        "type": "LineString",
        "coordinates": [
          [
            -1.5096152295,
            48.2733988715
          ],
          [
            -1.5099410175,
            48.2733448655
          ],
          [
            -1.5108654852,
            48.2730510168
          ],
          [
            -1.5113196609,
            48.2728268296
          ],
          [
            -1.5123789906,
            48.2723994974
          ]
        ]
      },
      "properties": {
        "CD_TRONC": 13760,
        "INSEE_COM": "35253",
        "NOM_COM": "Saint-Aubin-du-Cormier",
        "INTERET": "Locale",
        "REVET": "Empierré",
        "STAT_JUR": "Chemin Rural",
        "DATE_CP": "20090928",
        "DATE_DEL": "20070717",
        "PRAT_PED": "OUI",
        "PRAT_EQU": "OUI",
        "ADMF_PED": "Ouvert",
        "ADMF_EQU": "Ouvert",
        "PRAT_VEL": "NON",
        "ADMF_VEL": null,
        "ITIN_PED": "Pédestre Local",
        "ITIN_EQU": "Equestre Local",
        "ITIN_VEL": null,
        "LONGUEUR": 234.62,
        "DATE_MAJ": "20220503131535",
        "DPCollSIRET": "22350001800013",
        "DPCollNom": "DEPARTEMENT D ILLE ET VILAINE",
        "DPCollModication": "2026-06-01T09:05:31.9424649Z"
      }
    },
    {
      "type": "Feature",
      "geometry": {
        "type": "LineString",
        "coordinates": [
          [
            -1.5096258737,
            48.2729627686
          ],
          [
            -1.5096152295,
            48.2733988715
          ]
        ]
      },
      "properties": {
        "CD_TRONC": 13761,
        "INSEE_COM": "35253",
        "NOM_COM": "Saint-Aubin-du-Cormier",
        "INTERET": "Locale",
        "REVET": "Empierré",
        "STAT_JUR": "Chemin Rural",
        "DATE_CP": "20090928",
        "DATE_DEL": "20070717",
        "PRAT_PED": "OUI",
        "PRAT_EQU": "OUI",
        "ADMF_PED": "Ouvert",
        "ADMF_EQU": "Ouvert",
        "PRAT_VEL": "NON",
        "ADMF_VEL": null,
        "ITIN_PED": "Pédestre Local",
        "ITIN_EQU": "Equestre Local",
        "ITIN_VEL": null,
        "LONGUEUR": 48.48,
        "DATE_MAJ": "20220503131535",
        "DPCollSIRET": "22350001800013",
        "DPCollNom": "DEPARTEMENT D ILLE ET VILAINE",
        "DPCollModication": "2026-06-01T09:05:31.9444083Z"
      }
    },
    {
      "type": "Feature",
      "geometry": {
        "type": "LineString",
        "coordinates": [
          [
            -1.5804726008,
            48.1680051081
          ],
          [
            -1.5810132053,
            48.1697777466
          ],
          [
            -1.5817231326,
            48.1721963627
          ],
          [
            -1.5818012582,
            48.172196031
          ],
          [
            -1.5818805539,
            48.1722091738
          ],
          [
            -1.5819473563,
            48.1722336178
          ],
          [
            -1.5820060843,
            48.1722736981
          ],
          [
            -1.5824076148,
            48.1719786837
          ],
          [
            -1.5893367818,
            48.1674134513
          ]
        ]
      },
      "properties": {
        "CD_TRONC": 15749,
        "INSEE_COM": "35152",
        "NOM_COM": "Liffré",
        "INTERET": "Départementale",
        "REVET": "Goudron",
        "STAT_JUR": "Voie Privée",
        "DATE_CP": null,
        "DATE_DEL": null,
        "PRAT_PED": null,
        "PRAT_EQU": "NON",
        "ADMF_PED": null,
        "ADMF_EQU": "Ajout",
        "PRAT_VEL": null,
        "ADMF_VEL": null,
        "ITIN_PED": null,
        "ITIN_EQU": "Equibreizh",
        "ITIN_VEL": null,
        "LONGUEUR": 1266.12,
        "DATE_MAJ": "20220503131535",
        "DPCollSIRET": "22350001800013",
        "DPCollNom": "DEPARTEMENT D ILLE ET VILAINE",
        "DPCollModication": "2026-06-01T09:05:31.9512803Z"
      }
    },
    {
      "type": "Feature",
      "geometry": {
        "type": "LineString",
        "coordinates": [
          [
            -1.5554372298,
            48.2138235167
          ],
          [
            -1.5574481012,
            48.2116422811
          ]
        ]
      },
      "properties": {
        "CD_TRONC": 15750,
        "INSEE_COM": "35152",
        "NOM_COM": "Liffré",
        "INTERET": "Locale",
        "REVET": "Empierré",
        "STAT_JUR": "Voie Privée",
        "DATE_CP": null,
        "DATE_DEL": "19911107",
        "PRAT_PED": "OUI",
        "PRAT_EQU": "OUI",
        "ADMF_PED": "Ouvert",
        "ADMF_EQU": "Ouvert",
        "PRAT_VEL": null,
        "ADMF_VEL": null,
        "ITIN_PED": "Pédestre Local",
        "ITIN_EQU": "Equestre Local",
        "ITIN_VEL": null,
        "LONGUEUR": 284.74,
        "DATE_MAJ": "20220503131535",
        "DPCollSIRET": "22350001800013",
        "DPCollNom": "DEPARTEMENT D ILLE ET VILAINE",
        "DPCollModication": "2026-06-01T09:05:31.9524749Z"
      }
    },
    {
      "type": "Feature",
      "geometry": {
        "type": "LineString",
        "coordinates": [
          [
            -1.4960644689,
            48.2327038033
          ],
          [
            -1.4932896176,
            48.2334466122
          ],
          [
            -1.4891758031,
            48.2345295646
          ]
        ]
      },
      "properties": {
        "CD_TRONC": 15751,
        "INSEE_COM": "35152",
        "NOM_COM": "Liffré",
        "INTERET": "Départementale",
        "REVET": "Terre",
        "STAT_JUR": "Chemin Rural",
        "DATE_CP": null,
        "DATE_DEL": "19911107",
        "PRAT_PED": "OUI",
        "PRAT_EQU": "OUI",
        "ADMF_PED": "Ouvert",
        "ADMF_EQU": "Ouvert",
        "PRAT_VEL": null,
        "ADMF_VEL": null,
        "ITIN_PED": "Grande Randonnée",
        "ITIN_EQU": "Equestre Local",
        "ITIN_VEL": null,
        "LONGUEUR": 550.27,
        "DATE_MAJ": "20220503131535",
        "DPCollSIRET": "22350001800013",
        "DPCollNom": "DEPARTEMENT D ILLE ET VILAINE",
        "DPCollModication": "2026-06-01T09:05:31.9538646Z"
      }
    },
    {
      "type": "Feature",
      "geometry": {
        "type": "LineString",
        "coordinates": [
          [
            -1.5554372298,
            48.2138235167
          ],
          [
            -1.5559392996,
            48.213984392
          ],
          [
            -1.5564568075,
            48.2141834244
          ],
          [
            -1.5569548095,
            48.2144219629
          ],
          [
            -1.5572578434,
            48.2146202605
          ],
          [
            -1.5574507501,
            48.2148705781
          ],
          [
            -1.55707438,
            48.2154619326
          ],
          [
            -1.556542346,
            48.2162963323
          ],
          [
            -1.5562473257,
            48.2168773318
          ],
          [
            -1.555567611,
            48.2179382399
          ],
          [
            -1.5553862855,
            48.2185554048
          ],
          [
            -1.555685928,
            48.2193072228
          ],
          [
            -1.5550251903,
            48.2199951641
          ],
          [
            -1.5548429728,
            48.2206177689
          ],
          [
            -1.5557496882,
            48.2215273143
          ],
          [
            -1.554607741,
            48.2226871652
          ],
          [
            -1.5540237017,
            48.2233892617
          ]
        ]
      },
      "properties": {
        "CD_TRONC": 15752,
        "INSEE_COM": "35152",
        "NOM_COM": "Liffré",
        "INTERET": "Départementale",
        "REVET": "Terre",
        "STAT_JUR": "Voie Privée",
        "DATE_CP": null,
        "DATE_DEL": null,
        "PRAT_PED": null,
        "PRAT_EQU": "NON",
        "ADMF_PED": null,
        "ADMF_EQU": "Ajout",
        "PRAT_VEL": null,
        "ADMF_VEL": null,
        "ITIN_PED": null,
        "ITIN_EQU": "Equibreizh",
        "ITIN_VEL": null,
        "LONGUEUR": 1245.45,
        "DATE_MAJ": "20220503131535",
        "DPCollSIRET": "22350001800013",
        "DPCollNom": "DEPARTEMENT D ILLE ET VILAINE",
        "DPCollModication": "2026-06-01T09:05:31.9554064Z"
      }
    },
    {
      "type": "Feature",
      "geometry": {
        "type": "LineString",
        "coordinates": [
          [
            -1.5574071066,
            48.2100449838
          ],
          [
            -1.557198861,
            48.2101629829
          ],
          [
            -1.5567274756,
            48.2102163362
          ],
          [
            -1.5562254214,
            48.2103673092
          ],
          [
            -1.5560043387,
            48.2103524115
          ],
          [
            -1.5558343215,
            48.2102886752
          ],
          [
            -1.5553184566,
            48.2103734824
          ]
        ]
      },
      "properties": {
        "CD_TRONC": 15754,
        "INSEE_COM": "35152",
        "NOM_COM": "Liffré",
        "INTERET": "Locale",
        "REVET": "Terre",
        "STAT_JUR": "Voie Privée",
        "DATE_CP": null,
        "DATE_DEL": "19911107",
        "PRAT_PED": "OUI",
        "PRAT_EQU": "NON",
        "ADMF_PED": "Ouvert",
        "ADMF_EQU": null,
        "PRAT_VEL": null,
        "ADMF_VEL": null,
        "ITIN_PED": "Pédestre Local",
        "ITIN_EQU": null,
        "ITIN_VEL": null,
        "LONGUEUR": 167.14,
        "DATE_MAJ": "20220503131535",
        "DPCollSIRET": "22350001800013",
        "DPCollNom": "DEPARTEMENT D ILLE ET VILAINE",
        "DPCollModication": "2026-06-01T09:05:31.9568345Z"
      }
    },
    {
      "type": "Feature",
      "geometry": {
        "type": "LineString",
        "coordinates": [
          [
            -1.415341078,
            48.2177247144
          ],
          [
            -1.4144571313,
            48.217619896
          ],
          [
            -1.4142495406,
            48.2176691145
          ],
          [
            -1.4131355756,
            48.2175710861
          ],
          [
            -1.4127412891,
            48.217645306
          ],
          [
            -1.4122413374,
            48.2178748739
          ],
          [
            -1.4111890851,
            48.2178213819
          ],
          [
            -1.4107552958,
            48.2180520752
          ],
          [
            -1.4105322593,
            48.2179973266
          ],
          [
            -1.4100089807,
            48.2180610369
          ],
          [
            -1.4095204772,
            48.2182180701
          ],
          [
            -1.4090644687,
            48.2182477215
          ],
          [
            -1.4086156528,
            48.2180247708
          ],
          [
            -1.4076127254,
            48.2178837922
          ]
        ]
      },
      "properties": {
        "CD_TRONC": 15755,
        "INSEE_COM": "35152",
        "NOM_COM": "Liffré",
        "INTERET": "Départementale",
        "REVET": "Terre",
        "STAT_JUR": "Voie Privée",
        "DATE_CP": "20090928",
        "DATE_DEL": "20090619",
        "PRAT_PED": "OUI",
        "PRAT_EQU": "NON",
        "ADMF_PED": "Ouvert",
        "ADMF_EQU": null,
        "PRAT_VEL": null,
        "ADMF_VEL": null,
        "ITIN_PED": "Grande Randonnée",
        "ITIN_EQU": null,
        "ITIN_VEL": null,
        "LONGUEUR": 610.62,
        "DATE_MAJ": "20220503131535",
        "DPCollSIRET": "22350001800013",
        "DPCollNom": "DEPARTEMENT D ILLE ET VILAINE",
        "DPCollModication": "2026-06-01T09:05:31.9586605Z"
      }
    },
    {
      "type": "Feature",
      "geometry": {
        "type": "LineString",
        "coordinates": [
          [
            -1.5279460414,
            48.2062040791
          ],
          [
            -1.5285888551,
            48.2087903861
          ],
          [
            -1.5289008117,
            48.2094552661
          ],
          [
            -1.5292848745,
            48.2100804258
          ]
        ]
      },
      "properties": {
        "CD_TRONC": 15756,
        "INSEE_COM": "35152",
        "NOM_COM": "Liffré",
        "INTERET": "Locale",
        "REVET": "Empierré",
        "STAT_JUR": "Chemin Rural",
        "DATE_CP": null,
        "DATE_DEL": "19911107",
        "PRAT_PED": "OUI",
        "PRAT_EQU": "NON",
        "ADMF_PED": "Ouvert",
        "ADMF_EQU": null,
        "PRAT_VEL": null,
        "ADMF_VEL": null,
        "ITIN_PED": "Pédestre Local",
        "ITIN_EQU": null,
        "ITIN_VEL": null,
        "LONGUEUR": 443.93,
        "DATE_MAJ": "20220503131535",
        "DPCollSIRET": "22350001800013",
        "DPCollNom": "DEPARTEMENT D ILLE ET VILAINE",
        "DPCollModication": "2026-06-01T09:05:31.9602024Z"
      }
    },
    {
      "type": "Feature",
      "geometry": {
        "type": "LineString",
        "coordinates": [
          [
            -1.4476598255,
            48.2065105178
          ],
          [
            -1.4470947951,
            48.2068607568
          ],
          [
            -1.4457385128,
            48.2077887435
          ],
          [
            -1.4448564078,
            48.2083924406
          ],
          [
            -1.4436236795,
            48.2092355375
          ],
          [
            -1.441435999,
            48.2106832269
          ]
        ]
      },
      "properties": {
        "CD_TRONC": 15757,
        "INSEE_COM": "35152",
        "NOM_COM": "Liffré",
        "INTERET": "Locale",
        "REVET": "Terre",
        "STAT_JUR": "Chemin Rural",
        "DATE_CP": "20090928",
        "DATE_DEL": "20090619",
        "PRAT_PED": "OUI",
        "PRAT_EQU": "NON",
        "ADMF_PED": "Ouvert",
        "ADMF_EQU": null,
        "PRAT_VEL": null,
        "ADMF_VEL": null,
        "ITIN_PED": "Pédestre Local",
        "ITIN_EQU": null,
        "ITIN_VEL": null,
        "LONGUEUR": 654.91,
        "DATE_MAJ": "20220503131535",
        "DPCollSIRET": "22350001800013",
        "DPCollNom": "DEPARTEMENT D ILLE ET VILAINE",
        "DPCollModication": "2026-06-01T09:05:31.9613814Z"
      }
    },
    {
      "type": "Feature",
      "geometry": {
        "type": "LineString",
        "coordinates": [
          [
            -1.5036912876,
            48.2133662465
          ],
          [
            -1.5035606136,
            48.2132414533
          ],
          [
            -1.5031912788,
            48.2130221233
          ],
          [
            -1.5028133456,
            48.2127968116
          ],
          [
            -1.5032915175,
            48.2123802142
          ],
          [
            -1.5020225296,
            48.211320996
          ],
          [
            -1.5012805005,
            48.2114268085
          ]
        ]
      },
      "properties": {
        "CD_TRONC": 15758,
        "INSEE_COM": "35152",
        "NOM_COM": "Liffré",
        "INTERET": "Locale",
        "REVET": "Goudron",
        "STAT_JUR": "Chemin Rural",
        "DATE_CP": "20090928",
        "DATE_DEL": "20090619",
        "PRAT_PED": "OUI",
        "PRAT_EQU": "NON",
        "ADMF_PED": "Ouvert",
        "ADMF_EQU": null,
        "PRAT_VEL": null,
        "ADMF_VEL": null,
        "ITIN_PED": "Pédestre Local",
        "ITIN_EQU": null,
        "ITIN_VEL": null,
        "LONGUEUR": 356.77,
        "DATE_MAJ": "20220503131535",
        "DPCollSIRET": "22350001800013",
        "DPCollNom": "DEPARTEMENT D ILLE ET VILAINE",
        "DPCollModication": "2026-06-01T09:05:31.9633294Z"
      }
    },
    {
      "type": "Feature",
      "geometry": {
        "type": "LineString",
        "coordinates": [
          [
            -1.4968064886,
            48.2184774632
          ],
          [
            -1.4965294138,
            48.2181698812
          ],
          [
            -1.4964609901,
            48.2180949812
          ],
          [
            -1.4958893783,
            48.2176544197
          ],
          [
            -1.4963519875,
            48.217386252
          ],
          [
            -1.4960012142,
            48.2171157236
          ],
          [
            -1.4953040939,
            48.2165790015
          ]
        ]
      },
      "properties": {
        "CD_TRONC": 15759,
        "INSEE_COM": "35152",
        "NOM_COM": "Liffré",
        "INTERET": "Locale",
        "REVET": "Goudron",
        "STAT_JUR": "Chemin Rural",
        "DATE_CP": "20090928",
        "DATE_DEL": "20090619",
        "PRAT_PED": "OUI",
        "PRAT_EQU": "NON",
        "ADMF_PED": "Ouvert",
        "ADMF_EQU": null,
        "PRAT_VEL": null,
        "ADMF_VEL": null,
        "ITIN_PED": "Pédestre Local",
        "ITIN_EQU": null,
        "ITIN_VEL": null,
        "LONGUEUR": 278.72,
        "DATE_MAJ": "20220503131535",
        "DPCollSIRET": "22350001800013",
        "DPCollNom": "DEPARTEMENT D ILLE ET VILAINE",
        "DPCollModication": "2026-06-01T09:05:31.9647391Z"
      }
    },
    {
      "type": "Feature",
      "geometry": {
        "type": "LineString",
        "coordinates": [
          [
            -1.4790879439,
            48.2346864896
          ],
          [
            -1.4794069137,
            48.2350745299
          ],
          [
            -1.4794799602,
            48.2352673232
          ]
        ]
      },
      "properties": {
        "CD_TRONC": 15761,
        "INSEE_COM": "35152",
        "NOM_COM": "Liffré",
        "INTERET": "Départementale",
        "REVET": "Terre",
        "STAT_JUR": "Voie Privée",
        "DATE_CP": "20090928",
        "DATE_DEL": "20090619",
        "PRAT_PED": "NON",
        "PRAT_EQU": "OUI",
        "ADMF_PED": null,
        "ADMF_EQU": "Ouvert",
        "PRAT_VEL": null,
        "ADMF_VEL": null,
        "ITIN_PED": null,
        "ITIN_EQU": "Equibreizh",
        "ITIN_VEL": null,
        "LONGUEUR": 71.3,
        "DATE_MAJ": "20220503131535",
        "DPCollSIRET": "22350001800013",
        "DPCollNom": "DEPARTEMENT D ILLE ET VILAINE",
        "DPCollModication": "2026-06-01T09:05:31.966035Z"
      }
    },
    {
      "type": "Feature",
      "geometry": {
        "type": "LineString",
        "coordinates": [
          [
            -1.5914024901,
            48.2355417555
          ],
          [
            -1.5916237612,
            48.2349536189
          ],
          [
            -1.5919233185,
            48.234458875
          ]
        ]
      },
      "properties": {
        "CD_TRONC": 15762,
        "INSEE_COM": "35067",
        "NOM_COM": "Chasné-sur-Illet",
        "INTERET": "Locale",
        "REVET": "Terre",
        "STAT_JUR": "Chemin Rural",
        "DATE_CP": null,
        "DATE_DEL": "20020530",
        "PRAT_PED": "NON",
        "PRAT_EQU": "OUI",
        "ADMF_PED": null,
        "ADMF_EQU": "Fermé",
        "PRAT_VEL": null,
        "ADMF_VEL": null,
        "ITIN_PED": null,
        "ITIN_EQU": "Equestre Local",
        "ITIN_VEL": null,
        "LONGUEUR": 126.71,
        "DATE_MAJ": "20220503131535",
        "DPCollSIRET": "22350001800013",
        "DPCollNom": "DEPARTEMENT D ILLE ET VILAINE",
        "DPCollModication": "2026-06-01T09:05:31.9672693Z"
      }
    },
    {
      "type": "Feature",
      "geometry": {
        "type": "LineString",
        "coordinates": [
          [
            -1.531254963,
            48.2421166421
          ],
          [
            -1.5314429989,
            48.2421851312
          ],
          [
            -1.5316542997,
            48.2422103685
          ],
          [
            -1.5318358737,
            48.2423448961
          ],
          [
            -1.5319822127,
            48.2428854364
          ],
          [
            -1.5319408834,
            48.2434088454
          ],
          [
            -1.5322732093,
            48.2433194846
          ],
          [
            -1.5326835802,
            48.2431649409
          ],
          [
            -1.533453896,
            48.2433832132
          ]
        ]
      },
      "properties": {
        "CD_TRONC": 15764,
        "INSEE_COM": "35107",
        "NOM_COM": "Ercé-près-Liffré",
        "INTERET": "Locale",
        "REVET": "Goudron",
        "STAT_JUR": "Chemin Rural",
        "DATE_CP": null,
        "DATE_DEL": "19910328",
        "PRAT_PED": "NON",
        "PRAT_EQU": "OUI",
        "ADMF_PED": null,
        "ADMF_EQU": "Fermé",
        "PRAT_VEL": null,
        "ADMF_VEL": null,
        "ITIN_PED": null,
        "ITIN_EQU": "Equestre Local",
        "ITIN_VEL": null,
        "LONGUEUR": 294.96,
        "DATE_MAJ": "20220503131535",
        "DPCollSIRET": "22350001800013",
        "DPCollNom": "DEPARTEMENT D ILLE ET VILAINE",
        "DPCollModication": "2026-06-01T09:05:31.968401Z"
      }
    },
    {
      "type": "Feature",
      "geometry": {
        "type": "LineString",
        "coordinates": [
          [
            -1.4304984999,
            48.1974960344
          ],
          [
            -1.4303835813,
            48.1985349399
          ]
        ]
      },
      "properties": {
        "CD_TRONC": 15765,
        "INSEE_COM": "35031",
        "NOM_COM": "La Bouëxière",
        "INTERET": "Locale",
        "REVET": "Goudron",
        "STAT_JUR": "Chemin Rural",
        "DATE_CP": "19990426",
        "DATE_DEL": "19981221",
        "PRAT_PED": "OUI",
        "PRAT_EQU": "NON",
        "ADMF_PED": "Ouvert",
        "ADMF_EQU": null,
        "PRAT_VEL": null,
        "ADMF_VEL": null,
        "ITIN_PED": "Pédestre Local",
        "ITIN_EQU": null,
        "ITIN_VEL": null,
        "LONGUEUR": 115.78,
        "DATE_MAJ": "20220503131535",
        "DPCollSIRET": "22350001800013",
        "DPCollNom": "DEPARTEMENT D ILLE ET VILAINE",
        "DPCollModication": "2026-06-01T09:05:31.9696422Z"
      }
    },
    {
      "type": "Feature",
      "geometry": {
        "type": "LineString",
        "coordinates": [
          [
            -1.4464986479,
            48.1978412957
          ],
          [
            -1.4465757479,
            48.1984998863
          ],
          [
            -1.4471021097,
            48.1985872932
          ],
          [
            -1.4474837032,
            48.198908164
          ],
          [
            -1.448257087,
            48.1990953021
          ],
          [
            -1.4491236373,
            48.1993320943
          ]
        ]
      },
      "properties": {
        "CD_TRONC": 15766,
        "INSEE_COM": "35031",
        "NOM_COM": "La Bouëxière",
        "INTERET": "Locale",
        "REVET": "Terre",
        "STAT_JUR": "Chemin Rural",
        "DATE_CP": "20090928",
        "DATE_DEL": "20091020",
        "PRAT_PED": "OUI",
        "PRAT_EQU": "NON",
        "ADMF_PED": "Ouvert",
        "ADMF_EQU": null,
        "PRAT_VEL": null,
        "ADMF_VEL": null,
        "ITIN_PED": "Pédestre Local",
        "ITIN_EQU": null,
        "ITIN_VEL": null,
        "LONGUEUR": 289.94,
        "DATE_MAJ": "20220503131535",
        "DPCollSIRET": "22350001800013",
        "DPCollNom": "DEPARTEMENT D ILLE ET VILAINE",
        "DPCollModication": "2026-06-01T09:05:31.9709077Z"
      }
    },
    {
      "type": "Feature",
      "geometry": {
        "type": "LineString",
        "coordinates": [
          [
            -1.579313277,
            48.2265243269
          ],
          [
            -1.5791528364,
            48.2276274203
          ],
          [
            -1.5788546108,
            48.2286817797
          ],
          [
            -1.5779961626,
            48.2298092371
          ],
          [
            -1.5774180577,
            48.2304373191
          ]
        ]
      },
      "properties": {
        "CD_TRONC": 15768,
        "INSEE_COM": "35067",
        "NOM_COM": "Chasné-sur-Illet",
        "INTERET": "Locale",
        "REVET": "Goudron",
        "STAT_JUR": "Voie Communale",
        "DATE_CP": "20030224",
        "DATE_DEL": "20020530",
        "PRAT_PED": "OUI",
        "PRAT_EQU": "OUI",
        "ADMF_PED": "Ouvert",
        "ADMF_EQU": "Ouvert",
        "PRAT_VEL": null,
        "ADMF_VEL": null,
        "ITIN_PED": "Pédestre Local",
        "ITIN_EQU": "Equestre Local",
        "ITIN_VEL": null,
        "LONGUEUR": 464.96,
        "DATE_MAJ": "20220503131535",
        "DPCollSIRET": "22350001800013",
        "DPCollNom": "DEPARTEMENT D ILLE ET VILAINE",
        "DPCollModication": "2026-06-01T09:05:31.9723322Z"
      }
    },
    {
      "type": "Feature",
      "geometry": {
        "type": "LineString",
        "coordinates": [
          [
            -1.5144792024,
            48.2607018099
          ],
          [
            -1.5156928106,
            48.2585952174
          ],
          [
            -1.5169093519,
            48.2560360758
          ]
        ]
      },
      "properties": {
        "CD_TRONC": 15770,
        "INSEE_COM": "35107",
        "NOM_COM": "Ercé-près-Liffré",
        "INTERET": "Départementale",
        "REVET": "Goudron",
        "STAT_JUR": "Route Départementale",
        "DATE_CP": null,
        "DATE_DEL": "19910328",
        "PRAT_PED": "OUI",
        "PRAT_EQU": "NON",
        "ADMF_PED": "Ouvert",
        "ADMF_EQU": null,
        "PRAT_VEL": null,
        "ADMF_VEL": null,
        "ITIN_PED": "Grande Randonnée",
        "ITIN_EQU": null,
        "ITIN_VEL": null,
        "LONGUEUR": 549.27,
        "DATE_MAJ": "20220503131535",
        "DPCollSIRET": "22350001800013",
        "DPCollNom": "DEPARTEMENT D ILLE ET VILAINE",
        "DPCollModication": "2026-06-01T09:05:31.9764646Z"
      }
    },
    {
      "type": "Feature",
      "geometry": {
        "type": "LineString",
        "coordinates": [
          [
            -1.5353778151,
            48.2375980995
          ],
          [
            -1.5352205049,
            48.2379961875
          ],
          [
            -1.5344719016,
            48.2384683559
          ],
          [
            -1.5336767763,
            48.2389017489
          ],
          [
            -1.5331504105,
            48.2392130628
          ],
          [
            -1.5319110609,
            48.2394544064
          ],
          [
            -1.5310573383,
            48.2397872866
          ],
          [
            -1.5295866905,
            48.240445746
          ]
        ]
      },
      "properties": {
        "CD_TRONC": 15556,
        "INSEE_COM": "35152",
        "NOM_COM": "Liffré",
        "INTERET": "Locale",
        "REVET": "Goudron",
        "STAT_JUR": "Chemin Rural",
        "DATE_CP": null,
        "DATE_DEL": "19911107",
        "PRAT_PED": "NON",
        "PRAT_EQU": "OUI",
        "ADMF_PED": null,
        "ADMF_EQU": "Fermé",
        "PRAT_VEL": null,
        "ADMF_VEL": null,
        "ITIN_PED": null,
        "ITIN_EQU": "Equestre Local",
        "ITIN_VEL": null,
        "LONGUEUR": 551.26,
        "DATE_MAJ": "20220503131535",
        "DPCollSIRET": "22350001800013",
        "DPCollNom": "DEPARTEMENT D ILLE ET VILAINE",
        "DPCollModication": "2026-06-01T09:05:32.4173937Z"
      }
    },
    {
      "type": "Feature",
      "geometry": {
        "type": "LineString",
        "coordinates": [
          [
            -1.5978666877,
            48.1855152034
          ],
          [
            -1.5970841935,
            48.1866200865
          ],
          [
            -1.5968503752,
            48.1868292939
          ],
          [
            -1.5966102298,
            48.1870432539
          ],
          [
            -1.5963660713,
            48.1870410514
          ],
          [
            -1.595907512,
            48.1868831614
          ],
          [
            -1.5957658757,
            48.1868355019
          ],
          [
            -1.5945860924,
            48.1882235371
          ],
          [
            -1.5932163993,
            48.1897818326
          ]
        ]
      },
      "properties": {
        "CD_TRONC": 15558,
        "INSEE_COM": "35152",
        "NOM_COM": "Liffré",
        "INTERET": "Locale",
        "REVET": "Terre",
        "STAT_JUR": "Voie Privée",
        "DATE_CP": "20090928",
        "DATE_DEL": "20090619",
        "PRAT_PED": "OUI",
        "PRAT_EQU": "NON",
        "ADMF_PED": "Ouvert",
        "ADMF_EQU": null,
        "PRAT_VEL": null,
        "ADMF_VEL": null,
        "ITIN_PED": "Pédestre Local",
        "ITIN_EQU": null,
        "ITIN_VEL": null,
        "LONGUEUR": 641.2,
        "DATE_MAJ": "20220503131535",
        "DPCollSIRET": "22350001800013",
        "DPCollNom": "DEPARTEMENT D ILLE ET VILAINE",
        "DPCollModication": "2026-06-01T09:05:32.4262015Z"
      }
    },
    {
      "type": "Feature",
      "geometry": {
        "type": "LineString",
        "coordinates": [
          [
            -1.5263367399,
            48.1993945383
          ],
          [
            -1.5261913525,
            48.199082868
          ],
          [
            -1.5248480044,
            48.1986828585
          ]
        ]
      },
      "properties": {
        "CD_TRONC": 15559,
        "INSEE_COM": "35152",
        "NOM_COM": "Liffré",
        "INTERET": "Locale",
        "REVET": "Goudron",
        "STAT_JUR": "Chemin Rural",
        "DATE_CP": null,
        "DATE_DEL": "19911107",
        "PRAT_PED": "OUI",
        "PRAT_EQU": null,
        "ADMF_PED": "Ouvert",
        "ADMF_EQU": null,
        "PRAT_VEL": null,
        "ADMF_VEL": null,
        "ITIN_PED": "Pédestre Local",
        "ITIN_EQU": null,
        "ITIN_VEL": null,
        "LONGUEUR": 145.55,
        "DATE_MAJ": "20220503131535",
        "DPCollSIRET": "22350001800013",
        "DPCollNom": "DEPARTEMENT D ILLE ET VILAINE",
        "DPCollModication": "2026-06-01T09:05:32.4285882Z"
      }
    },
    {
      "type": "Feature",
      "geometry": {
        "type": "LineString",
        "coordinates": [
          [
            -1.430757168,
            48.2053718998
          ],
          [
            -1.4303461302,
            48.2039778454
          ]
        ]
      },
      "properties": {
        "CD_TRONC": 15561,
        "INSEE_COM": "35152",
        "NOM_COM": "Liffré",
        "INTERET": "Locale",
        "REVET": "Empierré",
        "STAT_JUR": "Chemin Rural",
        "DATE_CP": null,
        "DATE_DEL": "19911107",
        "PRAT_PED": "OUI",
        "PRAT_EQU": "NON",
        "ADMF_PED": "Ouvert",
        "ADMF_EQU": null,
        "PRAT_VEL": null,
        "ADMF_VEL": null,
        "ITIN_PED": "Pédestre Local",
        "ITIN_EQU": null,
        "ITIN_VEL": null,
        "LONGUEUR": 157.91,
        "DATE_MAJ": "20220503131535",
        "DPCollSIRET": "22350001800013",
        "DPCollNom": "DEPARTEMENT D ILLE ET VILAINE",
        "DPCollModication": "2026-06-01T09:05:32.4305727Z"
      }
    },
    {
      "type": "Feature",
      "geometry": {
        "type": "LineString",
        "coordinates": [
          [
            -1.5754711102,
            48.198613258
          ],
          [
            -1.5755417884,
            48.1984645055
          ],
          [
            -1.5759578254,
            48.1981320113
          ],
          [
            -1.5764351081,
            48.1976664502
          ],
          [
            -1.5771130478,
            48.196996617
          ],
          [
            -1.5783950469,
            48.1960798131
          ],
          [
            -1.5788255494,
            48.1957124957
          ],
          [
            -1.5790535135,
            48.1956054048
          ],
          [
            -1.5793993129,
            48.1951476364
          ]
        ]
      },
      "properties": {
        "CD_TRONC": 15562,
        "INSEE_COM": "35152",
        "NOM_COM": "Liffré",
        "INTERET": "Locale",
        "REVET": "Terre",
        "STAT_JUR": "Chemin Rural",
        "DATE_CP": null,
        "DATE_DEL": "19911107",
        "PRAT_PED": "OUI",
        "PRAT_EQU": "OUI",
        "ADMF_PED": "Ouvert",
        "ADMF_EQU": "Ouvert",
        "PRAT_VEL": null,
        "ADMF_VEL": null,
        "ITIN_PED": "Pédestre Local",
        "ITIN_EQU": "Equestre Local",
        "ITIN_VEL": null,
        "LONGUEUR": 487.18,
        "DATE_MAJ": "20220503131535",
        "DPCollSIRET": "22350001800013",
        "DPCollNom": "DEPARTEMENT D ILLE ET VILAINE",
        "DPCollModication": "2026-06-01T09:05:32.4321966Z"
      }
    },
    {
      "type": "Feature",
      "geometry": {
        "type": "LineString",
        "coordinates": [
          [
            -1.5550120419,
            48.2234169193
          ],
          [
            -1.5561480695,
            48.2219544645
          ],
          [
            -1.5562813901,
            48.221546447
          ],
          [
            -1.5560007679,
            48.2199539051
          ],
          [
            -1.5555001849,
            48.2197172637
          ],
          [
            -1.5532687177,
            48.2192869377
          ],
          [
            -1.552128241,
            48.2188865999
          ],
          [
            -1.5517959392,
            48.2186461571
          ],
          [
            -1.5514950647,
            48.2179574681
          ]
        ]
      },
      "properties": {
        "CD_TRONC": 15563,
        "INSEE_COM": "35152",
        "NOM_COM": "Liffré",
        "INTERET": "Locale",
        "REVET": "Terre",
        "STAT_JUR": "Voie Privée",
        "DATE_CP": "19970922",
        "DATE_DEL": "19921002",
        "PRAT_PED": "OUI",
        "PRAT_EQU": null,
        "ADMF_PED": "Ouvert",
        "ADMF_EQU": null,
        "PRAT_VEL": null,
        "ADMF_VEL": null,
        "ITIN_PED": "Pédestre Local",
        "ITIN_EQU": null,
        "ITIN_VEL": null,
        "LONGUEUR": 837.58,
        "DATE_MAJ": "20220503131535",
        "DPCollSIRET": "22350001800013",
        "DPCollNom": "DEPARTEMENT D ILLE ET VILAINE",
        "DPCollModication": "2026-06-01T09:05:32.4336371Z"
      }
    },
    {
      "type": "Feature",
      "geometry": {
        "type": "LineString",
        "coordinates": [
          [
            -1.4844411409,
            48.2357693298
          ],
          [
            -1.4841388958,
            48.2357844139
          ],
          [
            -1.4835196022,
            48.2359259922
          ],
          [
            -1.4825776907,
            48.2361762465
          ],
          [
            -1.4819787421,
            48.2363350683
          ],
          [
            -1.4813693994,
            48.236451023
          ],
          [
            -1.4813153515,
            48.2365134561
          ],
          [
            -1.4811860467,
            48.2365634246
          ],
          [
            -1.4804594004,
            48.2362359205
          ],
          [
            -1.4803317758,
            48.2363056512
          ],
          [
            -1.4799131712,
            48.2361421923
          ],
          [
            -1.4795294977,
            48.236040492
          ],
          [
            -1.4791769526,
            48.2359240913
          ],
          [
            -1.4790044092,
            48.2358621443
          ],
          [
            -1.4789022137,
            48.235866021
          ]
        ]
      },
      "properties": {
        "CD_TRONC": 15564,
        "INSEE_COM": "35152",
        "NOM_COM": "Liffré",
        "INTERET": "Départementale",
        "REVET": "Terre",
        "STAT_JUR": "Voie Privée",
        "DATE_CP": null,
        "DATE_DEL": null,
        "PRAT_PED": null,
        "PRAT_EQU": "NON",
        "ADMF_PED": null,
        "ADMF_EQU": "Ajout",
        "PRAT_VEL": null,
        "ADMF_VEL": null,
        "ITIN_PED": null,
        "ITIN_EQU": "Equibreizh",
        "ITIN_VEL": null,
        "LONGUEUR": 455.67,
        "DATE_MAJ": "20220503131535",
        "DPCollSIRET": "22350001800013",
        "DPCollNom": "DEPARTEMENT D ILLE ET VILAINE",
        "DPCollModication": "2026-06-01T09:05:32.4357386Z"
      }
    },
    {
      "type": "Feature",
      "geometry": {
        "type": "LineString",
        "coordinates": [
          [
            -1.5991250222,
            48.1970400629
          ],
          [
            -1.5989891217,
            48.1969966894
          ],
          [
            -1.5985895257,
            48.196913121
          ],
          [
            -1.597716683,
            48.1966433959
          ],
          [
            -1.5956476256,
            48.1963995394
          ],
          [
            -1.5914521974,
            48.1957327856
          ],
          [
            -1.590949456,
            48.1958578054
          ],
          [
            -1.590296953,
            48.195811091
          ],
          [
            -1.5894530162,
            48.195624906
          ],
          [
            -1.5885203081,
            48.1955494246
          ]
        ]
      },
      "properties": {
        "CD_TRONC": 15565,
        "INSEE_COM": "35152",
        "NOM_COM": "Liffré",
        "INTERET": "Locale",
        "REVET": "Terre",
        "STAT_JUR": "Voie Privée",
        "DATE_CP": "20090928",
        "DATE_DEL": "20090619",
        "PRAT_PED": "OUI",
        "PRAT_EQU": "NON",
        "ADMF_PED": "Ouvert",
        "ADMF_EQU": "Ajout",
        "PRAT_VEL": null,
        "ADMF_VEL": null,
        "ITIN_PED": "Pédestre Local",
        "ITIN_EQU": "Equibreizh",
        "ITIN_VEL": null,
        "LONGUEUR": 814.74,
        "DATE_MAJ": "20220503131535",
        "DPCollSIRET": "22350001800013",
        "DPCollNom": "DEPARTEMENT D ILLE ET VILAINE",
        "DPCollModication": "2026-06-01T09:05:32.4380083Z"
      }
    },
    {
      "type": "Feature",
      "geometry": {
        "type": "LineString",
        "coordinates": [
          [
            -1.4794799602,
            48.2352673232
          ],
          [
            -1.4795159541,
            48.2354209673
          ],
          [
            -1.4794967436,
            48.2354964973
          ],
          [
            -1.4794162129,
            48.2355806622
          ],
          [
            -1.4792007396,
            48.2356960819
          ],
          [
            -1.478981278,
            48.2357963316
          ],
          [
            -1.4789360766,
            48.2358358975
          ],
          [
            -1.4789022137,
            48.235866021
          ],
          [
            -1.4784068695,
            48.2361011028
          ],
          [
            -1.4779158485,
            48.2362918586
          ]
        ]
      },
      "properties": {
        "CD_TRONC": 15566,
        "INSEE_COM": "35152",
        "NOM_COM": "Liffré",
        "INTERET": "Départementale",
        "REVET": "Empierré",
        "STAT_JUR": "Voie Privée",
        "DATE_CP": null,
        "DATE_DEL": "19911107",
        "PRAT_PED": "NON",
        "PRAT_EQU": "OUI",
        "ADMF_PED": null,
        "ADMF_EQU": "Ouvert",
        "PRAT_VEL": null,
        "ADMF_VEL": null,
        "ITIN_PED": null,
        "ITIN_EQU": "Equibreizh",
        "ITIN_VEL": null,
        "LONGUEUR": 174.15,
        "DATE_MAJ": "20220503131535",
        "DPCollSIRET": "22350001800013",
        "DPCollNom": "DEPARTEMENT D ILLE ET VILAINE",
        "DPCollModication": "2026-06-01T09:05:32.4403717Z"
      }
    },
    {
      "type": "Feature",
      "geometry": {
        "type": "LineString",
        "coordinates": [
          [
            -1.502569297,
            48.2345530793
          ],
          [
            -1.504404275,
            48.2345885308
          ]
        ]
      },
      "properties": {
        "CD_TRONC": 15567,
        "INSEE_COM": "35152",
        "NOM_COM": "Liffré",
        "INTERET": "Départementale",
        "REVET": "Empierré",
        "STAT_JUR": "Chemin Rural",
        "DATE_CP": null,
        "DATE_DEL": "19911107",
        "PRAT_PED": "OUI",
        "PRAT_EQU": "OUI",
        "ADMF_PED": "Ouvert",
        "ADMF_EQU": "Ouvert",
        "PRAT_VEL": null,
        "ADMF_VEL": null,
        "ITIN_PED": "Grande Randonnée",
        "ITIN_EQU": "Equestre Local",
        "ITIN_VEL": null,
        "LONGUEUR": 136.3,
        "DATE_MAJ": "20220503131535",
        "DPCollSIRET": "22350001800013",
        "DPCollNom": "DEPARTEMENT D ILLE ET VILAINE",
        "DPCollModication": "2026-06-01T09:05:32.4425141Z"
      }
    },
    {
      "type": "Feature",
      "geometry": {
        "type": "LineString",
        "coordinates": [
          [
            -1.4903727321,
            48.2221858559
          ],
          [
            -1.4912267709,
            48.2217306844
          ],
          [
            -1.4924098849,
            48.2211016606
          ],
          [
            -1.4937473383,
            48.2202901051
          ],
          [
            -1.4954215642,
            48.2193638663
          ],
          [
            -1.4957590448,
            48.2191779743
          ],
          [
            -1.4959963335,
            48.2191139601
          ],
          [
            -1.4962923188,
            48.2188052758
          ],
          [
            -1.4968064886,
            48.2184774632
          ]
        ]
      },
      "properties": {
        "CD_TRONC": 15568,
        "INSEE_COM": "35152",
        "NOM_COM": "Liffré",
        "INTERET": "Locale",
        "REVET": "Goudron",
        "STAT_JUR": "Route Départementale",
        "DATE_CP": "20090928",
        "DATE_DEL": "20090619",
        "PRAT_PED": "OUI",
        "PRAT_EQU": "NON",
        "ADMF_PED": "Ouvert",
        "ADMF_EQU": null,
        "PRAT_VEL": null,
        "ADMF_VEL": null,
        "ITIN_PED": "Pédestre Local",
        "ITIN_EQU": null,
        "ITIN_VEL": null,
        "LONGUEUR": 634.03,
        "DATE_MAJ": "20220503131535",
        "DPCollSIRET": "22350001800013",
        "DPCollNom": "DEPARTEMENT D ILLE ET VILAINE",
        "DPCollModication": "2026-06-01T09:05:32.4444728Z"
      }
    },
    {
      "type": "Feature",
      "geometry": {
        "type": "LineString",
        "coordinates": [
          [
            -1.4062436831,
            48.2219776086
          ],
          [
            -1.4052373037,
            48.2248782155
          ],
          [
            -1.4052498827,
            48.2249480379
          ]
        ]
      },
      "properties": {
        "CD_TRONC": 15569,
        "INSEE_COM": "35152",
        "NOM_COM": "Liffré",
        "INTERET": "Départementale",
        "REVET": "Terre",
        "STAT_JUR": "Voie Privée",
        "DATE_CP": "20090928",
        "DATE_DEL": "19911107",
        "PRAT_PED": "OUI",
        "PRAT_EQU": "OUI",
        "ADMF_PED": "Ouvert",
        "ADMF_EQU": "Ouvert",
        "PRAT_VEL": null,
        "ADMF_VEL": null,
        "ITIN_PED": "Grande Randonnée",
        "ITIN_EQU": "Equibreizh",
        "ITIN_VEL": null,
        "LONGUEUR": 338.74,
        "DATE_MAJ": "20220503131535",
        "DPCollSIRET": "22350001800013",
        "DPCollNom": "DEPARTEMENT D ILLE ET VILAINE",
        "DPCollModication": "2026-06-01T09:05:32.4462185Z"
      }
    },
    {
      "type": "Feature",
      "geometry": {
        "type": "LineString",
        "coordinates": [
          [
            -1.4891758031,
            48.2345295646
          ],
          [
            -1.4844411409,
            48.2357693298
          ]
        ]
      },
      "properties": {
        "CD_TRONC": 15570,
        "INSEE_COM": "35152",
        "NOM_COM": "Liffré",
        "INTERET": "Départementale",
        "REVET": "Empierré",
        "STAT_JUR": "Chemin Rural",
        "DATE_CP": null,
        "DATE_DEL": "19911107",
        "PRAT_PED": "OUI",
        "PRAT_EQU": "OUI",
        "ADMF_PED": "Ouvert",
        "ADMF_EQU": "Ouvert",
        "PRAT_VEL": null,
        "ADMF_VEL": null,
        "ITIN_PED": "Grande Randonnée",
        "ITIN_EQU": "Equestre Local",
        "ITIN_VEL": null,
        "LONGUEUR": 377.58,
        "DATE_MAJ": "20220503131535",
        "DPCollSIRET": "22350001800013",
        "DPCollNom": "DEPARTEMENT D ILLE ET VILAINE",
        "DPCollModication": "2026-06-01T09:05:32.447913Z"
      }
    },
    {
      "type": "Feature",
      "geometry": {
        "type": "LineString",
        "coordinates": [
          [
            -1.4789900077,
            48.2162664622
          ],
          [
            -1.4792736854,
            48.2163674491
          ],
          [
            -1.4796268139,
            48.2165874655
          ],
          [
            -1.4798895328,
            48.2168226287
          ],
          [
            -1.479990222,
            48.2169125348
          ],
          [
            -1.4803227001,
            48.216746705
          ],
          [
            -1.4808291433,
            48.2164381837
          ],
          [
            -1.4810274409,
            48.2164072231
          ],
          [
            -1.4812098371,
            48.2163795696
          ],
          [
            -1.4816811857,
            48.2161183396
          ],
          [
            -1.4821305954,
            48.2158687554
          ],
          [
            -1.4825531954,
            48.2157003973
          ],
          [
            -1.482620402,
            48.2156185362
          ],
          [
            -1.482502206,
            48.2155130748
          ],
          [
            -1.4822578584,
            48.2153988859
          ],
          [
            -1.4822415442,
            48.2153021723
          ],
          [
            -1.4823440499,
            48.2152072547
          ],
          [
            -1.4823644859,
            48.2151145527
          ],
          [
            -1.4825669748,
            48.2148950722
          ],
          [
            -1.4828135636,
            48.2148929162
          ],
          [
            -1.4834050354,
            48.2150137451
          ],
          [
            -1.4836430926,
            48.214768578
          ],
          [
            -1.4839996046,
            48.2146477866
          ],
          [
            -1.48417173,
            48.2146421481
          ]
        ]
      },
      "properties": {
        "CD_TRONC": 15572,
        "INSEE_COM": "35152",
        "NOM_COM": "Liffré",
        "INTERET": "Locale",
        "REVET": "Terre",
        "STAT_JUR": "Chemin Rural",
        "DATE_CP": "20090928",
        "DATE_DEL": "20090619",
        "PRAT_PED": "OUI",
        "PRAT_EQU": "NON",
        "ADMF_PED": "Ouvert",
        "ADMF_EQU": null,
        "PRAT_VEL": null,
        "ADMF_VEL": null,
        "ITIN_PED": "Pédestre Local",
        "ITIN_EQU": null,
        "ITIN_VEL": null,
        "LONGUEUR": 590.28,
        "DATE_MAJ": "20220503131535",
        "DPCollSIRET": "22350001800013",
        "DPCollNom": "DEPARTEMENT D ILLE ET VILAINE",
        "DPCollModication": "2026-06-01T09:05:32.4496601Z"
      }
    },
    {
      "type": "Feature",
      "geometry": {
        "type": "LineString",
        "coordinates": [
          [
            -1.4877439504,
            48.2184925365
          ],
          [
            -1.4879305915,
            48.2184196497
          ],
          [
            -1.488274145,
            48.218384055
          ],
          [
            -1.4886581228,
            48.2183955888
          ],
          [
            -1.4890854219,
            48.2184090786
          ]
        ]
      },
      "properties": {
        "CD_TRONC": 15573,
        "INSEE_COM": "35152",
        "NOM_COM": "Liffré",
        "INTERET": "Locale",
        "REVET": "Goudron",
        "STAT_JUR": "Voie Communale",
        "DATE_CP": "20090928",
        "DATE_DEL": "20090619",
        "PRAT_PED": "OUI",
        "PRAT_EQU": "NON",
        "ADMF_PED": "Ouvert",
        "ADMF_EQU": null,
        "PRAT_VEL": null,
        "ADMF_VEL": null,
        "ITIN_PED": "Pédestre Local",
        "ITIN_EQU": null,
        "ITIN_VEL": null,
        "LONGUEUR": 102.2,
        "DATE_MAJ": "20220503131535",
        "DPCollSIRET": "22350001800013",
        "DPCollNom": "DEPARTEMENT D ILLE ET VILAINE",
        "DPCollModication": "2026-06-01T09:05:32.451488Z"
      }
    },
    {
      "type": "Feature",
      "geometry": {
        "type": "LineString",
        "coordinates": [
          [
            -1.5216251678,
            48.2407283564
          ],
          [
            -1.5216096988,
            48.2407839246
          ],
          [
            -1.5215784953,
            48.2413321739
          ],
          [
            -1.5215480278,
            48.2419047283
          ]
        ]
      },
      "properties": {
        "CD_TRONC": 15574,
        "INSEE_COM": "35152",
        "NOM_COM": "Liffré",
        "INTERET": "Départementale",
        "REVET": "Goudron",
        "STAT_JUR": "Chemin Rural",
        "DATE_CP": null,
        "DATE_DEL": "19911107",
        "PRAT_PED": "OUI",
        "PRAT_EQU": "OUI",
        "ADMF_PED": "Ouvert",
        "ADMF_EQU": "Ouvert",
        "PRAT_VEL": null,
        "ADMF_VEL": null,
        "ITIN_PED": "Grande Randonnée",
        "ITIN_EQU": "Equestre Local",
        "ITIN_VEL": null,
        "LONGUEUR": 130.93,
        "DATE_MAJ": "20220503131535",
        "DPCollSIRET": "22350001800013",
        "DPCollNom": "DEPARTEMENT D ILLE ET VILAINE",
        "DPCollModication": "2026-06-01T09:05:32.4528933Z"
      }
    },
    {
      "type": "Feature",
      "geometry": {
        "type": "LineString",
        "coordinates": [
          [
            -1.5212299219,
            48.232191572
          ],
          [
            -1.5215148106,
            48.232461851
          ]
        ]
      },
      "properties": {
        "CD_TRONC": 15560,
        "INSEE_COM": "35152",
        "NOM_COM": "Liffré",
        "INTERET": "Départementale",
        "REVET": "Goudron",
        "STAT_JUR": "Voie Privée",
        "DATE_CP": "20090928",
        "DATE_DEL": "19911107",
        "PRAT_PED": "OUI",
        "PRAT_EQU": "OUI",
        "ADMF_PED": "Ouvert",
        "ADMF_EQU": "Ouvert",
        "PRAT_VEL": null,
        "ADMF_VEL": null,
        "ITIN_PED": "Grande Randonnée",
        "ITIN_EQU": "Equestre Local",
        "ITIN_VEL": null,
        "LONGUEUR": 36.74,
        "DATE_MAJ": "20240325150032",
        "DPCollSIRET": "22350001800013",
        "DPCollNom": "DEPARTEMENT D ILLE ET VILAINE",
        "DPCollModication": "2026-06-01T09:05:32.4570645Z"
      }
    },
    {
      "type": "Feature",
      "geometry": {
        "type": "LineString",
        "coordinates": [
          [
            -1.5305920168,
            48.1740917247
          ],
          [
            -1.5294963756,
            48.1730072006
          ]
        ]
      },
      "properties": {
        "CD_TRONC": 15696,
        "INSEE_COM": "35152",
        "NOM_COM": "Liffré",
        "INTERET": "Locale",
        "REVET": "Goudron",
        "STAT_JUR": "Voie Privée",
        "DATE_CP": null,
        "DATE_DEL": "19911107",
        "PRAT_PED": "NON",
        "PRAT_EQU": "OUI",
        "ADMF_PED": null,
        "ADMF_EQU": "Ouvert",
        "PRAT_VEL": null,
        "ADMF_VEL": null,
        "ITIN_PED": null,
        "ITIN_EQU": "Equestre Local",
        "ITIN_VEL": null,
        "LONGUEUR": 145.47,
        "DATE_MAJ": "20220503131535",
        "DPCollSIRET": "22350001800013",
        "DPCollNom": "DEPARTEMENT D ILLE ET VILAINE",
        "DPCollModication": "2026-06-01T09:05:32.520849Z"
      }
    },
    {
      "type": "Feature",
      "geometry": {
        "type": "LineString",
        "coordinates": [
          [
            -1.5108545862,
            48.234943391
          ],
          [
            -1.5103921684,
            48.2339696936
          ]
        ]
      },
      "properties": {
        "CD_TRONC": 15698,
        "INSEE_COM": "35152",
        "NOM_COM": "Liffré",
        "INTERET": "Départementale",
        "REVET": "Goudron",
        "STAT_JUR": "Route Départementale",
        "DATE_CP": null,
        "DATE_DEL": "19911107",
        "PRAT_PED": "OUI",
        "PRAT_EQU": "OUI",
        "ADMF_PED": "Ouvert",
        "ADMF_EQU": "Ouvert",
        "PRAT_VEL": null,
        "ADMF_VEL": null,
        "ITIN_PED": "Grande Randonnée",
        "ITIN_EQU": "Equestre Local",
        "ITIN_VEL": null,
        "LONGUEUR": 113.53,
        "DATE_MAJ": "20220503131535",
        "DPCollSIRET": "22350001800013",
        "DPCollNom": "DEPARTEMENT D ILLE ET VILAINE",
        "DPCollModication": "2026-06-01T09:05:32.5223524Z"
      }
    },
    {
      "type": "Feature",
      "geometry": {
        "type": "LineString",
        "coordinates": [
          [
            -1.4960644689,
            48.2327038033
          ],
          [
            -1.4970850446,
            48.234056435
          ],
          [
            -1.4984697477,
            48.2359602575
          ],
          [
            -1.500847997,
            48.2351693638
          ],
          [
            -1.502569297,
            48.2345530793
          ]
        ]
      },
      "properties": {
        "CD_TRONC": 15699,
        "INSEE_COM": "35152",
        "NOM_COM": "Liffré",
        "INTERET": "Départementale",
        "REVET": "Terre",
        "STAT_JUR": "Chemin Rural",
        "DATE_CP": null,
        "DATE_DEL": "19911107",
        "PRAT_PED": "OUI",
        "PRAT_EQU": "OUI",
        "ADMF_PED": "Ouvert",
        "ADMF_EQU": "Ouvert",
        "PRAT_VEL": null,
        "ADMF_VEL": null,
        "ITIN_PED": "Grande Randonnée",
        "ITIN_EQU": "Equestre Local",
        "ITIN_VEL": null,
        "LONGUEUR": 745.85,
        "DATE_MAJ": "20220503131535",
        "DPCollSIRET": "22350001800013",
        "DPCollNom": "DEPARTEMENT D ILLE ET VILAINE",
        "DPCollModication": "2026-06-01T09:05:32.5236702Z"
      }
    },
    {
      "type": "Feature",
      "geometry": {
        "type": "LineString",
        "coordinates": [
          [
            -1.5166677751,
            48.2161382834
          ],
          [
            -1.5159394964,
            48.2178848442
          ],
          [
            -1.5158606063,
            48.2194984022
          ]
        ]
      },
      "properties": {
        "CD_TRONC": 15700,
        "INSEE_COM": "35152",
        "NOM_COM": "Liffré",
        "INTERET": "Locale",
        "REVET": "Goudron",
        "STAT_JUR": "Chemin Rural",
        "DATE_CP": null,
        "DATE_DEL": "19911107",
        "PRAT_PED": "OUI",
        "PRAT_EQU": "OUI",
        "ADMF_PED": "Ouvert",
        "ADMF_EQU": "Ouvert",
        "PRAT_VEL": null,
        "ADMF_VEL": null,
        "ITIN_PED": "Pédestre Local",
        "ITIN_EQU": "Equestre Local",
        "ITIN_VEL": null,
        "LONGUEUR": 380.93,
        "DATE_MAJ": "20220503131535",
        "DPCollSIRET": "22350001800013",
        "DPCollNom": "DEPARTEMENT D ILLE ET VILAINE",
        "DPCollModication": "2026-06-01T09:05:32.5249412Z"
      }
    },
    {
      "type": "Feature",
      "geometry": {
        "type": "LineString",
        "coordinates": [
          [
            -1.409656126,
            48.2114892453
          ],
          [
            -1.4082398468,
            48.2157561054
          ]
        ]
      },
      "properties": {
        "CD_TRONC": 15701,
        "INSEE_COM": "35152",
        "NOM_COM": "Liffré",
        "INTERET": "Départementale",
        "REVET": "Empierré",
        "STAT_JUR": "Voie Privée",
        "DATE_CP": "20090928",
        "DATE_DEL": "20090619",
        "PRAT_PED": "OUI",
        "PRAT_EQU": "OUI",
        "ADMF_PED": "Ouvert",
        "ADMF_EQU": "Ouvert",
        "PRAT_VEL": null,
        "ADMF_VEL": null,
        "ITIN_PED": "Pédestre Local",
        "ITIN_EQU": "Equibreizh",
        "ITIN_VEL": null,
        "LONGUEUR": 485.74,
        "DATE_MAJ": "20220503131535",
        "DPCollSIRET": "22350001800013",
        "DPCollNom": "DEPARTEMENT D ILLE ET VILAINE",
        "DPCollModication": "2026-06-01T09:05:32.5264361Z"
      }
    },
    {
      "type": "Feature",
      "geometry": {
        "type": "LineString",
        "coordinates": [
          [
            -1.5553184566,
            48.2103734824
          ],
          [
            -1.5548689962,
            48.2102592441
          ],
          [
            -1.5545206866,
            48.2100203283
          ]
        ]
      },
      "properties": {
        "CD_TRONC": 15703,
        "INSEE_COM": "35152",
        "NOM_COM": "Liffré",
        "INTERET": "Départementale",
        "REVET": "Terre",
        "STAT_JUR": "Voie Privée",
        "DATE_CP": null,
        "DATE_DEL": "19911107",
        "PRAT_PED": "OUI",
        "PRAT_EQU": "NON",
        "ADMF_PED": "Ouvert",
        "ADMF_EQU": null,
        "PRAT_VEL": null,
        "ADMF_VEL": null,
        "ITIN_PED": "Grande Randonnée",
        "ITIN_EQU": null,
        "ITIN_VEL": null,
        "LONGUEUR": 72.79,
        "DATE_MAJ": "20220503131535",
        "DPCollSIRET": "22350001800013",
        "DPCollNom": "DEPARTEMENT D ILLE ET VILAINE",
        "DPCollModication": "2026-06-01T09:05:32.5279316Z"
      }
    },
    {
      "type": "Feature",
      "geometry": {
        "type": "LineString",
        "coordinates": [
          [
            -1.56409967,
            48.2066372125
          ],
          [
            -1.5648554288,
            48.2073614585
          ],
          [
            -1.5669383363,
            48.2094124206
          ]
        ]
      },
      "properties": {
        "CD_TRONC": 15704,
        "INSEE_COM": "35152",
        "NOM_COM": "Liffré",
        "INTERET": "Locale",
        "REVET": "Empierré",
        "STAT_JUR": "Voie Privée",
        "DATE_CP": null,
        "DATE_DEL": "19911107",
        "PRAT_PED": "OUI",
        "PRAT_EQU": "OUI",
        "ADMF_PED": "Ouvert",
        "ADMF_EQU": "Ouvert",
        "PRAT_VEL": null,
        "ADMF_VEL": null,
        "ITIN_PED": "Pédestre Local",
        "ITIN_EQU": "Equestre Local",
        "ITIN_VEL": null,
        "LONGUEUR": 373.63,
        "DATE_MAJ": "20220503131535",
        "DPCollSIRET": "22350001800013",
        "DPCollNom": "DEPARTEMENT D ILLE ET VILAINE",
        "DPCollModication": "2026-06-01T09:05:32.5293213Z"
      }
    },
    {
      "type": "Feature",
      "geometry": {
        "type": "LineString",
        "coordinates": [
          [
            -1.4744985476,
            48.2314277697
          ],
          [
            -1.4732907031,
            48.2307534679
          ],
          [
            -1.47250644,
            48.2307309107
          ],
          [
            -1.4719544122,
            48.230567974
          ],
          [
            -1.472283509,
            48.2302815375
          ],
          [
            -1.4719272832,
            48.2301210966
          ],
          [
            -1.470419512,
            48.2298537622
          ],
          [
            -1.4706218637,
            48.2292657158
          ],
          [
            -1.4709807346,
            48.2289168724
          ]
        ]
      },
      "properties": {
        "CD_TRONC": 15705,
        "INSEE_COM": "35152",
        "NOM_COM": "Liffré",
        "INTERET": "Départementale",
        "REVET": "Terre",
        "STAT_JUR": "Voie Privée",
        "DATE_CP": null,
        "DATE_DEL": "19911107",
        "PRAT_PED": "OUI",
        "PRAT_EQU": "NON",
        "ADMF_PED": "Ouvert",
        "ADMF_EQU": null,
        "PRAT_VEL": null,
        "ADMF_VEL": null,
        "ITIN_PED": "Grande Randonnée",
        "ITIN_EQU": null,
        "ITIN_VEL": null,
        "LONGUEUR": 521.95,
        "DATE_MAJ": "20220503131535",
        "DPCollSIRET": "22350001800013",
        "DPCollNom": "DEPARTEMENT D ILLE ET VILAINE",
        "DPCollModication": "2026-06-01T09:05:32.5309581Z"
      }
    },
    {
      "type": "Feature",
      "geometry": {
        "type": "LineString",
        "coordinates": [
          [
            -1.4790542637,
            48.2028815842
          ],
          [
            -1.4786885962,
            48.2027350439
          ],
          [
            -1.4780513056,
            48.2024221685
          ],
          [
            -1.4776628283,
            48.2022927131
          ],
          [
            -1.4771744704,
            48.2021300957
          ],
          [
            -1.4771008808,
            48.2023113332
          ],
          [
            -1.4767382868,
            48.2027090183
          ]
        ]
      },
      "properties": {
        "CD_TRONC": 15706,
        "INSEE_COM": "35152",
        "NOM_COM": "Liffré",
        "INTERET": "Locale",
        "REVET": "Goudron",
        "STAT_JUR": "Voie Communale",
        "DATE_CP": "20090928",
        "DATE_DEL": "20090619",
        "PRAT_PED": "OUI",
        "PRAT_EQU": "NON",
        "ADMF_PED": "Ouvert",
        "ADMF_EQU": null,
        "PRAT_VEL": null,
        "ADMF_VEL": null,
        "ITIN_PED": "Pédestre Local",
        "ITIN_EQU": null,
        "ITIN_VEL": null,
        "LONGUEUR": 235.83,
        "DATE_MAJ": "20220503131535",
        "DPCollSIRET": "22350001800013",
        "DPCollNom": "DEPARTEMENT D ILLE ET VILAINE",
        "DPCollModication": "2026-06-01T09:05:32.5324852Z"
      }
    },
    {
      "type": "Feature",
      "geometry": {
        "type": "LineString",
        "coordinates": [
          [
            -1.5508232728,
            48.2358552656
          ],
          [
            -1.5501708019,
            48.2365583308
          ],
          [
            -1.5492291055,
            48.2371012506
          ],
          [
            -1.5485620138,
            48.2377469477
          ],
          [
            -1.5478867142,
            48.2381309414
          ]
        ]
      },
      "properties": {
        "CD_TRONC": 15708,
        "INSEE_COM": "35067",
        "NOM_COM": "Chasné-sur-Illet",
        "INTERET": "Locale",
        "REVET": "Terre",
        "STAT_JUR": "Chemin Rural",
        "DATE_CP": null,
        "DATE_DEL": "20020530",
        "PRAT_PED": "NON",
        "PRAT_EQU": "OUI",
        "ADMF_PED": null,
        "ADMF_EQU": "Fermé",
        "PRAT_VEL": null,
        "ADMF_VEL": null,
        "ITIN_PED": null,
        "ITIN_EQU": "Equestre Local",
        "ITIN_VEL": null,
        "LONGUEUR": 337.33,
        "DATE_MAJ": "20220503131535",
        "DPCollSIRET": "22350001800013",
        "DPCollNom": "DEPARTEMENT D ILLE ET VILAINE",
        "DPCollModication": "2026-06-01T09:05:32.5344876Z"
      }
    },
    {
      "type": "Feature",
      "geometry": {
        "type": "LineString",
        "coordinates": [
          [
            -1.5478867142,
            48.2381309414
          ],
          [
            -1.5475228039,
            48.2381655311
          ],
          [
            -1.5473950278,
            48.238236029
          ],
          [
            -1.547361236,
            48.2384131945
          ],
          [
            -1.5476906358,
            48.2391278077
          ],
          [
            -1.5477791015,
            48.2401527553
          ]
        ]
      },
      "properties": {
        "CD_TRONC": 15709,
        "INSEE_COM": "35067",
        "NOM_COM": "Chasné-sur-Illet",
        "INTERET": "Locale",
        "REVET": "Goudron",
        "STAT_JUR": "Chemin Rural",
        "DATE_CP": null,
        "DATE_DEL": "20020530",
        "PRAT_PED": "NON",
        "PRAT_EQU": "OUI",
        "ADMF_PED": null,
        "ADMF_EQU": "Fermé",
        "PRAT_VEL": null,
        "ADMF_VEL": null,
        "ITIN_PED": null,
        "ITIN_EQU": "Equestre Local",
        "ITIN_VEL": null,
        "LONGUEUR": 256.65,
        "DATE_MAJ": "20220503131535",
        "DPCollSIRET": "22350001800013",
        "DPCollNom": "DEPARTEMENT D ILLE ET VILAINE",
        "DPCollModication": "2026-06-01T09:05:32.5366845Z"
      }
    },
    {
      "type": "Feature",
      "geometry": {
        "type": "LineString",
        "coordinates": [
          [
            -1.585605614,
            48.2250651103
          ],
          [
            -1.5837013004,
            48.2252075723
          ],
          [
            -1.5828690565,
            48.225424652
          ],
          [
            -1.581664334,
            48.2258878157
          ],
          [
            -1.5807562813,
            48.2263502695
          ],
          [
            -1.579313277,
            48.2265243269
          ]
        ]
      },
      "properties": {
        "CD_TRONC": 15771,
        "INSEE_COM": "35067",
        "NOM_COM": "Chasné-sur-Illet",
        "INTERET": "Locale",
        "REVET": "Goudron",
        "STAT_JUR": "Chemin Rural",
        "DATE_CP": "20030224",
        "DATE_DEL": "20020530",
        "PRAT_PED": "OUI",
        "PRAT_EQU": "OUI",
        "ADMF_PED": "Ouvert",
        "ADMF_EQU": "Ouvert",
        "PRAT_VEL": null,
        "ADMF_VEL": null,
        "ITIN_PED": "Pédestre Local",
        "ITIN_EQU": "Equestre Local",
        "ITIN_VEL": null,
        "LONGUEUR": 505.54,
        "DATE_MAJ": "20220503131535",
        "DPCollSIRET": "22350001800013",
        "DPCollNom": "DEPARTEMENT D ILLE ET VILAINE",
        "DPCollModication": "2026-06-01T09:05:32.5491272Z"
      }
    },
    {
      "type": "Feature",
      "geometry": {
        "type": "LineString",
        "coordinates": [
          [
            -1.5950706796,
            48.2237524637
          ],
          [
            -1.5943038266,
            48.2238679381
          ],
          [
            -1.5930702002,
            48.2239051324
          ],
          [
            -1.5900374913,
            48.2238212123
          ],
          [
            -1.5897965386,
            48.2240126443
          ],
          [
            -1.58958625,
            48.2248040493
          ],
          [
            -1.5895098247,
            48.2251810594
          ],
          [
            -1.5892394258,
            48.2253132477
          ],
          [
            -1.588120977,
            48.2255892609
          ]
        ]
      },
      "properties": {
        "CD_TRONC": 15772,
        "INSEE_COM": "35067",
        "NOM_COM": "Chasné-sur-Illet",
        "INTERET": "Locale",
        "REVET": "Goudron",
        "STAT_JUR": "Voie Communale",
        "DATE_CP": null,
        "DATE_DEL": "20020530",
        "PRAT_PED": "NON",
        "PRAT_EQU": "OUI",
        "ADMF_PED": null,
        "ADMF_EQU": "Fermé",
        "PRAT_VEL": null,
        "ADMF_VEL": null,
        "ITIN_PED": null,
        "ITIN_EQU": "Equestre Local",
        "ITIN_VEL": null,
        "LONGUEUR": 648.34,
        "DATE_MAJ": "20220503131535",
        "DPCollSIRET": "22350001800013",
        "DPCollNom": "DEPARTEMENT D ILLE ET VILAINE",
        "DPCollModication": "2026-06-01T09:05:32.5506476Z"
      }
    },
    {
      "type": "Feature",
      "geometry": {
        "type": "LineString",
        "coordinates": [
          [
            -1.588120977,
            48.2255892609
          ],
          [
            -1.5879006366,
            48.2256302718
          ],
          [
            -1.5872447378,
            48.2251303073
          ],
          [
            -1.5868642366,
            48.2250513589
          ],
          [
            -1.585605614,
            48.2250651103
          ]
        ]
      },
      "properties": {
        "CD_TRONC": 15773,
        "INSEE_COM": "35067",
        "NOM_COM": "Chasné-sur-Illet",
        "INTERET": "Locale",
        "REVET": "Goudron",
        "STAT_JUR": "Chemin Rural",
        "DATE_CP": null,
        "DATE_DEL": "20020530",
        "PRAT_PED": "NON",
        "PRAT_EQU": "OUI",
        "ADMF_PED": null,
        "ADMF_EQU": "Fermé",
        "PRAT_VEL": null,
        "ADMF_VEL": null,
        "ITIN_PED": null,
        "ITIN_EQU": "Equestre Local",
        "ITIN_VEL": null,
        "LONGUEUR": 213.95,
        "DATE_MAJ": "20220503131535",
        "DPCollSIRET": "22350001800013",
        "DPCollNom": "DEPARTEMENT D ILLE ET VILAINE",
        "DPCollModication": "2026-06-01T09:05:32.5526111Z"
      }
    },
    {
      "type": "Feature",
      "geometry": {
        "type": "LineString",
        "coordinates": [
          [
            -1.4986788946,
            48.2445094528
          ],
          [
            -1.4992906012,
            48.244625838
          ]
        ]
      },
      "properties": {
        "CD_TRONC": 15774,
        "INSEE_COM": "35107",
        "NOM_COM": "Ercé-près-Liffré",
        "INTERET": "Locale",
        "REVET": "Goudron",
        "STAT_JUR": "Voie Communale",
        "DATE_CP": "20090928",
        "DATE_DEL": "20090504",
        "PRAT_PED": "OUI",
        "PRAT_EQU": "NON",
        "ADMF_PED": "Ouvert",
        "ADMF_EQU": null,
        "PRAT_VEL": null,
        "ADMF_VEL": null,
        "ITIN_PED": "Pédestre Local",
        "ITIN_EQU": null,
        "ITIN_VEL": null,
        "LONGUEUR": 47.22,
        "DATE_MAJ": "20220503131535",
        "DPCollSIRET": "22350001800013",
        "DPCollNom": "DEPARTEMENT D ILLE ET VILAINE",
        "DPCollModication": "2026-06-01T09:05:32.5545372Z"
      }
    },
    {
      "type": "Feature",
      "geometry": {
        "type": "LineString",
        "coordinates": [
          [
            -1.5059811777,
            48.253439786
          ],
          [
            -1.5067868148,
            48.253471232
          ],
          [
            -1.5092488193,
            48.2537611846
          ],
          [
            -1.5144160122,
            48.2550517265
          ],
          [
            -1.5155675435,
            48.2558746909
          ],
          [
            -1.5169093519,
            48.2560360758
          ]
        ]
      },
      "properties": {
        "CD_TRONC": 15775,
        "INSEE_COM": "35107",
        "NOM_COM": "Ercé-près-Liffré",
        "INTERET": "Locale",
        "REVET": "Goudron",
        "STAT_JUR": "Route Départementale",
        "DATE_CP": "20090928",
        "DATE_DEL": "20090504",
        "PRAT_PED": "OUI",
        "PRAT_EQU": "NON",
        "ADMF_PED": "Ouvert",
        "ADMF_EQU": null,
        "PRAT_VEL": null,
        "ADMF_VEL": null,
        "ITIN_PED": "Pédestre Local",
        "ITIN_EQU": null,
        "ITIN_VEL": null,
        "LONGUEUR": 881.29,
        "DATE_MAJ": "20220503131535",
        "DPCollSIRET": "22350001800013",
        "DPCollNom": "DEPARTEMENT D ILLE ET VILAINE",
        "DPCollModication": "2026-06-01T09:05:32.5563066Z"
      }
    },
    {
      "type": "Feature",
      "geometry": {
        "type": "LineString",
        "coordinates": [
          [
            -1.579313277,
            48.2265243269
          ],
          [
            -1.5793179182,
            48.2264069791
          ],
          [
            -1.5789702497,
            48.226178019
          ],
          [
            -1.5786362086,
            48.2259971989
          ],
          [
            -1.5783292904,
            48.2258180299
          ],
          [
            -1.5781975083,
            48.225651896
          ],
          [
            -1.5781766031,
            48.2254733501
          ],
          [
            -1.5783091805,
            48.2250896662
          ],
          [
            -1.5785328987,
            48.2247303868
          ],
          [
            -1.5788753037,
            48.224231309
          ],
          [
            -1.5791615199,
            48.2237686588
          ],
          [
            -1.579183162,
            48.2234433541
          ],
          [
            -1.579160198,
            48.2233342874
          ]
        ]
      },
      "properties": {
        "CD_TRONC": 15777,
        "INSEE_COM": "35067",
        "NOM_COM": "Chasné-sur-Illet",
        "INTERET": "Locale",
        "REVET": "Goudron",
        "STAT_JUR": null,
        "DATE_CP": null,
        "DATE_DEL": "20020530",
        "PRAT_PED": "NON",
        "PRAT_EQU": "OUI",
        "ADMF_PED": null,
        "ADMF_EQU": "Fermé",
        "PRAT_VEL": null,
        "ADMF_VEL": null,
        "ITIN_PED": null,
        "ITIN_EQU": "Equestre Local",
        "ITIN_VEL": null,
        "LONGUEUR": 404.39,
        "DATE_MAJ": "20220503131535",
        "DPCollSIRET": "22350001800013",
        "DPCollNom": "DEPARTEMENT D ILLE ET VILAINE",
        "DPCollModication": "2026-06-01T09:05:32.5578721Z"
      }
    },
    {
      "type": "Feature",
      "geometry": {
        "type": "LineString",
        "coordinates": [
          [
            -1.5459313469,
            48.1896454096
          ],
          [
            -1.5458103331,
            48.1896644938
          ],
          [
            -1.5458025587,
            48.1890582244
          ],
          [
            -1.5456140741,
            48.1889825691
          ],
          [
            -1.5455582328,
            48.1888351066
          ]
        ]
      },
      "properties": {
        "CD_TRONC": 15778,
        "INSEE_COM": "35152",
        "NOM_COM": "Liffré",
        "INTERET": "Locale",
        "REVET": "Empierré",
        "STAT_JUR": "Voie Privée",
        "DATE_CP": null,
        "DATE_DEL": "19911107",
        "PRAT_PED": "NON",
        "PRAT_EQU": "OUI",
        "ADMF_PED": null,
        "ADMF_EQU": "Ouvert",
        "PRAT_VEL": null,
        "ADMF_VEL": null,
        "ITIN_PED": null,
        "ITIN_EQU": "Equestre Local",
        "ITIN_VEL": null,
        "LONGUEUR": 109.86,
        "DATE_MAJ": "20220503131535",
        "DPCollSIRET": "22350001800013",
        "DPCollNom": "DEPARTEMENT D ILLE ET VILAINE",
        "DPCollModication": "2026-06-01T09:05:32.5592805Z"
      }
    },
    {
      "type": "Feature",
      "geometry": {
        "type": "LineString",
        "coordinates": [
          [
            -1.5129155552,
            48.2167459644
          ],
          [
            -1.5119121143,
            48.2171385209
          ],
          [
            -1.5105595934,
            48.2175335943
          ],
          [
            -1.5084333007,
            48.2181375592
          ],
          [
            -1.5082479193,
            48.2182879388
          ],
          [
            -1.508246079,
            48.2184556413
          ],
          [
            -1.5089256595,
            48.2192741519
          ],
          [
            -1.5090328966,
            48.2194557124
          ],
          [
            -1.5090009488,
            48.2196498
          ],
          [
            -1.5083880662,
            48.2202418989
          ],
          [
            -1.5074566181,
            48.2211462746
          ]
        ]
      },
      "properties": {
        "CD_TRONC": 15779,
        "INSEE_COM": "35152",
        "NOM_COM": "Liffré",
        "INTERET": "Locale",
        "REVET": "Goudron",
        "STAT_JUR": "Chemin Rural",
        "DATE_CP": null,
        "DATE_DEL": "19911107",
        "PRAT_PED": "OUI",
        "PRAT_EQU": "NON",
        "ADMF_PED": "Ouvert",
        "ADMF_EQU": null,
        "PRAT_VEL": null,
        "ADMF_VEL": null,
        "ITIN_PED": "Pédestre Local",
        "ITIN_EQU": null,
        "ITIN_VEL": null,
        "LONGUEUR": 757.34,
        "DATE_MAJ": "20220503131535",
        "DPCollSIRET": "22350001800013",
        "DPCollNom": "DEPARTEMENT D ILLE ET VILAINE",
        "DPCollModication": "2026-06-01T09:05:32.561377Z"
      }
    },
    {
      "type": "Feature",
      "geometry": {
        "type": "LineString",
        "coordinates": [
          [
            -1.415341078,
            48.2177247144
          ],
          [
            -1.415754235,
            48.2169099033
          ]
        ]
      },
      "properties": {
        "CD_TRONC": 15780,
        "INSEE_COM": "35152",
        "NOM_COM": "Liffré",
        "INTERET": "Locale",
        "REVET": "Goudron",
        "STAT_JUR": "Route Départementale",
        "DATE_CP": "20090928",
        "DATE_DEL": "20090619",
        "PRAT_PED": "NON",
        "PRAT_EQU": "OUI",
        "ADMF_PED": null,
        "ADMF_EQU": "Ouvert",
        "PRAT_VEL": null,
        "ADMF_VEL": null,
        "ITIN_PED": null,
        "ITIN_EQU": "Equestre Local",
        "ITIN_VEL": null,
        "LONGUEUR": 95.61,
        "DATE_MAJ": "20220503131535",
        "DPCollSIRET": "22350001800013",
        "DPCollNom": "DEPARTEMENT D ILLE ET VILAINE",
        "DPCollModication": "2026-06-01T09:05:32.5656227Z"
      }
    },
    {
      "type": "Feature",
      "geometry": {
        "type": "LineString",
        "coordinates": [
          [
            -1.5459313469,
            48.1896454096
          ],
          [
            -1.5458909229,
            48.1925229847
          ],
          [
            -1.5457862829,
            48.1951560755
          ],
          [
            -1.5468334309,
            48.1968101425
          ]
        ]
      },
      "properties": {
        "CD_TRONC": 15781,
        "INSEE_COM": "35152",
        "NOM_COM": "Liffré",
        "INTERET": "Locale",
        "REVET": "Terre",
        "STAT_JUR": "Voie Privée",
        "DATE_CP": null,
        "DATE_DEL": "19911107",
        "PRAT_PED": "NON",
        "PRAT_EQU": "OUI",
        "ADMF_PED": null,
        "ADMF_EQU": "Ouvert",
        "PRAT_VEL": null,
        "ADMF_VEL": null,
        "ITIN_PED": null,
        "ITIN_EQU": "Equestre Local",
        "ITIN_VEL": null,
        "LONGUEUR": 812.17,
        "DATE_MAJ": "20220503131535",
        "DPCollSIRET": "22350001800013",
        "DPCollNom": "DEPARTEMENT D ILLE ET VILAINE",
        "DPCollModication": "2026-06-01T09:05:32.5672234Z"
      }
    },
    {
      "type": "Feature",
      "geometry": {
        "type": "LineString",
        "coordinates": [
          [
            -1.4196450483,
            48.1653007706
          ],
          [
            -1.4179319897,
            48.1650495407
          ],
          [
            -1.4166705052,
            48.1647209904
          ],
          [
            -1.4158927129,
            48.1643770165
          ],
          [
            -1.4151802879,
            48.1641540575
          ]
        ]
      },
      "properties": {
        "CD_TRONC": 15783,
        "INSEE_COM": "35031",
        "NOM_COM": "La Bouëxière",
        "INTERET": "Locale",
        "REVET": "Empierré",
        "STAT_JUR": "Chemin Rural",
        "DATE_CP": "19990426",
        "DATE_DEL": "19990226",
        "PRAT_PED": "OUI",
        "PRAT_EQU": "NON",
        "ADMF_PED": "Ouvert",
        "ADMF_EQU": null,
        "PRAT_VEL": null,
        "ADMF_VEL": null,
        "ITIN_PED": "Pédestre Local",
        "ITIN_EQU": null,
        "ITIN_VEL": null,
        "LONGUEUR": 358.83,
        "DATE_MAJ": "20220503131535",
        "DPCollSIRET": "22350001800013",
        "DPCollNom": "DEPARTEMENT D ILLE ET VILAINE",
        "DPCollModication": "2026-06-01T09:05:32.5686689Z"
      }
    },
    {
      "type": "Feature",
      "geometry": {
        "type": "LineString",
        "coordinates": [
          [
            -1.4820029518,
            48.2321470747
          ],
          [
            -1.4817042411,
            48.2323620906
          ],
          [
            -1.4813879091,
            48.2328616594
          ],
          [
            -1.4808218157,
            48.2339141426
          ],
          [
            -1.4802735736,
            48.233970997
          ],
          [
            -1.4799348583,
            48.2341758097
          ],
          [
            -1.479809357,
            48.2343815437
          ],
          [
            -1.4790879439,
            48.2346864896
          ]
        ]
      },
      "properties": {
        "CD_TRONC": 15784,
        "INSEE_COM": "35152",
        "NOM_COM": "Liffré",
        "INTERET": "Départementale",
        "REVET": "Terre",
        "STAT_JUR": "Voie Privée",
        "DATE_CP": "20090928",
        "DATE_DEL": "20090619",
        "PRAT_PED": "NON",
        "PRAT_EQU": "OUI",
        "ADMF_PED": null,
        "ADMF_EQU": "Ouvert",
        "PRAT_VEL": null,
        "ADMF_VEL": null,
        "ITIN_PED": null,
        "ITIN_EQU": "Equibreizh",
        "ITIN_VEL": null,
        "LONGUEUR": 380.38,
        "DATE_MAJ": "20220503131535",
        "DPCollSIRET": "22350001800013",
        "DPCollNom": "DEPARTEMENT D ILLE ET VILAINE",
        "DPCollModication": "2026-06-01T09:05:32.5700398Z"
      }
    },
    {
      "type": "Feature",
      "geometry": {
        "type": "LineString",
        "coordinates": [
          [
            -1.5275152752,
            48.2018314225
          ],
          [
            -1.5275758748,
            48.2014694898
          ],
          [
            -1.5275266804,
            48.2010378658
          ],
          [
            -1.5273532172,
            48.2007290768
          ],
          [
            -1.5269603963,
            48.2003620101
          ],
          [
            -1.5266485355,
            48.2000585302
          ],
          [
            -1.5263367399,
            48.1993945383
          ]
        ]
      },
      "properties": {
        "CD_TRONC": 15785,
        "INSEE_COM": "35152",
        "NOM_COM": "Liffré",
        "INTERET": "Locale",
        "REVET": "Goudron",
        "STAT_JUR": "Chemin Rural",
        "DATE_CP": null,
        "DATE_DEL": "19911107",
        "PRAT_PED": "OUI",
        "PRAT_EQU": "NON",
        "ADMF_PED": "Ouvert",
        "ADMF_EQU": "Ajout",
        "PRAT_VEL": null,
        "ADMF_VEL": null,
        "ITIN_PED": "Pédestre Local",
        "ITIN_EQU": "Equibreizh",
        "ITIN_VEL": null,
        "LONGUEUR": 293.67,
        "DATE_MAJ": "20220503131535",
        "DPCollSIRET": "22350001800013",
        "DPCollNom": "DEPARTEMENT D ILLE ET VILAINE",
        "DPCollModication": "2026-06-01T09:05:32.5714768Z"
      }
    },
    {
      "type": "Feature",
      "geometry": {
        "type": "LineString",
        "coordinates": [
          [
            -1.521111748,
            48.2020715593
          ],
          [
            -1.5200853173,
            48.2026795844
          ],
          [
            -1.5191790002,
            48.2031162651
          ],
          [
            -1.5178928806,
            48.2038252427
          ],
          [
            -1.5175146856,
            48.2038171913
          ],
          [
            -1.5172428187,
            48.2038699591
          ],
          [
            -1.5169305711,
            48.2039864592
          ],
          [
            -1.5162599858,
            48.2041536261
          ],
          [
            -1.5160758447,
            48.2041759955
          ],
          [
            -1.5159224937,
            48.2041800621
          ]
        ]
      },
      "properties": {
        "CD_TRONC": 15786,
        "INSEE_COM": "35152",
        "NOM_COM": "Liffré",
        "INTERET": "Locale",
        "REVET": "Terre",
        "STAT_JUR": "Chemin Rural",
        "DATE_CP": null,
        "DATE_DEL": "19911107",
        "PRAT_PED": "OUI",
        "PRAT_EQU": "NON",
        "ADMF_PED": "Ouvert",
        "ADMF_EQU": null,
        "PRAT_VEL": null,
        "ADMF_VEL": null,
        "ITIN_PED": "Pédestre Local",
        "ITIN_EQU": null,
        "ITIN_VEL": null,
        "LONGUEUR": 462.93,
        "DATE_MAJ": "20220503131535",
        "DPCollSIRET": "22350001800013",
        "DPCollNom": "DEPARTEMENT D ILLE ET VILAINE",
        "DPCollModication": "2026-06-01T09:05:32.5729829Z"
      }
    },
    {
      "type": "Feature",
      "geometry": {
        "type": "LineString",
        "coordinates": [
          [
            -1.5669383363,
            48.2094124206
          ],
          [
            -1.5703912674,
            48.2127054557
          ]
        ]
      },
      "properties": {
        "CD_TRONC": 15787,
        "INSEE_COM": "35152",
        "NOM_COM": "Liffré",
        "INTERET": "Locale",
        "REVET": "Terre",
        "STAT_JUR": "Voie Privée",
        "DATE_CP": null,
        "DATE_DEL": "19911107",
        "PRAT_PED": "OUI",
        "PRAT_EQU": "OUI",
        "ADMF_PED": "Ouvert",
        "ADMF_EQU": "Fermé",
        "PRAT_VEL": null,
        "ADMF_VEL": null,
        "ITIN_PED": "Pédestre Local",
        "ITIN_EQU": "Equestre Local",
        "ITIN_VEL": null,
        "LONGUEUR": 446.91,
        "DATE_MAJ": "20220503131535",
        "DPCollSIRET": "22350001800013",
        "DPCollNom": "DEPARTEMENT D ILLE ET VILAINE",
        "DPCollModication": "2026-06-01T09:05:32.5754869Z"
      }
    },
    {
      "type": "Feature",
      "geometry": {
        "type": "LineString",
        "coordinates": [
          [
            -1.5321079798,
            48.2176355107
          ],
          [
            -1.5347022414,
            48.219150932
          ],
          [
            -1.5383314428,
            48.2213439196
          ]
        ]
      },
      "properties": {
        "CD_TRONC": 15788,
        "INSEE_COM": "35152",
        "NOM_COM": "Liffré",
        "INTERET": "Locale",
        "REVET": "Terre",
        "STAT_JUR": "Chemin Rural",
        "DATE_CP": null,
        "DATE_DEL": "19911107",
        "PRAT_PED": "OUI",
        "PRAT_EQU": "OUI",
        "ADMF_PED": "Ouvert",
        "ADMF_EQU": "Fermé",
        "PRAT_VEL": null,
        "ADMF_VEL": null,
        "ITIN_PED": "Pédestre Local",
        "ITIN_EQU": "Equestre Local",
        "ITIN_VEL": null,
        "LONGUEUR": 619.31,
        "DATE_MAJ": "20220503131535",
        "DPCollSIRET": "22350001800013",
        "DPCollNom": "DEPARTEMENT D ILLE ET VILAINE",
        "DPCollModication": "2026-06-01T09:05:32.5774964Z"
      }
    },
    {
      "type": "Feature",
      "geometry": {
        "type": "LineString",
        "coordinates": [
          [
            -1.5574071066,
            48.2100449838
          ],
          [
            -1.5595231985,
            48.2108915667
          ],
          [
            -1.5599072041,
            48.2112778018
          ],
          [
            -1.5602063487,
            48.2111661995
          ],
          [
            -1.560334978,
            48.2110007996
          ],
          [
            -1.56083123,
            48.2108139818
          ],
          [
            -1.5611724041,
            48.2102374903
          ],
          [
            -1.5616838956,
            48.210055487
          ],
          [
            -1.5599587342,
            48.2090829779
          ],
          [
            -1.5596752755,
            48.2089704547
          ],
          [
            -1.5600809334,
            48.2088276976
          ],
          [
            -1.5605365888,
            48.2084991438
          ],
          [
            -1.5605933075,
            48.2083130887
          ],
          [
            -1.5609910138,
            48.2082499489
          ],
          [
            -1.5614969685,
            48.208004168
          ],
          [
            -1.5614663763,
            48.2077908435
          ],
          [
            -1.562242243,
            48.2075634661
          ],
          [
            -1.5623770983,
            48.2074546037
          ],
          [
            -1.5623617188,
            48.2072145536
          ],
          [
            -1.562300569,
            48.2070844282
          ],
          [
            -1.5627561955,
            48.2067558654
          ],
          [
            -1.5634341642,
            48.2067062141
          ],
          [
            -1.5636523617,
            48.2061894465
          ]
        ]
      },
      "properties": {
        "CD_TRONC": 15789,
        "INSEE_COM": "35152",
        "NOM_COM": "Liffré",
        "INTERET": "Locale",
        "REVET": "Terre",
        "STAT_JUR": "Voie Privée",
        "DATE_CP": null,
        "DATE_DEL": "19911107",
        "PRAT_PED": "OUI",
        "PRAT_EQU": "NON",
        "ADMF_PED": "Ouvert",
        "ADMF_EQU": null,
        "PRAT_VEL": null,
        "ADMF_VEL": null,
        "ITIN_PED": "Pédestre Local",
        "ITIN_EQU": null,
        "ITIN_VEL": null,
        "LONGUEUR": 1113.52,
        "DATE_MAJ": "20220503131535",
        "DPCollSIRET": "22350001800013",
        "DPCollNom": "DEPARTEMENT D ILLE ET VILAINE",
        "DPCollModication": "2026-06-01T09:05:32.5791409Z"
      }
    },
    {
      "type": "Feature",
      "geometry": {
        "type": "LineString",
        "coordinates": [
          [
            -1.4601000695,
            48.219707989
          ],
          [
            -1.449262321,
            48.2144925526
          ]
        ]
      },
      "properties": {
        "CD_TRONC": 15645,
        "INSEE_COM": "35152",
        "NOM_COM": "Liffré",
        "INTERET": "Départementale",
        "REVET": "Terre",
        "STAT_JUR": "Voie Privée",
        "DATE_CP": "20090928",
        "DATE_DEL": "20090619",
        "PRAT_PED": "NON",
        "PRAT_EQU": "OUI",
        "ADMF_PED": null,
        "ADMF_EQU": "Ouvert",
        "PRAT_VEL": null,
        "ADMF_VEL": null,
        "ITIN_PED": null,
        "ITIN_EQU": "Equibreizh",
        "ITIN_VEL": null,
        "LONGUEUR": 991.94,
        "DATE_MAJ": "20220503131535",
        "DPCollSIRET": "22350001800013",
        "DPCollNom": "DEPARTEMENT D ILLE ET VILAINE",
        "DPCollModication": "2026-06-01T09:05:32.6602072Z"
      }
    },
    {
      "type": "Feature",
      "geometry": {
        "type": "LineString",
        "coordinates": [
          [
            -1.5294963756,
            48.1730072006
          ],
          [
            -1.5278715163,
            48.1714391681
          ],
          [
            -1.5277832275,
            48.1713524291
          ]
        ]
      },
      "properties": {
        "CD_TRONC": 15646,
        "INSEE_COM": "35152",
        "NOM_COM": "Liffré",
        "INTERET": "Locale",
        "REVET": "Goudron",
        "STAT_JUR": "Chemin Rural",
        "DATE_CP": null,
        "DATE_DEL": "19911107",
        "PRAT_PED": "NON",
        "PRAT_EQU": "OUI",
        "ADMF_PED": null,
        "ADMF_EQU": "Ouvert",
        "PRAT_VEL": null,
        "ADMF_VEL": null,
        "ITIN_PED": null,
        "ITIN_EQU": "Equestre Local",
        "ITIN_VEL": null,
        "LONGUEUR": 223.69,
        "DATE_MAJ": "20220503131535",
        "DPCollSIRET": "22350001800013",
        "DPCollNom": "DEPARTEMENT D ILLE ET VILAINE",
        "DPCollModication": "2026-06-01T09:05:32.6622984Z"
      }
    },
    {
      "type": "Feature",
      "geometry": {
        "type": "LineString",
        "coordinates": [
          [
            -1.5215148106,
            48.232461851
          ],
          [
            -1.5227889578,
            48.2318101104
          ],
          [
            -1.5258493217,
            48.2302346029
          ],
          [
            -1.5265913192,
            48.2298744936
          ]
        ]
      },
      "properties": {
        "CD_TRONC": 15647,
        "INSEE_COM": "35152",
        "NOM_COM": "Liffré",
        "INTERET": "Départementale",
        "REVET": "Terre",
        "STAT_JUR": "Voie Privée",
        "DATE_CP": "20090928",
        "DATE_DEL": "19911107",
        "PRAT_PED": "OUI",
        "PRAT_EQU": "OUI",
        "ADMF_PED": "Ouvert",
        "ADMF_EQU": "Ouvert",
        "PRAT_VEL": null,
        "ADMF_VEL": null,
        "ITIN_PED": "Grande Randonnée",
        "ITIN_EQU": "Equestre Local",
        "ITIN_VEL": null,
        "LONGUEUR": 474.13,
        "DATE_MAJ": "20220503131535",
        "DPCollSIRET": "22350001800013",
        "DPCollNom": "DEPARTEMENT D ILLE ET VILAINE",
        "DPCollModication": "2026-06-01T09:05:32.6643406Z"
      }
    },
    {
      "type": "Feature",
      "geometry": {
        "type": "LineString",
        "coordinates": [
          [
            -1.5188934209,
            48.234770269
          ],
          [
            -1.5206623829,
            48.2349792322
          ],
          [
            -1.5222103859,
            48.2357572085
          ],
          [
            -1.5231743071,
            48.2362682428
          ],
          [
            -1.5244726944,
            48.2376262433
          ]
        ]
      },
      "properties": {
        "CD_TRONC": 15648,
        "INSEE_COM": "35152",
        "NOM_COM": "Liffré",
        "INTERET": "Locale",
        "REVET": "Goudron",
        "STAT_JUR": "Chemin Rural",
        "DATE_CP": "20090928",
        "DATE_DEL": "19911107",
        "PRAT_PED": "OUI",
        "PRAT_EQU": "NON",
        "ADMF_PED": "Ouvert",
        "ADMF_EQU": null,
        "PRAT_VEL": null,
        "ADMF_VEL": null,
        "ITIN_PED": "Pédestre Local",
        "ITIN_EQU": null,
        "ITIN_VEL": null,
        "LONGUEUR": 547.66,
        "DATE_MAJ": "20220503131535",
        "DPCollSIRET": "22350001800013",
        "DPCollNom": "DEPARTEMENT D ILLE ET VILAINE",
        "DPCollModication": "2026-06-01T09:05:32.6663808Z"
      }
    },
    {
      "type": "Feature",
      "geometry": {
        "type": "LineString",
        "coordinates": [
          [
            -1.529264771,
            48.2159204974
          ],
          [
            -1.5321079798,
            48.2176355107
          ]
        ]
      },
      "properties": {
        "CD_TRONC": 15650,
        "INSEE_COM": "35152",
        "NOM_COM": "Liffré",
        "INTERET": "Locale",
        "REVET": "Terre",
        "STAT_JUR": "Chemin Rural",
        "DATE_CP": null,
        "DATE_DEL": "19911107",
        "PRAT_PED": "OUI",
        "PRAT_EQU": "OUI",
        "ADMF_PED": "Ouvert",
        "ADMF_EQU": "Fermé",
        "PRAT_VEL": null,
        "ADMF_VEL": null,
        "ITIN_PED": "Pédestre Local",
        "ITIN_EQU": "Equestre Local",
        "ITIN_VEL": null,
        "LONGUEUR": 284.47,
        "DATE_MAJ": "20220503131535",
        "DPCollSIRET": "22350001800013",
        "DPCollNom": "DEPARTEMENT D ILLE ET VILAINE",
        "DPCollModication": "2026-06-01T09:05:32.6679944Z"
      }
    },
    {
      "type": "Feature",
      "geometry": {
        "type": "LineString",
        "coordinates": [
          [
            -1.5263367399,
            48.1993945383
          ],
          [
            -1.5266693803,
            48.1992177447
          ],
          [
            -1.5269751274,
            48.1987905268
          ],
          [
            -1.5280097817,
            48.1976206247
          ],
          [
            -1.5284294503,
            48.1969033252
          ],
          [
            -1.5285775415,
            48.1963830125
          ],
          [
            -1.5285769196,
            48.1958891373
          ],
          [
            -1.5285777185,
            48.1953961086
          ],
          [
            -1.5289474048,
            48.1946464753
          ],
          [
            -1.5291221362,
            48.1939656119
          ],
          [
            -1.5296536873,
            48.1933116049
          ],
          [
            -1.5301271497,
            48.1928445876
          ],
          [
            -1.5307738267,
            48.1923384693
          ],
          [
            -1.532000964,
            48.1909952901
          ],
          [
            -1.533017657,
            48.1902937833
          ],
          [
            -1.5340122594,
            48.1897589516
          ],
          [
            -1.5341035629,
            48.189503984
          ]
        ]
      },
      "properties": {
        "CD_TRONC": 15651,
        "INSEE_COM": "35152",
        "NOM_COM": "Liffré",
        "INTERET": "Départementale",
        "REVET": "Terre",
        "STAT_JUR": "Voie Privée",
        "DATE_CP": null,
        "DATE_DEL": null,
        "PRAT_PED": null,
        "PRAT_EQU": "NON",
        "ADMF_PED": null,
        "ADMF_EQU": "Ajout",
        "PRAT_VEL": null,
        "ADMF_VEL": null,
        "ITIN_PED": null,
        "ITIN_EQU": "Equibreizh",
        "ITIN_VEL": null,
        "LONGUEUR": 1280.77,
        "DATE_MAJ": "20220503131535",
        "DPCollSIRET": "22350001800013",
        "DPCollNom": "DEPARTEMENT D ILLE ET VILAINE",
        "DPCollModication": "2026-06-01T09:05:32.6701111Z"
      }
    },
    {
      "type": "Feature",
      "geometry": {
        "type": "LineString",
        "coordinates": [
          [
            -1.5287544862,
            48.2294607698
          ],
          [
            -1.5302294978,
            48.2286525283
          ],
          [
            -1.5316710978,
            48.227958206
          ],
          [
            -1.5320449088,
            48.2279916222
          ]
        ]
      },
      "properties": {
        "CD_TRONC": 15653,
        "INSEE_COM": "35152",
        "NOM_COM": "Liffré",
        "INTERET": "Locale",
        "REVET": "Terre",
        "STAT_JUR": "Voie Privée",
        "DATE_CP": null,
        "DATE_DEL": null,
        "PRAT_PED": null,
        "PRAT_EQU": "NON",
        "ADMF_PED": null,
        "ADMF_EQU": "Ajout",
        "PRAT_VEL": null,
        "ADMF_VEL": null,
        "ITIN_PED": null,
        "ITIN_EQU": "Equestre Local",
        "ITIN_VEL": null,
        "LONGUEUR": 301.62,
        "DATE_MAJ": "20220503131535",
        "DPCollSIRET": "22350001800013",
        "DPCollNom": "DEPARTEMENT D ILLE ET VILAINE",
        "DPCollModication": "2026-06-01T09:05:32.6718462Z"
      }
    },
    {
      "type": "Feature",
      "geometry": {
        "type": "LineString",
        "coordinates": [
          [
            -1.5453107061,
            48.2075931846
          ],
          [
            -1.5453488181,
            48.2071437805
          ],
          [
            -1.5453697734,
            48.2069176533
          ],
          [
            -1.5455764205,
            48.2069060879
          ],
          [
            -1.545833984,
            48.2068438915
          ],
          [
            -1.5459285401,
            48.2066113235
          ],
          [
            -1.5462575664,
            48.2064553435
          ],
          [
            -1.5465387717,
            48.206073181
          ],
          [
            -1.5468885909,
            48.2060020197
          ],
          [
            -1.5470593227,
            48.205824197
          ],
          [
            -1.547177134,
            48.2055330494
          ],
          [
            -1.5475905447,
            48.2055270313
          ],
          [
            -1.5477590765,
            48.2053393781
          ],
          [
            -1.5476423547,
            48.2051428907
          ],
          [
            -1.5477344373,
            48.2050537199
          ],
          [
            -1.5481903368,
            48.204883831
          ],
          [
            -1.5483900557,
            48.2047139015
          ],
          [
            -1.5485759214,
            48.204555321
          ],
          [
            -1.5486961238,
            48.2042920188
          ],
          [
            -1.5491998981,
            48.2041770608
          ],
          [
            -1.549450315,
            48.2039384795
          ],
          [
            -1.5495878512,
            48.2037042501
          ],
          [
            -1.5497845896,
            48.2035155057
          ],
          [
            -1.5498160949,
            48.2032087552
          ],
          [
            -1.5498336178,
            48.2030368353
          ],
          [
            -1.5500418781,
            48.2028566588
          ],
          [
            -1.5504188309,
            48.2027564996
          ],
          [
            -1.55091897,
            48.2027714589
          ]
        ]
      },
      "properties": {
        "CD_TRONC": 15654,
        "INSEE_COM": "35152",
        "NOM_COM": "Liffré",
        "INTERET": "Locale",
        "REVET": "Terre",
        "STAT_JUR": "Voie Privée",
        "DATE_CP": null,
        "DATE_DEL": null,
        "PRAT_PED": null,
        "PRAT_EQU": "NON",
        "ADMF_PED": null,
        "ADMF_EQU": "Ajout",
        "PRAT_VEL": null,
        "ADMF_VEL": null,
        "ITIN_PED": null,
        "ITIN_EQU": "Equestre Local",
        "ITIN_VEL": null,
        "LONGUEUR": 776.99,
        "DATE_MAJ": "20220503131535",
        "DPCollSIRET": "22350001800013",
        "DPCollNom": "DEPARTEMENT D ILLE ET VILAINE",
        "DPCollModication": "2026-06-01T09:05:32.6730975Z"
      }
    },
    {
      "type": "Feature",
      "geometry": {
        "type": "LineString",
        "coordinates": [
          [
            -1.5636523617,
            48.2061894465
          ],
          [
            -1.5614986339,
            48.2040961049
          ],
          [
            -1.5614794549,
            48.2040770179
          ]
        ]
      },
      "properties": {
        "CD_TRONC": 15655,
        "INSEE_COM": "35152",
        "NOM_COM": "Liffré",
        "INTERET": "Locale",
        "REVET": "Empierré",
        "STAT_JUR": "Voie Privée",
        "DATE_CP": null,
        "DATE_DEL": "19911107",
        "PRAT_PED": "NON",
        "PRAT_EQU": "OUI",
        "ADMF_PED": null,
        "ADMF_EQU": "Ouvert",
        "PRAT_VEL": null,
        "ADMF_VEL": null,
        "ITIN_PED": null,
        "ITIN_EQU": "Equestre Local",
        "ITIN_VEL": null,
        "LONGUEUR": 284.91,
        "DATE_MAJ": "20220503131535",
        "DPCollSIRET": "22350001800013",
        "DPCollNom": "DEPARTEMENT D ILLE ET VILAINE",
        "DPCollModication": "2026-06-01T09:05:32.6745866Z"
      }
    },
    {
      "type": "Feature",
      "geometry": {
        "type": "LineString",
        "coordinates": [
          [
            -1.54476961,
            48.2252636679
          ],
          [
            -1.5449265383,
            48.2252377979
          ],
          [
            -1.5450603577,
            48.2251785694
          ],
          [
            -1.5458711664,
            48.2249616859
          ],
          [
            -1.5486109308,
            48.2244343484
          ],
          [
            -1.5508102307,
            48.2239746493
          ],
          [
            -1.5532064297,
            48.2234838795
          ],
          [
            -1.5540237017,
            48.2233892617
          ]
        ]
      },
      "properties": {
        "CD_TRONC": 15656,
        "INSEE_COM": "35152",
        "NOM_COM": "Liffré",
        "INTERET": "Locale",
        "REVET": "Terre",
        "STAT_JUR": "Chemin Rural",
        "DATE_CP": null,
        "DATE_DEL": "19911107",
        "PRAT_PED": "OUI",
        "PRAT_EQU": "OUI",
        "ADMF_PED": "Ouvert",
        "ADMF_EQU": "Ouvert",
        "PRAT_VEL": null,
        "ADMF_VEL": null,
        "ITIN_PED": "Pédestre Local",
        "ITIN_EQU": "Equestre Local",
        "ITIN_VEL": null,
        "LONGUEUR": 719.38,
        "DATE_MAJ": "20220503131535",
        "DPCollSIRET": "22350001800013",
        "DPCollNom": "DEPARTEMENT D ILLE ET VILAINE",
        "DPCollModication": "2026-06-01T09:05:32.6766564Z"
      }
    },
    {
      "type": "Feature",
      "geometry": {
        "type": "LineString",
        "coordinates": [
          [
            -1.3881406622,
            48.1504431219
          ],
          [
            -1.390340451,
            48.1500773287
          ],
          [
            -1.3923398714,
            48.150913071
          ],
          [
            -1.392963087,
            48.1506501238
          ]
        ]
      },
      "properties": {
        "CD_TRONC": 15711,
        "INSEE_COM": "35031",
        "NOM_COM": "La Bouëxière",
        "INTERET": "Locale",
        "REVET": "Terre",
        "STAT_JUR": "Chemin Départemental",
        "DATE_CP": "20090928",
        "DATE_DEL": "20090630",
        "PRAT_PED": "OUI",
        "PRAT_EQU": "NON",
        "ADMF_PED": "Ouvert",
        "ADMF_EQU": null,
        "PRAT_VEL": null,
        "ADMF_VEL": null,
        "ITIN_PED": "Pédestre Local",
        "ITIN_EQU": null,
        "ITIN_VEL": null,
        "LONGUEUR": 398.68,
        "DATE_MAJ": "20220503131535",
        "DPCollSIRET": "22350001800013",
        "DPCollNom": "DEPARTEMENT D ILLE ET VILAINE",
        "DPCollModication": "2026-06-01T09:05:32.6793639Z"
      }
    },
    {
      "type": "Feature",
      "geometry": {
        "type": "LineString",
        "coordinates": [
          [
            -1.4135074992,
            48.1622574289
          ],
          [
            -1.4134825439,
            48.1610570333
          ],
          [
            -1.4124838369,
            48.1588593814
          ],
          [
            -1.4115430695,
            48.1571444115
          ],
          [
            -1.4115490624,
            48.157054966
          ],
          [
            -1.4119002997,
            48.1568417502
          ]
        ]
      },
      "properties": {
        "CD_TRONC": 15712,
        "INSEE_COM": "35031",
        "NOM_COM": "La Bouëxière",
        "INTERET": "Locale",
        "REVET": "Empierré",
        "STAT_JUR": "Chemin Rural",
        "DATE_CP": "19990426",
        "DATE_DEL": "19990226",
        "PRAT_PED": "OUI",
        "PRAT_EQU": "NON",
        "ADMF_PED": "Ouvert",
        "ADMF_EQU": null,
        "PRAT_VEL": null,
        "ADMF_VEL": null,
        "ITIN_PED": "Pédestre Local",
        "ITIN_EQU": null,
        "ITIN_VEL": null,
        "LONGUEUR": 636.93,
        "DATE_MAJ": "20220503131535",
        "DPCollSIRET": "22350001800013",
        "DPCollNom": "DEPARTEMENT D ILLE ET VILAINE",
        "DPCollModication": "2026-06-01T09:05:32.6814537Z"
      }
    },
    {
      "type": "Feature",
      "geometry": {
        "type": "LineString",
        "coordinates": [
          [
            -1.3946463206,
            48.1576033434
          ],
          [
            -1.3910201624,
            48.1567912844
          ],
          [
            -1.3894987905,
            48.1598760032
          ],
          [
            -1.3932873943,
            48.1603071577
          ]
        ]
      },
      "properties": {
        "CD_TRONC": 15713,
        "INSEE_COM": "35031",
        "NOM_COM": "La Bouëxière",
        "INTERET": "Locale",
        "REVET": "Empierré",
        "STAT_JUR": "Chemin Rural",
        "DATE_CP": "20090928",
        "DATE_DEL": "20090630",
        "PRAT_PED": "OUI",
        "PRAT_EQU": "NON",
        "ADMF_PED": "Ouvert",
        "ADMF_EQU": null,
        "PRAT_VEL": null,
        "ADMF_VEL": null,
        "ITIN_PED": "Pédestre Local",
        "ITIN_EQU": null,
        "ITIN_VEL": null,
        "LONGUEUR": 931.08,
        "DATE_MAJ": "20220503131535",
        "DPCollSIRET": "22350001800013",
        "DPCollNom": "DEPARTEMENT D ILLE ET VILAINE",
        "DPCollModication": "2026-06-01T09:05:32.6834133Z"
      }
    },
    {
      "type": "Feature",
      "geometry": {
        "type": "LineString",
        "coordinates": [
          [
            -1.4737102713,
            48.2054257292
          ],
          [
            -1.4730722475,
            48.2054697439
          ],
          [
            -1.4723785893,
            48.2053347158
          ],
          [
            -1.4715739452,
            48.205178655
          ],
          [
            -1.4714517321,
            48.2052319528
          ],
          [
            -1.4706604173,
            48.2067913265
          ]
        ]
      },
      "properties": {
        "CD_TRONC": 15714,
        "INSEE_COM": "35031",
        "NOM_COM": "La Bouëxière",
        "INTERET": "Locale",
        "REVET": "Terre",
        "STAT_JUR": "Chemin Rural",
        "DATE_CP": "20090928",
        "DATE_DEL": "20090630",
        "PRAT_PED": "OUI",
        "PRAT_EQU": "NON",
        "ADMF_PED": "Ouvert",
        "ADMF_EQU": null,
        "PRAT_VEL": null,
        "ADMF_VEL": null,
        "ITIN_PED": "Pédestre Local",
        "ITIN_EQU": null,
        "ITIN_VEL": null,
        "LONGUEUR": 357.41,
        "DATE_MAJ": "20220503131535",
        "DPCollSIRET": "22350001800013",
        "DPCollNom": "DEPARTEMENT D ILLE ET VILAINE",
        "DPCollModication": "2026-06-01T09:05:32.6853625Z"
      }
    },
    {
      "type": "Feature",
      "geometry": {
        "type": "LineString",
        "coordinates": [
          [
            -1.4491236373,
            48.1993320943
          ],
          [
            -1.4490822106,
            48.1997518234
          ],
          [
            -1.4490230089,
            48.200344356
          ],
          [
            -1.4489187224,
            48.2009457979
          ],
          [
            -1.4488189163,
            48.2013127531
          ],
          [
            -1.4487818315,
            48.2014484332
          ]
        ]
      },
      "properties": {
        "CD_TRONC": 15715,
        "INSEE_COM": "35031",
        "NOM_COM": "La Bouëxière",
        "INTERET": "Locale",
        "REVET": "Terre",
        "STAT_JUR": "Chemin Rural",
        "DATE_CP": "20090928",
        "DATE_DEL": "20090630",
        "PRAT_PED": "OUI",
        "PRAT_EQU": "NON",
        "ADMF_PED": "Ouvert",
        "ADMF_EQU": null,
        "PRAT_VEL": null,
        "ADMF_VEL": null,
        "ITIN_PED": "Pédestre Local",
        "ITIN_EQU": null,
        "ITIN_VEL": null,
        "LONGUEUR": 236.82,
        "DATE_MAJ": "20220503131535",
        "DPCollSIRET": "22350001800013",
        "DPCollNom": "DEPARTEMENT D ILLE ET VILAINE",
        "DPCollModication": "2026-06-01T09:05:32.6873836Z"
      }
    },
    {
      "type": "Feature",
      "geometry": {
        "type": "LineString",
        "coordinates": [
          [
            -1.5838956105,
            48.2197805357
          ],
          [
            -1.5856731577,
            48.2198574968
          ]
        ]
      },
      "properties": {
        "CD_TRONC": 15716,
        "INSEE_COM": "35067",
        "NOM_COM": "Chasné-sur-Illet",
        "INTERET": "Locale",
        "REVET": "Goudron",
        "STAT_JUR": "Voie Communale",
        "DATE_CP": "20130224",
        "DATE_DEL": "20020530",
        "PRAT_PED": "OUI",
        "PRAT_EQU": "NON",
        "ADMF_PED": "Ouvert",
        "ADMF_EQU": null,
        "PRAT_VEL": null,
        "ADMF_VEL": null,
        "ITIN_PED": "Pédestre Local",
        "ITIN_EQU": null,
        "ITIN_VEL": null,
        "LONGUEUR": 132.3,
        "DATE_MAJ": "20220503131535",
        "DPCollSIRET": "22350001800013",
        "DPCollNom": "DEPARTEMENT D ILLE ET VILAINE",
        "DPCollModication": "2026-06-01T09:05:32.6895412Z"
      }
    },
    {
      "type": "Feature",
      "geometry": {
        "type": "LineString",
        "coordinates": [
          [
            -1.5912326473,
            48.2386091457
          ],
          [
            -1.5913783519,
            48.2381600448
          ],
          [
            -1.5914449282,
            48.2373138475
          ],
          [
            -1.5915945585,
            48.2370646798
          ],
          [
            -1.5917057434,
            48.2365601388
          ],
          [
            -1.5919678589,
            48.2357595111
          ],
          [
            -1.5918778699,
            48.2356557573
          ],
          [
            -1.5914024901,
            48.2355417555
          ]
        ]
      },
      "properties": {
        "CD_TRONC": 15718,
        "INSEE_COM": "35067",
        "NOM_COM": "Chasné-sur-Illet",
        "INTERET": "Locale",
        "REVET": "Terre",
        "STAT_JUR": "Chemin Rural",
        "DATE_CP": null,
        "DATE_DEL": "20020530",
        "PRAT_PED": "NON",
        "PRAT_EQU": "OUI",
        "ADMF_PED": null,
        "ADMF_EQU": "Fermé",
        "PRAT_VEL": null,
        "ADMF_VEL": null,
        "ITIN_PED": null,
        "ITIN_EQU": "Equestre Local",
        "ITIN_VEL": null,
        "LONGUEUR": 373.68,
        "DATE_MAJ": "20220503131535",
        "DPCollSIRET": "22350001800013",
        "DPCollNom": "DEPARTEMENT D ILLE ET VILAINE",
        "DPCollModication": "2026-06-01T09:05:32.6915923Z"
      }
    },
    {
      "type": "Feature",
      "geometry": {
        "type": "LineString",
        "coordinates": [
          [
            -1.5849762765,
            48.233475179
          ],
          [
            -1.5846754832,
            48.2333516669
          ],
          [
            -1.5833046745,
            48.2330705148
          ],
          [
            -1.5825620901,
            48.2327532467
          ],
          [
            -1.5797998965,
            48.2319843821
          ],
          [
            -1.5792579859,
            48.2318026141
          ],
          [
            -1.5774180577,
            48.2304373191
          ]
        ]
      },
      "properties": {
        "CD_TRONC": 15719,
        "INSEE_COM": "35067",
        "NOM_COM": "Chasné-sur-Illet",
        "INTERET": "Locale",
        "REVET": "Goudron",
        "STAT_JUR": "Chemin Rural",
        "DATE_CP": null,
        "DATE_DEL": "20020530",
        "PRAT_PED": "NON",
        "PRAT_EQU": "OUI",
        "ADMF_PED": null,
        "ADMF_EQU": "Fermé",
        "PRAT_VEL": null,
        "ADMF_VEL": null,
        "ITIN_PED": null,
        "ITIN_EQU": "Equestre Local",
        "ITIN_VEL": null,
        "LONGUEUR": 669.53,
        "DATE_MAJ": "20220503131535",
        "DPCollSIRET": "22350001800013",
        "DPCollNom": "DEPARTEMENT D ILLE ET VILAINE",
        "DPCollModication": "2026-06-01T09:05:32.6935603Z"
      }
    },
    {
      "type": "Feature",
      "geometry": {
        "type": "LineString",
        "coordinates": [
          [
            -1.5774180577,
            48.2304373191
          ],
          [
            -1.5764892332,
            48.2313764182
          ]
        ]
      },
      "properties": {
        "CD_TRONC": 15720,
        "INSEE_COM": "35067",
        "NOM_COM": "Chasné-sur-Illet",
        "INTERET": "Locale",
        "REVET": "Goudron",
        "STAT_JUR": "Voie Communale",
        "DATE_CP": "20030224",
        "DATE_DEL": "20020530",
        "PRAT_PED": "OUI",
        "PRAT_EQU": "OUI",
        "ADMF_PED": "Ouvert",
        "ADMF_EQU": "Fermé",
        "PRAT_VEL": null,
        "ADMF_VEL": null,
        "ITIN_PED": "Pédestre Local",
        "ITIN_EQU": "Equestre Local",
        "ITIN_VEL": null,
        "LONGUEUR": 125.1,
        "DATE_MAJ": "20220503131535",
        "DPCollSIRET": "22350001800013",
        "DPCollNom": "DEPARTEMENT D ILLE ET VILAINE",
        "DPCollModication": "2026-06-01T09:05:32.6956917Z"
      }
    },
    {
      "type": "Feature",
      "geometry": {
        "type": "LineString",
        "coordinates": [
          [
            -1.5244272332,
            48.272023654
          ],
          [
            -1.523414665,
            48.2718812782
          ],
          [
            -1.5225604327,
            48.2717905116
          ],
          [
            -1.5212177191,
            48.2713876835
          ],
          [
            -1.5199307781,
            48.2711782724
          ],
          [
            -1.5170476073,
            48.2715913452
          ]
        ]
      },
      "properties": {
        "CD_TRONC": 15721,
        "INSEE_COM": "35107",
        "NOM_COM": "Ercé-près-Liffré",
        "INTERET": "Départementale",
        "REVET": "Terre",
        "STAT_JUR": "Chemin Rural",
        "DATE_CP": null,
        "DATE_DEL": "19910328",
        "PRAT_PED": "OUI",
        "PRAT_EQU": "OUI",
        "ADMF_PED": "Ouvert",
        "ADMF_EQU": "Fermé",
        "PRAT_VEL": null,
        "ADMF_VEL": null,
        "ITIN_PED": "Grande Randonnée",
        "ITIN_EQU": "Equestre Local",
        "ITIN_VEL": null,
        "LONGUEUR": 567.26,
        "DATE_MAJ": "20220503131535",
        "DPCollSIRET": "22350001800013",
        "DPCollNom": "DEPARTEMENT D ILLE ET VILAINE",
        "DPCollModication": "2026-06-01T09:05:32.6972567Z"
      }
    },
    {
      "type": "Feature",
      "geometry": {
        "type": "LineString",
        "coordinates": [
          [
            -1.5169093519,
            48.2560360758
          ],
          [
            -1.5175813653,
            48.2558778941
          ],
          [
            -1.5178310504,
            48.255610592
          ]
        ]
      },
      "properties": {
        "CD_TRONC": 15722,
        "INSEE_COM": "35107",
        "NOM_COM": "Ercé-près-Liffré",
        "INTERET": "Départementale",
        "REVET": "Goudron",
        "STAT_JUR": "Route Départementale",
        "DATE_CP": "20090928",
        "DATE_DEL": "19910328",
        "PRAT_PED": "OUI",
        "PRAT_EQU": "NON",
        "ADMF_PED": "Ouvert",
        "ADMF_EQU": null,
        "PRAT_VEL": null,
        "ADMF_VEL": null,
        "ITIN_PED": "Grande Randonnée",
        "ITIN_EQU": null,
        "ITIN_VEL": null,
        "LONGUEUR": 87.9,
        "DATE_MAJ": "20220503131535",
        "DPCollSIRET": "22350001800013",
        "DPCollNom": "DEPARTEMENT D ILLE ET VILAINE",
        "DPCollModication": "2026-06-01T09:05:32.6987753Z"
      }
    },
    {
      "type": "Feature",
      "geometry": {
        "type": "LineString",
        "coordinates": [
          [
            -1.5245520351,
            48.2623369816
          ],
          [
            -1.5261839835,
            48.2625268089
          ],
          [
            -1.5276605501,
            48.2633426178
          ],
          [
            -1.5277412359,
            48.2644381275
          ],
          [
            -1.5276524267,
            48.2657915759
          ],
          [
            -1.5275129921,
            48.266462028
          ],
          [
            -1.5283967431,
            48.2669283392
          ]
        ]
      },
      "properties": {
        "CD_TRONC": 15725,
        "INSEE_COM": "35107",
        "NOM_COM": "Ercé-près-Liffré",
        "INTERET": "Locale",
        "REVET": "Goudron",
        "STAT_JUR": "Voie Communale",
        "DATE_CP": null,
        "DATE_DEL": "19910328",
        "PRAT_PED": "NON",
        "PRAT_EQU": "OUI",
        "ADMF_PED": null,
        "ADMF_EQU": "Fermé",
        "PRAT_VEL": null,
        "ADMF_VEL": null,
        "ITIN_PED": null,
        "ITIN_EQU": "Equestre Local",
        "ITIN_VEL": null,
        "LONGUEUR": 696.44,
        "DATE_MAJ": "20220503131535",
        "DPCollSIRET": "22350001800013",
        "DPCollNom": "DEPARTEMENT D ILLE ET VILAINE",
        "DPCollModication": "2026-06-01T09:05:32.7021285Z"
      }
    },
    {
      "type": "Feature",
      "geometry": {
        "type": "LineString",
        "coordinates": [
          [
            -1.5259634829,
            48.2582489914
          ],
          [
            -1.5247441313,
            48.2583515832
          ],
          [
            -1.5242926265,
            48.2587987661
          ],
          [
            -1.523686236,
            48.2595483841
          ],
          [
            -1.5234627495,
            48.2603563355
          ]
        ]
      },
      "properties": {
        "CD_TRONC": 15726,
        "INSEE_COM": "35107",
        "NOM_COM": "Ercé-près-Liffré",
        "INTERET": "Locale",
        "REVET": "Goudron",
        "STAT_JUR": "Chemin Rural",
        "DATE_CP": null,
        "DATE_DEL": "19910328",
        "PRAT_PED": "NON",
        "PRAT_EQU": "OUI",
        "ADMF_PED": null,
        "ADMF_EQU": "Fermé",
        "PRAT_VEL": null,
        "ADMF_VEL": null,
        "ITIN_PED": null,
        "ITIN_EQU": "Equestre Local",
        "ITIN_VEL": null,
        "LONGUEUR": 337.16,
        "DATE_MAJ": "20220503131535",
        "DPCollSIRET": "22350001800013",
        "DPCollNom": "DEPARTEMENT D ILLE ET VILAINE",
        "DPCollModication": "2026-06-01T09:05:32.7039345Z"
      }
    },
    {
      "type": "Feature",
      "geometry": {
        "type": "LineString",
        "coordinates": [
          [
            -1.5855699109,
            48.2179886088
          ],
          [
            -1.5857273141,
            48.2187747353
          ],
          [
            -1.5856731577,
            48.2198574968
          ]
        ]
      },
      "properties": {
        "CD_TRONC": 15727,
        "INSEE_COM": "35067",
        "NOM_COM": "Chasné-sur-Illet",
        "INTERET": "Locale",
        "REVET": "Terre",
        "STAT_JUR": "Chemin Rural",
        "DATE_CP": "20030224",
        "DATE_DEL": "20020530",
        "PRAT_PED": "OUI",
        "PRAT_EQU": "NON",
        "ADMF_PED": "Ouvert",
        "ADMF_EQU": null,
        "PRAT_VEL": null,
        "ADMF_VEL": null,
        "ITIN_PED": "Pédestre Local",
        "ITIN_EQU": null,
        "ITIN_VEL": null,
        "LONGUEUR": 208.55,
        "DATE_MAJ": "20220503131535",
        "DPCollSIRET": "22350001800013",
        "DPCollNom": "DEPARTEMENT D ILLE ET VILAINE",
        "DPCollModication": "2026-06-01T09:05:32.7066156Z"
      }
    },
    {
      "type": "Feature",
      "geometry": {
        "type": "LineString",
        "coordinates": [
          [
            -1.5234173105,
            48.1999517312
          ],
          [
            -1.5230382083,
            48.1999013736
          ],
          [
            -1.5227158543,
            48.1999939439
          ],
          [
            -1.5217082001,
            48.2003957773
          ],
          [
            -1.5212357526,
            48.2005932349
          ],
          [
            -1.5208282835,
            48.200573699
          ],
          [
            -1.5207845785,
            48.2008187159
          ],
          [
            -1.521111748,
            48.2020715593
          ]
        ]
      },
      "properties": {
        "CD_TRONC": 15728,
        "INSEE_COM": "35152",
        "NOM_COM": "Liffré",
        "INTERET": "Locale",
        "REVET": "Goudron",
        "STAT_JUR": "Chemin Rural",
        "DATE_CP": null,
        "DATE_DEL": "19911107",
        "PRAT_PED": "OUI",
        "PRAT_EQU": "NON",
        "ADMF_PED": "Ouvert",
        "ADMF_EQU": null,
        "PRAT_VEL": null,
        "ADMF_VEL": null,
        "ITIN_PED": "Pédestre Local",
        "ITIN_EQU": null,
        "ITIN_VEL": null,
        "LONGUEUR": 382.47,
        "DATE_MAJ": "20220503131535",
        "DPCollSIRET": "22350001800013",
        "DPCollNom": "DEPARTEMENT D ILLE ET VILAINE",
        "DPCollModication": "2026-06-01T09:05:32.7089201Z"
      }
    },
    {
      "type": "Feature",
      "geometry": {
        "type": "LineString",
        "coordinates": [
          [
            -1.5106558709,
            48.2144981046
          ],
          [
            -1.5129155552,
            48.2167459644
          ]
        ]
      },
      "properties": {
        "CD_TRONC": 15729,
        "INSEE_COM": "35152",
        "NOM_COM": "Liffré",
        "INTERET": "Locale",
        "REVET": "Goudron",
        "STAT_JUR": "Route Départementale",
        "DATE_CP": null,
        "DATE_DEL": "19911107",
        "PRAT_PED": "OUI",
        "PRAT_EQU": "NON",
        "ADMF_PED": "Ouvert",
        "ADMF_EQU": null,
        "PRAT_VEL": null,
        "ADMF_VEL": null,
        "ITIN_PED": "Pédestre Local",
        "ITIN_EQU": null,
        "ITIN_VEL": null,
        "LONGUEUR": 300.97,
        "DATE_MAJ": "20220503131535",
        "DPCollSIRET": "22350001800013",
        "DPCollNom": "DEPARTEMENT D ILLE ET VILAINE",
        "DPCollModication": "2026-06-01T09:05:32.7110689Z"
      }
    },
    {
      "type": "Feature",
      "geometry": {
        "type": "LineString",
        "coordinates": [
          [
            -1.5866513921,
            48.1881664103
          ],
          [
            -1.586679258,
            48.1881148528
          ],
          [
            -1.5866805846,
            48.1880526102
          ],
          [
            -1.5866486398,
            48.1879952667
          ],
          [
            -1.5865950298,
            48.1879522854
          ],
          [
            -1.5907186187,
            48.1837908939
          ]
        ]
      },
      "properties": {
        "CD_TRONC": 15732,
        "INSEE_COM": "35152",
        "NOM_COM": "Liffré",
        "INTERET": "Locale",
        "REVET": "Empierré",
        "STAT_JUR": "Voie Privée",
        "DATE_CP": null,
        "DATE_DEL": "20090619",
        "PRAT_PED": "NON",
        "PRAT_EQU": "OUI",
        "ADMF_PED": null,
        "ADMF_EQU": "Fermé",
        "PRAT_VEL": null,
        "ADMF_VEL": null,
        "ITIN_PED": null,
        "ITIN_EQU": "Equestre Local",
        "ITIN_VEL": null,
        "LONGUEUR": 580.83,
        "DATE_MAJ": "20220503131535",
        "DPCollSIRET": "22350001800013",
        "DPCollNom": "DEPARTEMENT D ILLE ET VILAINE",
        "DPCollModication": "2026-06-01T09:05:32.7137094Z"
      }
    },
    {
      "type": "Feature",
      "geometry": {
        "type": "LineString",
        "coordinates": [
          [
            -1.5265913192,
            48.2298744936
          ],
          [
            -1.5229240411,
            48.2266885321
          ],
          [
            -1.5211926242,
            48.2250902453
          ]
        ]
      },
      "properties": {
        "CD_TRONC": 15733,
        "INSEE_COM": "35152",
        "NOM_COM": "Liffré",
        "INTERET": "Départementale",
        "REVET": "Terre",
        "STAT_JUR": "Voie Privée",
        "DATE_CP": null,
        "DATE_DEL": "19911107",
        "PRAT_PED": "NON",
        "PRAT_EQU": "OUI",
        "ADMF_PED": null,
        "ADMF_EQU": "Ouvert",
        "PRAT_VEL": null,
        "ADMF_VEL": null,
        "ITIN_PED": null,
        "ITIN_EQU": "Equibreizh",
        "ITIN_VEL": null,
        "LONGUEUR": 665.98,
        "DATE_MAJ": "20220503131535",
        "DPCollSIRET": "22350001800013",
        "DPCollNom": "DEPARTEMENT D ILLE ET VILAINE",
        "DPCollModication": "2026-06-01T09:05:32.7157796Z"
      }
    },
    {
      "type": "Feature",
      "geometry": {
        "type": "LineString",
        "coordinates": [
          [
            -1.54476961,
            48.2252636679
          ],
          [
            -1.5447058043,
            48.2276364574
          ],
          [
            -1.5446754839,
            48.2287551948
          ],
          [
            -1.544663427,
            48.2293036285
          ],
          [
            -1.5436914009,
            48.2294663207
          ],
          [
            -1.5431368586,
            48.2293551772
          ],
          [
            -1.542783789,
            48.229343529
          ],
          [
            -1.5422465509,
            48.2293705102
          ],
          [
            -1.5417806559,
            48.2296461968
          ],
          [
            -1.5414831195,
            48.2297937341
          ],
          [
            -1.5411760642,
            48.229956057
          ],
          [
            -1.5411031772,
            48.2301120754
          ],
          [
            -1.5410699727,
            48.2301494032
          ],
          [
            -1.5406337469,
            48.2302842476
          ],
          [
            -1.540027776,
            48.2304373348
          ],
          [
            -1.5397935753,
            48.230458959
          ],
          [
            -1.5397229658,
            48.2304535629
          ]
        ]
      },
      "properties": {
        "CD_TRONC": 15734,
        "INSEE_COM": "35152",
        "NOM_COM": "Liffré",
        "INTERET": "Départementale",
        "REVET": "Terre",
        "STAT_JUR": "Voie Privée",
        "DATE_CP": null,
        "DATE_DEL": "19911107",
        "PRAT_PED": "NON",
        "PRAT_EQU": "OUI",
        "ADMF_PED": null,
        "ADMF_EQU": "Ouvert",
        "PRAT_VEL": null,
        "ADMF_VEL": null,
        "ITIN_PED": null,
        "ITIN_EQU": "Equibreizh",
        "ITIN_VEL": null,
        "LONGUEUR": 865.15,
        "DATE_MAJ": "20220503131535",
        "DPCollSIRET": "22350001800013",
        "DPCollNom": "DEPARTEMENT D ILLE ET VILAINE",
        "DPCollModication": "2026-06-01T09:05:32.718712Z"
      }
    },
    {
      "type": "Feature",
      "geometry": {
        "type": "LineString",
        "coordinates": [
          [
            -1.5225820733,
            48.2102230359
          ],
          [
            -1.5255876811,
            48.2057150373
          ],
          [
            -1.5272354659,
            48.2037699772
          ]
        ]
      },
      "properties": {
        "CD_TRONC": 15735,
        "INSEE_COM": "35152",
        "NOM_COM": "Liffré",
        "INTERET": "Locale",
        "REVET": "Goudron",
        "STAT_JUR": "Route Départementale",
        "DATE_CP": null,
        "DATE_DEL": "19911107",
        "PRAT_PED": "OUI",
        "PRAT_EQU": "NON",
        "ADMF_PED": "Fermé",
        "ADMF_EQU": null,
        "PRAT_VEL": null,
        "ADMF_VEL": null,
        "ITIN_PED": "Pédestre Local",
        "ITIN_EQU": null,
        "ITIN_VEL": null,
        "LONGUEUR": 796.93,
        "DATE_MAJ": "20220503131535",
        "DPCollSIRET": "22350001800013",
        "DPCollNom": "DEPARTEMENT D ILLE ET VILAINE",
        "DPCollModication": "2026-06-01T09:05:32.7213775Z"
      }
    },
    {
      "type": "Feature",
      "geometry": {
        "type": "LineString",
        "coordinates": [
          [
            -1.4270627304,
            48.203584686
          ],
          [
            -1.4271870911,
            48.2024967709
          ],
          [
            -1.4273560921,
            48.2018442649
          ],
          [
            -1.4275641482,
            48.2016408962
          ]
        ]
      },
      "properties": {
        "CD_TRONC": 15736,
        "INSEE_COM": "35152",
        "NOM_COM": "Liffré",
        "INTERET": "Locale",
        "REVET": "Terre",
        "STAT_JUR": "Chemin Rural",
        "DATE_CP": null,
        "DATE_DEL": "19911107",
        "PRAT_PED": "OUI",
        "PRAT_EQU": "NON",
        "ADMF_PED": "Ouvert",
        "ADMF_EQU": null,
        "PRAT_VEL": null,
        "ADMF_VEL": null,
        "ITIN_PED": "Pédestre Local",
        "ITIN_EQU": null,
        "ITIN_VEL": null,
        "LONGUEUR": 222.24,
        "DATE_MAJ": "20220503131535",
        "DPCollSIRET": "22350001800013",
        "DPCollNom": "DEPARTEMENT D ILLE ET VILAINE",
        "DPCollModication": "2026-06-01T09:05:32.7244933Z"
      }
    },
    {
      "type": "Feature",
      "geometry": {
        "type": "LineString",
        "coordinates": [
          [
            -1.4223913334,
            48.2235636366
          ],
          [
            -1.4219449386,
            48.2229206885
          ],
          [
            -1.4213279155,
            48.2227194045
          ],
          [
            -1.4205341295,
            48.2222435661
          ],
          [
            -1.4203048448,
            48.2217447827
          ],
          [
            -1.4199935816,
            48.2206542832
          ],
          [
            -1.4198297578,
            48.2202927319
          ],
          [
            -1.419565467,
            48.2196979292
          ],
          [
            -1.4192397774,
            48.2191910377
          ],
          [
            -1.4178723569,
            48.2185311873
          ],
          [
            -1.4171134132,
            48.2177458169
          ],
          [
            -1.4166037729,
            48.2176342156
          ],
          [
            -1.4164223539,
            48.2173841649
          ],
          [
            -1.416153181,
            48.21724554
          ],
          [
            -1.4158447806,
            48.2174274033
          ],
          [
            -1.4154984617,
            48.2175268736
          ],
          [
            -1.415341078,
            48.2177247144
          ]
        ]
      },
      "properties": {
        "CD_TRONC": 15738,
        "INSEE_COM": "35152",
        "NOM_COM": "Liffré",
        "INTERET": "Départementale",
        "REVET": "Terre",
        "STAT_JUR": "Voie Privée",
        "DATE_CP": null,
        "DATE_DEL": "19911107",
        "PRAT_PED": "OUI",
        "PRAT_EQU": "OUI",
        "ADMF_PED": "Ouvert",
        "ADMF_EQU": "Ouvert",
        "PRAT_VEL": null,
        "ADMF_VEL": null,
        "ITIN_PED": "Grande Randonnée",
        "ITIN_EQU": "Equestre Local",
        "ITIN_VEL": null,
        "LONGUEUR": 971.16,
        "DATE_MAJ": "20220503131535",
        "DPCollSIRET": "22350001800013",
        "DPCollNom": "DEPARTEMENT D ILLE ET VILAINE",
        "DPCollModication": "2026-06-01T09:05:32.7269817Z"
      }
    },
    {
      "type": "Feature",
      "geometry": {
        "type": "LineString",
        "coordinates": [
          [
            -1.3881406622,
            48.1504431219
          ],
          [
            -1.3886452002,
            48.1493681159
          ],
          [
            -1.3868586243,
            48.1486289341
          ],
          [
            -1.3848220848,
            48.1477980897
          ]
        ]
      },
      "properties": {
        "CD_TRONC": 15578,
        "INSEE_COM": "35031",
        "NOM_COM": "La Bouëxière",
        "INTERET": "Locale",
        "REVET": "Terre",
        "STAT_JUR": "Chemin Départemental",
        "DATE_CP": "20090928",
        "DATE_DEL": "20090630",
        "PRAT_PED": "OUI",
        "PRAT_EQU": "NON",
        "ADMF_PED": "Ouvert",
        "ADMF_EQU": null,
        "PRAT_VEL": null,
        "ADMF_VEL": null,
        "ITIN_PED": "Pédestre Local",
        "ITIN_EQU": null,
        "ITIN_VEL": null,
        "LONGUEUR": 458.82,
        "DATE_MAJ": "20220503131535",
        "DPCollSIRET": "22350001800013",
        "DPCollNom": "DEPARTEMENT D ILLE ET VILAINE",
        "DPCollModication": "2026-06-01T09:05:32.7739747Z"
      }
    },
    {
      "type": "Feature",
      "geometry": {
        "type": "LineString",
        "coordinates": [
          [
            -1.418379561,
            48.1675471819
          ],
          [
            -1.4189896357,
            48.1668529094
          ],
          [
            -1.4195412729,
            48.166474449
          ],
          [
            -1.4194151776,
            48.1660465878
          ],
          [
            -1.4196450483,
            48.1653007706
          ]
        ]
      },
      "properties": {
        "CD_TRONC": 15579,
        "INSEE_COM": "35031",
        "NOM_COM": "La Bouëxière",
        "INTERET": "Locale",
        "REVET": "Empierré",
        "STAT_JUR": "Chemin Rural",
        "DATE_CP": "19990426",
        "DATE_DEL": "19990226",
        "PRAT_PED": "OUI",
        "PRAT_EQU": "NON",
        "ADMF_PED": "Ouvert",
        "ADMF_EQU": null,
        "PRAT_VEL": null,
        "ADMF_VEL": null,
        "ITIN_PED": "Pédestre Local",
        "ITIN_EQU": null,
        "ITIN_VEL": null,
        "LONGUEUR": 281.34,
        "DATE_MAJ": "20220503131535",
        "DPCollSIRET": "22350001800013",
        "DPCollNom": "DEPARTEMENT D ILLE ET VILAINE",
        "DPCollModication": "2026-06-01T09:05:32.7761855Z"
      }
    },
    {
      "type": "Feature",
      "geometry": {
        "type": "LineString",
        "coordinates": [
          [
            -1.4436923803,
            48.1982606471
          ],
          [
            -1.4464986479,
            48.1978412957
          ]
        ]
      },
      "properties": {
        "CD_TRONC": 15580,
        "INSEE_COM": "35031",
        "NOM_COM": "La Bouëxière",
        "INTERET": "Locale",
        "REVET": "Goudron",
        "STAT_JUR": "Route Départementale",
        "DATE_CP": "19990426",
        "DATE_DEL": "19981221",
        "PRAT_PED": "OUI",
        "PRAT_EQU": "NON",
        "ADMF_PED": "Ouvert",
        "ADMF_EQU": null,
        "PRAT_VEL": null,
        "ADMF_VEL": null,
        "ITIN_PED": "Pédestre Local",
        "ITIN_EQU": null,
        "ITIN_VEL": null,
        "LONGUEUR": 213.65,
        "DATE_MAJ": "20220503131535",
        "DPCollSIRET": "22350001800013",
        "DPCollNom": "DEPARTEMENT D ILLE ET VILAINE",
        "DPCollModication": "2026-06-01T09:05:32.7784074Z"
      }
    },
    {
      "type": "Feature",
      "geometry": {
        "type": "LineString",
        "coordinates": [
          [
            -1.4937037511,
            48.2717758436
          ],
          [
            -1.4933868851,
            48.2719383957
          ],
          [
            -1.4929074222,
            48.2721413756
          ],
          [
            -1.49256347,
            48.2722238469
          ],
          [
            -1.4926010995,
            48.2728072974
          ],
          [
            -1.4935962968,
            48.2729686191
          ],
          [
            -1.4953227806,
            48.2732832549
          ],
          [
            -1.4968614658,
            48.273453611
          ],
          [
            -1.4983209691,
            48.2735819017
          ],
          [
            -1.4992989859,
            48.2736681293
          ],
          [
            -1.5002761127,
            48.2738228745
          ],
          [
            -1.5013087479,
            48.273758306
          ],
          [
            -1.5028678624,
            48.2736934925
          ],
          [
            -1.5034710862,
            48.2736434663
          ],
          [
            -1.5042663067,
            48.2736284748
          ],
          [
            -1.5058501753,
            48.2734743593
          ],
          [
            -1.5073930896,
            48.2732677117
          ],
          [
            -1.5088376113,
            48.2731260808
          ],
          [
            -1.5094601607,
            48.2730653727
          ],
          [
            -1.509625511,
            48.2729626319
          ]
        ]
      },
      "properties": {
        "CD_TRONC": 15585,
        "INSEE_COM": "35107",
        "NOM_COM": "Ercé-près-Liffré",
        "INTERET": "Locale",
        "REVET": "Terre",
        "STAT_JUR": "Chemin Rural",
        "DATE_CP": "20090928",
        "DATE_DEL": "20090504",
        "PRAT_PED": "OUI",
        "PRAT_EQU": "NON",
        "ADMF_PED": "Ouvert",
        "ADMF_EQU": null,
        "PRAT_VEL": null,
        "ADMF_VEL": null,
        "ITIN_PED": "Pédestre Local",
        "ITIN_EQU": null,
        "ITIN_VEL": null,
        "LONGUEUR": 1449.47,
        "DATE_MAJ": "20220503131535",
        "DPCollSIRET": "22350001800013",
        "DPCollNom": "DEPARTEMENT D ILLE ET VILAINE",
        "DPCollModication": "2026-06-01T09:05:32.7866052Z"
      }
    },
    {
      "type": "Feature",
      "geometry": {
        "type": "LineString",
        "coordinates": [
          [
            -1.5161529664,
            48.2704782917
          ],
          [
            -1.515498273,
            48.2692821615
          ],
          [
            -1.5145712085,
            48.2672546954
          ],
          [
            -1.5137448936,
            48.2658821658
          ]
        ]
      },
      "properties": {
        "CD_TRONC": 15588,
        "INSEE_COM": "35107",
        "NOM_COM": "Ercé-près-Liffré",
        "INTERET": "Départementale",
        "REVET": "Goudron",
        "STAT_JUR": "Chemin Rural",
        "DATE_CP": "20090928",
        "DATE_DEL": "19910328",
        "PRAT_PED": "OUI",
        "PRAT_EQU": "NON",
        "ADMF_PED": "Ouvert",
        "ADMF_EQU": null,
        "PRAT_VEL": null,
        "ADMF_VEL": null,
        "ITIN_PED": "Grande Randonnée",
        "ITIN_EQU": null,
        "ITIN_VEL": null,
        "LONGUEUR": 541.55,
        "DATE_MAJ": "20220503131535",
        "DPCollSIRET": "22350001800013",
        "DPCollNom": "DEPARTEMENT D ILLE ET VILAINE",
        "DPCollModication": "2026-06-01T09:05:32.7932692Z"
      }
    },
    {
      "type": "Feature",
      "geometry": {
        "type": "LineString",
        "coordinates": [
          [
            -1.5244272332,
            48.272023654
          ],
          [
            -1.5250715868,
            48.2721855314
          ],
          [
            -1.5255922626,
            48.2724476726
          ],
          [
            -1.526795359,
            48.2727332356
          ]
        ]
      },
      "properties": {
        "CD_TRONC": 15589,
        "INSEE_COM": "35107",
        "NOM_COM": "Ercé-près-Liffré",
        "INTERET": "Départementale",
        "REVET": "Terre",
        "STAT_JUR": "Chemin Rural",
        "DATE_CP": null,
        "DATE_DEL": "19910328",
        "PRAT_PED": "OUI",
        "PRAT_EQU": "NON",
        "ADMF_PED": "Ouvert",
        "ADMF_EQU": null,
        "PRAT_VEL": null,
        "ADMF_VEL": null,
        "ITIN_PED": "Grande Randonnée",
        "ITIN_EQU": null,
        "ITIN_VEL": null,
        "LONGUEUR": 194.21,
        "DATE_MAJ": "20220503131535",
        "DPCollSIRET": "22350001800013",
        "DPCollNom": "DEPARTEMENT D ILLE ET VILAINE",
        "DPCollModication": "2026-06-01T09:05:32.7949779Z"
      }
    },
    {
      "type": "Feature",
      "geometry": {
        "type": "LineString",
        "coordinates": [
          [
            -1.5196325092,
            48.2228617094
          ],
          [
            -1.5207678409,
            48.2238961317
          ]
        ]
      },
      "properties": {
        "CD_TRONC": 15590,
        "INSEE_COM": "35152",
        "NOM_COM": "Liffré",
        "INTERET": "Locale",
        "REVET": "Goudron",
        "STAT_JUR": "Route Départementale",
        "DATE_CP": null,
        "DATE_DEL": "19911107",
        "PRAT_PED": "OUI",
        "PRAT_EQU": "NON",
        "ADMF_PED": "Ouvert",
        "ADMF_EQU": null,
        "PRAT_VEL": null,
        "ADMF_VEL": null,
        "ITIN_PED": "Pédestre Local",
        "ITIN_EQU": null,
        "ITIN_VEL": null,
        "LONGUEUR": 142.57,
        "DATE_MAJ": "20220503131535",
        "DPCollSIRET": "22350001800013",
        "DPCollNom": "DEPARTEMENT D ILLE ET VILAINE",
        "DPCollModication": "2026-06-01T09:05:32.7968857Z"
      }
    },
    {
      "type": "Feature",
      "geometry": {
        "type": "LineString",
        "coordinates": [
          [
            -1.5134549162,
            48.2246202935
          ],
          [
            -1.5141081457,
            48.2253812033
          ],
          [
            -1.5146739277,
            48.2258453387
          ]
        ]
      },
      "properties": {
        "CD_TRONC": 15591,
        "INSEE_COM": "35152",
        "NOM_COM": "Liffré",
        "INTERET": "Départementale",
        "REVET": "Terre",
        "STAT_JUR": "Voie Privée",
        "DATE_CP": null,
        "DATE_DEL": "19911107",
        "PRAT_PED": "OUI",
        "PRAT_EQU": "OUI",
        "ADMF_PED": "Ouvert",
        "ADMF_EQU": "Ouvert",
        "PRAT_VEL": null,
        "ADMF_VEL": null,
        "ITIN_PED": "Pédestre Local",
        "ITIN_EQU": "Equibreizh",
        "ITIN_VEL": null,
        "LONGUEUR": 164.02,
        "DATE_MAJ": "20220503131535",
        "DPCollSIRET": "22350001800013",
        "DPCollNom": "DEPARTEMENT D ILLE ET VILAINE",
        "DPCollModication": "2026-06-01T09:05:32.7987832Z"
      }
    },
    {
      "type": "Feature",
      "geometry": {
        "type": "LineString",
        "coordinates": [
          [
            -1.5372128718,
            48.2344362873
          ],
          [
            -1.5367100429,
            48.2346755168
          ],
          [
            -1.5356368562,
            48.2346987247
          ],
          [
            -1.5351630891,
            48.2345546983
          ],
          [
            -1.5350144936,
            48.2342702017
          ],
          [
            -1.5329364627,
            48.2336524328
          ],
          [
            -1.5315587023,
            48.2334592807
          ],
          [
            -1.5309227115,
            48.2333737372
          ],
          [
            -1.5294643726,
            48.232462651
          ],
          [
            -1.5276717119,
            48.2308469729
          ],
          [
            -1.5265913192,
            48.2298744936
          ]
        ]
      },
      "properties": {
        "CD_TRONC": 15592,
        "INSEE_COM": "35152",
        "NOM_COM": "Liffré",
        "INTERET": "Départementale",
        "REVET": "Terre",
        "STAT_JUR": "Voie Privée",
        "DATE_CP": null,
        "DATE_DEL": "19911107",
        "PRAT_PED": "NON",
        "PRAT_EQU": "OUI",
        "ADMF_PED": null,
        "ADMF_EQU": "Ouvert",
        "PRAT_VEL": null,
        "ADMF_VEL": null,
        "ITIN_PED": null,
        "ITIN_EQU": "Equibreizh",
        "ITIN_VEL": null,
        "LONGUEUR": 1025.65,
        "DATE_MAJ": "20220503131535",
        "DPCollSIRET": "22350001800013",
        "DPCollNom": "DEPARTEMENT D ILLE ET VILAINE",
        "DPCollModication": "2026-06-01T09:05:32.8014336Z"
      }
    },
    {
      "type": "Feature",
      "geometry": {
        "type": "LineString",
        "coordinates": [
          [
            -1.4587360566,
            48.2003138632
          ],
          [
            -1.4581411145,
            48.1999100636
          ],
          [
            -1.4580159703,
            48.1994822028
          ],
          [
            -1.4580744736,
            48.1989942305
          ],
          [
            -1.4595788221,
            48.1989454904
          ],
          [
            -1.4596870892,
            48.1978346883
          ],
          [
            -1.4596286526,
            48.1970320986
          ],
          [
            -1.4597699734,
            48.1967266469
          ],
          [
            -1.4600046216,
            48.1960742979
          ],
          [
            -1.4600059762,
            48.1956759024
          ]
        ]
      },
      "properties": {
        "CD_TRONC": 15593,
        "INSEE_COM": "35031",
        "NOM_COM": "La Bouëxière",
        "INTERET": "Locale",
        "REVET": "Terre",
        "STAT_JUR": "Chemin Rural",
        "DATE_CP": null,
        "DATE_DEL": "19981221",
        "PRAT_PED": "OUI",
        "PRAT_EQU": "NON",
        "ADMF_PED": "Ouvert",
        "ADMF_EQU": null,
        "PRAT_VEL": null,
        "ADMF_VEL": null,
        "ITIN_PED": "Pédestre Local",
        "ITIN_EQU": null,
        "ITIN_VEL": null,
        "LONGUEUR": 645.14,
        "DATE_MAJ": "20220503131535",
        "DPCollSIRET": "22350001800013",
        "DPCollNom": "DEPARTEMENT D ILLE ET VILAINE",
        "DPCollModication": "2026-06-01T09:05:32.8039242Z"
      }
    },
    {
      "type": "Feature",
      "geometry": {
        "type": "LineString",
        "coordinates": [
          [
            -1.529264771,
            48.2159204974
          ],
          [
            -1.5272897304,
            48.2147182856
          ],
          [
            -1.5271535371,
            48.2139646462
          ],
          [
            -1.524642085,
            48.2136283535
          ],
          [
            -1.5237482304,
            48.2135048989
          ],
          [
            -1.5233273791,
            48.2133777295
          ],
          [
            -1.5226245856,
            48.2132649687
          ],
          [
            -1.5210187036,
            48.2127478898
          ],
          [
            -1.5208917648,
            48.2126671329
          ],
          [
            -1.5208148906,
            48.2125411975
          ],
          [
            -1.5206482052,
            48.2124529504
          ]
        ]
      },
      "properties": {
        "CD_TRONC": 15595,
        "INSEE_COM": "35152",
        "NOM_COM": "Liffré",
        "INTERET": "Locale",
        "REVET": "Empierré",
        "STAT_JUR": "Chemin Rural",
        "DATE_CP": null,
        "DATE_DEL": "19911107",
        "PRAT_PED": "OUI",
        "PRAT_EQU": "OUI",
        "ADMF_PED": "Ouvert",
        "ADMF_EQU": "Ouvert",
        "PRAT_VEL": null,
        "ADMF_VEL": null,
        "ITIN_PED": "Pédestre Local",
        "ITIN_EQU": "Equestre Local",
        "ITIN_VEL": null,
        "LONGUEUR": 805.17,
        "DATE_MAJ": "20220503131535",
        "DPCollSIRET": "22350001800013",
        "DPCollNom": "DEPARTEMENT D ILLE ET VILAINE",
        "DPCollModication": "2026-06-01T09:05:32.8061407Z"
      }
    },
    {
      "type": "Feature",
      "geometry": {
        "type": "LineString",
        "coordinates": [
          [
            -1.4076127254,
            48.2178837922
          ],
          [
            -1.4063648913,
            48.2216207225
          ],
          [
            -1.4062436831,
            48.2219776086
          ]
        ]
      },
      "properties": {
        "CD_TRONC": 15596,
        "INSEE_COM": "35152",
        "NOM_COM": "Liffré",
        "INTERET": "Départementale",
        "REVET": "Empierré",
        "STAT_JUR": "Voie Privée",
        "DATE_CP": null,
        "DATE_DEL": "19911107",
        "PRAT_PED": "OUI",
        "PRAT_EQU": "OUI",
        "ADMF_PED": "Ouvert",
        "ADMF_EQU": "Ouvert",
        "PRAT_VEL": null,
        "ADMF_VEL": null,
        "ITIN_PED": "Grande Randonnée",
        "ITIN_EQU": "Equibreizh",
        "ITIN_VEL": null,
        "LONGUEUR": 466.2,
        "DATE_MAJ": "20220503131535",
        "DPCollSIRET": "22350001800013",
        "DPCollNom": "DEPARTEMENT D ILLE ET VILAINE",
        "DPCollModication": "2026-06-01T09:05:32.8078352Z"
      }
    },
    {
      "type": "Feature",
      "geometry": {
        "type": "LineString",
        "coordinates": [
          [
            -1.5614794549,
            48.2040770179
          ],
          [
            -1.5575876213,
            48.200341042
          ]
        ]
      },
      "properties": {
        "CD_TRONC": 15597,
        "INSEE_COM": "35152",
        "NOM_COM": "Liffré",
        "INTERET": "Locale",
        "REVET": "Empierré",
        "STAT_JUR": "Voie Privée",
        "DATE_CP": null,
        "DATE_DEL": "19911107",
        "PRAT_PED": "NON",
        "PRAT_EQU": "OUI",
        "ADMF_PED": null,
        "ADMF_EQU": "Fermé",
        "PRAT_VEL": null,
        "ADMF_VEL": null,
        "ITIN_PED": null,
        "ITIN_EQU": "Equestre Local",
        "ITIN_VEL": null,
        "LONGUEUR": 505.96,
        "DATE_MAJ": "20220503131535",
        "DPCollSIRET": "22350001800013",
        "DPCollNom": "DEPARTEMENT D ILLE ET VILAINE",
        "DPCollModication": "2026-06-01T09:05:32.8093154Z"
      }
    },
    {
      "type": "Feature",
      "geometry": {
        "type": "LineString",
        "coordinates": [
          [
            -1.441435999,
            48.2106832269
          ],
          [
            -1.430757168,
            48.2053718998
          ]
        ]
      },
      "properties": {
        "CD_TRONC": 15598,
        "INSEE_COM": "35152",
        "NOM_COM": "Liffré",
        "INTERET": "Départementale",
        "REVET": "Terre",
        "STAT_JUR": "Voie Privée",
        "DATE_CP": null,
        "DATE_DEL": "19911107",
        "PRAT_PED": "OUI",
        "PRAT_EQU": "OUI",
        "ADMF_PED": "Ouvert",
        "ADMF_EQU": "Ouvert",
        "PRAT_VEL": null,
        "ADMF_VEL": null,
        "ITIN_PED": "Pédestre Local",
        "ITIN_EQU": "Equibreizh",
        "ITIN_VEL": null,
        "LONGUEUR": 988.82,
        "DATE_MAJ": "20220503131535",
        "DPCollSIRET": "22350001800013",
        "DPCollNom": "DEPARTEMENT D ILLE ET VILAINE",
        "DPCollModication": "2026-06-01T09:05:32.812603Z"
      }
    },
    {
      "type": "Feature",
      "geometry": {
        "type": "LineString",
        "coordinates": [
          [
            -1.5190363512,
            48.2231603179
          ],
          [
            -1.5196325092,
            48.2228617094
          ]
        ]
      },
      "properties": {
        "CD_TRONC": 15599,
        "INSEE_COM": "35152",
        "NOM_COM": "Liffré",
        "INTERET": "Locale",
        "REVET": "Terre",
        "STAT_JUR": "Voie Privée",
        "DATE_CP": null,
        "DATE_DEL": "19911107",
        "PRAT_PED": "OUI",
        "PRAT_EQU": "NON",
        "ADMF_PED": "Ouvert",
        "ADMF_EQU": null,
        "PRAT_VEL": null,
        "ADMF_VEL": null,
        "ITIN_PED": "Pédestre Local",
        "ITIN_EQU": null,
        "ITIN_VEL": null,
        "LONGUEUR": 55.33,
        "DATE_MAJ": "20220503131535",
        "DPCollSIRET": "22350001800013",
        "DPCollNom": "DEPARTEMENT D ILLE ET VILAINE",
        "DPCollModication": "2026-06-01T09:05:32.8148182Z"
      }
    },
    {
      "type": "Feature",
      "geometry": {
        "type": "LineString",
        "coordinates": [
          [
            -1.4844411409,
            48.2357693298
          ],
          [
            -1.4835604382,
            48.2339642838
          ],
          [
            -1.4830183541,
            48.2333323832
          ],
          [
            -1.4820029518,
            48.2321470747
          ]
        ]
      },
      "properties": {
        "CD_TRONC": 15601,
        "INSEE_COM": "35152",
        "NOM_COM": "Liffré",
        "INTERET": "Départementale",
        "REVET": "Goudron",
        "STAT_JUR": "Voie Communale",
        "DATE_CP": null,
        "DATE_DEL": "19911107",
        "PRAT_PED": "OUI",
        "PRAT_EQU": "OUI",
        "ADMF_PED": "Ouvert",
        "ADMF_EQU": "Ouvert",
        "PRAT_VEL": null,
        "ADMF_VEL": null,
        "ITIN_PED": "Grande Randonnée",
        "ITIN_EQU": "Equestre Local",
        "ITIN_VEL": null,
        "LONGUEUR": 443.73,
        "DATE_MAJ": "20220503131535",
        "DPCollSIRET": "22350001800013",
        "DPCollNom": "DEPARTEMENT D ILLE ET VILAINE",
        "DPCollModication": "2026-06-01T09:05:32.8170977Z"
      }
    },
    {
      "type": "Feature",
      "geometry": {
        "type": "LineString",
        "coordinates": [
          [
            -1.5159251813,
            48.2041799593
          ],
          [
            -1.5153910271,
            48.2042085127
          ],
          [
            -1.5150139883,
            48.204245472
          ],
          [
            -1.5146209811,
            48.2043163878
          ],
          [
            -1.5143420861,
            48.2043973567
          ],
          [
            -1.5142800876,
            48.2044763358
          ]
        ]
      },
      "properties": {
        "CD_TRONC": 15602,
        "INSEE_COM": "35152",
        "NOM_COM": "Liffré",
        "INTERET": "Locale",
        "REVET": "Goudron",
        "STAT_JUR": "Chemin Rural",
        "DATE_CP": null,
        "DATE_DEL": "19911107",
        "PRAT_PED": "OUI",
        "PRAT_EQU": "NON",
        "ADMF_PED": "Ouvert",
        "ADMF_EQU": null,
        "PRAT_VEL": null,
        "ADMF_VEL": null,
        "ITIN_PED": "Pédestre Local",
        "ITIN_EQU": null,
        "ITIN_VEL": null,
        "LONGUEUR": 130.87,
        "DATE_MAJ": "20220503131535",
        "DPCollSIRET": "22350001800013",
        "DPCollNom": "DEPARTEMENT D ILLE ET VILAINE",
        "DPCollModication": "2026-06-01T09:05:32.8192563Z"
      }
    },
    {
      "type": "Feature",
      "geometry": {
        "type": "LineString",
        "coordinates": [
          [
            -1.5295866905,
            48.240445746
          ],
          [
            -1.5285707865,
            48.2394257461
          ],
          [
            -1.5279988125,
            48.2388456478
          ],
          [
            -1.5269418342,
            48.2377551104
          ],
          [
            -1.526187141,
            48.2369792286
          ]
        ]
      },
      "properties": {
        "CD_TRONC": 15603,
        "INSEE_COM": "35152",
        "NOM_COM": "Liffré",
        "INTERET": "Locale",
        "REVET": "Terre",
        "STAT_JUR": "Chemin Rural",
        "DATE_CP": null,
        "DATE_DEL": "19911107",
        "PRAT_PED": "NON",
        "PRAT_EQU": "OUI",
        "ADMF_PED": null,
        "ADMF_EQU": "Fermé",
        "PRAT_VEL": null,
        "ADMF_VEL": null,
        "ITIN_PED": null,
        "ITIN_EQU": "Equestre Local",
        "ITIN_VEL": null,
        "LONGUEUR": 460.59,
        "DATE_MAJ": "20220503131535",
        "DPCollSIRET": "22350001800013",
        "DPCollNom": "DEPARTEMENT D ILLE ET VILAINE",
        "DPCollModication": "2026-06-01T09:05:32.8211048Z"
      }
    },
    {
      "type": "Feature",
      "geometry": {
        "type": "LineString",
        "coordinates": [
          [
            -1.5206482052,
            48.2124529504
          ],
          [
            -1.5215755328,
            48.2114891253
          ],
          [
            -1.5225820733,
            48.2102230359
          ],
          [
            -1.522976142,
            48.2098654528
          ],
          [
            -1.5239617038,
            48.2091255893
          ]
        ]
      },
      "properties": {
        "CD_TRONC": 15604,
        "INSEE_COM": "35152",
        "NOM_COM": "Liffré",
        "INTERET": "Locale",
        "REVET": "Goudron",
        "STAT_JUR": "Chemin Rural",
        "DATE_CP": null,
        "DATE_DEL": "19911107",
        "PRAT_PED": "OUI",
        "PRAT_EQU": "NON",
        "ADMF_PED": "Fermé",
        "ADMF_EQU": "Ajout",
        "PRAT_VEL": null,
        "ADMF_VEL": null,
        "ITIN_PED": "Pédestre Local",
        "ITIN_EQU": "Equibreizh",
        "ITIN_VEL": null,
        "LONGUEUR": 446.15,
        "DATE_MAJ": "20220503131535",
        "DPCollSIRET": "22350001800013",
        "DPCollNom": "DEPARTEMENT D ILLE ET VILAINE",
        "DPCollModication": "2026-06-01T09:05:32.8226617Z"
      }
    },
    {
      "type": "Feature",
      "geometry": {
        "type": "LineString",
        "coordinates": [
          [
            -1.5067278035,
            48.2237426521
          ],
          [
            -1.5106162048,
            48.2241682247
          ],
          [
            -1.5131971698,
            48.22450848
          ],
          [
            -1.513333924,
            48.2246249197
          ],
          [
            -1.5134549162,
            48.2246202935
          ]
        ]
      },
      "properties": {
        "CD_TRONC": 15657,
        "INSEE_COM": "35152",
        "NOM_COM": "Liffré",
        "INTERET": "Départementale",
        "REVET": "Empierré",
        "STAT_JUR": "Voie Privée",
        "DATE_CP": null,
        "DATE_DEL": "19911107",
        "PRAT_PED": "OUI",
        "PRAT_EQU": "OUI",
        "ADMF_PED": "Ouvert",
        "ADMF_EQU": "Fermé",
        "PRAT_VEL": null,
        "ADMF_VEL": null,
        "ITIN_PED": "Pédestre Local",
        "ITIN_EQU": "Equibreizh",
        "ITIN_VEL": null,
        "LONGUEUR": 513.43,
        "DATE_MAJ": "20220503131535",
        "DPCollSIRET": "22350001800013",
        "DPCollNom": "DEPARTEMENT D ILLE ET VILAINE",
        "DPCollModication": "2026-06-01T09:05:32.8254553Z"
      }
    },
    {
      "type": "Feature",
      "geometry": {
        "type": "LineString",
        "coordinates": [
          [
            -1.4221928876,
            48.2058950282
          ],
          [
            -1.4225041362,
            48.2058446122
          ],
          [
            -1.4227824882,
            48.2058359823
          ],
          [
            -1.4234264868,
            48.2058307687
          ],
          [
            -1.4240494213,
            48.2058155269
          ],
          [
            -1.425033623,
            48.2059282239
          ],
          [
            -1.4254583696,
            48.2059771822
          ],
          [
            -1.4281363466,
            48.2056775543
          ],
          [
            -1.430757168,
            48.2053718998
          ]
        ]
      },
      "properties": {
        "CD_TRONC": 15658,
        "INSEE_COM": "35152",
        "NOM_COM": "Liffré",
        "INTERET": "Départementale",
        "REVET": "Terre",
        "STAT_JUR": "Chemin d'Exploitation",
        "DATE_CP": "20090928",
        "DATE_DEL": "20090619",
        "PRAT_PED": "OUI",
        "PRAT_EQU": "OUI",
        "ADMF_PED": "Ouvert",
        "ADMF_EQU": "Ouvert",
        "PRAT_VEL": null,
        "ADMF_VEL": null,
        "ITIN_PED": "Pédestre Local",
        "ITIN_EQU": "Equibreizh",
        "ITIN_VEL": null,
        "LONGUEUR": 644.21,
        "DATE_MAJ": "20220503131535",
        "DPCollSIRET": "22350001800013",
        "DPCollNom": "DEPARTEMENT D ILLE ET VILAINE",
        "DPCollModication": "2026-06-01T09:05:32.827717Z"
      }
    },
    {
      "type": "Feature",
      "geometry": {
        "type": "LineString",
        "coordinates": [
          [
            -1.5020609486,
            48.21426571
          ],
          [
            -1.5024180941,
            48.2142791229
          ],
          [
            -1.503137113,
            48.2137614113
          ],
          [
            -1.5036912876,
            48.2133662465
          ]
        ]
      },
      "properties": {
        "CD_TRONC": 15659,
        "INSEE_COM": "35152",
        "NOM_COM": "Liffré",
        "INTERET": "Locale",
        "REVET": "Goudron",
        "STAT_JUR": "Voie Communale",
        "DATE_CP": "20090928",
        "DATE_DEL": "20090619",
        "PRAT_PED": "OUI",
        "PRAT_EQU": "NON",
        "ADMF_PED": "Ouvert",
        "ADMF_EQU": null,
        "PRAT_VEL": null,
        "ADMF_VEL": null,
        "ITIN_PED": "Pédestre Local",
        "ITIN_EQU": null,
        "ITIN_VEL": null,
        "LONGUEUR": 165.27,
        "DATE_MAJ": "20220503131535",
        "DPCollSIRET": "22350001800013",
        "DPCollNom": "DEPARTEMENT D ILLE ET VILAINE",
        "DPCollModication": "2026-06-01T09:05:32.8306779Z"
      }
    },
    {
      "type": "Feature",
      "geometry": {
        "type": "LineString",
        "coordinates": [
          [
            -1.5194386967,
            48.237148511
          ],
          [
            -1.5161453918,
            48.2345176225
          ]
        ]
      },
      "properties": {
        "CD_TRONC": 15660,
        "INSEE_COM": "35152",
        "NOM_COM": "Liffré",
        "INTERET": "Départementale",
        "REVET": "Terre",
        "STAT_JUR": "Chemin Rural",
        "DATE_CP": null,
        "DATE_DEL": "19911107",
        "PRAT_PED": "OUI",
        "PRAT_EQU": "OUI",
        "ADMF_PED": "Ouvert",
        "ADMF_EQU": "Ouvert",
        "PRAT_VEL": null,
        "ADMF_VEL": null,
        "ITIN_PED": "Grande Randonnée",
        "ITIN_EQU": "Equestre Local",
        "ITIN_VEL": null,
        "LONGUEUR": 381.16,
        "DATE_MAJ": "20220503131535",
        "DPCollSIRET": "22350001800013",
        "DPCollNom": "DEPARTEMENT D ILLE ET VILAINE",
        "DPCollModication": "2026-06-01T09:05:32.8332622Z"
      }
    },
    {
      "type": "Feature",
      "geometry": {
        "type": "LineString",
        "coordinates": [
          [
            -1.4484837863,
            48.2029971515
          ],
          [
            -1.4488521847,
            48.2030652732
          ],
          [
            -1.4493977684,
            48.2031402309
          ],
          [
            -1.4497777746,
            48.2032340474
          ],
          [
            -1.4501408293,
            48.2033825753
          ],
          [
            -1.4506434933,
            48.2036357853
          ]
        ]
      },
      "properties": {
        "CD_TRONC": 15661,
        "INSEE_COM": "35152",
        "NOM_COM": "Liffré",
        "INTERET": "Locale",
        "REVET": "Goudron",
        "STAT_JUR": "Chemin Rural",
        "DATE_CP": "20090928",
        "DATE_DEL": "20090619",
        "PRAT_PED": "OUI",
        "PRAT_EQU": "NON",
        "ADMF_PED": "Ouvert",
        "ADMF_EQU": null,
        "PRAT_VEL": null,
        "ADMF_VEL": null,
        "ITIN_PED": "Pédestre Local",
        "ITIN_EQU": null,
        "ITIN_VEL": null,
        "LONGUEUR": 178.26,
        "DATE_MAJ": "20220503131535",
        "DPCollSIRET": "22350001800013",
        "DPCollNom": "DEPARTEMENT D ILLE ET VILAINE",
        "DPCollModication": "2026-06-01T09:05:32.8355644Z"
      }
    },
    {
      "type": "Feature",
      "geometry": {
        "type": "LineString",
        "coordinates": [
          [
            -1.4573810757,
            48.2076163121
          ],
          [
            -1.4573150295,
            48.2075367956
          ],
          [
            -1.4569981457,
            48.2074406178
          ],
          [
            -1.4563980644,
            48.2073596405
          ],
          [
            -1.4554943006,
            48.2072748058
          ],
          [
            -1.4549909492,
            48.2072694766
          ],
          [
            -1.4547220748,
            48.2071669744
          ],
          [
            -1.4544821929,
            48.2070246247
          ],
          [
            -1.4542394727,
            48.2068805792
          ],
          [
            -1.4540125655,
            48.2066683448
          ],
          [
            -1.4538280496,
            48.206495065
          ],
          [
            -1.453304922,
            48.2060479761
          ],
          [
            -1.4527540469,
            48.2054478234
          ],
          [
            -1.4525735612,
            48.2050986517
          ],
          [
            -1.452393002,
            48.2047485813
          ],
          [
            -1.4520995674,
            48.2044667561
          ],
          [
            -1.4518636297,
            48.2042431428
          ],
          [
            -1.4515764106,
            48.2039709954
          ],
          [
            -1.45119332,
            48.203808808
          ],
          [
            -1.4506434933,
            48.2036357853
          ]
        ]
      },
      "properties": {
        "CD_TRONC": 15662,
        "INSEE_COM": "35152",
        "NOM_COM": "Liffré",
        "INTERET": "Locale",
        "REVET": "Terre",
        "STAT_JUR": "Chemin Rural",
        "DATE_CP": "20090928",
        "DATE_DEL": "20090619",
        "PRAT_PED": "OUI",
        "PRAT_EQU": "NON",
        "ADMF_PED": "Ouvert",
        "ADMF_EQU": null,
        "PRAT_VEL": null,
        "ADMF_VEL": null,
        "ITIN_PED": "Pédestre Local",
        "ITIN_EQU": null,
        "ITIN_VEL": null,
        "LONGUEUR": 718.17,
        "DATE_MAJ": "20220503131535",
        "DPCollSIRET": "22350001800013",
        "DPCollNom": "DEPARTEMENT D ILLE ET VILAINE",
        "DPCollModication": "2026-06-01T09:05:32.8377895Z"
      }
    },
    {
      "type": "Feature",
      "geometry": {
        "type": "LineString",
        "coordinates": [
          [
            -1.4506434933,
            48.2036357853
          ],
          [
            -1.4507520823,
            48.2037722798
          ],
          [
            -1.4508374002,
            48.2039844534
          ],
          [
            -1.450780337,
            48.2043146499
          ],
          [
            -1.4504306589,
            48.204644167
          ],
          [
            -1.4498676172,
            48.2050015559
          ],
          [
            -1.4486604869,
            48.2058266249
          ],
          [
            -1.4476598255,
            48.2065105178
          ]
        ]
      },
      "properties": {
        "CD_TRONC": 15663,
        "INSEE_COM": "35152",
        "NOM_COM": "Liffré",
        "INTERET": "Locale",
        "REVET": "Goudron",
        "STAT_JUR": "Chemin Rural",
        "DATE_CP": "20090928",
        "DATE_DEL": "20090619",
        "PRAT_PED": "OUI",
        "PRAT_EQU": "NON",
        "ADMF_PED": "Ouvert",
        "ADMF_EQU": null,
        "PRAT_VEL": null,
        "ADMF_VEL": null,
        "ITIN_PED": "Pédestre Local",
        "ITIN_EQU": null,
        "ITIN_VEL": null,
        "LONGUEUR": 415.7,
        "DATE_MAJ": "20220503131535",
        "DPCollSIRET": "22350001800013",
        "DPCollNom": "DEPARTEMENT D ILLE ET VILAINE",
        "DPCollModication": "2026-06-01T09:05:32.8400833Z"
      }
    },
    {
      "type": "Feature",
      "geometry": {
        "type": "LineString",
        "coordinates": [
          [
            -1.4820029518,
            48.2321470747
          ],
          [
            -1.4818176137,
            48.232188357
          ],
          [
            -1.4816802372,
            48.2321115607
          ],
          [
            -1.4817083511,
            48.2320456055
          ],
          [
            -1.4800734028,
            48.2301249694
          ],
          [
            -1.4798035152,
            48.2298062646
          ],
          [
            -1.4792205452,
            48.230088838
          ],
          [
            -1.4788615045,
            48.2301970882
          ],
          [
            -1.4787177624,
            48.2301881218
          ],
          [
            -1.4783208858,
            48.2303590888
          ],
          [
            -1.4779745879,
            48.230410977
          ],
          [
            -1.4777744745,
            48.2307069579
          ],
          [
            -1.4773706749,
            48.2308123948
          ],
          [
            -1.4772177485,
            48.2308064785
          ],
          [
            -1.4766705741,
            48.230859672
          ],
          [
            -1.4763765668,
            48.2309555348
          ],
          [
            -1.4759039323,
            48.2310446508
          ],
          [
            -1.4757302008,
            48.2313973054
          ],
          [
            -1.4754474317,
            48.2315143688
          ],
          [
            -1.4751045755,
            48.2315751299
          ],
          [
            -1.4749067799,
            48.2316285894
          ],
          [
            -1.4748162073,
            48.2316103931
          ],
          [
            -1.4747807248,
            48.2315261222
          ],
          [
            -1.4746491093,
            48.2315329132
          ],
          [
            -1.4744985476,
            48.2314277697
          ]
        ]
      },
      "properties": {
        "CD_TRONC": 15664,
        "INSEE_COM": "35152",
        "NOM_COM": "Liffré",
        "INTERET": "Départementale",
        "REVET": "Terre",
        "STAT_JUR": "Voie Privée",
        "DATE_CP": "20090928",
        "DATE_DEL": "20090619",
        "PRAT_PED": "OUI",
        "PRAT_EQU": "NON",
        "ADMF_PED": "Ouvert",
        "ADMF_EQU": null,
        "PRAT_VEL": null,
        "ADMF_VEL": null,
        "ITIN_PED": "Grande Randonnée",
        "ITIN_EQU": null,
        "ITIN_VEL": null,
        "LONGUEUR": 808.91,
        "DATE_MAJ": "20220503131535",
        "DPCollSIRET": "22350001800013",
        "DPCollNom": "DEPARTEMENT D ILLE ET VILAINE",
        "DPCollModication": "2026-06-01T09:05:32.8422677Z"
      }
    },
    {
      "type": "Feature",
      "geometry": {
        "type": "LineString",
        "coordinates": [
          [
            -1.4975020457,
            48.2041851389
          ],
          [
            -1.4973309816,
            48.2040447552
          ],
          [
            -1.4969477086,
            48.203898039
          ],
          [
            -1.4966859577,
            48.2035637368
          ],
          [
            -1.4964528838,
            48.2032652925
          ],
          [
            -1.4961016826,
            48.2030993266
          ],
          [
            -1.4963598935,
            48.2026965421
          ],
          [
            -1.4964933177,
            48.2024904787
          ],
          [
            -1.4967021211,
            48.2020300932
          ]
        ]
      },
      "properties": {
        "CD_TRONC": 15665,
        "INSEE_COM": "35152",
        "NOM_COM": "Liffré",
        "INTERET": "Locale",
        "REVET": "Terre",
        "STAT_JUR": "Chemin Rural",
        "DATE_CP": "20090928",
        "DATE_DEL": "20090619",
        "PRAT_PED": "OUI",
        "PRAT_EQU": "NON",
        "ADMF_PED": "Ouvert",
        "ADMF_EQU": null,
        "PRAT_VEL": null,
        "ADMF_VEL": null,
        "ITIN_PED": "Pédestre Local",
        "ITIN_EQU": null,
        "ITIN_VEL": null,
        "LONGUEUR": 291.36,
        "DATE_MAJ": "20220503131535",
        "DPCollSIRET": "22350001800013",
        "DPCollNom": "DEPARTEMENT D ILLE ET VILAINE",
        "DPCollModication": "2026-06-01T09:05:32.8438434Z"
      }
    },
    {
      "type": "Feature",
      "geometry": {
        "type": "LineString",
        "coordinates": [
          [
            -1.4870943571,
            48.1972524443
          ],
          [
            -1.4861488603,
            48.1974839708
          ],
          [
            -1.4855235062,
            48.1976916021
          ],
          [
            -1.4849401525,
            48.1978859172
          ],
          [
            -1.484266954,
            48.1981809785
          ],
          [
            -1.4838649126,
            48.1982881856
          ],
          [
            -1.4834375201,
            48.1983350699
          ],
          [
            -1.4835647999,
            48.1985636556
          ],
          [
            -1.4835448023,
            48.1987248371
          ],
          [
            -1.4835286209,
            48.1988516263
          ],
          [
            -1.4837578034,
            48.1992322546
          ],
          [
            -1.4839690066,
            48.1993855509
          ]
        ]
      },
      "properties": {
        "CD_TRONC": 15666,
        "INSEE_COM": "35152",
        "NOM_COM": "Liffré",
        "INTERET": "Locale",
        "REVET": "Terre",
        "STAT_JUR": "Chemin Rural",
        "DATE_CP": "20090928",
        "DATE_DEL": "20090619",
        "PRAT_PED": "OUI",
        "PRAT_EQU": "NON",
        "ADMF_PED": "Ouvert",
        "ADMF_EQU": null,
        "PRAT_VEL": null,
        "ADMF_VEL": null,
        "ITIN_PED": "Pédestre Local",
        "ITIN_EQU": null,
        "ITIN_VEL": null,
        "LONGUEUR": 427.26,
        "DATE_MAJ": "20220503131535",
        "DPCollSIRET": "22350001800013",
        "DPCollNom": "DEPARTEMENT D ILLE ET VILAINE",
        "DPCollModication": "2026-06-01T09:05:32.8454063Z"
      }
    },
    {
      "type": "Feature",
      "geometry": {
        "type": "LineString",
        "coordinates": [
          [
            -1.48417173,
            48.2146421481
          ],
          [
            -1.4843389453,
            48.2148007207
          ],
          [
            -1.4844338386,
            48.2149809671
          ],
          [
            -1.4845013369,
            48.2152830198
          ]
        ]
      },
      "properties": {
        "CD_TRONC": 15667,
        "INSEE_COM": "35152",
        "NOM_COM": "Liffré",
        "INTERET": "Locale",
        "REVET": "Goudron",
        "STAT_JUR": "Chemin Rural",
        "DATE_CP": "20090928",
        "DATE_DEL": "20090619",
        "PRAT_PED": "OUI",
        "PRAT_EQU": "NON",
        "ADMF_PED": "Ouvert",
        "ADMF_EQU": null,
        "PRAT_VEL": null,
        "ADMF_VEL": null,
        "ITIN_PED": "Pédestre Local",
        "ITIN_EQU": null,
        "ITIN_VEL": null,
        "LONGUEUR": 76.74,
        "DATE_MAJ": "20220503131535",
        "DPCollSIRET": "22350001800013",
        "DPCollNom": "DEPARTEMENT D ILLE ET VILAINE",
        "DPCollModication": "2026-06-01T09:05:32.8479866Z"
      }
    },
    {
      "type": "Feature",
      "geometry": {
        "type": "LineString",
        "coordinates": [
          [
            -1.4890854219,
            48.2184090786
          ],
          [
            -1.4894449223,
            48.2186874055
          ],
          [
            -1.4898480561,
            48.2190821335
          ],
          [
            -1.4893492812,
            48.219622921
          ],
          [
            -1.4883421066,
            48.2205759775
          ]
        ]
      },
      "properties": {
        "CD_TRONC": 15801,
        "INSEE_COM": "35152",
        "NOM_COM": "Liffré",
        "INTERET": "Locale",
        "REVET": "Terre",
        "STAT_JUR": "Chemin Rural",
        "DATE_CP": "20090928",
        "DATE_DEL": "20090619",
        "PRAT_PED": "OUI",
        "PRAT_EQU": "NON",
        "ADMF_PED": "Ouvert",
        "ADMF_EQU": null,
        "PRAT_VEL": null,
        "ADMF_VEL": null,
        "ITIN_PED": "Pédestre Local",
        "ITIN_EQU": null,
        "ITIN_VEL": null,
        "LONGUEUR": 294.25,
        "DATE_MAJ": "20220503131535",
        "DPCollSIRET": "22350001800013",
        "DPCollNom": "DEPARTEMENT D ILLE ET VILAINE",
        "DPCollModication": "2026-06-01T09:05:32.8505717Z"
      }
    },
    {
      "type": "Feature",
      "geometry": {
        "type": "LineString",
        "coordinates": [
          [
            -1.533453896,
            48.2433832132
          ],
          [
            -1.5329568369,
            48.2443179635
          ],
          [
            -1.532940093,
            48.2453622513
          ],
          [
            -1.5329226529,
            48.2463984538
          ],
          [
            -1.5319949388,
            48.2478958809
          ],
          [
            -1.5309024619,
            48.249894401
          ],
          [
            -1.5307639966,
            48.2518617183
          ],
          [
            -1.5307949663,
            48.2535710865
          ],
          [
            -1.5305635961,
            48.2555410604
          ]
        ]
      },
      "properties": {
        "CD_TRONC": 15669,
        "INSEE_COM": "35107",
        "NOM_COM": "Ercé-près-Liffré",
        "INTERET": "Locale",
        "REVET": "Goudron",
        "STAT_JUR": "Voie Communale",
        "DATE_CP": null,
        "DATE_DEL": "19910328",
        "PRAT_PED": "NON",
        "PRAT_EQU": "OUI",
        "ADMF_PED": null,
        "ADMF_EQU": "Fermé",
        "PRAT_VEL": null,
        "ADMF_VEL": null,
        "ITIN_PED": null,
        "ITIN_EQU": "Equestre Local",
        "ITIN_VEL": null,
        "LONGUEUR": 1386.56,
        "DATE_MAJ": "20220503131535",
        "DPCollSIRET": "22350001800013",
        "DPCollNom": "DEPARTEMENT D ILLE ET VILAINE",
        "DPCollModication": "2026-06-01T09:05:32.8546078Z"
      }
    },
    {
      "type": "Feature",
      "geometry": {
        "type": "LineString",
        "coordinates": [
          [
            -1.4449574807,
            48.1974848065
          ],
          [
            -1.4460511676,
            48.1970425538
          ],
          [
            -1.4466185205,
            48.1966570785
          ],
          [
            -1.4473333933,
            48.1963426433
          ],
          [
            -1.4487454533,
            48.1960956434
          ],
          [
            -1.4497002957,
            48.196117313
          ],
          [
            -1.4504528246,
            48.1964250853
          ],
          [
            -1.4516567265,
            48.197305224
          ],
          [
            -1.453454168,
            48.1971202307
          ],
          [
            -1.4556344792,
            48.1963295452
          ],
          [
            -1.4572061706,
            48.1955473921
          ],
          [
            -1.4579987938,
            48.1950533105
          ],
          [
            -1.4585837981,
            48.1947662416
          ],
          [
            -1.4591551061,
            48.1947158098
          ],
          [
            -1.4594490322,
            48.1949876866
          ],
          [
            -1.460084477,
            48.1949943073
          ],
          [
            -1.4602462152,
            48.1950738097
          ]
        ]
      },
      "properties": {
        "CD_TRONC": 15670,
        "INSEE_COM": "35031",
        "NOM_COM": "La Bouëxière",
        "INTERET": "Locale",
        "REVET": "Terre",
        "STAT_JUR": "Voie Privée",
        "DATE_CP": null,
        "DATE_DEL": "19910419",
        "PRAT_PED": "OUI",
        "PRAT_EQU": "NON",
        "ADMF_PED": "Ouvert",
        "ADMF_EQU": null,
        "PRAT_VEL": null,
        "ADMF_VEL": null,
        "ITIN_PED": "Pédestre Local",
        "ITIN_EQU": null,
        "ITIN_VEL": null,
        "LONGUEUR": 1337.89,
        "DATE_MAJ": "20220503131535",
        "DPCollSIRET": "22350001800013",
        "DPCollNom": "DEPARTEMENT D ILLE ET VILAINE",
        "DPCollModication": "2026-06-01T09:05:32.8571033Z"
      }
    },
    {
      "type": "Feature",
      "geometry": {
        "type": "LineString",
        "coordinates": [
          [
            -1.4303835813,
            48.1985349399
          ],
          [
            -1.4292089804,
            48.1994279795
          ],
          [
            -1.4284157349,
            48.2001913385
          ],
          [
            -1.428558324,
            48.2008618929
          ],
          [
            -1.4281362723,
            48.2015509348
          ]
        ]
      },
      "properties": {
        "CD_TRONC": 15671,
        "INSEE_COM": "35031",
        "NOM_COM": "La Bouëxière",
        "INTERET": "Locale",
        "REVET": "Terre",
        "STAT_JUR": "Chemin Rural",
        "DATE_CP": "19990426",
        "DATE_DEL": "19981221",
        "PRAT_PED": "OUI",
        "PRAT_EQU": "NON",
        "ADMF_PED": "Ouvert",
        "ADMF_EQU": null,
        "PRAT_VEL": null,
        "ADMF_VEL": null,
        "ITIN_PED": "Pédestre Local",
        "ITIN_EQU": null,
        "ITIN_VEL": null,
        "LONGUEUR": 393.48,
        "DATE_MAJ": "20220503131535",
        "DPCollSIRET": "22350001800013",
        "DPCollNom": "DEPARTEMENT D ILLE ET VILAINE",
        "DPCollModication": "2026-06-01T09:05:32.8594158Z"
      }
    },
    {
      "type": "Feature",
      "geometry": {
        "type": "LineString",
        "coordinates": [
          [
            -1.4614572888,
            48.2064736285
          ],
          [
            -1.4636084186,
            48.2049367965
          ],
          [
            -1.4646835181,
            48.2041634243
          ],
          [
            -1.4659191827,
            48.2030099531
          ]
        ]
      },
      "properties": {
        "CD_TRONC": 15672,
        "INSEE_COM": "35031",
        "NOM_COM": "La Bouëxière",
        "INTERET": "Locale",
        "REVET": "Empierré",
        "STAT_JUR": "Chemin Rural",
        "DATE_CP": "19990426",
        "DATE_DEL": "19981221",
        "PRAT_PED": "OUI",
        "PRAT_EQU": "NON",
        "ADMF_PED": "Ouvert",
        "ADMF_EQU": null,
        "PRAT_VEL": null,
        "ADMF_VEL": null,
        "ITIN_PED": "Pédestre Local",
        "ITIN_EQU": null,
        "ITIN_VEL": null,
        "LONGUEUR": 508.91,
        "DATE_MAJ": "20220503131535",
        "DPCollSIRET": "22350001800013",
        "DPCollNom": "DEPARTEMENT D ILLE ET VILAINE",
        "DPCollModication": "2026-06-01T09:05:32.8616859Z"
      }
    },
    {
      "type": "Feature",
      "geometry": {
        "type": "LineString",
        "coordinates": [
          [
            -1.4737102713,
            48.2054257292
          ],
          [
            -1.4740606112,
            48.2050420389
          ],
          [
            -1.4746687947,
            48.2043763967
          ],
          [
            -1.4749414711,
            48.2040785618
          ],
          [
            -1.4758256499,
            48.2037422112
          ],
          [
            -1.4763430898,
            48.2035008782
          ],
          [
            -1.476626953,
            48.2032873306
          ],
          [
            -1.4767382868,
            48.2027090183
          ]
        ]
      },
      "properties": {
        "CD_TRONC": 15673,
        "INSEE_COM": "35031",
        "NOM_COM": "La Bouëxière",
        "INTERET": "Locale",
        "REVET": "Terre",
        "STAT_JUR": "Chemin Rural",
        "DATE_CP": "20090928",
        "DATE_DEL": "20090630",
        "PRAT_PED": "OUI",
        "PRAT_EQU": "NON",
        "ADMF_PED": "Ouvert",
        "ADMF_EQU": null,
        "PRAT_VEL": null,
        "ADMF_VEL": null,
        "ITIN_PED": "Pédestre Local",
        "ITIN_EQU": null,
        "ITIN_VEL": null,
        "LONGUEUR": 394.45,
        "DATE_MAJ": "20220503131535",
        "DPCollSIRET": "22350001800013",
        "DPCollNom": "DEPARTEMENT D ILLE ET VILAINE",
        "DPCollModication": "2026-06-01T09:05:32.8638364Z"
      }
    },
    {
      "type": "Feature",
      "geometry": {
        "type": "LineString",
        "coordinates": [
          [
            -1.443691492,
            48.197946155
          ],
          [
            -1.4447511525,
            48.1975637761
          ],
          [
            -1.4449574807,
            48.1974848065
          ]
        ]
      },
      "properties": {
        "CD_TRONC": 15674,
        "INSEE_COM": "35031",
        "NOM_COM": "La Bouëxière",
        "INTERET": "Locale",
        "REVET": "Terre",
        "STAT_JUR": "Voie Privée",
        "DATE_CP": null,
        "DATE_DEL": "19910419",
        "PRAT_PED": "OUI",
        "PRAT_EQU": "NON",
        "ADMF_PED": "Ouvert",
        "ADMF_EQU": null,
        "PRAT_VEL": null,
        "ADMF_VEL": null,
        "ITIN_PED": "Pédestre Local",
        "ITIN_EQU": null,
        "ITIN_VEL": null,
        "LONGUEUR": 107.14,
        "DATE_MAJ": "20220503131535",
        "DPCollSIRET": "22350001800013",
        "DPCollNom": "DEPARTEMENT D ILLE ET VILAINE",
        "DPCollModication": "2026-06-01T09:05:32.8655831Z"
      }
    },
    {
      "type": "Feature",
      "geometry": {
        "type": "LineString",
        "coordinates": [
          [
            -1.585605614,
            48.2250651103
          ],
          [
            -1.5859431686,
            48.2240614724
          ],
          [
            -1.585927816,
            48.2234509901
          ],
          [
            -1.5860460425,
            48.2226550581
          ],
          [
            -1.5861528435,
            48.2222858831
          ],
          [
            -1.5861135315,
            48.2221441042
          ],
          [
            -1.5858658033,
            48.2220717113
          ],
          [
            -1.5847684034,
            48.2219998784
          ],
          [
            -1.5835921714,
            48.2214092464
          ]
        ]
      },
      "properties": {
        "CD_TRONC": 15677,
        "INSEE_COM": "35067",
        "NOM_COM": "Chasné-sur-Illet",
        "INTERET": "Locale",
        "REVET": "Terre",
        "STAT_JUR": "Chemin Rural",
        "DATE_CP": "20030224",
        "DATE_DEL": "20020530",
        "PRAT_PED": "OUI",
        "PRAT_EQU": "NON",
        "ADMF_PED": "Ouvert",
        "ADMF_EQU": null,
        "PRAT_VEL": null,
        "ADMF_VEL": null,
        "ITIN_PED": "Pédestre Local",
        "ITIN_EQU": null,
        "ITIN_VEL": null,
        "LONGUEUR": 540.13,
        "DATE_MAJ": "20220503131535",
        "DPCollSIRET": "22350001800013",
        "DPCollNom": "DEPARTEMENT D ILLE ET VILAINE",
        "DPCollModication": "2026-06-01T09:05:32.8681499Z"
      }
    },
    {
      "type": "Feature",
      "geometry": {
        "type": "LineString",
        "coordinates": [
          [
            -1.526795359,
            48.2727332356
          ],
          [
            -1.527116965,
            48.2716376392
          ],
          [
            -1.5274429737,
            48.2713313472
          ],
          [
            -1.5282055077,
            48.271109262
          ],
          [
            -1.5289363102,
            48.2711461394
          ],
          [
            -1.5294229788,
            48.2710598912
          ],
          [
            -1.5302193386,
            48.2708545204
          ],
          [
            -1.5310690431,
            48.2707985048
          ],
          [
            -1.5316213115,
            48.2706745834
          ],
          [
            -1.5320361063,
            48.2703964149
          ],
          [
            -1.53245076,
            48.2699127693
          ],
          [
            -1.5326303976,
            48.2691767812
          ]
        ]
      },
      "properties": {
        "CD_TRONC": 15678,
        "INSEE_COM": "35107",
        "NOM_COM": "Ercé-près-Liffré",
        "INTERET": "Départementale",
        "REVET": "Terre",
        "STAT_JUR": "Chemin Rural",
        "DATE_CP": null,
        "DATE_DEL": "19910328",
        "PRAT_PED": "OUI",
        "PRAT_EQU": "NON",
        "ADMF_PED": "Ouvert",
        "ADMF_EQU": null,
        "PRAT_VEL": null,
        "ADMF_VEL": null,
        "ITIN_PED": "Grande Randonnée",
        "ITIN_EQU": null,
        "ITIN_VEL": null,
        "LONGUEUR": 677.68,
        "DATE_MAJ": "20220503131535",
        "DPCollSIRET": "22350001800013",
        "DPCollNom": "DEPARTEMENT D ILLE ET VILAINE",
        "DPCollModication": "2026-06-01T09:05:32.870583Z"
      }
    },
    {
      "type": "Feature",
      "geometry": {
        "type": "LineString",
        "coordinates": [
          [
            -1.5178310504,
            48.255610592
          ],
          [
            -1.5181545718,
            48.2555747849
          ]
        ]
      },
      "properties": {
        "CD_TRONC": 15679,
        "INSEE_COM": "35107",
        "NOM_COM": "Ercé-près-Liffré",
        "INTERET": "Départementale",
        "REVET": "Goudron",
        "STAT_JUR": "Route Départementale",
        "DATE_CP": "20110829",
        "DATE_DEL": "20110711",
        "PRAT_PED": "OUI",
        "PRAT_EQU": null,
        "ADMF_PED": "Ouvert",
        "ADMF_EQU": null,
        "PRAT_VEL": null,
        "ADMF_VEL": null,
        "ITIN_PED": "Grande Randonnée",
        "ITIN_EQU": null,
        "ITIN_VEL": null,
        "LONGUEUR": 24.34,
        "DATE_MAJ": "20220503131535",
        "DPCollSIRET": "22350001800013",
        "DPCollNom": "DEPARTEMENT D ILLE ET VILAINE",
        "DPCollModication": "2026-06-01T09:05:32.8728933Z"
      }
    },
    {
      "type": "Feature",
      "geometry": {
        "type": "LineString",
        "coordinates": [
          [
            -1.518219782,
            48.2551550202
          ],
          [
            -1.5183317642,
            48.2545568246
          ],
          [
            -1.518570417,
            48.2536104129
          ],
          [
            -1.5187193384,
            48.2532541358
          ],
          [
            -1.5203171375,
            48.2533326859
          ],
          [
            -1.5204439679,
            48.2525933256
          ],
          [
            -1.5216037121,
            48.2523794993
          ],
          [
            -1.5219373449,
            48.2521630467
          ],
          [
            -1.5219855209,
            48.2514194847
          ],
          [
            -1.5221273039,
            48.2512004629
          ],
          [
            -1.5221482694,
            48.2505958314
          ],
          [
            -1.5222694387,
            48.250466821
          ],
          [
            -1.5222121451,
            48.2499408897
          ],
          [
            -1.5223581921,
            48.2493314679
          ],
          [
            -1.5230298338,
            48.2484000018
          ],
          [
            -1.5233262832,
            48.2482065973
          ],
          [
            -1.5233427504,
            48.2480212125
          ],
          [
            -1.5235248255,
            48.2469201331
          ],
          [
            -1.5236831032,
            48.2464219928
          ],
          [
            -1.5237027008,
            48.2453145179
          ]
        ]
      },
      "properties": {
        "CD_TRONC": 15680,
        "INSEE_COM": "35107",
        "NOM_COM": "Ercé-près-Liffré",
        "INTERET": "Départementale",
        "REVET": "Terre",
        "STAT_JUR": "Chemin Rural",
        "DATE_CP": "20090928",
        "DATE_DEL": "19910328",
        "PRAT_PED": "OUI",
        "PRAT_EQU": "NON",
        "ADMF_PED": "Ouvert",
        "ADMF_EQU": null,
        "PRAT_VEL": null,
        "ADMF_VEL": null,
        "ITIN_PED": "Grande Randonnée",
        "ITIN_EQU": null,
        "ITIN_VEL": null,
        "LONGUEUR": 1329.92,
        "DATE_MAJ": "20220503131535",
        "DPCollSIRET": "22350001800013",
        "DPCollNom": "DEPARTEMENT D ILLE ET VILAINE",
        "DPCollModication": "2026-06-01T09:05:32.8753392Z"
      }
    },
    {
      "type": "Feature",
      "geometry": {
        "type": "LineString",
        "coordinates": [
          [
            -1.5281478739,
            48.2573307273
          ],
          [
            -1.5266459127,
            48.2572540127
          ],
          [
            -1.5259634829,
            48.2582489914
          ]
        ]
      },
      "properties": {
        "CD_TRONC": 15681,
        "INSEE_COM": "35107",
        "NOM_COM": "Ercé-près-Liffré",
        "INTERET": "Locale",
        "REVET": "Terre",
        "STAT_JUR": "Chemin Rural",
        "DATE_CP": null,
        "DATE_DEL": "19910328",
        "PRAT_PED": "NON",
        "PRAT_EQU": "OUI",
        "ADMF_PED": null,
        "ADMF_EQU": "Fermé",
        "PRAT_VEL": null,
        "ADMF_VEL": null,
        "ITIN_PED": null,
        "ITIN_EQU": "Equestre Local",
        "ITIN_VEL": null,
        "LONGUEUR": 233.43,
        "DATE_MAJ": "20220503131535",
        "DPCollSIRET": "22350001800013",
        "DPCollNom": "DEPARTEMENT D ILLE ET VILAINE",
        "DPCollModication": "2026-06-01T09:05:32.8777271Z"
      }
    },
    {
      "type": "Feature",
      "geometry": {
        "type": "LineString",
        "coordinates": [
          [
            -1.5361763564,
            48.2382704015
          ],
          [
            -1.5375467509,
            48.2385016403
          ],
          [
            -1.5375612065,
            48.238183843
          ],
          [
            -1.5383659114,
            48.2383007211
          ],
          [
            -1.5413885018,
            48.2379781147
          ],
          [
            -1.5422609679,
            48.2378949846
          ],
          [
            -1.5429592669,
            48.238029444
          ],
          [
            -1.5432662886,
            48.2380383595
          ]
        ]
      },
      "properties": {
        "CD_TRONC": 15739,
        "INSEE_COM": "35152",
        "NOM_COM": "Liffré",
        "INTERET": "Locale",
        "REVET": "Terre",
        "STAT_JUR": "Voie Communale",
        "DATE_CP": null,
        "DATE_DEL": "19911107",
        "PRAT_PED": "NON",
        "PRAT_EQU": "OUI",
        "ADMF_PED": null,
        "ADMF_EQU": "Ouvert",
        "PRAT_VEL": null,
        "ADMF_VEL": null,
        "ITIN_PED": null,
        "ITIN_EQU": "Equestre Local",
        "ITIN_VEL": null,
        "LONGUEUR": 570.88,
        "DATE_MAJ": "20220503131535",
        "DPCollSIRET": "22350001800013",
        "DPCollNom": "DEPARTEMENT D ILLE ET VILAINE",
        "DPCollModication": "2026-06-01T09:05:32.9033657Z"
      }
    },
    {
      "type": "Feature",
      "geometry": {
        "type": "LineString",
        "coordinates": [
          [
            -1.5207678409,
            48.2238961317
          ],
          [
            -1.5228592524,
            48.2228372522
          ],
          [
            -1.5241000192,
            48.2217523569
          ],
          [
            -1.5246064739,
            48.2209434428
          ],
          [
            -1.5257799383,
            48.2200494684
          ],
          [
            -1.5270966084,
            48.2187191852
          ],
          [
            -1.5268498649,
            48.2179346384
          ],
          [
            -1.527368983,
            48.2173054738
          ],
          [
            -1.529264771,
            48.2159204974
          ]
        ]
      },
      "properties": {
        "CD_TRONC": 15740,
        "INSEE_COM": "35152",
        "NOM_COM": "Liffré",
        "INTERET": "Locale",
        "REVET": "Terre",
        "STAT_JUR": "Voie Privée",
        "DATE_CP": null,
        "DATE_DEL": "19911107",
        "PRAT_PED": "OUI",
        "PRAT_EQU": "NON",
        "ADMF_PED": "Ouvert",
        "ADMF_EQU": null,
        "PRAT_VEL": null,
        "ADMF_VEL": null,
        "ITIN_PED": "Pédestre Local",
        "ITIN_EQU": null,
        "ITIN_VEL": null,
        "LONGUEUR": 1131.06,
        "DATE_MAJ": "20220503131535",
        "DPCollSIRET": "22350001800013",
        "DPCollNom": "DEPARTEMENT D ILLE ET VILAINE",
        "DPCollModication": "2026-06-01T09:05:32.9055997Z"
      }
    },
    {
      "type": "Feature",
      "geometry": {
        "type": "LineString",
        "coordinates": [
          [
            -1.6037571624,
            48.1783082006
          ],
          [
            -1.6042853958,
            48.178755372
          ],
          [
            -1.6061058563,
            48.1802958741
          ],
          [
            -1.6068706482,
            48.1810438554
          ],
          [
            -1.6072066234,
            48.1813723377
          ],
          [
            -1.6079578458,
            48.1816097845
          ],
          [
            -1.6103416094,
            48.1824531144
          ],
          [
            -1.6114834762,
            48.1828573391
          ],
          [
            -1.6120370763,
            48.183053816
          ]
        ]
      },
      "properties": {
        "CD_TRONC": 15741,
        "INSEE_COM": "35152",
        "NOM_COM": "Liffré",
        "INTERET": "Départementale",
        "REVET": "Terre",
        "STAT_JUR": "Voie Privée",
        "DATE_CP": null,
        "DATE_DEL": null,
        "PRAT_PED": null,
        "PRAT_EQU": "NON",
        "ADMF_PED": null,
        "ADMF_EQU": "Ajout",
        "PRAT_VEL": null,
        "ADMF_VEL": null,
        "ITIN_PED": null,
        "ITIN_EQU": "Equibreizh",
        "ITIN_VEL": null,
        "LONGUEUR": 831.28,
        "DATE_MAJ": "20220503131535",
        "DPCollSIRET": "22350001800013",
        "DPCollNom": "DEPARTEMENT D ILLE ET VILAINE",
        "DPCollModication": "2026-06-01T09:05:32.9076842Z"
      }
    },
    {
      "type": "Feature",
      "geometry": {
        "type": "LineString",
        "coordinates": [
          [
            -1.526187141,
            48.2369792286
          ],
          [
            -1.5245710436,
            48.2376089558
          ],
          [
            -1.5244726944,
            48.2376262433
          ]
        ]
      },
      "properties": {
        "CD_TRONC": 15742,
        "INSEE_COM": "35152",
        "NOM_COM": "Liffré",
        "INTERET": "Locale",
        "REVET": "Goudron",
        "STAT_JUR": "Chemin Rural",
        "DATE_CP": null,
        "DATE_DEL": "19911107",
        "PRAT_PED": "NON",
        "PRAT_EQU": "OUI",
        "ADMF_PED": null,
        "ADMF_EQU": "Fermé",
        "PRAT_VEL": null,
        "ADMF_VEL": null,
        "ITIN_PED": null,
        "ITIN_EQU": "Equestre Local",
        "ITIN_VEL": null,
        "LONGUEUR": 146.46,
        "DATE_MAJ": "20220503131535",
        "DPCollSIRET": "22350001800013",
        "DPCollNom": "DEPARTEMENT D ILLE ET VILAINE",
        "DPCollModication": "2026-06-01T09:05:32.9095853Z"
      }
    },
    {
      "type": "Feature",
      "geometry": {
        "type": "LineString",
        "coordinates": [
          [
            -1.5885203081,
            48.1955494246
          ],
          [
            -1.5927012411,
            48.190400628
          ],
          [
            -1.5932163993,
            48.1897818326
          ],
          [
            -1.5931158142,
            48.1897571324
          ],
          [
            -1.5929886649,
            48.1896976956
          ],
          [
            -1.5928619917,
            48.1896682875
          ],
          [
            -1.592574818,
            48.1896854617
          ],
          [
            -1.5923908257,
            48.1896637378
          ],
          [
            -1.5922304456,
            48.1895912856
          ],
          [
            -1.5920882795,
            48.1894719114
          ],
          [
            -1.5919543357,
            48.1893201571
          ],
          [
            -1.5917038773,
            48.1891224335
          ],
          [
            -1.5913188191,
            48.1889270871
          ],
          [
            -1.5909877442,
            48.1887885416
          ],
          [
            -1.5906480518,
            48.1887373739
          ],
          [
            -1.5902403566,
            48.1885195348
          ],
          [
            -1.5897554404,
            48.1883503142
          ],
          [
            -1.5885008876,
            48.1879205229
          ],
          [
            -1.5875946821,
            48.1877917316
          ],
          [
            -1.5867679587,
            48.1880392729
          ],
          [
            -1.5866513921,
            48.1881664103
          ]
        ]
      },
      "properties": {
        "CD_TRONC": 15743,
        "INSEE_COM": "35152",
        "NOM_COM": "Liffré",
        "INTERET": "Locale",
        "REVET": "Terre",
        "STAT_JUR": "Voie Privée",
        "DATE_CP": "20090928",
        "DATE_DEL": "20090619",
        "PRAT_PED": "OUI",
        "PRAT_EQU": "NON",
        "ADMF_PED": "Ouvert",
        "ADMF_EQU": null,
        "PRAT_VEL": null,
        "ADMF_VEL": null,
        "ITIN_PED": "Pédestre Local",
        "ITIN_EQU": null,
        "ITIN_VEL": null,
        "LONGUEUR": 1302.06,
        "DATE_MAJ": "20220503131535",
        "DPCollSIRET": "22350001800013",
        "DPCollNom": "DEPARTEMENT D ILLE ET VILAINE",
        "DPCollModication": "2026-06-01T09:05:32.9115038Z"
      }
    },
    {
      "type": "Feature",
      "geometry": {
        "type": "LineString",
        "coordinates": [
          [
            -1.590023709,
            48.1805911965
          ],
          [
            -1.5907987334,
            48.1817381622
          ],
          [
            -1.5917579421,
            48.1826472132
          ]
        ]
      },
      "properties": {
        "CD_TRONC": 15744,
        "INSEE_COM": "35152",
        "NOM_COM": "Liffré",
        "INTERET": "Locale",
        "REVET": "Terre",
        "STAT_JUR": "Voie Privée",
        "DATE_CP": "20090928",
        "DATE_DEL": "20090619",
        "PRAT_PED": "OUI",
        "PRAT_EQU": "NON",
        "ADMF_PED": "Ouvert",
        "ADMF_EQU": null,
        "PRAT_VEL": null,
        "ADMF_VEL": null,
        "ITIN_PED": "Pédestre Local",
        "ITIN_EQU": null,
        "ITIN_VEL": null,
        "LONGUEUR": 263.53,
        "DATE_MAJ": "20220503131535",
        "DPCollSIRET": "22350001800013",
        "DPCollNom": "DEPARTEMENT D ILLE ET VILAINE",
        "DPCollModication": "2026-06-01T09:05:32.912963Z"
      }
    },
    {
      "type": "Feature",
      "geometry": {
        "type": "LineString",
        "coordinates": [
          [
            -1.5279025441,
            48.2172056944
          ],
          [
            -1.528086591,
            48.2166479621
          ],
          [
            -1.5286560437,
            48.2164323415
          ],
          [
            -1.529264771,
            48.2159204974
          ]
        ]
      },
      "properties": {
        "CD_TRONC": 15746,
        "INSEE_COM": "35152",
        "NOM_COM": "Liffré",
        "INTERET": "Départementale",
        "REVET": "Terre",
        "STAT_JUR": "Voie Privée",
        "DATE_CP": null,
        "DATE_DEL": null,
        "PRAT_PED": null,
        "PRAT_EQU": "NON",
        "ADMF_PED": null,
        "ADMF_EQU": "Ajout",
        "PRAT_VEL": null,
        "ADMF_VEL": null,
        "ITIN_PED": null,
        "ITIN_EQU": "Equibreizh",
        "ITIN_VEL": null,
        "LONGUEUR": 184.75,
        "DATE_MAJ": "20220503131535",
        "DPCollSIRET": "22350001800013",
        "DPCollNom": "DEPARTEMENT D ILLE ET VILAINE",
        "DPCollModication": "2026-06-01T09:05:32.914799Z"
      }
    },
    {
      "type": "Feature",
      "geometry": {
        "type": "LineString",
        "coordinates": [
          [
            -1.5206482052,
            48.2124529504
          ],
          [
            -1.5191134242,
            48.2137086037
          ],
          [
            -1.517069538,
            48.214988226
          ],
          [
            -1.5166878902,
            48.2160897471
          ],
          [
            -1.5166677751,
            48.2161382834
          ]
        ]
      },
      "properties": {
        "CD_TRONC": 15747,
        "INSEE_COM": "35152",
        "NOM_COM": "Liffré",
        "INTERET": "Locale",
        "REVET": "Goudron",
        "STAT_JUR": "Chemin Rural",
        "DATE_CP": null,
        "DATE_DEL": "19911107",
        "PRAT_PED": "OUI",
        "PRAT_EQU": "OUI",
        "ADMF_PED": "Ouvert",
        "ADMF_EQU": "Fermé",
        "PRAT_VEL": null,
        "ADMF_VEL": null,
        "ITIN_PED": "Pédestre Local",
        "ITIN_EQU": "Equestre Local",
        "ITIN_VEL": null,
        "LONGUEUR": 519.48,
        "DATE_MAJ": "20220503131535",
        "DPCollSIRET": "22350001800013",
        "DPCollNom": "DEPARTEMENT D ILLE ET VILAINE",
        "DPCollModication": "2026-06-01T09:05:32.9169419Z"
      }
    },
    {
      "type": "Feature",
      "geometry": {
        "type": "LineString",
        "coordinates": [
          [
            -1.5218717657,
            48.2394986293
          ],
          [
            -1.521795744,
            48.2401062752
          ],
          [
            -1.5216251678,
            48.2407283564
          ]
        ]
      },
      "properties": {
        "CD_TRONC": 15790,
        "INSEE_COM": "35152",
        "NOM_COM": "Liffré",
        "INTERET": "Départementale",
        "REVET": "Terre",
        "STAT_JUR": "Chemin Rural",
        "DATE_CP": null,
        "DATE_DEL": "19911107",
        "PRAT_PED": "OUI",
        "PRAT_EQU": "OUI",
        "ADMF_PED": "Ouvert",
        "ADMF_EQU": "Ouvert",
        "PRAT_VEL": null,
        "ADMF_VEL": null,
        "ITIN_PED": "Grande Randonnée",
        "ITIN_EQU": "Equestre Local",
        "ITIN_VEL": null,
        "LONGUEUR": 138.06,
        "DATE_MAJ": "20220503131535",
        "DPCollSIRET": "22350001800013",
        "DPCollNom": "DEPARTEMENT D ILLE ET VILAINE",
        "DPCollModication": "2026-06-01T09:05:32.9196966Z"
      }
    },
    {
      "type": "Feature",
      "geometry": {
        "type": "LineString",
        "coordinates": [
          [
            -1.3647462433,
            48.1725897071
          ],
          [
            -1.3597887693,
            48.1717646622
          ],
          [
            -1.3584052785,
            48.17370738
          ],
          [
            -1.3574475768,
            48.1748359
          ],
          [
            -1.3573757527,
            48.1764949196
          ],
          [
            -1.3566630257,
            48.177066462
          ]
        ]
      },
      "properties": {
        "CD_TRONC": 15791,
        "INSEE_COM": "35101",
        "NOM_COM": "Dourdain",
        "INTERET": "Locale",
        "REVET": "Goudron",
        "STAT_JUR": "Chemin Rural",
        "DATE_CP": null,
        "DATE_DEL": "19910329",
        "PRAT_PED": "NON",
        "PRAT_EQU": "OUI",
        "ADMF_PED": null,
        "ADMF_EQU": "Ouvert",
        "PRAT_VEL": null,
        "ADMF_VEL": null,
        "ITIN_PED": null,
        "ITIN_EQU": "Equestre Local",
        "ITIN_VEL": null,
        "LONGUEUR": 1030.29,
        "DATE_MAJ": "20220503131535",
        "DPCollSIRET": "22350001800013",
        "DPCollNom": "DEPARTEMENT D ILLE ET VILAINE",
        "DPCollModication": "2026-06-01T09:05:32.9216924Z"
      }
    },
    {
      "type": "Feature",
      "geometry": {
        "type": "LineString",
        "coordinates": [
          [
            -1.5992169769,
            48.1836265495
          ],
          [
            -1.6019601014,
            48.1844956903
          ],
          [
            -1.603711673,
            48.185044747
          ],
          [
            -1.6045052006,
            48.1852877761
          ]
        ]
      },
      "properties": {
        "CD_TRONC": 15793,
        "INSEE_COM": "35152",
        "NOM_COM": "Liffré",
        "INTERET": "Locale",
        "REVET": "Empierré",
        "STAT_JUR": "Voie Privée",
        "DATE_CP": "20090928",
        "DATE_DEL": "20090619",
        "PRAT_PED": "OUI",
        "PRAT_EQU": "NON",
        "ADMF_PED": "Ouvert",
        "ADMF_EQU": null,
        "PRAT_VEL": null,
        "ADMF_VEL": null,
        "ITIN_PED": "Pédestre Local",
        "ITIN_EQU": null,
        "ITIN_VEL": null,
        "LONGUEUR": 434.23,
        "DATE_MAJ": "20220503131535",
        "DPCollSIRET": "22350001800013",
        "DPCollNom": "DEPARTEMENT D ILLE ET VILAINE",
        "DPCollModication": "2026-06-01T09:05:32.9234314Z"
      }
    },
    {
      "type": "Feature",
      "geometry": {
        "type": "LineString",
        "coordinates": [
          [
            -1.5978666877,
            48.1855152034
          ],
          [
            -1.5992169769,
            48.1836265495
          ]
        ]
      },
      "properties": {
        "CD_TRONC": 15794,
        "INSEE_COM": "35152",
        "NOM_COM": "Liffré",
        "INTERET": "Locale",
        "REVET": "Terre",
        "STAT_JUR": "Voie Privée",
        "DATE_CP": "20090928",
        "DATE_DEL": "20090619",
        "PRAT_PED": "OUI",
        "PRAT_EQU": "NON",
        "ADMF_PED": "Ouvert",
        "ADMF_EQU": null,
        "PRAT_VEL": null,
        "ADMF_VEL": null,
        "ITIN_PED": "Pédestre Local",
        "ITIN_EQU": null,
        "ITIN_VEL": null,
        "LONGUEUR": 232.65,
        "DATE_MAJ": "20220503131535",
        "DPCollSIRET": "22350001800013",
        "DPCollNom": "DEPARTEMENT D ILLE ET VILAINE",
        "DPCollModication": "2026-06-01T09:05:32.9257841Z"
      }
    },
    {
      "type": "Feature",
      "geometry": {
        "type": "LineString",
        "coordinates": [
          [
            -1.5272354659,
            48.2037699772
          ],
          [
            -1.5285166787,
            48.2022517394
          ]
        ]
      },
      "properties": {
        "CD_TRONC": 15795,
        "INSEE_COM": "35152",
        "NOM_COM": "Liffré",
        "INTERET": "Locale",
        "REVET": "Goudron",
        "STAT_JUR": "Route Départementale",
        "DATE_CP": null,
        "DATE_DEL": "19911107",
        "PRAT_PED": "OUI",
        "PRAT_EQU": "NON",
        "ADMF_PED": "Ouvert",
        "ADMF_EQU": null,
        "PRAT_VEL": null,
        "ADMF_VEL": null,
        "ITIN_PED": "Pédestre Local",
        "ITIN_EQU": null,
        "ITIN_VEL": null,
        "LONGUEUR": 193.73,
        "DATE_MAJ": "20220503131535",
        "DPCollSIRET": "22350001800013",
        "DPCollNom": "DEPARTEMENT D ILLE ET VILAINE",
        "DPCollModication": "2026-06-01T09:05:32.9281318Z"
      }
    },
    {
      "type": "Feature",
      "geometry": {
        "type": "LineString",
        "coordinates": [
          [
            -1.4709807346,
            48.2289168724
          ],
          [
            -1.4708280049,
            48.2285792925
          ],
          [
            -1.4703103643,
            48.2282807652
          ],
          [
            -1.4692662039,
            48.227769656
          ],
          [
            -1.468072822,
            48.2275823156
          ]
        ]
      },
      "properties": {
        "CD_TRONC": 15796,
        "INSEE_COM": "35152",
        "NOM_COM": "Liffré",
        "INTERET": "Départementale",
        "REVET": "Terre",
        "STAT_JUR": "Voie Privée",
        "DATE_CP": null,
        "DATE_DEL": "19911107",
        "PRAT_PED": "OUI",
        "PRAT_EQU": "NON",
        "ADMF_PED": "Ouvert",
        "ADMF_EQU": "Ajout",
        "PRAT_VEL": null,
        "ADMF_VEL": null,
        "ITIN_PED": "Grande Randonnée",
        "ITIN_EQU": "Equibreizh",
        "ITIN_VEL": null,
        "LONGUEUR": 277.12,
        "DATE_MAJ": "20220503131535",
        "DPCollSIRET": "22350001800013",
        "DPCollNom": "DEPARTEMENT D ILLE ET VILAINE",
        "DPCollModication": "2026-06-01T09:05:32.9303141Z"
      }
    },
    {
      "type": "Feature",
      "geometry": {
        "type": "LineString",
        "coordinates": [
          [
            -1.5467500552,
            48.1638375841
          ],
          [
            -1.5468588203,
            48.1638333896
          ],
          [
            -1.5473519885,
            48.163693594
          ],
          [
            -1.5498947571,
            48.1638091027
          ],
          [
            -1.5504406464,
            48.1638745606
          ],
          [
            -1.5514171415,
            48.1646056857
          ],
          [
            -1.5529886247,
            48.1651588031
          ],
          [
            -1.5546778487,
            48.1660922123
          ],
          [
            -1.5561401164,
            48.1665810094
          ],
          [
            -1.5571762501,
            48.1667843206
          ],
          [
            -1.5586695266,
            48.1669609361
          ],
          [
            -1.5592310845,
            48.1670356635
          ],
          [
            -1.5603675635,
            48.1668096468
          ]
        ]
      },
      "properties": {
        "CD_TRONC": 15797,
        "INSEE_COM": "35152",
        "NOM_COM": "Liffré",
        "INTERET": "Départementale",
        "REVET": "Terre",
        "STAT_JUR": "Chemin Rural",
        "DATE_CP": null,
        "DATE_DEL": null,
        "PRAT_PED": null,
        "PRAT_EQU": "NON",
        "ADMF_PED": null,
        "ADMF_EQU": "Ajout",
        "PRAT_VEL": null,
        "ADMF_VEL": null,
        "ITIN_PED": null,
        "ITIN_EQU": "Equibreizh",
        "ITIN_VEL": null,
        "LONGUEUR": 1127.77,
        "DATE_MAJ": "20220503131535",
        "DPCollSIRET": "22350001800013",
        "DPCollNom": "DEPARTEMENT D ILLE ET VILAINE",
        "DPCollModication": "2026-06-01T09:05:32.9324361Z"
      }
    },
    {
      "type": "Feature",
      "geometry": {
        "type": "LineString",
        "coordinates": [
          [
            -1.5603675635,
            48.1668096468
          ],
          [
            -1.5575105208,
            48.1685641107
          ],
          [
            -1.5542495432,
            48.1705269781
          ],
          [
            -1.5532188152,
            48.171183278
          ]
        ]
      },
      "properties": {
        "CD_TRONC": 15798,
        "INSEE_COM": "35152",
        "NOM_COM": "Liffré",
        "INTERET": "Départementale",
        "REVET": "Goudron",
        "STAT_JUR": "Voie Privée",
        "DATE_CP": null,
        "DATE_DEL": null,
        "PRAT_PED": null,
        "PRAT_EQU": "NON",
        "ADMF_PED": null,
        "ADMF_EQU": "Ajout",
        "PRAT_VEL": null,
        "ADMF_VEL": null,
        "ITIN_PED": null,
        "ITIN_EQU": "Equibreizh",
        "ITIN_VEL": null,
        "LONGUEUR": 720.24,
        "DATE_MAJ": "20220503131535",
        "DPCollSIRET": "22350001800013",
        "DPCollNom": "DEPARTEMENT D ILLE ET VILAINE",
        "DPCollModication": "2026-06-01T09:05:32.9342469Z"
      }
    },
    {
      "type": "Feature",
      "geometry": {
        "type": "LineString",
        "coordinates": [
          [
            -1.5514813905,
            48.2179552916
          ],
          [
            -1.5525702897,
            48.2168218465
          ],
          [
            -1.5538598097,
            48.2154354996
          ],
          [
            -1.5544018218,
            48.2148566915
          ],
          [
            -1.5554372298,
            48.2138235167
          ]
        ]
      },
      "properties": {
        "CD_TRONC": 15799,
        "INSEE_COM": "35152",
        "NOM_COM": "Liffré",
        "INTERET": "Locale",
        "REVET": "Empierré",
        "STAT_JUR": "Voie Privée",
        "DATE_CP": null,
        "DATE_DEL": "19911107",
        "PRAT_PED": "OUI",
        "PRAT_EQU": "OUI",
        "ADMF_PED": "Ouvert",
        "ADMF_EQU": "Fermé",
        "PRAT_VEL": null,
        "ADMF_VEL": null,
        "ITIN_PED": "Pédestre Local",
        "ITIN_EQU": "Equestre Local",
        "ITIN_VEL": null,
        "LONGUEUR": 545.21,
        "DATE_MAJ": "20220503131535",
        "DPCollSIRET": "22350001800013",
        "DPCollNom": "DEPARTEMENT D ILLE ET VILAINE",
        "DPCollModication": "2026-06-01T09:05:32.9356188Z"
      }
    },
    {
      "type": "Feature",
      "geometry": {
        "type": "LineString",
        "coordinates": [
          [
            -1.4810979239,
            48.2310377777
          ],
          [
            -1.4795043103,
            48.2291426021
          ],
          [
            -1.4791561785,
            48.2287601743
          ]
        ]
      },
      "properties": {
        "CD_TRONC": 15800,
        "INSEE_COM": "35152",
        "NOM_COM": "Liffré",
        "INTERET": "Départementale",
        "REVET": "Goudron",
        "STAT_JUR": "Chemin Rural",
        "DATE_CP": null,
        "DATE_DEL": null,
        "PRAT_PED": null,
        "PRAT_EQU": "NON",
        "ADMF_PED": null,
        "ADMF_EQU": "Ajout",
        "PRAT_VEL": null,
        "ADMF_VEL": null,
        "ITIN_PED": null,
        "ITIN_EQU": "Equibreizh",
        "ITIN_VEL": null,
        "LONGUEUR": 291.34,
        "DATE_MAJ": "20220503131535",
        "DPCollSIRET": "22350001800013",
        "DPCollNom": "DEPARTEMENT D ILLE ET VILAINE",
        "DPCollModication": "2026-06-01T09:05:32.937398Z"
      }
    },
    {
      "type": "Feature",
      "geometry": {
        "type": "LineString",
        "coordinates": [
          [
            -1.4953040939,
            48.2165790015
          ],
          [
            -1.4956689836,
            48.2163668299
          ],
          [
            -1.4961432203,
            48.2160928121
          ],
          [
            -1.4964246413,
            48.215929781
          ],
          [
            -1.4966765686,
            48.2155632907
          ],
          [
            -1.4969094842,
            48.2153849827
          ],
          [
            -1.497201894,
            48.2151611474
          ],
          [
            -1.4976606664,
            48.2149273665
          ],
          [
            -1.4977412601,
            48.2147972197
          ],
          [
            -1.498584496,
            48.2142333467
          ],
          [
            -1.4990973804,
            48.21389115
          ],
          [
            -1.4993601572,
            48.2137153029
          ],
          [
            -1.4997786486,
            48.2138471517
          ],
          [
            -1.5001376503,
            48.2140245274
          ],
          [
            -1.5008133435,
            48.2143574568
          ],
          [
            -1.5015014228,
            48.2145826618
          ],
          [
            -1.5020609486,
            48.21426571
          ]
        ]
      },
      "properties": {
        "CD_TRONC": 15802,
        "INSEE_COM": "35152",
        "NOM_COM": "Liffré",
        "INTERET": "Locale",
        "REVET": "Goudron",
        "STAT_JUR": "Chemin Rural",
        "DATE_CP": "20090928",
        "DATE_DEL": "20090619",
        "PRAT_PED": "OUI",
        "PRAT_EQU": "NON",
        "ADMF_PED": "Ouvert",
        "ADMF_EQU": null,
        "PRAT_VEL": null,
        "ADMF_VEL": null,
        "ITIN_PED": "Pédestre Local",
        "ITIN_EQU": null,
        "ITIN_VEL": null,
        "LONGUEUR": 684.13,
        "DATE_MAJ": "20220503131535",
        "DPCollSIRET": "22350001800013",
        "DPCollNom": "DEPARTEMENT D ILLE ET VILAINE",
        "DPCollModication": "2026-06-01T09:05:32.9405437Z"
      }
    },
    {
      "type": "Feature",
      "geometry": {
        "type": "LineString",
        "coordinates": [
          [
            -1.5304594177,
            48.2316566023
          ],
          [
            -1.5303151582,
            48.2315476788
          ],
          [
            -1.530073653,
            48.230778262
          ],
          [
            -1.5287544862,
            48.2294607698
          ]
        ]
      },
      "properties": {
        "CD_TRONC": 15804,
        "INSEE_COM": "35152",
        "NOM_COM": "Liffré",
        "INTERET": "Départementale",
        "REVET": "Terre",
        "STAT_JUR": "Voie Privée",
        "DATE_CP": null,
        "DATE_DEL": "19911107",
        "PRAT_PED": "OUI",
        "PRAT_EQU": "NON",
        "ADMF_PED": "Ouvert",
        "ADMF_EQU": null,
        "PRAT_VEL": null,
        "ADMF_VEL": null,
        "ITIN_PED": "Grande Randonnée",
        "ITIN_EQU": null,
        "ITIN_VEL": null,
        "LONGUEUR": 279.71,
        "DATE_MAJ": "20220503131535",
        "DPCollSIRET": "22350001800013",
        "DPCollNom": "DEPARTEMENT D ILLE ET VILAINE",
        "DPCollModication": "2026-06-01T09:05:32.9427192Z"
      }
    },
    {
      "type": "Feature",
      "geometry": {
        "type": "LineString",
        "coordinates": [
          [
            -1.4640403151,
            48.2243381911
          ],
          [
            -1.4640389609,
            48.2232712022
          ],
          [
            -1.4639089203,
            48.2227867592
          ],
          [
            -1.4631138569,
            48.2224599413
          ],
          [
            -1.4624997675,
            48.2224705415
          ],
          [
            -1.4619567481,
            48.2220620902
          ],
          [
            -1.4610028135,
            48.221865632
          ],
          [
            -1.4603050218,
            48.2216360562
          ],
          [
            -1.4603040703,
            48.2211944966
          ],
          [
            -1.4598730732,
            48.2209620465
          ],
          [
            -1.4598143214,
            48.2207777148
          ],
          [
            -1.4595098751,
            48.2207657858
          ],
          [
            -1.4593990309,
            48.2200453962
          ],
          [
            -1.4591686975,
            48.2198414112
          ],
          [
            -1.4586565232,
            48.2198607593
          ],
          [
            -1.4558465824,
            48.2190052738
          ],
          [
            -1.4550305598,
            48.2186206171
          ],
          [
            -1.4547294856,
            48.2185526738
          ],
          [
            -1.4541520648,
            48.2183104097
          ],
          [
            -1.4536762287,
            48.2181850726
          ],
          [
            -1.4531355561,
            48.2179945888
          ],
          [
            -1.4526513995,
            48.2178984004
          ],
          [
            -1.4519201626,
            48.2178944414
          ],
          [
            -1.4513379249,
            48.2177226405
          ],
          [
            -1.4507829464,
            48.2177778155
          ],
          [
            -1.4502575015,
            48.2175119442
          ],
          [
            -1.4497683647,
            48.2157910474
          ],
          [
            -1.4495110309,
            48.2155700387
          ],
          [
            -1.4494064746,
            48.2152738767
          ],
          [
            -1.4492471181,
            48.2150473715
          ],
          [
            -1.4491996389,
            48.2148842395
          ],
          [
            -1.4492011642,
            48.2146147194
          ],
          [
            -1.449262321,
            48.2144925526
          ]
        ]
      },
      "properties": {
        "CD_TRONC": 15805,
        "INSEE_COM": "35152",
        "NOM_COM": "Liffré",
        "INTERET": "Départementale",
        "REVET": "Terre",
        "STAT_JUR": "Voie Privée",
        "DATE_CP": "20090928",
        "DATE_DEL": "20090619",
        "PRAT_PED": "OUI",
        "PRAT_EQU": "NON",
        "ADMF_PED": "Ouvert",
        "ADMF_EQU": null,
        "PRAT_VEL": null,
        "ADMF_VEL": null,
        "ITIN_PED": "Grande Randonnée",
        "ITIN_EQU": null,
        "ITIN_VEL": null,
        "LONGUEUR": 1802.66,
        "DATE_MAJ": "20220503131535",
        "DPCollSIRET": "22350001800013",
        "DPCollNom": "DEPARTEMENT D ILLE ET VILAINE",
        "DPCollModication": "2026-06-01T09:05:32.9452451Z"
      }
    },
    {
      "type": "Feature",
      "geometry": {
        "type": "LineString",
        "coordinates": [
          [
            -1.4990233468,
            48.2266753763
          ],
          [
            -1.4978968944,
            48.2272419204
          ],
          [
            -1.4966272156,
            48.2278057972
          ],
          [
            -1.4948392851,
            48.2286669725
          ],
          [
            -1.4934524328,
            48.2293127793
          ]
        ]
      },
      "properties": {
        "CD_TRONC": 15806,
        "INSEE_COM": "35152",
        "NOM_COM": "Liffré",
        "INTERET": "Locale",
        "REVET": "Empierré",
        "STAT_JUR": "Chemin Rural",
        "DATE_CP": "20090928",
        "DATE_DEL": "20090619",
        "PRAT_PED": "OUI",
        "PRAT_EQU": "NON",
        "ADMF_PED": "Ouvert",
        "ADMF_EQU": null,
        "PRAT_VEL": null,
        "ADMF_VEL": null,
        "ITIN_PED": "Pédestre Local",
        "ITIN_EQU": null,
        "ITIN_VEL": null,
        "LONGUEUR": 507.11,
        "DATE_MAJ": "20220503131535",
        "DPCollSIRET": "22350001800013",
        "DPCollNom": "DEPARTEMENT D ILLE ET VILAINE",
        "DPCollModication": "2026-06-01T09:05:32.9475518Z"
      }
    },
    {
      "type": "Feature",
      "geometry": {
        "type": "LineString",
        "coordinates": [
          [
            -1.612032646,
            48.1830648053
          ],
          [
            -1.6128657893,
            48.1835757301
          ]
        ]
      },
      "properties": {
        "CD_TRONC": 15808,
        "INSEE_COM": "35152",
        "NOM_COM": "Liffré",
        "INTERET": "Locale",
        "REVET": "Terre",
        "STAT_JUR": "Voie Privée",
        "DATE_CP": "20090928",
        "DATE_DEL": "20090619",
        "PRAT_PED": "OUI",
        "PRAT_EQU": "OUI",
        "ADMF_PED": "Ouvert",
        "ADMF_EQU": "Ouvert",
        "PRAT_VEL": null,
        "ADMF_VEL": null,
        "ITIN_PED": "Pédestre Local",
        "ITIN_EQU": "Equestre Local",
        "ITIN_VEL": null,
        "LONGUEUR": 84.01,
        "DATE_MAJ": "20220503131535",
        "DPCollSIRET": "22350001800013",
        "DPCollNom": "DEPARTEMENT D ILLE ET VILAINE",
        "DPCollModication": "2026-06-01T09:05:32.9495046Z"
      }
    },
    {
      "type": "Feature",
      "geometry": {
        "type": "LineString",
        "coordinates": [
          [
            -1.5712563602,
            48.2017653548
          ],
          [
            -1.5716736731,
            48.2017113311
          ],
          [
            -1.5723342954,
            48.201384697
          ],
          [
            -1.5734507063,
            48.2005618004
          ],
          [
            -1.5731788867,
            48.2001946911
          ]
        ]
      },
      "properties": {
        "CD_TRONC": 15809,
        "INSEE_COM": "35152",
        "NOM_COM": "Liffré",
        "INTERET": "Locale",
        "REVET": "Terre",
        "STAT_JUR": "Voie Privée",
        "DATE_CP": "20090928",
        "DATE_DEL": "20090619",
        "PRAT_PED": "OUI",
        "PRAT_EQU": "NON",
        "ADMF_PED": "Ouvert",
        "ADMF_EQU": null,
        "PRAT_VEL": null,
        "ADMF_VEL": null,
        "ITIN_PED": "Pédestre Local",
        "ITIN_EQU": null,
        "ITIN_VEL": null,
        "LONGUEUR": 261.62,
        "DATE_MAJ": "20220503131535",
        "DPCollSIRET": "22350001800013",
        "DPCollNom": "DEPARTEMENT D ILLE ET VILAINE",
        "DPCollModication": "2026-06-01T09:05:32.951179Z"
      }
    },
    {
      "type": "Feature",
      "geometry": {
        "type": "LineString",
        "coordinates": [
          [
            -1.495673334,
            48.2105356193
          ],
          [
            -1.4954219621,
            48.2102126357
          ],
          [
            -1.4951994229,
            48.2099273068
          ],
          [
            -1.4952546394,
            48.2097683868
          ],
          [
            -1.4953858433,
            48.2096309058
          ],
          [
            -1.4953047388,
            48.2093122506
          ],
          [
            -1.495146819,
            48.2090731273
          ],
          [
            -1.4947804363,
            48.2089825385
          ],
          [
            -1.4946630387,
            48.2088707494
          ],
          [
            -1.4945887329,
            48.2087266765
          ],
          [
            -1.4942376544,
            48.2085625023
          ],
          [
            -1.4937589176,
            48.2083401014
          ],
          [
            -1.4933243906,
            48.2080826693
          ],
          [
            -1.4930321224,
            48.2078648814
          ],
          [
            -1.492745751,
            48.2077162643
          ],
          [
            -1.4925440572,
            48.2076752759
          ]
        ]
      },
      "properties": {
        "CD_TRONC": 15811,
        "INSEE_COM": "35152",
        "NOM_COM": "Liffré",
        "INTERET": "Locale",
        "REVET": "Terre",
        "STAT_JUR": "Chemin Rural",
        "DATE_CP": "20090928",
        "DATE_DEL": "20090619",
        "PRAT_PED": "OUI",
        "PRAT_EQU": "NON",
        "ADMF_PED": "Ouvert",
        "ADMF_EQU": null,
        "PRAT_VEL": null,
        "ADMF_VEL": null,
        "ITIN_PED": "Pédestre Local",
        "ITIN_EQU": null,
        "ITIN_VEL": null,
        "LONGUEUR": 431.97,
        "DATE_MAJ": "20220503131535",
        "DPCollSIRET": "22350001800013",
        "DPCollNom": "DEPARTEMENT D ILLE ET VILAINE",
        "DPCollModication": "2026-06-01T09:05:32.9529908Z"
      }
    },
    {
      "type": "Feature",
      "geometry": {
        "type": "LineString",
        "coordinates": [
          [
            -1.4925440572,
            48.2076752759
          ],
          [
            -1.4933591395,
            48.2070665436
          ],
          [
            -1.4937938453,
            48.2067408624
          ],
          [
            -1.4943160686,
            48.2063505612
          ],
          [
            -1.4946290994,
            48.2061160303
          ],
          [
            -1.4949881118,
            48.2059464392
          ],
          [
            -1.4953699404,
            48.2057282114
          ],
          [
            -1.495673312,
            48.205554429
          ],
          [
            -1.4960750351,
            48.2052849708
          ],
          [
            -1.4966219404,
            48.2049631136
          ],
          [
            -1.4964982308,
            48.2047614418
          ]
        ]
      },
      "properties": {
        "CD_TRONC": 15812,
        "INSEE_COM": "35152",
        "NOM_COM": "Liffré",
        "INTERET": "Locale",
        "REVET": "Goudron",
        "STAT_JUR": "Voie Communale",
        "DATE_CP": "20090928",
        "DATE_DEL": "20090619",
        "PRAT_PED": "OUI",
        "PRAT_EQU": "NON",
        "ADMF_PED": "Ouvert",
        "ADMF_EQU": null,
        "PRAT_VEL": null,
        "ADMF_VEL": null,
        "ITIN_PED": "Pédestre Local",
        "ITIN_EQU": null,
        "ITIN_VEL": null,
        "LONGUEUR": 452.72,
        "DATE_MAJ": "20220503131535",
        "DPCollSIRET": "22350001800013",
        "DPCollNom": "DEPARTEMENT D ILLE ET VILAINE",
        "DPCollModication": "2026-06-01T09:05:32.9551048Z"
      }
    },
    {
      "type": "Feature",
      "geometry": {
        "type": "LineString",
        "coordinates": [
          [
            -1.4964982308,
            48.2047614418
          ],
          [
            -1.4966741496,
            48.2046267605
          ],
          [
            -1.4969398764,
            48.2044859525
          ],
          [
            -1.4971771096,
            48.2043588474
          ],
          [
            -1.4975020457,
            48.2041851389
          ]
        ]
      },
      "properties": {
        "CD_TRONC": 15813,
        "INSEE_COM": "35152",
        "NOM_COM": "Liffré",
        "INTERET": "Locale",
        "REVET": "Terre",
        "STAT_JUR": "Chemin d'Exploitation",
        "DATE_CP": "20090928",
        "DATE_DEL": "20090619",
        "PRAT_PED": "OUI",
        "PRAT_EQU": "NON",
        "ADMF_PED": "Ouvert",
        "ADMF_EQU": null,
        "PRAT_VEL": null,
        "ADMF_VEL": null,
        "ITIN_PED": "Pédestre Local",
        "ITIN_EQU": null,
        "ITIN_VEL": null,
        "LONGUEUR": 98.56,
        "DATE_MAJ": "20220503131535",
        "DPCollSIRET": "22350001800013",
        "DPCollNom": "DEPARTEMENT D ILLE ET VILAINE",
        "DPCollModication": "2026-06-01T09:05:32.9586137Z"
      }
    },
    {
      "type": "Feature",
      "geometry": {
        "type": "LineString",
        "coordinates": [
          [
            -1.4823266398,
            48.2028699742
          ],
          [
            -1.4817248309,
            48.202974847
          ],
          [
            -1.4812918407,
            48.2029246005
          ],
          [
            -1.4807075337,
            48.2028070982
          ],
          [
            -1.4800935261,
            48.2027366841
          ],
          [
            -1.4797215626,
            48.2026588801
          ],
          [
            -1.4795168423,
            48.2026612449
          ],
          [
            -1.4793431792,
            48.2027435419
          ],
          [
            -1.4790542637,
            48.2028815842
          ]
        ]
      },
      "properties": {
        "CD_TRONC": 15814,
        "INSEE_COM": "35152",
        "NOM_COM": "Liffré",
        "INTERET": "Locale",
        "REVET": "Terre",
        "STAT_JUR": "Chemin d'Exploitation",
        "DATE_CP": "20090928",
        "DATE_DEL": "20090619",
        "PRAT_PED": "OUI",
        "PRAT_EQU": "NON",
        "ADMF_PED": "Ouvert",
        "ADMF_EQU": null,
        "PRAT_VEL": null,
        "ADMF_VEL": null,
        "ITIN_PED": "Pédestre Local",
        "ITIN_EQU": null,
        "ITIN_VEL": null,
        "LONGUEUR": 256.84,
        "DATE_MAJ": "20220503131535",
        "DPCollSIRET": "22350001800013",
        "DPCollNom": "DEPARTEMENT D ILLE ET VILAINE",
        "DPCollModication": "2026-06-01T09:05:32.9611212Z"
      }
    },
    {
      "type": "Feature",
      "geometry": {
        "type": "LineString",
        "coordinates": [
          [
            -1.4780903259,
            48.2117872333
          ],
          [
            -1.4786401874,
            48.2120060954
          ],
          [
            -1.4791584024,
            48.2123126747
          ],
          [
            -1.4792141928,
            48.2123979769
          ],
          [
            -1.479010929,
            48.2130527768
          ],
          [
            -1.4788400164,
            48.2135963977
          ],
          [
            -1.4788412077,
            48.2138802407
          ],
          [
            -1.4789890952,
            48.2140972326
          ],
          [
            -1.4793437339,
            48.214335217
          ],
          [
            -1.4794736498,
            48.2144834956
          ],
          [
            -1.4794648615,
            48.2146181127
          ],
          [
            -1.4790423872,
            48.214692727
          ],
          [
            -1.4784085468,
            48.2147555332
          ],
          [
            -1.4781036209,
            48.2148328933
          ],
          [
            -1.4780368661,
            48.2149201419
          ],
          [
            -1.4784336895,
            48.2154800702
          ],
          [
            -1.4787448676,
            48.21592068
          ],
          [
            -1.4789900077,
            48.2162664622
          ]
        ]
      },
      "properties": {
        "CD_TRONC": 15815,
        "INSEE_COM": "35152",
        "NOM_COM": "Liffré",
        "INTERET": "Locale",
        "REVET": "Goudron",
        "STAT_JUR": "Chemin Rural",
        "DATE_CP": "20090928",
        "DATE_DEL": "20090619",
        "PRAT_PED": "OUI",
        "PRAT_EQU": "NON",
        "ADMF_PED": "Ouvert",
        "ADMF_EQU": null,
        "PRAT_VEL": null,
        "ADMF_VEL": null,
        "ITIN_PED": "Pédestre Local",
        "ITIN_EQU": null,
        "ITIN_VEL": null,
        "LONGUEUR": 655.5,
        "DATE_MAJ": "20220503131535",
        "DPCollSIRET": "22350001800013",
        "DPCollNom": "DEPARTEMENT D ILLE ET VILAINE",
        "DPCollModication": "2026-06-01T09:05:32.9635721Z"
      }
    },
    {
      "type": "Feature",
      "geometry": {
        "type": "LineString",
        "coordinates": [
          [
            -1.5320449088,
            48.2279916222
          ],
          [
            -1.5321011938,
            48.223611143
          ]
        ]
      },
      "properties": {
        "CD_TRONC": 15605,
        "INSEE_COM": "35152",
        "NOM_COM": "Liffré",
        "INTERET": "Locale",
        "REVET": "Empierré",
        "STAT_JUR": "Voie Privée",
        "DATE_CP": null,
        "DATE_DEL": null,
        "PRAT_PED": null,
        "PRAT_EQU": "NON",
        "ADMF_PED": null,
        "ADMF_EQU": "Ajout",
        "PRAT_VEL": null,
        "ADMF_VEL": null,
        "ITIN_PED": null,
        "ITIN_EQU": "Equestre Local",
        "ITIN_VEL": null,
        "LONGUEUR": 486.86,
        "DATE_MAJ": "20220503131535",
        "DPCollSIRET": "22350001800013",
        "DPCollNom": "DEPARTEMENT D ILLE ET VILAINE",
        "DPCollModication": "2026-06-01T09:05:32.9685073Z"
      }
    },
    {
      "type": "Feature",
      "geometry": {
        "type": "LineString",
        "coordinates": [
          [
            -1.5569742355,
            48.2090774962
          ],
          [
            -1.5560818674,
            48.2090650867
          ],
          [
            -1.5555732535,
            48.2091712464
          ],
          [
            -1.5557245366,
            48.2098296532
          ],
          [
            -1.5553184566,
            48.2103734824
          ]
        ]
      },
      "properties": {
        "CD_TRONC": 15607,
        "INSEE_COM": "35152",
        "NOM_COM": "Liffré",
        "INTERET": "Départementale",
        "REVET": "Terre",
        "STAT_JUR": "Voie Privée",
        "DATE_CP": null,
        "DATE_DEL": "19911107",
        "PRAT_PED": "OUI",
        "PRAT_EQU": "NON",
        "ADMF_PED": "Ouvert",
        "ADMF_EQU": null,
        "PRAT_VEL": null,
        "ADMF_VEL": null,
        "ITIN_PED": "Grande Randonnée",
        "ITIN_EQU": null,
        "ITIN_VEL": null,
        "LONGUEUR": 247.47,
        "DATE_MAJ": "20220503131535",
        "DPCollSIRET": "22350001800013",
        "DPCollNom": "DEPARTEMENT D ILLE ET VILAINE",
        "DPCollModication": "2026-06-01T09:05:32.970723Z"
      }
    },
    {
      "type": "Feature",
      "geometry": {
        "type": "LineString",
        "coordinates": [
          [
            -1.5026157778,
            48.2249612369
          ],
          [
            -1.4990233468,
            48.2266753763
          ]
        ]
      },
      "properties": {
        "CD_TRONC": 15608,
        "INSEE_COM": "35152",
        "NOM_COM": "Liffré",
        "INTERET": "Locale",
        "REVET": "Goudron",
        "STAT_JUR": "Chemin Rural",
        "DATE_CP": "20090928",
        "DATE_DEL": "20090619",
        "PRAT_PED": "OUI",
        "PRAT_EQU": "NON",
        "ADMF_PED": "Ouvert",
        "ADMF_EQU": null,
        "PRAT_VEL": null,
        "ADMF_VEL": null,
        "ITIN_PED": "Pédestre Local",
        "ITIN_EQU": null,
        "ITIN_VEL": null,
        "LONGUEUR": 327.82,
        "DATE_MAJ": "20220503131535",
        "DPCollSIRET": "22350001800013",
        "DPCollNom": "DEPARTEMENT D ILLE ET VILAINE",
        "DPCollModication": "2026-06-01T09:05:32.9729409Z"
      }
    },
    {
      "type": "Feature",
      "geometry": {
        "type": "LineString",
        "coordinates": [
          [
            -1.5666672418,
            48.1862946595
          ],
          [
            -1.5669729344,
            48.1863071589
          ],
          [
            -1.5671797146,
            48.1862513831
          ],
          [
            -1.5675288525,
            48.1858313124
          ],
          [
            -1.5677048259,
            48.1858088421
          ],
          [
            -1.5680873319,
            48.185900483
          ],
          [
            -1.5684162181,
            48.1858595656
          ],
          [
            -1.5696704825,
            48.1857452282
          ],
          [
            -1.569807972,
            48.1857649488
          ],
          [
            -1.5704648586,
            48.1857269729
          ],
          [
            -1.5708463551,
            48.1857528926
          ],
          [
            -1.5712425491,
            48.1856260363
          ],
          [
            -1.5713869241,
            48.1854532838
          ],
          [
            -1.5716239729,
            48.18489304
          ],
          [
            -1.5717687661,
            48.1847809738
          ],
          [
            -1.5719697175,
            48.1847873784
          ],
          [
            -1.5729017386,
            48.1844020351
          ],
          [
            -1.573184504,
            48.1842093877
          ],
          [
            -1.5733251463,
            48.18383143
          ],
          [
            -1.5734831861,
            48.1836562272
          ],
          [
            -1.5738563485,
            48.1835321713
          ],
          [
            -1.5742032705,
            48.1833627124
          ],
          [
            -1.574387068,
            48.1831734393
          ],
          [
            -1.5746157121,
            48.1831645711
          ],
          [
            -1.5748823021,
            48.1833233055
          ],
          [
            -1.5752383522,
            48.183271922
          ],
          [
            -1.5756526386,
            48.1834061391
          ],
          [
            -1.575816897,
            48.1833027048
          ],
          [
            -1.5757396002,
            48.1831127141
          ],
          [
            -1.5767904416,
            48.1829765517
          ],
          [
            -1.5774536807,
            48.1831383512
          ],
          [
            -1.5778913861,
            48.1832533784
          ],
          [
            -1.5781181107,
            48.1831539579
          ],
          [
            -1.5785461467,
            48.183237501
          ],
          [
            -1.5792319083,
            48.1831679525
          ],
          [
            -1.5796231673,
            48.1832386113
          ],
          [
            -1.5800988989,
            48.1832964499
          ],
          [
            -1.5806307603,
            48.1832614864
          ],
          [
            -1.5811167047,
            48.1831205107
          ],
          [
            -1.5816489086,
            48.1831295469
          ],
          [
            -1.5821349379,
            48.1830075085
          ],
          [
            -1.5823922258,
            48.1831421642
          ],
          [
            -1.5828172494,
            48.1832279246
          ],
          [
            -1.5832293012,
            48.1832082311
          ],
          [
            -1.5833915179,
            48.1833437959
          ],
          [
            -1.5841136529,
            48.1835363432
          ],
          [
            -1.5843269375,
            48.1835047668
          ],
          [
            -1.5848426165,
            48.1835624895
          ],
          [
            -1.5851096717,
            48.1835647263
          ]
        ]
      },
      "properties": {
        "CD_TRONC": 15609,
        "INSEE_COM": "35152",
        "NOM_COM": "Liffré",
        "INTERET": "Départementale",
        "REVET": "Terre",
        "STAT_JUR": "Voie Privée",
        "DATE_CP": "20090928",
        "DATE_DEL": "20090619",
        "PRAT_PED": "OUI",
        "PRAT_EQU": "NON",
        "ADMF_PED": "Ouvert",
        "ADMF_EQU": null,
        "PRAT_VEL": null,
        "ADMF_VEL": null,
        "ITIN_PED": "Grande Randonnée",
        "ITIN_EQU": null,
        "ITIN_VEL": null,
        "LONGUEUR": 1637.94,
        "DATE_MAJ": "20220503131535",
        "DPCollSIRET": "22350001800013",
        "DPCollNom": "DEPARTEMENT D ILLE ET VILAINE",
        "DPCollModication": "2026-06-01T09:05:32.9752075Z"
      }
    },
    {
      "type": "Feature",
      "geometry": {
        "type": "LineString",
        "coordinates": [
          [
            -1.5666672418,
            48.1862946595
          ],
          [
            -1.5668209351,
            48.1865753245
          ],
          [
            -1.5667774828,
            48.1867428473
          ],
          [
            -1.5664087071,
            48.1874340058
          ],
          [
            -1.565985888,
            48.1883417651
          ],
          [
            -1.5652447342,
            48.1900567926
          ],
          [
            -1.5644559105,
            48.1917511235
          ],
          [
            -1.5641750036,
            48.1922901554
          ],
          [
            -1.5638629929,
            48.1929682885
          ],
          [
            -1.5637187219,
            48.1933884683
          ],
          [
            -1.5638068293,
            48.1935031301
          ]
        ]
      },
      "properties": {
        "CD_TRONC": 15610,
        "INSEE_COM": "35152",
        "NOM_COM": "Liffré",
        "INTERET": "Départementale",
        "REVET": "Terre",
        "STAT_JUR": "Voie Privée",
        "DATE_CP": null,
        "DATE_DEL": "19911107",
        "PRAT_PED": "OUI",
        "PRAT_EQU": "NON",
        "ADMF_PED": "Ouvert",
        "ADMF_EQU": null,
        "PRAT_VEL": null,
        "ADMF_VEL": null,
        "ITIN_PED": "Grande Randonnée",
        "ITIN_EQU": null,
        "ITIN_VEL": null,
        "LONGUEUR": 839.48,
        "DATE_MAJ": "20220503131535",
        "DPCollSIRET": "22350001800013",
        "DPCollNom": "DEPARTEMENT D ILLE ET VILAINE",
        "DPCollModication": "2026-06-01T09:05:32.9774941Z"
      }
    },
    {
      "type": "Feature",
      "geometry": {
        "type": "LineString",
        "coordinates": [
          [
            -1.5211926242,
            48.2250902453
          ],
          [
            -1.5190363512,
            48.2231603179
          ]
        ]
      },
      "properties": {
        "CD_TRONC": 15611,
        "INSEE_COM": "35152",
        "NOM_COM": "Liffré",
        "INTERET": "Locale",
        "REVET": "Terre",
        "STAT_JUR": "Voie Privée",
        "DATE_CP": null,
        "DATE_DEL": "19911107",
        "PRAT_PED": "OUI",
        "PRAT_EQU": "OUI",
        "ADMF_PED": "Ouvert",
        "ADMF_EQU": "Fermé",
        "PRAT_VEL": null,
        "ADMF_VEL": null,
        "ITIN_PED": "Pédestre Local",
        "ITIN_EQU": "Equestre Local",
        "ITIN_VEL": null,
        "LONGUEUR": 267.67,
        "DATE_MAJ": "20220503131535",
        "DPCollSIRET": "22350001800013",
        "DPCollNom": "DEPARTEMENT D ILLE ET VILAINE",
        "DPCollModication": "2026-06-01T09:05:32.9796705Z"
      }
    },
    {
      "type": "Feature",
      "geometry": {
        "type": "LineString",
        "coordinates": [
          [
            -1.4672742272,
            48.2232686704
          ],
          [
            -1.4601000695,
            48.219707989
          ]
        ]
      },
      "properties": {
        "CD_TRONC": 15612,
        "INSEE_COM": "35152",
        "NOM_COM": "Liffré",
        "INTERET": "Départementale",
        "REVET": "Terre",
        "STAT_JUR": "Voie Privée",
        "DATE_CP": null,
        "DATE_DEL": "19911107",
        "PRAT_PED": "NON",
        "PRAT_EQU": "OUI",
        "ADMF_PED": null,
        "ADMF_EQU": "Ouvert",
        "PRAT_VEL": null,
        "ADMF_VEL": null,
        "ITIN_PED": null,
        "ITIN_EQU": "Equibreizh",
        "ITIN_VEL": null,
        "LONGUEUR": 663.69,
        "DATE_MAJ": "20220503131535",
        "DPCollSIRET": "22350001800013",
        "DPCollNom": "DEPARTEMENT D ILLE ET VILAINE",
        "DPCollModication": "2026-06-01T09:05:32.9823807Z"
      }
    },
    {
      "type": "Feature",
      "geometry": {
        "type": "LineString",
        "coordinates": [
          [
            -1.529968098,
            48.2407862062
          ],
          [
            -1.5295866905,
            48.240445746
          ]
        ]
      },
      "properties": {
        "CD_TRONC": 15614,
        "INSEE_COM": "35152",
        "NOM_COM": "Liffré",
        "INTERET": "Locale",
        "REVET": "Terre",
        "STAT_JUR": "Chemin Rural",
        "DATE_CP": null,
        "DATE_DEL": "19911107",
        "PRAT_PED": "NON",
        "PRAT_EQU": "OUI",
        "ADMF_PED": null,
        "ADMF_EQU": "Fermé",
        "PRAT_VEL": null,
        "ADMF_VEL": null,
        "ITIN_PED": null,
        "ITIN_EQU": "Equestre Local",
        "ITIN_VEL": null,
        "LONGUEUR": 47.26,
        "DATE_MAJ": "20220503131535",
        "DPCollSIRET": "22350001800013",
        "DPCollNom": "DEPARTEMENT D ILLE ET VILAINE",
        "DPCollModication": "2026-06-01T09:05:32.9848449Z"
      }
    },
    {
      "type": "Feature",
      "geometry": {
        "type": "LineString",
        "coordinates": [
          [
            -1.594749981,
            48.2286761346
          ],
          [
            -1.5948245194,
            48.2280612511
          ],
          [
            -1.5952373831,
            48.2270258097
          ],
          [
            -1.5953796195,
            48.226011717
          ],
          [
            -1.5952618754,
            48.2245994549
          ]
        ]
      },
      "properties": {
        "CD_TRONC": 15615,
        "INSEE_COM": "35067",
        "NOM_COM": "Chasné-sur-Illet",
        "INTERET": "Locale",
        "REVET": "Terre",
        "STAT_JUR": "Chemin Rural",
        "DATE_CP": null,
        "DATE_DEL": "20020530",
        "PRAT_PED": "NON",
        "PRAT_EQU": "OUI",
        "ADMF_PED": null,
        "ADMF_EQU": "Fermé",
        "PRAT_VEL": null,
        "ADMF_VEL": null,
        "ITIN_PED": null,
        "ITIN_EQU": "Equestre Local",
        "ITIN_VEL": null,
        "LONGUEUR": 458.05,
        "DATE_MAJ": "20220503131535",
        "DPCollSIRET": "22350001800013",
        "DPCollNom": "DEPARTEMENT D ILLE ET VILAINE",
        "DPCollModication": "2026-06-01T09:05:32.9871057Z"
      }
    },
    {
      "type": "Feature",
      "geometry": {
        "type": "LineString",
        "coordinates": [
          [
            -1.3978620853,
            48.1567056785
          ],
          [
            -1.398206883,
            48.1554932966
          ],
          [
            -1.3980213114,
            48.1553190753
          ],
          [
            -1.3918157189,
            48.1545680991
          ],
          [
            -1.3894547652,
            48.1542937442
          ],
          [
            -1.3870273493,
            48.1537541569
          ]
        ]
      },
      "properties": {
        "CD_TRONC": 15616,
        "INSEE_COM": "35031",
        "NOM_COM": "La Bouëxière",
        "INTERET": "Locale",
        "REVET": "Terre",
        "STAT_JUR": "Chemin Départemental",
        "DATE_CP": "20090928",
        "DATE_DEL": "20090630",
        "PRAT_PED": "OUI",
        "PRAT_EQU": "NON",
        "ADMF_PED": "Ouvert",
        "ADMF_EQU": null,
        "PRAT_VEL": null,
        "ADMF_VEL": null,
        "ITIN_PED": "Pédestre Local",
        "ITIN_EQU": null,
        "ITIN_VEL": null,
        "LONGUEUR": 998.28,
        "DATE_MAJ": "20220503131535",
        "DPCollSIRET": "22350001800013",
        "DPCollNom": "DEPARTEMENT D ILLE ET VILAINE",
        "DPCollModication": "2026-06-01T09:05:32.9894967Z"
      }
    },
    {
      "type": "Feature",
      "geometry": {
        "type": "LineString",
        "coordinates": [
          [
            -1.4019465454,
            48.1581664195
          ],
          [
            -1.4021398658,
            48.1576581241
          ],
          [
            -1.4023992841,
            48.1569734247
          ],
          [
            -1.4053891805,
            48.1561470679
          ],
          [
            -1.4057974666,
            48.1560200587
          ],
          [
            -1.4065776596,
            48.155830481
          ],
          [
            -1.4078296537,
            48.1556133449
          ],
          [
            -1.4088107535,
            48.1554910414
          ],
          [
            -1.4100387275,
            48.1551639289
          ]
        ]
      },
      "properties": {
        "CD_TRONC": 15617,
        "INSEE_COM": "35031",
        "NOM_COM": "La Bouëxière",
        "INTERET": "Locale",
        "REVET": "Empierré",
        "STAT_JUR": "Chemin Rural",
        "DATE_CP": "20090928",
        "DATE_DEL": "20090630",
        "PRAT_PED": "OUI",
        "PRAT_EQU": "NON",
        "ADMF_PED": "Ouvert",
        "ADMF_EQU": null,
        "PRAT_VEL": null,
        "ADMF_VEL": null,
        "ITIN_PED": "Pédestre Local",
        "ITIN_EQU": null,
        "ITIN_VEL": null,
        "LONGUEUR": 741.21,
        "DATE_MAJ": "20220503131535",
        "DPCollSIRET": "22350001800013",
        "DPCollNom": "DEPARTEMENT D ILLE ET VILAINE",
        "DPCollModication": "2026-06-01T09:05:32.9916374Z"
      }
    },
    {
      "type": "Feature",
      "geometry": {
        "type": "LineString",
        "coordinates": [
          [
            -1.4019465454,
            48.1581664195
          ],
          [
            -1.4018249913,
            48.1584854828
          ],
          [
            -1.4009308309,
            48.1582620177
          ],
          [
            -1.3998908239,
            48.158001632
          ],
          [
            -1.3989460137,
            48.157735883
          ],
          [
            -1.3982965969,
            48.1571355704
          ],
          [
            -1.3980493493,
            48.1567870118
          ],
          [
            -1.3978620853,
            48.1567056785
          ]
        ]
      },
      "properties": {
        "CD_TRONC": 15618,
        "INSEE_COM": "35031",
        "NOM_COM": "La Bouëxière",
        "INTERET": "Locale",
        "REVET": "Empierré",
        "STAT_JUR": "Chemin Rural",
        "DATE_CP": "19990426",
        "DATE_DEL": "19990226",
        "PRAT_PED": "OUI",
        "PRAT_EQU": "NON",
        "ADMF_PED": "Ouvert",
        "ADMF_EQU": null,
        "PRAT_VEL": null,
        "ADMF_VEL": null,
        "ITIN_PED": "Pédestre Local",
        "ITIN_EQU": null,
        "ITIN_VEL": null,
        "LONGUEUR": 408.18,
        "DATE_MAJ": "20220503131535",
        "DPCollSIRET": "22350001800013",
        "DPCollNom": "DEPARTEMENT D ILLE ET VILAINE",
        "DPCollModication": "2026-06-01T09:05:32.9934528Z"
      }
    },
    {
      "type": "Feature",
      "geometry": {
        "type": "LineString",
        "coordinates": [
          [
            -1.4659191827,
            48.2030099531
          ],
          [
            -1.4649628139,
            48.2028127276
          ],
          [
            -1.4647435387,
            48.2023884344
          ],
          [
            -1.4644300469,
            48.2019659032
          ],
          [
            -1.4610635948,
            48.2010396937
          ]
        ]
      },
      "properties": {
        "CD_TRONC": 15620,
        "INSEE_COM": "35031",
        "NOM_COM": "La Bouëxière",
        "INTERET": "Locale",
        "REVET": "Terre",
        "STAT_JUR": "Chemin Rural",
        "DATE_CP": "19990426",
        "DATE_DEL": "19981221",
        "PRAT_PED": "OUI",
        "PRAT_EQU": "NON",
        "ADMF_PED": "Ouvert",
        "ADMF_EQU": null,
        "PRAT_VEL": null,
        "ADMF_VEL": null,
        "ITIN_PED": "Pédestre Local",
        "ITIN_EQU": null,
        "ITIN_VEL": null,
        "LONGUEUR": 447.13,
        "DATE_MAJ": "20220503131535",
        "DPCollSIRET": "22350001800013",
        "DPCollNom": "DEPARTEMENT D ILLE ET VILAINE",
        "DPCollModication": "2026-06-01T09:05:32.9951758Z"
      }
    },
    {
      "type": "Feature",
      "geometry": {
        "type": "LineString",
        "coordinates": [
          [
            -1.4351673763,
            48.1802911694
          ],
          [
            -1.4342262135,
            48.1796911937
          ],
          [
            -1.4329871416,
            48.1787689558
          ],
          [
            -1.432581313,
            48.1783011525
          ],
          [
            -1.4321735894,
            48.1777946665
          ],
          [
            -1.4312396896,
            48.1770556075
          ],
          [
            -1.4308498555,
            48.1767458133
          ],
          [
            -1.4304834685,
            48.17620172
          ],
          [
            -1.4300507635,
            48.1755096123
          ],
          [
            -1.4296329728,
            48.1750431503
          ],
          [
            -1.4293398856,
            48.1747459397
          ],
          [
            -1.4294447579,
            48.174358079
          ],
          [
            -1.4286074298,
            48.1740299372
          ],
          [
            -1.4276196683,
            48.1738678558
          ],
          [
            -1.4247601621,
            48.1735903581
          ],
          [
            -1.4240037694,
            48.1735520454
          ],
          [
            -1.4231682578,
            48.1731967619
          ],
          [
            -1.4224988905,
            48.1728785007
          ],
          [
            -1.421959474,
            48.1725995232
          ],
          [
            -1.421963117,
            48.1724822278
          ],
          [
            -1.4222975076,
            48.1722119391
          ]
        ]
      },
      "properties": {
        "CD_TRONC": 15621,
        "INSEE_COM": "35031",
        "NOM_COM": "La Bouëxière",
        "INTERET": "Locale",
        "REVET": "Empierré",
        "STAT_JUR": "Chemin Rural",
        "DATE_CP": "19990426",
        "DATE_DEL": "19990226",
        "PRAT_PED": "OUI",
        "PRAT_EQU": "NON",
        "ADMF_PED": "Ouvert",
        "ADMF_EQU": null,
        "PRAT_VEL": null,
        "ADMF_VEL": null,
        "ITIN_PED": "Pédestre Local",
        "ITIN_EQU": null,
        "ITIN_VEL": null,
        "LONGUEUR": 1460.78,
        "DATE_MAJ": "20220503131535",
        "DPCollSIRET": "22350001800013",
        "DPCollNom": "DEPARTEMENT D ILLE ET VILAINE",
        "DPCollModication": "2026-06-01T09:05:32.9979431Z"
      }
    },
    {
      "type": "Feature",
      "geometry": {
        "type": "LineString",
        "coordinates": [
          [
            -1.3932873943,
            48.1603071577
          ],
          [
            -1.396301807,
            48.1606607204
          ],
          [
            -1.3981906229,
            48.1609552661
          ],
          [
            -1.3999209768,
            48.1614007916
          ],
          [
            -1.4030402936,
            48.1622675688
          ],
          [
            -1.404440981,
            48.1627325511
          ],
          [
            -1.4056463048,
            48.1632129284
          ],
          [
            -1.4080382766,
            48.1641428038
          ],
          [
            -1.4101432501,
            48.1649580988
          ],
          [
            -1.4111052622,
            48.1652339348
          ],
          [
            -1.4134634977,
            48.165951379
          ],
          [
            -1.4152802706,
            48.1665565749
          ],
          [
            -1.4173552829,
            48.1673332158
          ],
          [
            -1.418379561,
            48.1675471819
          ]
        ]
      },
      "properties": {
        "CD_TRONC": 15622,
        "INSEE_COM": "35031",
        "NOM_COM": "La Bouëxière",
        "INTERET": "Locale",
        "REVET": "Empierré",
        "STAT_JUR": "Chemin Rural",
        "DATE_CP": "19990426",
        "DATE_DEL": "19990226",
        "PRAT_PED": "OUI",
        "PRAT_EQU": "NON",
        "ADMF_PED": "Ouvert",
        "ADMF_EQU": null,
        "PRAT_VEL": null,
        "ADMF_VEL": null,
        "ITIN_PED": "Pédestre Local",
        "ITIN_EQU": null,
        "ITIN_VEL": null,
        "LONGUEUR": 2045.69,
        "DATE_MAJ": "20220503131535",
        "DPCollSIRET": "22350001800013",
        "DPCollNom": "DEPARTEMENT D ILLE ET VILAINE",
        "DPCollModication": "2026-06-01T09:05:33.0002324Z"
      }
    },
    {
      "type": "Feature",
      "geometry": {
        "type": "LineString",
        "coordinates": [
          [
            -1.5477791015,
            48.2401527553
          ],
          [
            -1.5465478865,
            48.2397947903
          ],
          [
            -1.5456043192,
            48.2393571817
          ],
          [
            -1.5432662886,
            48.2380383595
          ]
        ]
      },
      "properties": {
        "CD_TRONC": 15626,
        "INSEE_COM": "35067",
        "NOM_COM": "Chasné-sur-Illet",
        "INTERET": "Locale",
        "REVET": "Goudron",
        "STAT_JUR": "Route Départementale",
        "DATE_CP": null,
        "DATE_DEL": "20020530",
        "PRAT_PED": "NON",
        "PRAT_EQU": "OUI",
        "ADMF_PED": null,
        "ADMF_EQU": "Fermé",
        "PRAT_VEL": null,
        "ADMF_VEL": null,
        "ITIN_PED": null,
        "ITIN_EQU": "Equestre Local",
        "ITIN_VEL": null,
        "LONGUEUR": 412.16,
        "DATE_MAJ": "20220503131535",
        "DPCollSIRET": "22350001800013",
        "DPCollNom": "DEPARTEMENT D ILLE ET VILAINE",
        "DPCollModication": "2026-06-01T09:05:33.0080299Z"
      }
    },
    {
      "type": "Feature",
      "geometry": {
        "type": "LineString",
        "coordinates": [
          [
            -1.5010393271,
            48.258635395
          ],
          [
            -1.5010908913,
            48.2597599525
          ],
          [
            -1.5007473723,
            48.2598938048
          ],
          [
            -1.5003058115,
            48.260238671
          ],
          [
            -1.5000714636,
            48.2610974458
          ],
          [
            -1.500074222,
            48.2617299942
          ],
          [
            -1.4998563272,
            48.2622285557
          ],
          [
            -1.4998382889,
            48.2644975995
          ],
          [
            -1.4992585633,
            48.2648846714
          ],
          [
            -1.4987615235,
            48.265449735
          ],
          [
            -1.498491349,
            48.2660160709
          ],
          [
            -1.4984206686,
            48.266405382
          ],
          [
            -1.4981753609,
            48.2667256402
          ]
        ]
      },
      "properties": {
        "CD_TRONC": 15628,
        "INSEE_COM": "35107",
        "NOM_COM": "Ercé-près-Liffré",
        "INTERET": "Locale",
        "REVET": "Terre",
        "STAT_JUR": "Chemin Rural",
        "DATE_CP": "20090928",
        "DATE_DEL": "20090504",
        "PRAT_PED": "OUI",
        "PRAT_EQU": "NON",
        "ADMF_PED": "Ouvert",
        "ADMF_EQU": null,
        "PRAT_VEL": null,
        "ADMF_VEL": null,
        "ITIN_PED": "Pédestre Local",
        "ITIN_EQU": null,
        "ITIN_VEL": null,
        "LONGUEUR": 965.51,
        "DATE_MAJ": "20220503131535",
        "DPCollSIRET": "22350001800013",
        "DPCollNom": "DEPARTEMENT D ILLE ET VILAINE",
        "DPCollModication": "2026-06-01T09:05:33.0103893Z"
      }
    },
    {
      "type": "Feature",
      "geometry": {
        "type": "LineString",
        "coordinates": [
          [
            -1.5137448936,
            48.2658821658
          ],
          [
            -1.514090854,
            48.262894911
          ],
          [
            -1.5144792024,
            48.2607018099
          ]
        ]
      },
      "properties": {
        "CD_TRONC": 15629,
        "INSEE_COM": "35107",
        "NOM_COM": "Ercé-près-Liffré",
        "INTERET": "Départementale",
        "REVET": "Terre",
        "STAT_JUR": "Chemin Rural",
        "DATE_CP": "20090928",
        "DATE_DEL": "19910328",
        "PRAT_PED": "OUI",
        "PRAT_EQU": "NON",
        "ADMF_PED": "Ouvert",
        "ADMF_EQU": null,
        "PRAT_VEL": null,
        "ADMF_VEL": null,
        "ITIN_PED": "Grande Randonnée",
        "ITIN_EQU": null,
        "ITIN_VEL": null,
        "LONGUEUR": 578.44,
        "DATE_MAJ": "20220503131535",
        "DPCollSIRET": "22350001800013",
        "DPCollNom": "DEPARTEMENT D ILLE ET VILAINE",
        "DPCollModication": "2026-06-01T09:05:33.0125153Z"
      }
    },
    {
      "type": "Feature",
      "geometry": {
        "type": "LineString",
        "coordinates": [
          [
            -1.4857065236,
            48.2686362415
          ],
          [
            -1.4850641144,
            48.2688120322
          ],
          [
            -1.4830914023,
            48.2692969494
          ],
          [
            -1.48286746,
            48.2698218338
          ],
          [
            -1.4824232121,
            48.2705497346
          ],
          [
            -1.4819027899,
            48.2714454416
          ],
          [
            -1.4814313087,
            48.2729322761
          ]
        ]
      },
      "properties": {
        "CD_TRONC": 15630,
        "INSEE_COM": "35107",
        "NOM_COM": "Ercé-près-Liffré",
        "INTERET": "Locale",
        "REVET": "Terre",
        "STAT_JUR": "Chemin Rural",
        "DATE_CP": null,
        "DATE_DEL": "19910328",
        "PRAT_PED": "NON",
        "PRAT_EQU": "OUI",
        "ADMF_PED": null,
        "ADMF_EQU": "Ouvert",
        "PRAT_VEL": null,
        "ADMF_VEL": null,
        "ITIN_PED": null,
        "ITIN_EQU": "Equestre Local",
        "ITIN_VEL": null,
        "LONGUEUR": 631.21,
        "DATE_MAJ": "20220503131535",
        "DPCollSIRET": "22350001800013",
        "DPCollNom": "DEPARTEMENT D ILLE ET VILAINE",
        "DPCollModication": "2026-06-01T09:05:33.0145886Z"
      }
    },
    {
      "type": "Feature",
      "geometry": {
        "type": "LineString",
        "coordinates": [
          [
            -1.5305635961,
            48.2555410604
          ],
          [
            -1.5301248641,
            48.2572657357
          ]
        ]
      },
      "properties": {
        "CD_TRONC": 15631,
        "INSEE_COM": "35107",
        "NOM_COM": "Ercé-près-Liffré",
        "INTERET": "Locale",
        "REVET": "Goudron",
        "STAT_JUR": "Voie Privée",
        "DATE_CP": null,
        "DATE_DEL": "19910328",
        "PRAT_PED": "NON",
        "PRAT_EQU": "OUI",
        "ADMF_PED": null,
        "ADMF_EQU": "Fermé",
        "PRAT_VEL": null,
        "ADMF_VEL": null,
        "ITIN_PED": null,
        "ITIN_EQU": "Equestre Local",
        "ITIN_VEL": null,
        "LONGUEUR": 194.43,
        "DATE_MAJ": "20220503131535",
        "DPCollSIRET": "22350001800013",
        "DPCollNom": "DEPARTEMENT D ILLE ET VILAINE",
        "DPCollModication": "2026-06-01T09:05:33.0172572Z"
      }
    },
    {
      "type": "Feature",
      "geometry": {
        "type": "LineString",
        "coordinates": [
          [
            -1.530564099,
            48.2414726225
          ],
          [
            -1.5305907236,
            48.2416410357
          ],
          [
            -1.5310208502,
            48.2420300934
          ],
          [
            -1.531254963,
            48.2421166421
          ]
        ]
      },
      "properties": {
        "CD_TRONC": 15632,
        "INSEE_COM": "35107",
        "NOM_COM": "Ercé-près-Liffré",
        "INTERET": "Locale",
        "REVET": "Goudron",
        "STAT_JUR": "Chemin Rural",
        "DATE_CP": null,
        "DATE_DEL": "19910328",
        "PRAT_PED": "NON",
        "PRAT_EQU": "OUI",
        "ADMF_PED": null,
        "ADMF_EQU": "Fermé",
        "PRAT_VEL": null,
        "ADMF_VEL": null,
        "ITIN_PED": null,
        "ITIN_EQU": "Equestre Local",
        "ITIN_VEL": null,
        "LONGUEUR": 92.44,
        "DATE_MAJ": "20220503131535",
        "DPCollSIRET": "22350001800013",
        "DPCollNom": "DEPARTEMENT D ILLE ET VILAINE",
        "DPCollModication": "2026-06-01T09:05:33.0197148Z"
      }
    },
    {
      "type": "Feature",
      "geometry": {
        "type": "LineString",
        "coordinates": [
          [
            -1.5067278035,
            48.2237426521
          ],
          [
            -1.5007928048,
            48.2231039063
          ]
        ]
      },
      "properties": {
        "CD_TRONC": 15634,
        "INSEE_COM": "35152",
        "NOM_COM": "Liffré",
        "INTERET": "Départementale",
        "REVET": "Empierré",
        "STAT_JUR": "Voie Privée",
        "DATE_CP": null,
        "DATE_DEL": "19911107",
        "PRAT_PED": "OUI",
        "PRAT_EQU": "OUI",
        "ADMF_PED": "Ouvert",
        "ADMF_EQU": "Fermé",
        "PRAT_VEL": null,
        "ADMF_VEL": null,
        "ITIN_PED": "Pédestre Local",
        "ITIN_EQU": "Equibreizh",
        "ITIN_VEL": null,
        "LONGUEUR": 446.44,
        "DATE_MAJ": "20220503131535",
        "DPCollSIRET": "22350001800013",
        "DPCollNom": "DEPARTEMENT D ILLE ET VILAINE",
        "DPCollModication": "2026-06-01T09:05:33.0216645Z"
      }
    },
    {
      "type": "Feature",
      "geometry": {
        "type": "LineString",
        "coordinates": [
          [
            -1.4143954341,
            48.2064321034
          ],
          [
            -1.4140191683,
            48.2066561567
          ],
          [
            -1.4135800388,
            48.2074016479
          ],
          [
            -1.4132977233,
            48.2077979174
          ],
          [
            -1.41314743,
            48.2083379458
          ],
          [
            -1.4127612671,
            48.2085245141
          ],
          [
            -1.412234099,
            48.208669491
          ],
          [
            -1.4120105427,
            48.208817534
          ],
          [
            -1.4108862838,
            48.2093516111
          ],
          [
            -1.4104620665,
            48.2097603853
          ],
          [
            -1.4102717786,
            48.2100000039
          ],
          [
            -1.410075689,
            48.2104281876
          ],
          [
            -1.4097142625,
            48.2108463273
          ],
          [
            -1.4097147976,
            48.2110139286
          ],
          [
            -1.4098324042,
            48.2111465149
          ],
          [
            -1.4096713616,
            48.2113489916
          ],
          [
            -1.409656126,
            48.2114892453
          ]
        ]
      },
      "properties": {
        "CD_TRONC": 15635,
        "INSEE_COM": "35031",
        "NOM_COM": "La Bouëxière",
        "INTERET": "Locale",
        "REVET": "Terre",
        "STAT_JUR": "Chemin Rural",
        "DATE_CP": "20090928",
        "DATE_DEL": "19981221",
        "PRAT_PED": "OUI",
        "PRAT_EQU": "NON",
        "ADMF_PED": "Ouvert",
        "ADMF_EQU": null,
        "PRAT_VEL": null,
        "ADMF_VEL": null,
        "ITIN_PED": "Pédestre Local",
        "ITIN_EQU": null,
        "ITIN_VEL": null,
        "LONGUEUR": 705.63,
        "DATE_MAJ": "20220503131541",
        "DPCollSIRET": "22350001800013",
        "DPCollNom": "DEPARTEMENT D ILLE ET VILAINE",
        "DPCollModication": "2026-06-01T09:05:33.6526057Z"
      }
    },
    {
      "type": "Feature",
      "geometry": {
        "type": "LineString",
        "coordinates": [
          [
            -1.4436923803,
            48.1982606471
          ],
          [
            -1.4423519141,
            48.1984463084
          ],
          [
            -1.4412387481,
            48.1981457529
          ],
          [
            -1.440178971,
            48.1977746856
          ],
          [
            -1.438243573,
            48.1975383886
          ],
          [
            -1.4360492785,
            48.1973649667
          ],
          [
            -1.4350062558,
            48.1972726013
          ],
          [
            -1.4305011563,
            48.1975436988
          ]
        ]
      },
      "properties": {
        "CD_TRONC": 15636,
        "INSEE_COM": "35031",
        "NOM_COM": "La Bouëxière",
        "INTERET": "Locale",
        "REVET": "Goudron",
        "STAT_JUR": "Route Départementale",
        "DATE_CP": "19990426",
        "DATE_DEL": "19981221",
        "PRAT_PED": "OUI",
        "PRAT_EQU": "NON",
        "ADMF_PED": "Ouvert",
        "ADMF_EQU": null,
        "PRAT_VEL": null,
        "ADMF_VEL": null,
        "ITIN_PED": "Pédestre Local",
        "ITIN_EQU": null,
        "ITIN_VEL": null,
        "LONGUEUR": 1004.42,
        "DATE_MAJ": "20220503131541",
        "DPCollSIRET": "22350001800013",
        "DPCollNom": "DEPARTEMENT D ILLE ET VILAINE",
        "DPCollModication": "2026-06-01T09:05:33.6539797Z"
      }
    },
    {
      "type": "Feature",
      "geometry": {
        "type": "LineString",
        "coordinates": [
          [
            -1.449262321,
            48.2144925526
          ],
          [
            -1.4511520555,
            48.2131577948
          ],
          [
            -1.4518720522,
            48.2125024904
          ],
          [
            -1.4519866755,
            48.2114806936
          ],
          [
            -1.4518633658,
            48.2097649223
          ],
          [
            -1.4527971583,
            48.2093268476
          ]
        ]
      },
      "properties": {
        "CD_TRONC": 15638,
        "INSEE_COM": "35152",
        "NOM_COM": "Liffré",
        "INTERET": "Locale",
        "REVET": "Empierré",
        "STAT_JUR": "Voie Privée",
        "DATE_CP": null,
        "DATE_DEL": "19911107",
        "PRAT_PED": "OUI",
        "PRAT_EQU": "OUI",
        "ADMF_PED": "Ouvert",
        "ADMF_EQU": "Ouvert",
        "PRAT_VEL": null,
        "ADMF_VEL": null,
        "ITIN_PED": "Pédestre Local",
        "ITIN_EQU": "Equestre Local",
        "ITIN_VEL": null,
        "LONGUEUR": 684.12,
        "DATE_MAJ": "20220503131541",
        "DPCollSIRET": "22350001800013",
        "DPCollNom": "DEPARTEMENT D ILLE ET VILAINE",
        "DPCollModication": "2026-06-01T09:05:33.6551368Z"
      }
    },
    {
      "type": "Feature",
      "geometry": {
        "type": "LineString",
        "coordinates": [
          [
            -1.3658390389,
            48.170718947
          ],
          [
            -1.3647462433,
            48.1725897071
          ]
        ]
      },
      "properties": {
        "CD_TRONC": 15639,
        "INSEE_COM": "35101",
        "NOM_COM": "Dourdain",
        "INTERET": "Locale",
        "REVET": "Goudron",
        "STAT_JUR": "Voie Communale",
        "DATE_CP": null,
        "DATE_DEL": "19910329",
        "PRAT_PED": "NON",
        "PRAT_EQU": "OUI",
        "ADMF_PED": null,
        "ADMF_EQU": "Ouvert",
        "PRAT_VEL": null,
        "ADMF_VEL": null,
        "ITIN_PED": null,
        "ITIN_EQU": "Equestre Local",
        "ITIN_VEL": null,
        "LONGUEUR": 223.21,
        "DATE_MAJ": "20220503131541",
        "DPCollSIRET": "22350001800013",
        "DPCollNom": "DEPARTEMENT D ILLE ET VILAINE",
        "DPCollModication": "2026-06-01T09:05:33.6564354Z"
      }
    },
    {
      "type": "Feature",
      "geometry": {
        "type": "LineString",
        "coordinates": [
          [
            -1.5687608758,
            48.1959314563
          ],
          [
            -1.5686870807,
            48.1961533306
          ],
          [
            -1.5683510365,
            48.1963357887
          ],
          [
            -1.5672929408,
            48.1963064556
          ],
          [
            -1.5669002527,
            48.1962396393
          ],
          [
            -1.5659637183,
            48.1962596666
          ],
          [
            -1.5657322442,
            48.1964822333
          ],
          [
            -1.5658167037,
            48.1967259207
          ],
          [
            -1.566658809,
            48.1973900319
          ],
          [
            -1.5677741358,
            48.1974261687
          ],
          [
            -1.5681969232,
            48.1976846953
          ],
          [
            -1.5688639309,
            48.1978211003
          ],
          [
            -1.5731788867,
            48.2001946911
          ]
        ]
      },
      "properties": {
        "CD_TRONC": 15640,
        "INSEE_COM": "35152",
        "NOM_COM": "Liffré",
        "INTERET": "Locale",
        "REVET": "Terre",
        "STAT_JUR": "Voie Privée",
        "DATE_CP": null,
        "DATE_DEL": "19911107",
        "PRAT_PED": "OUI",
        "PRAT_EQU": "NON",
        "ADMF_PED": "Ouvert",
        "ADMF_EQU": null,
        "PRAT_VEL": null,
        "ADMF_VEL": null,
        "ITIN_PED": "Pédestre Local",
        "ITIN_EQU": null,
        "ITIN_VEL": null,
        "LONGUEUR": 983.07,
        "DATE_MAJ": "20220503131541",
        "DPCollSIRET": "22350001800013",
        "DPCollNom": "DEPARTEMENT D ILLE ET VILAINE",
        "DPCollModication": "2026-06-01T09:05:33.6578916Z"
      }
    },
    {
      "type": "Feature",
      "geometry": {
        "type": "LineString",
        "coordinates": [
          [
            -1.4934524328,
            48.2293127793
          ],
          [
            -1.4936311092,
            48.229557422
          ],
          [
            -1.4947842308,
            48.2309789276
          ],
          [
            -1.4960644689,
            48.2327038033
          ]
        ]
      },
      "properties": {
        "CD_TRONC": 15641,
        "INSEE_COM": "35152",
        "NOM_COM": "Liffré",
        "INTERET": "Locale",
        "REVET": "Terre",
        "STAT_JUR": "Chemin Rural",
        "DATE_CP": null,
        "DATE_DEL": "19911107",
        "PRAT_PED": "OUI",
        "PRAT_EQU": "NON",
        "ADMF_PED": "Ouvert",
        "ADMF_EQU": null,
        "PRAT_VEL": null,
        "ADMF_VEL": null,
        "ITIN_PED": "Pédestre Local",
        "ITIN_EQU": null,
        "ITIN_VEL": null,
        "LONGUEUR": 423.93,
        "DATE_MAJ": "20220503131541",
        "DPCollSIRET": "22350001800013",
        "DPCollNom": "DEPARTEMENT D ILLE ET VILAINE",
        "DPCollModication": "2026-06-01T09:05:33.6598668Z"
      }
    },
    {
      "type": "Feature",
      "geometry": {
        "type": "LineString",
        "coordinates": [
          [
            -1.5244726944,
            48.2376262433
          ],
          [
            -1.524632319,
            48.2379454765
          ],
          [
            -1.5246861878,
            48.2383057134
          ],
          [
            -1.5247414041,
            48.2385559465
          ],
          [
            -1.5247172517,
            48.2387145902
          ],
          [
            -1.5242420447,
            48.2390094821
          ],
          [
            -1.5238305582,
            48.2391352001
          ],
          [
            -1.5235602698,
            48.2391455554
          ],
          [
            -1.5218717657,
            48.2394986293
          ]
        ]
      },
      "properties": {
        "CD_TRONC": 15642,
        "INSEE_COM": "35152",
        "NOM_COM": "Liffré",
        "INTERET": "Locale",
        "REVET": "Terre",
        "STAT_JUR": "Chemin Rural",
        "DATE_CP": null,
        "DATE_DEL": "19911107",
        "PRAT_PED": "OUI",
        "PRAT_EQU": "OUI",
        "ADMF_PED": "Ouvert",
        "ADMF_EQU": "Ouvert",
        "PRAT_VEL": null,
        "ADMF_VEL": null,
        "ITIN_PED": "Pédestre Local",
        "ITIN_EQU": "Equestre Local",
        "ITIN_VEL": null,
        "LONGUEUR": 356.68,
        "DATE_MAJ": "20220503131541",
        "DPCollSIRET": "22350001800013",
        "DPCollNom": "DEPARTEMENT D ILLE ET VILAINE",
        "DPCollModication": "2026-06-01T09:05:33.6614085Z"
      }
    },
    {
      "type": "Feature",
      "geometry": {
        "type": "LineString",
        "coordinates": [
          [
            -1.5949214532,
            48.1794171251
          ],
          [
            -1.5973266646,
            48.1793351055
          ],
          [
            -1.6008634671,
            48.1792323302
          ],
          [
            -1.6037571624,
            48.1783082006
          ]
        ]
      },
      "properties": {
        "CD_TRONC": 15643,
        "INSEE_COM": "35152",
        "NOM_COM": "Liffré",
        "INTERET": "Locale",
        "REVET": "Terre",
        "STAT_JUR": "Voie Privée",
        "DATE_CP": null,
        "DATE_DEL": "19911107",
        "PRAT_PED": "NON",
        "PRAT_EQU": "OUI",
        "ADMF_PED": null,
        "ADMF_EQU": "Ouvert",
        "PRAT_VEL": null,
        "ADMF_VEL": null,
        "ITIN_PED": null,
        "ITIN_EQU": "Equestre Local",
        "ITIN_VEL": null,
        "LONGUEUR": 680.48,
        "DATE_MAJ": "20220503131541",
        "DPCollSIRET": "22350001800013",
        "DPCollNom": "DEPARTEMENT D ILLE ET VILAINE",
        "DPCollModication": "2026-06-01T09:05:33.6634752Z"
      }
    },
    {
      "type": "Feature",
      "geometry": {
        "type": "LineString",
        "coordinates": [
          [
            -1.468072822,
            48.2275823156
          ],
          [
            -1.4691664007,
            48.224000033
          ],
          [
            -1.4672742272,
            48.2232686704
          ]
        ]
      },
      "properties": {
        "CD_TRONC": 15644,
        "INSEE_COM": "35152",
        "NOM_COM": "Liffré",
        "INTERET": "Départementale",
        "REVET": "Empierré",
        "STAT_JUR": "Voie Privée",
        "DATE_CP": null,
        "DATE_DEL": "19911107",
        "PRAT_PED": "NON",
        "PRAT_EQU": "OUI",
        "ADMF_PED": null,
        "ADMF_EQU": "Ouvert",
        "PRAT_VEL": null,
        "ADMF_VEL": null,
        "ITIN_PED": null,
        "ITIN_EQU": "Equibreizh",
        "ITIN_VEL": null,
        "LONGUEUR": 568.67,
        "DATE_MAJ": "20220503131541",
        "DPCollSIRET": "22350001800013",
        "DPCollNom": "DEPARTEMENT D ILLE ET VILAINE",
        "DPCollModication": "2026-06-01T09:05:33.6653013Z"
      }
    },
    {
      "type": "Feature",
      "geometry": {
        "type": "LineString",
        "coordinates": [
          [
            -1.3793552328,
            48.2601388768
          ],
          [
            -1.3790073362,
            48.2600773843
          ],
          [
            -1.3787323885,
            48.2598281678
          ],
          [
            -1.3784112337,
            48.2597447004
          ],
          [
            -1.3776833374,
            48.2595790278
          ],
          [
            -1.3775416207,
            48.2594212023
          ]
        ]
      },
      "properties": {
        "CD_TRONC": 14689,
        "INSEE_COM": "35253",
        "NOM_COM": "Saint-Aubin-du-Cormier",
        "INTERET": "Départementale",
        "REVET": "Terre",
        "STAT_JUR": "Voie Privée",
        "DATE_CP": "20030224",
        "DATE_DEL": "20020523",
        "PRAT_PED": "OUI",
        "PRAT_EQU": "OUI",
        "ADMF_PED": "Ouvert",
        "ADMF_EQU": "Ouvert",
        "PRAT_VEL": "NON",
        "ADMF_VEL": null,
        "ITIN_PED": "Grande Randonnée",
        "ITIN_EQU": "Equibreizh",
        "ITIN_VEL": null,
        "LONGUEUR": 164.21,
        "DATE_MAJ": "20220503131541",
        "DPCollSIRET": "22350001800013",
        "DPCollNom": "DEPARTEMENT D ILLE ET VILAINE",
        "DPCollModication": "2026-06-01T09:05:33.9883789Z"
      }
    },
    {
      "type": "Feature",
      "geometry": {
        "type": "LineString",
        "coordinates": [
          [
            -1.4366363705,
            48.3123156122
          ],
          [
            -1.4374081164,
            48.3126509719
          ],
          [
            -1.4377074913,
            48.3130114459
          ]
        ]
      },
      "properties": {
        "CD_TRONC": 14690,
        "INSEE_COM": "35178",
        "NOM_COM": "Mézières-sur-Couesnon",
        "INTERET": "Locale",
        "REVET": "Terre",
        "STAT_JUR": "Chemin Départemental",
        "DATE_CP": null,
        "DATE_DEL": null,
        "PRAT_PED": "OUI",
        "PRAT_EQU": "NON",
        "ADMF_PED": "Fermé",
        "ADMF_EQU": null,
        "PRAT_VEL": "NON",
        "ADMF_VEL": null,
        "ITIN_PED": "Pédestre Local",
        "ITIN_EQU": null,
        "ITIN_VEL": null,
        "LONGUEUR": 114.09,
        "DATE_MAJ": "20220503131541",
        "DPCollSIRET": "22350001800013",
        "DPCollNom": "DEPARTEMENT D ILLE ET VILAINE",
        "DPCollModication": "2026-06-01T09:05:33.9905111Z"
      }
    },
    {
      "type": "Feature",
      "geometry": {
        "type": "LineString",
        "coordinates": [
          [
            -1.4377551412,
            48.307830666
          ],
          [
            -1.4376016055,
            48.3083216617
          ],
          [
            -1.4376995539,
            48.3086324338
          ]
        ]
      },
      "properties": {
        "CD_TRONC": 14691,
        "INSEE_COM": "35178",
        "NOM_COM": "Mézières-sur-Couesnon",
        "INTERET": "Locale",
        "REVET": "Terre",
        "STAT_JUR": "Voie Privée",
        "DATE_CP": null,
        "DATE_DEL": null,
        "PRAT_PED": "OUI",
        "PRAT_EQU": "NON",
        "ADMF_PED": "Fermé",
        "ADMF_EQU": null,
        "PRAT_VEL": "NON",
        "ADMF_VEL": null,
        "ITIN_PED": "Pédestre Local",
        "ITIN_EQU": null,
        "ITIN_VEL": null,
        "LONGUEUR": 91.04,
        "DATE_MAJ": "20220503131541",
        "DPCollSIRET": "22350001800013",
        "DPCollNom": "DEPARTEMENT D ILLE ET VILAINE",
        "DPCollModication": "2026-06-01T09:05:33.9928361Z"
      }
    },
    {
      "type": "Feature",
      "geometry": {
        "type": "LineString",
        "coordinates": [
          [
            -1.4366776646,
            48.3117342159
          ],
          [
            -1.4366690823,
            48.3117879369
          ],
          [
            -1.4361022322,
            48.3121868728
          ],
          [
            -1.4366363705,
            48.3123156122
          ]
        ]
      },
      "properties": {
        "CD_TRONC": 14692,
        "INSEE_COM": "35178",
        "NOM_COM": "Mézières-sur-Couesnon",
        "INTERET": "Locale",
        "REVET": "Terre",
        "STAT_JUR": "Voie Privée",
        "DATE_CP": null,
        "DATE_DEL": null,
        "PRAT_PED": "OUI",
        "PRAT_EQU": "NON",
        "ADMF_PED": "Fermé",
        "ADMF_EQU": null,
        "PRAT_VEL": "NON",
        "ADMF_VEL": null,
        "ITIN_PED": "Pédestre Local",
        "ITIN_EQU": null,
        "ITIN_VEL": null,
        "LONGUEUR": 109.2,
        "DATE_MAJ": "20220503131541",
        "DPCollSIRET": "22350001800013",
        "DPCollNom": "DEPARTEMENT D ILLE ET VILAINE",
        "DPCollModication": "2026-06-01T09:05:33.9948215Z"
      }
    },
    {
      "type": "Feature",
      "geometry": {
        "type": "LineString",
        "coordinates": [
          [
            -1.5237027008,
            48.2453145179
          ],
          [
            -1.5233764069,
            48.2452386952
          ],
          [
            -1.5227955873,
            48.2450428415
          ],
          [
            -1.5223333043,
            48.2445459374
          ],
          [
            -1.5218537639,
            48.2445552886
          ]
        ]
      },
      "properties": {
        "CD_TRONC": 15682,
        "INSEE_COM": "35107",
        "NOM_COM": "Ercé-près-Liffré",
        "INTERET": "Départementale",
        "REVET": "Goudron",
        "STAT_JUR": "Chemin Rural",
        "DATE_CP": "20090928",
        "DATE_DEL": "19910328",
        "PRAT_PED": "OUI",
        "PRAT_EQU": "NON",
        "ADMF_PED": "Ouvert",
        "ADMF_EQU": null,
        "PRAT_VEL": null,
        "ADMF_VEL": null,
        "ITIN_PED": "Grande Randonnée",
        "ITIN_EQU": null,
        "ITIN_VEL": null,
        "LONGUEUR": 174.58,
        "DATE_MAJ": "20220503131541",
        "DPCollSIRET": "22350001800013",
        "DPCollNom": "DEPARTEMENT D ILLE ET VILAINE",
        "DPCollModication": "2026-06-01T09:05:34.2824534Z"
      }
    },
    {
      "type": "Feature",
      "geometry": {
        "type": "LineString",
        "coordinates": [
          [
            -1.5139733066,
            48.204483566
          ],
          [
            -1.5140692255,
            48.2045330709
          ],
          [
            -1.514290349,
            48.2045489454
          ],
          [
            -1.5143690291,
            48.2046018134
          ],
          [
            -1.5144342389,
            48.2047020623
          ],
          [
            -1.5144581594,
            48.2049814393
          ],
          [
            -1.5144311566,
            48.2054691533
          ],
          [
            -1.5143889646,
            48.206362114
          ],
          [
            -1.514317238,
            48.2066424461
          ],
          [
            -1.5136867127,
            48.2075615166
          ],
          [
            -1.5136875298,
            48.2076498087
          ]
        ]
      },
      "properties": {
        "CD_TRONC": 15685,
        "INSEE_COM": "35152",
        "NOM_COM": "Liffré",
        "INTERET": "Locale",
        "REVET": "Empierré",
        "STAT_JUR": "Chemin Rural",
        "DATE_CP": null,
        "DATE_DEL": "19911107",
        "PRAT_PED": "OUI",
        "PRAT_EQU": "NON",
        "ADMF_PED": "Ouvert",
        "ADMF_EQU": null,
        "PRAT_VEL": null,
        "ADMF_VEL": null,
        "ITIN_PED": "Pédestre Local",
        "ITIN_EQU": null,
        "ITIN_VEL": null,
        "LONGUEUR": 384.38,
        "DATE_MAJ": "20220503131541",
        "DPCollSIRET": "22350001800013",
        "DPCollNom": "DEPARTEMENT D ILLE ET VILAINE",
        "DPCollModication": "2026-06-01T09:05:34.2864796Z"
      }
    },
    {
      "type": "Feature",
      "geometry": {
        "type": "LineString",
        "coordinates": [
          [
            -1.5879939052,
            48.1886655676
          ],
          [
            -1.5866513921,
            48.1881664103
          ]
        ]
      },
      "properties": {
        "CD_TRONC": 15686,
        "INSEE_COM": "35152",
        "NOM_COM": "Liffré",
        "INTERET": "Locale",
        "REVET": "Goudron",
        "STAT_JUR": "Voie Privée",
        "DATE_CP": null,
        "DATE_DEL": "20090619",
        "PRAT_PED": "NON",
        "PRAT_EQU": "OUI",
        "ADMF_PED": null,
        "ADMF_EQU": "Fermé",
        "PRAT_VEL": null,
        "ADMF_VEL": null,
        "ITIN_PED": null,
        "ITIN_EQU": "Equestre Local",
        "ITIN_VEL": null,
        "LONGUEUR": 114.15,
        "DATE_MAJ": "20220503131541",
        "DPCollSIRET": "22350001800013",
        "DPCollNom": "DEPARTEMENT D ILLE ET VILAINE",
        "DPCollModication": "2026-06-01T09:05:34.2885261Z"
      }
    },
    {
      "type": "Feature",
      "geometry": {
        "type": "LineString",
        "coordinates": [
          [
            -1.5148719517,
            48.222488723
          ],
          [
            -1.5145411037,
            48.2225311186
          ],
          [
            -1.5138381114,
            48.2231888782
          ],
          [
            -1.5133559247,
            48.2238895613
          ],
          [
            -1.5134720075,
            48.2242843757
          ]
        ]
      },
      "properties": {
        "CD_TRONC": 15687,
        "INSEE_COM": "35152",
        "NOM_COM": "Liffré",
        "INTERET": "Locale",
        "REVET": "Terre",
        "STAT_JUR": "Voie Privée",
        "DATE_CP": null,
        "DATE_DEL": "19911107",
        "PRAT_PED": "OUI",
        "PRAT_EQU": null,
        "ADMF_PED": "Ouvert",
        "ADMF_EQU": null,
        "PRAT_VEL": null,
        "ADMF_VEL": null,
        "ITIN_PED": "Pédestre Local",
        "ITIN_EQU": null,
        "ITIN_VEL": null,
        "LONGUEUR": 245.28,
        "DATE_MAJ": "20220503131541",
        "DPCollSIRET": "22350001800013",
        "DPCollNom": "DEPARTEMENT D ILLE ET VILAINE",
        "DPCollModication": "2026-06-01T09:05:34.2903697Z"
      }
    },
    {
      "type": "Feature",
      "geometry": {
        "type": "LineString",
        "coordinates": [
          [
            -1.5103921684,
            48.2339696936
          ],
          [
            -1.5144480799,
            48.2343572241
          ],
          [
            -1.5161453918,
            48.2345176225
          ]
        ]
      },
      "properties": {
        "CD_TRONC": 15689,
        "INSEE_COM": "35152",
        "NOM_COM": "Liffré",
        "INTERET": "Départementale",
        "REVET": "Goudron",
        "STAT_JUR": "Chemin Rural",
        "DATE_CP": null,
        "DATE_DEL": "19911107",
        "PRAT_PED": "OUI",
        "PRAT_EQU": "OUI",
        "ADMF_PED": "Ouvert",
        "ADMF_EQU": "Ouvert",
        "PRAT_VEL": null,
        "ADMF_VEL": null,
        "ITIN_PED": "Grande Randonnée",
        "ITIN_EQU": "Equestre Local",
        "ITIN_VEL": null,
        "LONGUEUR": 431.5,
        "DATE_MAJ": "20220503131541",
        "DPCollSIRET": "22350001800013",
        "DPCollNom": "DEPARTEMENT D ILLE ET VILAINE",
        "DPCollModication": "2026-06-01T09:05:34.2918923Z"
      }
    },
    {
      "type": "Feature",
      "geometry": {
        "type": "LineString",
        "coordinates": [
          [
            -1.5218717657,
            48.2394986293
          ],
          [
            -1.5215699895,
            48.2388748087
          ],
          [
            -1.5201117024,
            48.2376652973
          ],
          [
            -1.5194386967,
            48.237148511
          ]
        ]
      },
      "properties": {
        "CD_TRONC": 15690,
        "INSEE_COM": "35152",
        "NOM_COM": "Liffré",
        "INTERET": "Départementale",
        "REVET": "Terre",
        "STAT_JUR": "Chemin Rural",
        "DATE_CP": null,
        "DATE_DEL": "19911107",
        "PRAT_PED": "OUI",
        "PRAT_EQU": "OUI",
        "ADMF_PED": "Ouvert",
        "ADMF_EQU": "Ouvert",
        "PRAT_VEL": null,
        "ADMF_VEL": null,
        "ITIN_PED": "Grande Randonnée",
        "ITIN_EQU": "Equestre Local",
        "ITIN_VEL": null,
        "LONGUEUR": 321.59,
        "DATE_MAJ": "20220503131541",
        "DPCollSIRET": "22350001800013",
        "DPCollNom": "DEPARTEMENT D ILLE ET VILAINE",
        "DPCollModication": "2026-06-01T09:05:34.2931534Z"
      }
    },
    {
      "type": "Feature",
      "geometry": {
        "type": "LineString",
        "coordinates": [
          [
            -1.5040894427,
            48.234582517
          ],
          [
            -1.5035691684,
            48.23600829
          ]
        ]
      },
      "properties": {
        "CD_TRONC": 15691,
        "INSEE_COM": "35152",
        "NOM_COM": "Liffré",
        "INTERET": "Locale",
        "REVET": "Terre",
        "STAT_JUR": "Chemin Rural",
        "DATE_CP": "20090928",
        "DATE_DEL": "20090619",
        "PRAT_PED": "OUI",
        "PRAT_EQU": "NON",
        "ADMF_PED": "Ouvert",
        "ADMF_EQU": null,
        "PRAT_VEL": null,
        "ADMF_VEL": null,
        "ITIN_PED": "Pédestre Local",
        "ITIN_EQU": null,
        "ITIN_VEL": null,
        "LONGUEUR": 163.1,
        "DATE_MAJ": "20220503131541",
        "DPCollSIRET": "22350001800013",
        "DPCollNom": "DEPARTEMENT D ILLE ET VILAINE",
        "DPCollModication": "2026-06-01T09:05:34.2942771Z"
      }
    },
    {
      "type": "Feature",
      "geometry": {
        "type": "LineString",
        "coordinates": [
          [
            -1.5917579421,
            48.1826472132
          ],
          [
            -1.5917593636,
            48.1826480592
          ],
          [
            -1.5941678745,
            48.1836854298
          ],
          [
            -1.5978666877,
            48.1855152034
          ]
        ]
      },
      "properties": {
        "CD_TRONC": 15692,
        "INSEE_COM": "35152",
        "NOM_COM": "Liffré",
        "INTERET": "Locale",
        "REVET": "Terre",
        "STAT_JUR": "Voie Privée",
        "DATE_CP": "20090928",
        "DATE_DEL": "20090619",
        "PRAT_PED": "OUI",
        "PRAT_EQU": "NON",
        "ADMF_PED": "Ouvert",
        "ADMF_EQU": null,
        "PRAT_VEL": null,
        "ADMF_VEL": null,
        "ITIN_PED": "Pédestre Local",
        "ITIN_EQU": null,
        "ITIN_VEL": null,
        "LONGUEUR": 555,
        "DATE_MAJ": "20220503131541",
        "DPCollSIRET": "22350001800013",
        "DPCollNom": "DEPARTEMENT D ILLE ET VILAINE",
        "DPCollModication": "2026-06-01T09:05:34.2953486Z"
      }
    },
    {
      "type": "Feature",
      "geometry": {
        "type": "LineString",
        "coordinates": [
          [
            -1.5156532968,
            48.2214863844
          ],
          [
            -1.5148719517,
            48.222488723
          ]
        ]
      },
      "properties": {
        "CD_TRONC": 15693,
        "INSEE_COM": "35152",
        "NOM_COM": "Liffré",
        "INTERET": "Locale",
        "REVET": "Goudron",
        "STAT_JUR": "Voie Privée",
        "DATE_CP": null,
        "DATE_DEL": "19911107",
        "PRAT_PED": "OUI",
        "PRAT_EQU": "OUI",
        "ADMF_PED": "Ouvert",
        "ADMF_EQU": "Ouvert",
        "PRAT_VEL": null,
        "ADMF_VEL": null,
        "ITIN_PED": "Pédestre Local",
        "ITIN_EQU": "Equestre Local",
        "ITIN_VEL": null,
        "LONGUEUR": 125.61,
        "DATE_MAJ": "20220503131541",
        "DPCollSIRET": "22350001800013",
        "DPCollNom": "DEPARTEMENT D ILLE ET VILAINE",
        "DPCollModication": "2026-06-01T09:05:34.2965842Z"
      }
    },
    {
      "type": "Feature",
      "geometry": {
        "type": "LineString",
        "coordinates": [
          [
            -1.5134720075,
            48.2242843757
          ],
          [
            -1.5135266869,
            48.2244661396
          ],
          [
            -1.5135400976,
            48.2245124917
          ],
          [
            -1.5134549162,
            48.2246202935
          ]
        ]
      },
      "properties": {
        "CD_TRONC": 15694,
        "INSEE_COM": "35152",
        "NOM_COM": "Liffré",
        "INTERET": "Locale",
        "REVET": "Goudron",
        "STAT_JUR": "Voie Privée",
        "DATE_CP": null,
        "DATE_DEL": "19911107",
        "PRAT_PED": "OUI",
        "PRAT_EQU": "OUI",
        "ADMF_PED": "Ouvert",
        "ADMF_EQU": "Ouvert",
        "PRAT_VEL": null,
        "ADMF_VEL": null,
        "ITIN_PED": "Pédestre Local",
        "ITIN_EQU": "Equestre Local",
        "ITIN_VEL": null,
        "LONGUEUR": 39.4,
        "DATE_MAJ": "20220503131541",
        "DPCollSIRET": "22350001800013",
        "DPCollNom": "DEPARTEMENT D ILLE ET VILAINE",
        "DPCollModication": "2026-06-01T09:05:34.297658Z"
      }
    },
    {
      "type": "Feature",
      "geometry": {
        "type": "LineString",
        "coordinates": [
          [
            -1.55091897,
            48.2027714589
          ],
          [
            -1.5511288596,
            48.2030788133
          ]
        ]
      },
      "properties": {
        "CD_TRONC": 15695,
        "INSEE_COM": "35152",
        "NOM_COM": "Liffré",
        "INTERET": "Locale",
        "REVET": "Terre",
        "STAT_JUR": "Voie Privée",
        "DATE_CP": null,
        "DATE_DEL": "19911107",
        "PRAT_PED": "NON",
        "PRAT_EQU": "OUI",
        "ADMF_PED": null,
        "ADMF_EQU": "Ouvert",
        "PRAT_VEL": null,
        "ADMF_VEL": null,
        "ITIN_PED": null,
        "ITIN_EQU": "Equestre Local",
        "ITIN_VEL": null,
        "LONGUEUR": 37.55,
        "DATE_MAJ": "20220503131541",
        "DPCollSIRET": "22350001800013",
        "DPCollNom": "DEPARTEMENT D ILLE ET VILAINE",
        "DPCollModication": "2026-06-01T09:05:34.2987197Z"
      }
    },
    {
      "type": "Feature",
      "geometry": {
        "type": "LineString",
        "coordinates": [
          [
            -1.43012512,
            48.2810331146
          ],
          [
            -1.4303351661,
            48.2808092527
          ],
          [
            -1.4316228104,
            48.2802605146
          ]
        ]
      },
      "properties": {
        "CD_TRONC": 8870,
        "INSEE_COM": "35178",
        "NOM_COM": "Mézières-sur-Couesnon",
        "INTERET": "Départementale",
        "REVET": "Terre",
        "STAT_JUR": "Chemin Rural",
        "DATE_CP": "20030224",
        "DATE_DEL": "20020712",
        "PRAT_PED": "OUI",
        "PRAT_EQU": "OUI",
        "ADMF_PED": "Ouvert",
        "ADMF_EQU": "Ouvert",
        "PRAT_VEL": "NON",
        "ADMF_VEL": null,
        "ITIN_PED": "Grande Randonnée",
        "ITIN_EQU": "Equibreizh",
        "ITIN_VEL": null,
        "LONGUEUR": 142.69,
        "DATE_MAJ": "20220503131545",
        "DPCollSIRET": "22350001800013",
        "DPCollNom": "DEPARTEMENT D ILLE ET VILAINE",
        "DPCollModication": "2026-06-01T09:05:35.7976274Z"
      }
    },
    {
      "type": "Feature",
      "geometry": {
        "type": "LineString",
        "coordinates": [
          [
            -1.4814312957,
            48.272931917
          ],
          [
            -1.4827291759,
            48.2730799505
          ],
          [
            -1.4845340829,
            48.2733198091
          ],
          [
            -1.4860154496,
            48.2733650825
          ],
          [
            -1.4896446427,
            48.2734991995
          ],
          [
            -1.4922649962,
            48.2735106865
          ],
          [
            -1.4953773502,
            48.2736393798
          ],
          [
            -1.4960469667,
            48.2738207465
          ],
          [
            -1.4978039197,
            48.2740354177
          ],
          [
            -1.4985496535,
            48.273999367
          ],
          [
            -1.5005642978,
            48.2737713446
          ],
          [
            -1.5006328616,
            48.2736672254
          ],
          [
            -1.5028671676,
            48.2736931828
          ],
          [
            -1.5037204886,
            48.2738081335
          ],
          [
            -1.5050706668,
            48.2738619999
          ],
          [
            -1.5058092014,
            48.2738759741
          ],
          [
            -1.5077089337,
            48.2737134976
          ],
          [
            -1.5096152295,
            48.2733988715
          ]
        ]
      },
      "properties": {
        "CD_TRONC": 8871,
        "INSEE_COM": "35253",
        "NOM_COM": "Saint-Aubin-du-Cormier",
        "INTERET": "Locale",
        "REVET": "Terre",
        "STAT_JUR": "Chemin Rural",
        "DATE_CP": null,
        "DATE_DEL": "19910328",
        "PRAT_PED": "NON",
        "PRAT_EQU": "OUI",
        "ADMF_PED": null,
        "ADMF_EQU": "Ouvert",
        "PRAT_VEL": "NON",
        "ADMF_VEL": null,
        "ITIN_PED": null,
        "ITIN_EQU": "Equestre Local",
        "ITIN_VEL": null,
        "LONGUEUR": 2118.93,
        "DATE_MAJ": "20220503131545",
        "DPCollSIRET": "22350001800013",
        "DPCollNom": "DEPARTEMENT D ILLE ET VILAINE",
        "DPCollModication": "2026-06-01T09:05:35.798893Z"
      }
    },
    {
      "type": "Feature",
      "geometry": {
        "type": "LineString",
        "coordinates": [
          [
            -1.4322796777,
            48.2765397204
          ],
          [
            -1.4322386384,
            48.2760619666
          ],
          [
            -1.4322448291,
            48.2754498809
          ],
          [
            -1.4323238347,
            48.2750317913
          ]
        ]
      },
      "properties": {
        "CD_TRONC": 15236,
        "INSEE_COM": "35178",
        "NOM_COM": "Mézières-sur-Couesnon",
        "INTERET": "Départementale",
        "REVET": "Terre",
        "STAT_JUR": "Voie Privée",
        "DATE_CP": "20030224",
        "DATE_DEL": "20020712",
        "PRAT_PED": "OUI",
        "PRAT_EQU": "OUI",
        "ADMF_PED": "Ouvert",
        "ADMF_EQU": "Ouvert",
        "PRAT_VEL": "NON",
        "ADMF_VEL": null,
        "ITIN_PED": "Pédestre Local",
        "ITIN_EQU": "Equibreizh",
        "ITIN_VEL": null,
        "LONGUEUR": 168.05,
        "DATE_MAJ": "20240325155736",
        "DPCollSIRET": "22350001800013",
        "DPCollNom": "DEPARTEMENT D ILLE ET VILAINE",
        "DPCollModication": "2026-06-01T09:05:36.0231716Z"
      }
    },
    {
      "type": "Feature",
      "geometry": {
        "type": "LineString",
        "coordinates": [
          [
            -1.6037571624,
            48.1783082006
          ],
          [
            -1.6066349535,
            48.1773882223
          ],
          [
            -1.6067950824,
            48.1774008951
          ]
        ]
      },
      "properties": {
        "CD_TRONC": 15507,
        "INSEE_COM": "35152",
        "NOM_COM": "Liffré",
        "INTERET": "Locale",
        "REVET": "Terre",
        "STAT_JUR": "Voie Privée",
        "DATE_CP": null,
        "DATE_DEL": "19911107",
        "PRAT_PED": "NON",
        "PRAT_EQU": "OUI",
        "ADMF_PED": null,
        "ADMF_EQU": "Ouvert",
        "PRAT_VEL": null,
        "ADMF_VEL": null,
        "ITIN_PED": null,
        "ITIN_EQU": "Equestre Local",
        "ITIN_VEL": null,
        "LONGUEUR": 249.07,
        "DATE_MAJ": "20220503131545",
        "DPCollSIRET": "22350001800013",
        "DPCollNom": "DEPARTEMENT D ILLE ET VILAINE",
        "DPCollModication": "2026-06-01T09:05:36.2803703Z"
      }
    },
    {
      "type": "Feature",
      "geometry": {
        "type": "LineString",
        "coordinates": [
          [
            -1.529280611,
            48.2100778856
          ],
          [
            -1.5300405273,
            48.211640355
          ],
          [
            -1.5307413328,
            48.2132519548
          ],
          [
            -1.5313030538,
            48.2150491436
          ],
          [
            -1.5314375647,
            48.2152647891
          ],
          [
            -1.5321079798,
            48.2176355107
          ]
        ]
      },
      "properties": {
        "CD_TRONC": 15508,
        "INSEE_COM": "35152",
        "NOM_COM": "Liffré",
        "INTERET": "Locale",
        "REVET": "Terre",
        "STAT_JUR": "Chemin Rural",
        "DATE_CP": null,
        "DATE_DEL": "19911107",
        "PRAT_PED": "OUI",
        "PRAT_EQU": "NON",
        "ADMF_PED": "Ouvert",
        "ADMF_EQU": null,
        "PRAT_VEL": null,
        "ADMF_VEL": null,
        "ITIN_PED": "Pédestre Local",
        "ITIN_EQU": null,
        "ITIN_VEL": null,
        "LONGUEUR": 867.27,
        "DATE_MAJ": "20220503131545",
        "DPCollSIRET": "22350001800013",
        "DPCollNom": "DEPARTEMENT D ILLE ET VILAINE",
        "DPCollModication": "2026-06-01T09:05:36.2826592Z"
      }
    },
    {
      "type": "Feature",
      "geometry": {
        "type": "LineString",
        "coordinates": [
          [
            -1.5166705404,
            48.2161390788
          ],
          [
            -1.5216931855,
            48.2166497385
          ],
          [
            -1.5247994525,
            48.2175355957
          ],
          [
            -1.5271591,
            48.2186302672
          ],
          [
            -1.5279202666,
            48.2173492164
          ],
          [
            -1.5279025441,
            48.2172056944
          ]
        ]
      },
      "properties": {
        "CD_TRONC": 15509,
        "INSEE_COM": "35152",
        "NOM_COM": "Liffré",
        "INTERET": "Départementale",
        "REVET": "Goudron",
        "STAT_JUR": "Chemin Rural",
        "DATE_CP": null,
        "DATE_DEL": null,
        "PRAT_PED": null,
        "PRAT_EQU": "NON",
        "ADMF_PED": null,
        "ADMF_EQU": "Ajout",
        "PRAT_VEL": null,
        "ADMF_VEL": null,
        "ITIN_PED": null,
        "ITIN_EQU": "Equibreizh",
        "ITIN_VEL": null,
        "LONGUEUR": 1010.73,
        "DATE_MAJ": "20220503131545",
        "DPCollSIRET": "22350001800013",
        "DPCollNom": "DEPARTEMENT D ILLE ET VILAINE",
        "DPCollModication": "2026-06-01T09:05:36.2848851Z"
      }
    },
    {
      "type": "Feature",
      "geometry": {
        "type": "LineString",
        "coordinates": [
          [
            -1.5285166787,
            48.2022517394
          ],
          [
            -1.5287923131,
            48.2023529178
          ],
          [
            -1.5278487632,
            48.2035012986
          ],
          [
            -1.5277935787,
            48.2037692911
          ],
          [
            -1.5279444904,
            48.2042078263
          ],
          [
            -1.5280642276,
            48.2045502205
          ],
          [
            -1.5278917881,
            48.2048344289
          ],
          [
            -1.5276079495,
            48.2050931695
          ]
        ]
      },
      "properties": {
        "CD_TRONC": 15511,
        "INSEE_COM": "35152",
        "NOM_COM": "Liffré",
        "INTERET": "Départementale",
        "REVET": "Goudron",
        "STAT_JUR": "Chemin Rural",
        "DATE_CP": null,
        "DATE_DEL": null,
        "PRAT_PED": "NON",
        "PRAT_EQU": "NON",
        "ADMF_PED": "Ajout",
        "ADMF_EQU": "Ajout",
        "PRAT_VEL": null,
        "ADMF_VEL": null,
        "ITIN_PED": "Pédestre Local",
        "ITIN_EQU": "Equibreizh",
        "ITIN_VEL": null,
        "LONGUEUR": 357.87,
        "DATE_MAJ": "20220503131545",
        "DPCollSIRET": "22350001800013",
        "DPCollNom": "DEPARTEMENT D ILLE ET VILAINE",
        "DPCollModication": "2026-06-01T09:05:36.2875519Z"
      }
    },
    {
      "type": "Feature",
      "geometry": {
        "type": "LineString",
        "coordinates": [
          [
            -1.5276079495,
            48.2050931695
          ],
          [
            -1.5279460414,
            48.2062040791
          ]
        ]
      },
      "properties": {
        "CD_TRONC": 15512,
        "INSEE_COM": "35152",
        "NOM_COM": "Liffré",
        "INTERET": "Locale",
        "REVET": "Empierré",
        "STAT_JUR": "Chemin Rural",
        "DATE_CP": null,
        "DATE_DEL": "19911107",
        "PRAT_PED": "OUI",
        "PRAT_EQU": "NON",
        "ADMF_PED": "Ouvert",
        "ADMF_EQU": "Ajout",
        "PRAT_VEL": null,
        "ADMF_VEL": null,
        "ITIN_PED": "Pédestre Local",
        "ITIN_EQU": "Equibreizh",
        "ITIN_VEL": null,
        "LONGUEUR": 125.99,
        "DATE_MAJ": "20220503131545",
        "DPCollSIRET": "22350001800013",
        "DPCollNom": "DEPARTEMENT D ILLE ET VILAINE",
        "DPCollModication": "2026-06-01T09:05:36.2895128Z"
      }
    },
    {
      "type": "Feature",
      "geometry": {
        "type": "LineString",
        "coordinates": [
          [
            -1.5239617038,
            48.2091255893
          ],
          [
            -1.5238996481,
            48.2088738116
          ],
          [
            -1.5238135662,
            48.2086563018
          ],
          [
            -1.523827549,
            48.2085521203
          ],
          [
            -1.5239318738,
            48.2084165362
          ],
          [
            -1.5241510287,
            48.2082206711
          ],
          [
            -1.5243554657,
            48.2079947267
          ],
          [
            -1.5248813878,
            48.2074770623
          ],
          [
            -1.5254757395,
            48.2068927806
          ],
          [
            -1.525961886,
            48.2065559879
          ],
          [
            -1.5262088729,
            48.2063860886
          ],
          [
            -1.5262724424,
            48.2063412906
          ],
          [
            -1.5263936443,
            48.2062924793
          ],
          [
            -1.5265804434,
            48.2062853136
          ],
          [
            -1.5268146755,
            48.2063123787
          ],
          [
            -1.5269998341,
            48.2063332146
          ],
          [
            -1.5271932103,
            48.2063555375
          ],
          [
            -1.5274872763,
            48.2063100067
          ],
          [
            -1.5277409808,
            48.206249801
          ],
          [
            -1.5278387305,
            48.2062262223
          ],
          [
            -1.5279446976,
            48.2062041307
          ]
        ]
      },
      "properties": {
        "CD_TRONC": 15513,
        "INSEE_COM": "35152",
        "NOM_COM": "Liffré",
        "INTERET": "Départementale",
        "REVET": "Terre",
        "STAT_JUR": "Voie Privée",
        "DATE_CP": null,
        "DATE_DEL": null,
        "PRAT_PED": null,
        "PRAT_EQU": "NON",
        "ADMF_PED": null,
        "ADMF_EQU": "Ajout",
        "PRAT_VEL": null,
        "ADMF_VEL": null,
        "ITIN_PED": null,
        "ITIN_EQU": "Equibreizh",
        "ITIN_VEL": null,
        "LONGUEUR": 500.72,
        "DATE_MAJ": "20220503131545",
        "DPCollSIRET": "22350001800013",
        "DPCollNom": "DEPARTEMENT D ILLE ET VILAINE",
        "DPCollModication": "2026-06-01T09:05:36.2918856Z"
      }
    },
    {
      "type": "Feature",
      "geometry": {
        "type": "LineString",
        "coordinates": [
          [
            -1.5272354659,
            48.2037699772
          ],
          [
            -1.5276079495,
            48.2050931695
          ]
        ]
      },
      "properties": {
        "CD_TRONC": 15514,
        "INSEE_COM": "35152",
        "NOM_COM": "Liffré",
        "INTERET": "Locale",
        "REVET": "Empierré",
        "STAT_JUR": "Chemin Rural",
        "DATE_CP": null,
        "DATE_DEL": "19911107",
        "PRAT_PED": "OUI",
        "PRAT_EQU": "NON",
        "ADMF_PED": "Ouvert",
        "ADMF_EQU": null,
        "PRAT_VEL": null,
        "ADMF_VEL": null,
        "ITIN_PED": "Pédestre Local",
        "ITIN_EQU": null,
        "ITIN_VEL": null,
        "LONGUEUR": 149.64,
        "DATE_MAJ": "20220503131545",
        "DPCollSIRET": "22350001800013",
        "DPCollNom": "DEPARTEMENT D ILLE ET VILAINE",
        "DPCollModication": "2026-06-01T09:05:36.2938139Z"
      }
    },
    {
      "type": "Feature",
      "geometry": {
        "type": "LineString",
        "coordinates": [
          [
            -1.5426141244,
            48.165591419
          ],
          [
            -1.5426792762,
            48.1655970206
          ],
          [
            -1.5436650087,
            48.1652003182
          ],
          [
            -1.5446219636,
            48.1647668614
          ],
          [
            -1.5456340848,
            48.1643483939
          ],
          [
            -1.5466943248,
            48.1639100353
          ],
          [
            -1.5467500552,
            48.1638375841
          ]
        ]
      },
      "properties": {
        "CD_TRONC": 15515,
        "INSEE_COM": "35152",
        "NOM_COM": "Liffré",
        "INTERET": "Départementale",
        "REVET": "Goudron",
        "STAT_JUR": "Voie Communale",
        "DATE_CP": null,
        "DATE_DEL": null,
        "PRAT_PED": null,
        "PRAT_EQU": "NON",
        "ADMF_PED": null,
        "ADMF_EQU": "Ajout",
        "PRAT_VEL": null,
        "ADMF_VEL": null,
        "ITIN_PED": null,
        "ITIN_EQU": "Equibreizh",
        "ITIN_VEL": null,
        "LONGUEUR": 366.51,
        "DATE_MAJ": "20220503131545",
        "DPCollSIRET": "22350001800013",
        "DPCollNom": "DEPARTEMENT D ILLE ET VILAINE",
        "DPCollModication": "2026-06-01T09:05:36.295831Z"
      }
    },
    {
      "type": "Feature",
      "geometry": {
        "type": "LineString",
        "coordinates": [
          [
            -1.5361145312,
            48.1693332858
          ],
          [
            -1.5363843902,
            48.1691967224
          ],
          [
            -1.5372936427,
            48.1685831042
          ],
          [
            -1.5389067961,
            48.1675223776
          ],
          [
            -1.5403600495,
            48.166655254
          ],
          [
            -1.5426077407,
            48.1656268158
          ],
          [
            -1.5426141244,
            48.165591419
          ]
        ]
      },
      "properties": {
        "CD_TRONC": 15516,
        "INSEE_COM": "35152",
        "NOM_COM": "Liffré",
        "INTERET": "Départementale",
        "REVET": "Terre",
        "STAT_JUR": "Chemin Rural",
        "DATE_CP": null,
        "DATE_DEL": null,
        "PRAT_PED": null,
        "PRAT_EQU": "NON",
        "ADMF_PED": null,
        "ADMF_EQU": "Ajout",
        "PRAT_VEL": null,
        "ADMF_VEL": null,
        "ITIN_PED": null,
        "ITIN_EQU": "Equibreizh",
        "ITIN_VEL": null,
        "LONGUEUR": 640.53,
        "DATE_MAJ": "20220503131545",
        "DPCollSIRET": "22350001800013",
        "DPCollNom": "DEPARTEMENT D ILLE ET VILAINE",
        "DPCollModication": "2026-06-01T09:05:36.2988941Z"
      }
    },
    {
      "type": "Feature",
      "geometry": {
        "type": "LineString",
        "coordinates": [
          [
            -1.5885203081,
            48.1955494246
          ],
          [
            -1.5881654488,
            48.1954063976
          ],
          [
            -1.5874925609,
            48.1952027306
          ],
          [
            -1.5863043251,
            48.1950875962
          ],
          [
            -1.584875807,
            48.1948601115
          ],
          [
            -1.5843680427,
            48.1950204496
          ],
          [
            -1.5838812685,
            48.1952827193
          ]
        ]
      },
      "properties": {
        "CD_TRONC": 15517,
        "INSEE_COM": "35152",
        "NOM_COM": "Liffré",
        "INTERET": "Départementale",
        "REVET": "Terre",
        "STAT_JUR": "Voie Privée",
        "DATE_CP": null,
        "DATE_DEL": null,
        "PRAT_PED": null,
        "PRAT_EQU": "NON",
        "ADMF_PED": null,
        "ADMF_EQU": "Ajout",
        "PRAT_VEL": null,
        "ADMF_VEL": null,
        "ITIN_PED": null,
        "ITIN_EQU": "Equibreizh",
        "ITIN_VEL": null,
        "LONGUEUR": 372.18,
        "DATE_MAJ": "20220503131545",
        "DPCollSIRET": "22350001800013",
        "DPCollNom": "DEPARTEMENT D ILLE ET VILAINE",
        "DPCollModication": "2026-06-01T09:05:36.3009585Z"
      }
    },
    {
      "type": "Feature",
      "geometry": {
        "type": "LineString",
        "coordinates": [
          [
            -1.5540237017,
            48.2233892617
          ],
          [
            -1.5550134639,
            48.2234177657
          ]
        ]
      },
      "properties": {
        "CD_TRONC": 15518,
        "INSEE_COM": "35152",
        "NOM_COM": "Liffré",
        "INTERET": "Locale",
        "REVET": "Terre",
        "STAT_JUR": "Chemin Rural",
        "DATE_CP": null,
        "DATE_DEL": "19911107",
        "PRAT_PED": "OUI",
        "PRAT_EQU": "OUI",
        "ADMF_PED": "Ouvert",
        "ADMF_EQU": "Ouvert",
        "PRAT_VEL": null,
        "ADMF_VEL": null,
        "ITIN_PED": "Pédestre Local",
        "ITIN_EQU": "Equestre Local",
        "ITIN_VEL": null,
        "LONGUEUR": 73.57,
        "DATE_MAJ": "20220503131545",
        "DPCollSIRET": "22350001800013",
        "DPCollNom": "DEPARTEMENT D ILLE ET VILAINE",
        "DPCollModication": "2026-06-01T09:05:36.3035063Z"
      }
    },
    {
      "type": "Feature",
      "geometry": {
        "type": "LineString",
        "coordinates": [
          [
            -1.5575876213,
            48.200341042
          ],
          [
            -1.5591617026,
            48.1996168742
          ],
          [
            -1.560067897,
            48.198949144
          ],
          [
            -1.5612680267,
            48.1975652283
          ],
          [
            -1.5629264124,
            48.195401976
          ],
          [
            -1.5634874641,
            48.1938471635
          ],
          [
            -1.5638068293,
            48.1935031301
          ]
        ]
      },
      "properties": {
        "CD_TRONC": 15520,
        "INSEE_COM": "35152",
        "NOM_COM": "Liffré",
        "INTERET": "Départementale",
        "REVET": "Terre",
        "STAT_JUR": "Voie Privée",
        "DATE_CP": null,
        "DATE_DEL": "19911107",
        "PRAT_PED": "OUI",
        "PRAT_EQU": "NON",
        "ADMF_PED": "Ouvert",
        "ADMF_EQU": null,
        "PRAT_VEL": null,
        "ADMF_VEL": null,
        "ITIN_PED": "Grande Randonnée",
        "ITIN_EQU": null,
        "ITIN_VEL": null,
        "LONGUEUR": 912.86,
        "DATE_MAJ": "20220503131550",
        "DPCollSIRET": "22350001800013",
        "DPCollNom": "DEPARTEMENT D ILLE ET VILAINE",
        "DPCollModication": "2026-06-01T09:05:36.7382183Z"
      }
    },
    {
      "type": "Feature",
      "geometry": {
        "type": "LineString",
        "coordinates": [
          [
            -1.5575876213,
            48.200341042
          ],
          [
            -1.5558195549,
            48.2012547381
          ],
          [
            -1.5533705782,
            48.2025119377
          ],
          [
            -1.5519645586,
            48.2031231851
          ]
        ]
      },
      "properties": {
        "CD_TRONC": 15521,
        "INSEE_COM": "35152",
        "NOM_COM": "Liffré",
        "INTERET": "Départementale",
        "REVET": "Terre",
        "STAT_JUR": "Voie Privée",
        "DATE_CP": null,
        "DATE_DEL": "19911107",
        "PRAT_PED": "OUI",
        "PRAT_EQU": "NON",
        "ADMF_PED": "Ouvert",
        "ADMF_EQU": null,
        "PRAT_VEL": null,
        "ADMF_VEL": null,
        "ITIN_PED": "Grande Randonnée",
        "ITIN_EQU": null,
        "ITIN_VEL": null,
        "LONGUEUR": 520.05,
        "DATE_MAJ": "20220503131550",
        "DPCollSIRET": "22350001800013",
        "DPCollNom": "DEPARTEMENT D ILLE ET VILAINE",
        "DPCollModication": "2026-06-01T09:05:36.7400945Z"
      }
    },
    {
      "type": "Feature",
      "geometry": {
        "type": "LineString",
        "coordinates": [
          [
            -1.5519645586,
            48.2031231851
          ],
          [
            -1.5572642858,
            48.2058189559
          ],
          [
            -1.5585889941,
            48.2065906624
          ],
          [
            -1.5589442678,
            48.2067698125
          ],
          [
            -1.558891685,
            48.2069881535
          ],
          [
            -1.5588316611,
            48.2070580691
          ],
          [
            -1.5585941525,
            48.2071961292
          ],
          [
            -1.5584669815,
            48.2072379949
          ],
          [
            -1.558452905,
            48.2072935172
          ],
          [
            -1.5585374422,
            48.2074759169
          ],
          [
            -1.5587260803,
            48.207661505
          ],
          [
            -1.5587476513,
            48.2077706288
          ],
          [
            -1.558096647,
            48.2076488675
          ],
          [
            -1.5577230971,
            48.2078354423
          ],
          [
            -1.5573902074,
            48.2078996729
          ],
          [
            -1.5572652377,
            48.2079982332
          ],
          [
            -1.557445171,
            48.208239138
          ],
          [
            -1.5569742355,
            48.2090774962
          ]
        ]
      },
      "properties": {
        "CD_TRONC": 15522,
        "INSEE_COM": "35152",
        "NOM_COM": "Liffré",
        "INTERET": "Départementale",
        "REVET": "Terre",
        "STAT_JUR": "Voie Privée",
        "DATE_CP": null,
        "DATE_DEL": "19911107",
        "PRAT_PED": "OUI",
        "PRAT_EQU": "NON",
        "ADMF_PED": "Ouvert",
        "ADMF_EQU": null,
        "PRAT_VEL": null,
        "ADMF_VEL": null,
        "ITIN_PED": "Grande Randonnée",
        "ITIN_EQU": null,
        "ITIN_VEL": null,
        "LONGUEUR": 1044.86,
        "DATE_MAJ": "20220503131550",
        "DPCollSIRET": "22350001800013",
        "DPCollNom": "DEPARTEMENT D ILLE ET VILAINE",
        "DPCollModication": "2026-06-01T09:05:36.741776Z"
      }
    },
    {
      "type": "Feature",
      "geometry": {
        "type": "LineString",
        "coordinates": [
          [
            -1.5564314455,
            48.2083981566
          ],
          [
            -1.5568353305,
            48.2087340624
          ],
          [
            -1.5570237632,
            48.2091512916
          ],
          [
            -1.5573909602,
            48.2097022173
          ],
          [
            -1.5574071066,
            48.2100449838
          ]
        ]
      },
      "properties": {
        "CD_TRONC": 15523,
        "INSEE_COM": "35152",
        "NOM_COM": "Liffré",
        "INTERET": "Locale",
        "REVET": "Terre",
        "STAT_JUR": "Voie Privée",
        "DATE_CP": null,
        "DATE_DEL": "19911107",
        "PRAT_PED": "OUI",
        "PRAT_EQU": "OUI",
        "ADMF_PED": "Ouvert",
        "ADMF_EQU": "Ouvert",
        "PRAT_VEL": null,
        "ADMF_VEL": null,
        "ITIN_PED": "Pédestre Local",
        "ITIN_EQU": "Equestre Local",
        "ITIN_VEL": null,
        "LONGUEUR": 201.47,
        "DATE_MAJ": "20220503131550",
        "DPCollSIRET": "22350001800013",
        "DPCollNom": "DEPARTEMENT D ILLE ET VILAINE",
        "DPCollModication": "2026-06-01T09:05:36.7438819Z"
      }
    },
    {
      "type": "Feature",
      "geometry": {
        "type": "LineString",
        "coordinates": [
          [
            -1.5540807761,
            48.2104068324
          ],
          [
            -1.5539859263,
            48.2104483467
          ],
          [
            -1.5536695004,
            48.2104380253
          ],
          [
            -1.5533678158,
            48.210598378
          ],
          [
            -1.5528905814,
            48.2106465337
          ],
          [
            -1.5524659211,
            48.2108350618
          ],
          [
            -1.5521776405,
            48.2108696159
          ],
          [
            -1.5518228613,
            48.2110085792
          ],
          [
            -1.5451886022,
            48.2108533057
          ],
          [
            -1.5450010066,
            48.2114301381
          ],
          [
            -1.5444057521,
            48.2118613402
          ],
          [
            -1.5439827853,
            48.212664441
          ],
          [
            -1.5436333896,
            48.21308527
          ],
          [
            -1.542754695,
            48.2136859987
          ]
        ]
      },
      "properties": {
        "CD_TRONC": 15524,
        "INSEE_COM": "35152",
        "NOM_COM": "Liffré",
        "INTERET": "Départementale",
        "REVET": "Terre",
        "STAT_JUR": "Voie Privée",
        "DATE_CP": null,
        "DATE_DEL": "19911107",
        "PRAT_PED": "OUI",
        "PRAT_EQU": "NON",
        "ADMF_PED": "Ouvert",
        "ADMF_EQU": null,
        "PRAT_VEL": null,
        "ADMF_VEL": null,
        "ITIN_PED": "Grande Randonnée",
        "ITIN_EQU": null,
        "ITIN_VEL": null,
        "LONGUEUR": 1052.01,
        "DATE_MAJ": "20220503131550",
        "DPCollSIRET": "22350001800013",
        "DPCollNom": "DEPARTEMENT D ILLE ET VILAINE",
        "DPCollModication": "2026-06-01T09:05:36.7461021Z"
      }
    },
    {
      "type": "Feature",
      "geometry": {
        "type": "LineString",
        "coordinates": [
          [
            -1.5850425905,
            48.1833356946
          ],
          [
            -1.5867883979,
            48.1829649417
          ],
          [
            -1.5877311895,
            48.1829807375
          ],
          [
            -1.5885637989,
            48.1827957227
          ],
          [
            -1.5891235123,
            48.1829170306
          ],
          [
            -1.5887670971,
            48.1821651379
          ],
          [
            -1.5885444009,
            48.1818103677
          ],
          [
            -1.5886076182,
            48.1815777911
          ],
          [
            -1.5881165562,
            48.1808249259
          ],
          [
            -1.5878202475,
            48.1799867868
          ],
          [
            -1.590023709,
            48.1805911965
          ],
          [
            -1.5916219177,
            48.1783441655
          ],
          [
            -1.5926018384,
            48.178206862
          ],
          [
            -1.5931803434,
            48.1778859915
          ],
          [
            -1.5937079668,
            48.1771975544
          ],
          [
            -1.594512871,
            48.1768768705
          ],
          [
            -1.5952532065,
            48.1764802808
          ],
          [
            -1.5956848005,
            48.1760821984
          ],
          [
            -1.5957695982,
            48.1756633793
          ],
          [
            -1.5961492986,
            48.1752420796
          ],
          [
            -1.5961601098,
            48.1748712102
          ],
          [
            -1.5957464162,
            48.1739896054
          ],
          [
            -1.5956950724,
            48.1735084914
          ],
          [
            -1.5954092314,
            48.1729806335
          ],
          [
            -1.5955224997,
            48.1724246025
          ],
          [
            -1.5959542224,
            48.1723068268
          ],
          [
            -1.5960151016,
            48.1719538346
          ],
          [
            -1.5960261476,
            48.1711061486
          ],
          [
            -1.5958589546,
            48.1692487019
          ],
          [
            -1.5960109157,
            48.16907513
          ]
        ]
      },
      "properties": {
        "CD_TRONC": 15525,
        "INSEE_COM": "35152",
        "NOM_COM": "Liffré",
        "INTERET": "Départementale",
        "REVET": "Terre",
        "STAT_JUR": "Voie Privée",
        "DATE_CP": "20090928",
        "DATE_DEL": "20090619",
        "PRAT_PED": "OUI",
        "PRAT_EQU": "NON",
        "ADMF_PED": "Ouvert",
        "ADMF_EQU": null,
        "PRAT_VEL": null,
        "ADMF_VEL": null,
        "ITIN_PED": "Grande Randonnée",
        "ITIN_EQU": null,
        "ITIN_VEL": null,
        "LONGUEUR": 2344.89,
        "DATE_MAJ": "20220503131550",
        "DPCollSIRET": "22350001800013",
        "DPCollNom": "DEPARTEMENT D ILLE ET VILAINE",
        "DPCollModication": "2026-06-01T09:05:36.7484543Z"
      }
    },
    {
      "type": "Feature",
      "geometry": {
        "type": "LineString",
        "coordinates": [
          [
            -1.468072822,
            48.2275823156
          ],
          [
            -1.4666016772,
            48.2319475935
          ],
          [
            -1.4654052379,
            48.2358959961
          ]
        ]
      },
      "properties": {
        "CD_TRONC": 15527,
        "INSEE_COM": "35152",
        "NOM_COM": "Liffré",
        "INTERET": "Départementale",
        "REVET": "Terre",
        "STAT_JUR": "Voie Privée",
        "DATE_CP": null,
        "DATE_DEL": "19911107",
        "PRAT_PED": "NON",
        "PRAT_EQU": "OUI",
        "ADMF_PED": null,
        "ADMF_EQU": "Ouvert",
        "PRAT_VEL": null,
        "ADMF_VEL": null,
        "ITIN_PED": null,
        "ITIN_EQU": "Equibreizh",
        "ITIN_VEL": null,
        "LONGUEUR": 945.03,
        "DATE_MAJ": "20220503131550",
        "DPCollSIRET": "22350001800013",
        "DPCollNom": "DEPARTEMENT D ILLE ET VILAINE",
        "DPCollModication": "2026-06-01T09:05:36.7499819Z"
      }
    },
    {
      "type": "Feature",
      "geometry": {
        "type": "LineString",
        "coordinates": [
          [
            -1.4052498827,
            48.2249480379
          ],
          [
            -1.4042378035,
            48.2248280954
          ],
          [
            -1.4035721085,
            48.2247700213
          ],
          [
            -1.4020454956,
            48.2245124481
          ]
        ]
      },
      "properties": {
        "CD_TRONC": 15528,
        "INSEE_COM": "35152",
        "NOM_COM": "Liffré",
        "INTERET": "Départementale",
        "REVET": "Terre",
        "STAT_JUR": "Voie Privée",
        "DATE_CP": "20090928",
        "DATE_DEL": "20090619",
        "PRAT_PED": "NON",
        "PRAT_EQU": "OUI",
        "ADMF_PED": null,
        "ADMF_EQU": "Ouvert",
        "PRAT_VEL": null,
        "ADMF_VEL": null,
        "ITIN_PED": null,
        "ITIN_EQU": "Equibreizh",
        "ITIN_VEL": null,
        "LONGUEUR": 243.12,
        "DATE_MAJ": "20220503131550",
        "DPCollSIRET": "22350001800013",
        "DPCollNom": "DEPARTEMENT D ILLE ET VILAINE",
        "DPCollModication": "2026-06-01T09:05:36.7514626Z"
      }
    },
    {
      "type": "Feature",
      "geometry": {
        "type": "LineString",
        "coordinates": [
          [
            -1.4874466106,
            48.2174710261
          ],
          [
            -1.4876834555,
            48.2177819595
          ],
          [
            -1.4878653201,
            48.218159872
          ],
          [
            -1.4877439504,
            48.2184925365
          ]
        ]
      },
      "properties": {
        "CD_TRONC": 15529,
        "INSEE_COM": "35152",
        "NOM_COM": "Liffré",
        "INTERET": "Locale",
        "REVET": "Terre",
        "STAT_JUR": "Chemin Rural",
        "DATE_CP": "20090928",
        "DATE_DEL": "20090619",
        "PRAT_PED": "OUI",
        "PRAT_EQU": "NON",
        "ADMF_PED": "Ouvert",
        "ADMF_EQU": null,
        "PRAT_VEL": null,
        "ADMF_VEL": null,
        "ITIN_PED": "Pédestre Local",
        "ITIN_EQU": null,
        "ITIN_VEL": null,
        "LONGUEUR": 120.95,
        "DATE_MAJ": "20220503131550",
        "DPCollSIRET": "22350001800013",
        "DPCollNom": "DEPARTEMENT D ILLE ET VILAINE",
        "DPCollModication": "2026-06-01T09:05:36.7528616Z"
      }
    },
    {
      "type": "Feature",
      "geometry": {
        "type": "LineString",
        "coordinates": [
          [
            -1.5012805005,
            48.2114268085
          ],
          [
            -1.5011418203,
            48.211555569
          ],
          [
            -1.5009936151,
            48.2113674533
          ],
          [
            -1.5008947201,
            48.2111567281
          ],
          [
            -1.5006054996,
            48.2110542011
          ],
          [
            -1.5003233071,
            48.2109550105
          ],
          [
            -1.5000595848,
            48.2108668312
          ],
          [
            -1.4998985871,
            48.2110342936
          ],
          [
            -1.4999111214,
            48.2111969415
          ],
          [
            -1.5001533346,
            48.2116176006
          ],
          [
            -1.5001270055,
            48.211798854
          ],
          [
            -1.500135351,
            48.2119914027
          ],
          [
            -1.5002768013,
            48.2124321262
          ],
          [
            -1.5002616432,
            48.2129337975
          ],
          [
            -1.5000320367,
            48.2129452565
          ]
        ]
      },
      "properties": {
        "CD_TRONC": 15530,
        "INSEE_COM": "35152",
        "NOM_COM": "Liffré",
        "INTERET": "Locale",
        "REVET": "Terre",
        "STAT_JUR": "Voie Privée",
        "DATE_CP": "20090928",
        "DATE_DEL": "20090619",
        "PRAT_PED": "OUI",
        "PRAT_EQU": "NON",
        "ADMF_PED": "Ouvert",
        "ADMF_EQU": null,
        "PRAT_VEL": null,
        "ADMF_VEL": null,
        "ITIN_PED": "Pédestre Local",
        "ITIN_EQU": null,
        "ITIN_VEL": null,
        "LONGUEUR": 390.64,
        "DATE_MAJ": "20220503131550",
        "DPCollSIRET": "22350001800013",
        "DPCollNom": "DEPARTEMENT D ILLE ET VILAINE",
        "DPCollModication": "2026-06-01T09:05:36.7547074Z"
      }
    },
    {
      "type": "Feature",
      "geometry": {
        "type": "LineString",
        "coordinates": [
          [
            -1.4839690066,
            48.1993855509
          ],
          [
            -1.4840172079,
            48.1996036227
          ],
          [
            -1.4839339781,
            48.2001150876
          ]
        ]
      },
      "properties": {
        "CD_TRONC": 15531,
        "INSEE_COM": "35152",
        "NOM_COM": "Liffré",
        "INTERET": "Locale",
        "REVET": "Goudron",
        "STAT_JUR": "Voie Communale",
        "DATE_CP": "20090928",
        "DATE_DEL": "20090619",
        "PRAT_PED": "OUI",
        "PRAT_EQU": "NON",
        "ADMF_PED": "Ouvert",
        "ADMF_EQU": null,
        "PRAT_VEL": null,
        "ADMF_VEL": null,
        "ITIN_PED": "Pédestre Local",
        "ITIN_EQU": null,
        "ITIN_VEL": null,
        "LONGUEUR": 81.68,
        "DATE_MAJ": "20220503131550",
        "DPCollSIRET": "22350001800013",
        "DPCollNom": "DEPARTEMENT D ILLE ET VILAINE",
        "DPCollModication": "2026-06-01T09:05:36.7565518Z"
      }
    },
    {
      "type": "Feature",
      "geometry": {
        "type": "LineString",
        "coordinates": [
          [
            -1.4181637924,
            48.2770782583
          ],
          [
            -1.4179811126,
            48.2774722991
          ],
          [
            -1.4178169771,
            48.2776787175
          ],
          [
            -1.4174908682,
            48.2780151737
          ],
          [
            -1.4165170389,
            48.2790443955
          ],
          [
            -1.4162098862,
            48.2793515273
          ],
          [
            -1.4154755391,
            48.2801246417
          ]
        ]
      },
      "properties": {
        "CD_TRONC": 13866,
        "INSEE_COM": "35253",
        "NOM_COM": "Saint-Aubin-du-Cormier",
        "INTERET": "Départementale",
        "REVET": "Terre",
        "STAT_JUR": "Voie Privée",
        "DATE_CP": "20030224",
        "DATE_DEL": "20020523",
        "PRAT_PED": "OUI",
        "PRAT_EQU": "OUI",
        "ADMF_PED": "Ouvert",
        "ADMF_EQU": "Fermé",
        "PRAT_VEL": "NON",
        "ADMF_VEL": null,
        "ITIN_PED": "Grande Randonnée",
        "ITIN_EQU": "Equestre Local",
        "ITIN_VEL": null,
        "LONGUEUR": 394.43,
        "DATE_MAJ": "20220503131550",
        "DPCollSIRET": "22350001800013",
        "DPCollNom": "DEPARTEMENT D ILLE ET VILAINE",
        "DPCollModication": "2026-06-01T09:05:37.5407249Z"
      }
    },
    {
      "type": "Feature",
      "geometry": {
        "type": "LineString",
        "coordinates": [
          [
            -1.4023513429,
            48.2321333815
          ],
          [
            -1.4022150443,
            48.2321695945
          ],
          [
            -1.4019221411,
            48.2326138417
          ],
          [
            -1.4013699137,
            48.2333827872
          ],
          [
            -1.4007558212,
            48.2340551749
          ],
          [
            -1.3996774196,
            48.2351590368
          ],
          [
            -1.399358503,
            48.2353225279
          ],
          [
            -1.3970427786,
            48.2357757578
          ]
        ]
      },
      "properties": {
        "CD_TRONC": 13867,
        "INSEE_COM": "35253",
        "NOM_COM": "Saint-Aubin-du-Cormier",
        "INTERET": "Départementale",
        "REVET": "Goudron",
        "STAT_JUR": "Voie Communale",
        "DATE_CP": "20030224",
        "DATE_DEL": "20020523",
        "PRAT_PED": "OUI",
        "PRAT_EQU": "OUI",
        "ADMF_PED": "Ouvert",
        "ADMF_EQU": "Fermé",
        "PRAT_VEL": "NON",
        "ADMF_VEL": null,
        "ITIN_PED": "Grande Randonnée",
        "ITIN_EQU": "Equestre Local",
        "ITIN_VEL": null,
        "LONGUEUR": 602.68,
        "DATE_MAJ": "20220503131550",
        "DPCollSIRET": "22350001800013",
        "DPCollNom": "DEPARTEMENT D ILLE ET VILAINE",
        "DPCollModication": "2026-06-01T09:05:37.5427305Z"
      }
    },
    {
      "type": "Feature",
      "geometry": {
        "type": "LineString",
        "coordinates": [
          [
            -1.4060760788,
            48.2861414188
          ],
          [
            -1.4060961516,
            48.2863385643
          ],
          [
            -1.4059520529,
            48.2870925968
          ],
          [
            -1.405848763,
            48.2874385409
          ],
          [
            -1.4058053191,
            48.2881566804
          ],
          [
            -1.4056647635,
            48.2884604322
          ],
          [
            -1.4051474374,
            48.2900290048
          ],
          [
            -1.4048633253,
            48.2910314449
          ],
          [
            -1.4042791823,
            48.291949692
          ],
          [
            -1.4044186335,
            48.2922925979
          ],
          [
            -1.4040542525,
            48.2935316809
          ],
          [
            -1.4040090085,
            48.2938397221
          ],
          [
            -1.4039577674,
            48.2942147875
          ],
          [
            -1.4033767814,
            48.2947442756
          ],
          [
            -1.4038418618,
            48.2948366263
          ],
          [
            -1.4039068025,
            48.2953992745
          ],
          [
            -1.4040337837,
            48.2957211852
          ],
          [
            -1.4042486928,
            48.2971365751
          ]
        ]
      },
      "properties": {
        "CD_TRONC": 8826,
        "INSEE_COM": "35178",
        "NOM_COM": "Mézières-sur-Couesnon",
        "INTERET": "Départementale",
        "REVET": "Empierré",
        "STAT_JUR": "Chemin Rural",
        "DATE_CP": "20030224",
        "DATE_DEL": "20020712",
        "PRAT_PED": "OUI",
        "PRAT_EQU": "OUI",
        "ADMF_PED": "Ouvert",
        "ADMF_EQU": "Ouvert",
        "PRAT_VEL": "NON",
        "ADMF_VEL": null,
        "ITIN_PED": "Grande Randonnée",
        "ITIN_EQU": "Equibreizh",
        "ITIN_VEL": null,
        "LONGUEUR": 1286.5,
        "DATE_MAJ": "20220503131550",
        "DPCollSIRET": "22350001800013",
        "DPCollNom": "DEPARTEMENT D ILLE ET VILAINE",
        "DPCollModication": "2026-06-01T09:05:37.8648655Z"
      }
    },
    {
      "type": "Feature",
      "geometry": {
        "type": "LineString",
        "coordinates": [
          [
            -1.5575876213,
            48.200341042
          ],
          [
            -1.5503892332,
            48.1932742792
          ],
          [
            -1.5464163991,
            48.1893617358
          ],
          [
            -1.5459313469,
            48.1896454096
          ]
        ]
      },
      "properties": {
        "CD_TRONC": 15552,
        "INSEE_COM": "35152",
        "NOM_COM": "Liffré",
        "INTERET": "Locale",
        "REVET": "Empierré",
        "STAT_JUR": "Voie Privée",
        "DATE_CP": null,
        "DATE_DEL": "19911107",
        "PRAT_PED": "NON",
        "PRAT_EQU": "OUI",
        "ADMF_PED": null,
        "ADMF_EQU": "Fermé",
        "PRAT_VEL": null,
        "ADMF_VEL": null,
        "ITIN_PED": null,
        "ITIN_EQU": "Equestre Local",
        "ITIN_VEL": null,
        "LONGUEUR": 1523.67,
        "DATE_MAJ": "20220503131550",
        "DPCollSIRET": "22350001800013",
        "DPCollNom": "DEPARTEMENT D ILLE ET VILAINE",
        "DPCollModication": "2026-06-01T09:05:38.0248366Z"
      }
    },
    {
      "type": "Feature",
      "geometry": {
        "type": "LineString",
        "coordinates": [
          [
            -1.4273567184,
            48.2792494825
          ],
          [
            -1.4289202031,
            48.2802670082
          ],
          [
            -1.43012512,
            48.2810331146
          ]
        ]
      },
      "properties": {
        "CD_TRONC": 10512,
        "INSEE_COM": "35178",
        "NOM_COM": "Mézières-sur-Couesnon",
        "INTERET": "Départementale",
        "REVET": "Goudron",
        "STAT_JUR": "Route Départementale",
        "DATE_CP": "20030224",
        "DATE_DEL": "20020712",
        "PRAT_PED": "OUI",
        "PRAT_EQU": "OUI",
        "ADMF_PED": "Ouvert",
        "ADMF_EQU": "Ouvert",
        "PRAT_VEL": "NON",
        "ADMF_VEL": null,
        "ITIN_PED": "Grande Randonnée",
        "ITIN_EQU": "Equibreizh",
        "ITIN_VEL": null,
        "LONGUEUR": 285.45,
        "DATE_MAJ": "20220503131550",
        "DPCollSIRET": "22350001800013",
        "DPCollNom": "DEPARTEMENT D ILLE ET VILAINE",
        "DPCollModication": "2026-06-01T09:05:38.0299172Z"
      }
    },
    {
      "type": "Feature",
      "geometry": {
        "type": "LineString",
        "coordinates": [
          [
            -1.5838956105,
            48.2197805357
          ],
          [
            -1.5836593598,
            48.2207549999
          ],
          [
            -1.5835921714,
            48.2214092464
          ]
        ]
      },
      "properties": {
        "CD_TRONC": 15543,
        "INSEE_COM": "35067",
        "NOM_COM": "Chasné-sur-Illet",
        "INTERET": "Locale",
        "REVET": "Empierré",
        "STAT_JUR": "Chemin Rural",
        "DATE_CP": "19970924",
        "DATE_DEL": "20020530",
        "PRAT_PED": "OUI",
        "PRAT_EQU": "NON",
        "ADMF_PED": "Ouvert",
        "ADMF_EQU": null,
        "PRAT_VEL": null,
        "ADMF_VEL": null,
        "ITIN_PED": "Pédestre Local",
        "ITIN_EQU": null,
        "ITIN_VEL": null,
        "LONGUEUR": 182.6,
        "DATE_MAJ": "20220503131550",
        "DPCollSIRET": "22350001800013",
        "DPCollNom": "DEPARTEMENT D ILLE ET VILAINE",
        "DPCollModication": "2026-06-01T09:05:38.0551706Z"
      }
    },
    {
      "type": "Feature",
      "geometry": {
        "type": "LineString",
        "coordinates": [
          [
            -1.359106307,
            48.2318459705
          ],
          [
            -1.3589475152,
            48.2316293639
          ],
          [
            -1.358885661,
            48.2314564182
          ],
          [
            -1.3584357224,
            48.2309351346
          ],
          [
            -1.3579186171,
            48.2302747021
          ]
        ]
      },
      "properties": {
        "CD_TRONC": 8818,
        "INSEE_COM": "35154",
        "NOM_COM": "Livré-sur-Changeon",
        "INTERET": "Locale",
        "REVET": "Goudron",
        "STAT_JUR": "Chemin d'Exploitation",
        "DATE_CP": null,
        "DATE_DEL": "19971010",
        "PRAT_PED": "OUI",
        "PRAT_EQU": "NON",
        "ADMF_PED": "Ouvert",
        "ADMF_EQU": null,
        "PRAT_VEL": "NON",
        "ADMF_VEL": null,
        "ITIN_PED": "Pédestre Local",
        "ITIN_EQU": null,
        "ITIN_VEL": null,
        "LONGUEUR": 196.28,
        "DATE_MAJ": "20220503131550",
        "DPCollSIRET": "22350001800013",
        "DPCollNom": "DEPARTEMENT D ILLE ET VILAINE",
        "DPCollModication": "2026-06-01T09:05:38.2348494Z"
      }
    },
    {
      "type": "Feature",
      "geometry": {
        "type": "LineString",
        "coordinates": [
          [
            -1.449262321,
            48.2144925526
          ],
          [
            -1.441435999,
            48.2106832269
          ]
        ]
      },
      "properties": {
        "CD_TRONC": 15533,
        "INSEE_COM": "35152",
        "NOM_COM": "Liffré",
        "INTERET": "Départementale",
        "REVET": "Terre",
        "STAT_JUR": "Voie Privée",
        "DATE_CP": null,
        "DATE_DEL": "19911107",
        "PRAT_PED": "OUI",
        "PRAT_EQU": "OUI",
        "ADMF_PED": "Ouvert",
        "ADMF_EQU": "Ouvert",
        "PRAT_VEL": null,
        "ADMF_VEL": null,
        "ITIN_PED": "Pédestre Local",
        "ITIN_EQU": "Equibreizh",
        "ITIN_VEL": null,
        "LONGUEUR": 719.16,
        "DATE_MAJ": "20220503131550",
        "DPCollSIRET": "22350001800013",
        "DPCollNom": "DEPARTEMENT D ILLE ET VILAINE",
        "DPCollModication": "2026-06-01T09:05:38.4381118Z"
      }
    },
    {
      "type": "Feature",
      "geometry": {
        "type": "LineString",
        "coordinates": [
          [
            -1.4883421066,
            48.2205759775
          ],
          [
            -1.4889335344,
            48.2210437581
          ],
          [
            -1.4899127932,
            48.2218212286
          ],
          [
            -1.4903727321,
            48.2221858559
          ]
        ]
      },
      "properties": {
        "CD_TRONC": 15753,
        "INSEE_COM": "35152",
        "NOM_COM": "Liffré",
        "INTERET": "Locale",
        "REVET": "Goudron",
        "STAT_JUR": "Voie Communale",
        "DATE_CP": "20090928",
        "DATE_DEL": "20090619",
        "PRAT_PED": "OUI",
        "PRAT_EQU": "NON",
        "ADMF_PED": "Ouvert",
        "ADMF_EQU": null,
        "PRAT_VEL": null,
        "ADMF_VEL": null,
        "ITIN_PED": "Pédestre Local",
        "ITIN_EQU": null,
        "ITIN_VEL": null,
        "LONGUEUR": 234,
        "DATE_MAJ": "20220503131550",
        "DPCollSIRET": "22350001800013",
        "DPCollNom": "DEPARTEMENT D ILLE ET VILAINE",
        "DPCollModication": "2026-06-01T09:05:38.4426548Z"
      }
    },
    {
      "type": "Feature",
      "geometry": {
        "type": "LineString",
        "coordinates": [
          [
            -1.4839339781,
            48.2001150876
          ],
          [
            -1.4836804521,
            48.200589764
          ],
          [
            -1.4834283611,
            48.2011923616
          ],
          [
            -1.4831343707,
            48.2015559184
          ],
          [
            -1.4826546309,
            48.2022401634
          ],
          [
            -1.4823266398,
            48.2028699742
          ]
        ]
      },
      "properties": {
        "CD_TRONC": 15760,
        "INSEE_COM": "35152",
        "NOM_COM": "Liffré",
        "INTERET": "Locale",
        "REVET": "Terre",
        "STAT_JUR": "Chemin Rural",
        "DATE_CP": "20090928",
        "DATE_DEL": "20090619",
        "PRAT_PED": "OUI",
        "PRAT_EQU": "NON",
        "ADMF_PED": "Ouvert",
        "ADMF_EQU": null,
        "PRAT_VEL": null,
        "ADMF_VEL": null,
        "ITIN_PED": "Pédestre Local",
        "ITIN_EQU": null,
        "ITIN_VEL": null,
        "LONGUEUR": 329.59,
        "DATE_MAJ": "20220503131550",
        "DPCollSIRET": "22350001800013",
        "DPCollNom": "DEPARTEMENT D ILLE ET VILAINE",
        "DPCollModication": "2026-06-01T09:05:38.4439659Z"
      }
    },
    {
      "type": "Feature",
      "geometry": {
        "type": "LineString",
        "coordinates": [
          [
            -1.5769513078,
            48.1770225788
          ],
          [
            -1.5725402185,
            48.1783708146
          ],
          [
            -1.5654885618,
            48.183032491
          ],
          [
            -1.5656761222,
            48.1840004458
          ],
          [
            -1.5658222571,
            48.1845364747
          ],
          [
            -1.5661999643,
            48.1854276667
          ],
          [
            -1.5666672418,
            48.1862946595
          ]
        ]
      },
      "properties": {
        "CD_TRONC": 15906,
        "INSEE_COM": "35152",
        "NOM_COM": "Liffré",
        "INTERET": "Locale",
        "REVET": "Terre",
        "STAT_JUR": "Voie Privée",
        "DATE_CP": "20090928",
        "DATE_DEL": "20090619",
        "PRAT_PED": "OUI",
        "PRAT_EQU": "NON",
        "ADMF_PED": "Ouvert",
        "ADMF_EQU": null,
        "PRAT_VEL": null,
        "ADMF_VEL": null,
        "ITIN_PED": "Pédestre Local",
        "ITIN_EQU": null,
        "ITIN_VEL": null,
        "LONGUEUR": 1471.84,
        "DATE_MAJ": "20220503131550",
        "DPCollSIRET": "22350001800013",
        "DPCollNom": "DEPARTEMENT D ILLE ET VILAINE",
        "DPCollModication": "2026-06-01T09:05:38.5532787Z"
      }
    },
    {
      "type": "Feature",
      "geometry": {
        "type": "LineString",
        "coordinates": [
          [
            -1.5929630572,
            48.181539204
          ],
          [
            -1.5949214532,
            48.1794171251
          ]
        ]
      },
      "properties": {
        "CD_TRONC": 15916,
        "INSEE_COM": "35152",
        "NOM_COM": "Liffré",
        "INTERET": "Locale",
        "REVET": "Terre",
        "STAT_JUR": "Voie Privée",
        "DATE_CP": null,
        "DATE_DEL": "20090619",
        "PRAT_PED": "NON",
        "PRAT_EQU": "OUI",
        "ADMF_PED": null,
        "ADMF_EQU": "Ouvert",
        "PRAT_VEL": null,
        "ADMF_VEL": null,
        "ITIN_PED": null,
        "ITIN_EQU": "Equestre Local",
        "ITIN_VEL": null,
        "LONGUEUR": 277.14,
        "DATE_MAJ": "20220503131550",
        "DPCollSIRET": "22350001800013",
        "DPCollNom": "DEPARTEMENT D ILLE ET VILAINE",
        "DPCollModication": "2026-06-01T09:05:38.5549839Z"
      }
    },
    {
      "type": "Feature",
      "geometry": {
        "type": "LineString",
        "coordinates": [
          [
            -1.5148719517,
            48.222488723
          ],
          [
            -1.5134720075,
            48.2242843757
          ]
        ]
      },
      "properties": {
        "CD_TRONC": 15510,
        "INSEE_COM": "35152",
        "NOM_COM": "Liffré",
        "INTERET": "Locale",
        "REVET": "Goudron",
        "STAT_JUR": "Voie Privée",
        "DATE_CP": null,
        "DATE_DEL": "19911107",
        "PRAT_PED": null,
        "PRAT_EQU": "OUI",
        "ADMF_PED": null,
        "ADMF_EQU": "Ouvert",
        "PRAT_VEL": null,
        "ADMF_VEL": null,
        "ITIN_PED": null,
        "ITIN_EQU": "Equestre Local",
        "ITIN_VEL": null,
        "LONGUEUR": 225.02,
        "DATE_MAJ": "20220503131550",
        "DPCollSIRET": "22350001800013",
        "DPCollNom": "DEPARTEMENT D ILLE ET VILAINE",
        "DPCollModication": "2026-06-01T09:05:38.6391339Z"
      }
    },
    {
      "type": "Feature",
      "geometry": {
        "type": "LineString",
        "coordinates": [
          [
            -1.4967021211,
            48.2020300932
          ],
          [
            -1.4959308273,
            48.2018386787
          ],
          [
            -1.494700449,
            48.2017179223
          ],
          [
            -1.4935095057,
            48.201601059
          ],
          [
            -1.4925690493,
            48.2013385579
          ],
          [
            -1.4926861986,
            48.2010204626
          ],
          [
            -1.4925956659,
            48.2007490288
          ],
          [
            -1.4918147214,
            48.2000640714
          ],
          [
            -1.4908695747,
            48.199318667
          ],
          [
            -1.4898984361,
            48.1987743221
          ],
          [
            -1.4893608127,
            48.1983973296
          ],
          [
            -1.4886553553,
            48.1977905932
          ],
          [
            -1.4883877121,
            48.1974177448
          ],
          [
            -1.4883477011,
            48.1970110012
          ],
          [
            -1.4885232026,
            48.1965230573
          ],
          [
            -1.4880627683,
            48.1967992322
          ],
          [
            -1.4877219168,
            48.1970708564
          ],
          [
            -1.4870943571,
            48.1972524443
          ]
        ]
      },
      "properties": {
        "CD_TRONC": 15571,
        "INSEE_COM": "35152",
        "NOM_COM": "Liffré",
        "INTERET": "Locale",
        "REVET": "Goudron",
        "STAT_JUR": "Voie Communale",
        "DATE_CP": "20090928",
        "DATE_DEL": "20090619",
        "PRAT_PED": "OUI",
        "PRAT_EQU": "NON",
        "ADMF_PED": "Ouvert",
        "ADMF_EQU": null,
        "PRAT_VEL": null,
        "ADMF_VEL": null,
        "ITIN_PED": "Pédestre Local",
        "ITIN_EQU": null,
        "ITIN_VEL": null,
        "LONGUEUR": 1110.96,
        "DATE_MAJ": "20220503131555",
        "DPCollSIRET": "22350001800013",
        "DPCollNom": "DEPARTEMENT D ILLE ET VILAINE",
        "DPCollModication": "2026-06-01T09:05:38.7390878Z"
      }
    },
    {
      "type": "Feature",
      "geometry": {
        "type": "LineString",
        "coordinates": [
          [
            -1.56409967,
            48.2066372125
          ],
          [
            -1.5636523617,
            48.2061894465
          ]
        ]
      },
      "properties": {
        "CD_TRONC": 15697,
        "INSEE_COM": "35152",
        "NOM_COM": "Liffré",
        "INTERET": "Locale",
        "REVET": "Empierré",
        "STAT_JUR": "Voie Privée",
        "DATE_CP": null,
        "DATE_DEL": "19911107",
        "PRAT_PED": "OUI",
        "PRAT_EQU": "OUI",
        "ADMF_PED": "Ouvert",
        "ADMF_EQU": "Ouvert",
        "PRAT_VEL": null,
        "ADMF_VEL": null,
        "ITIN_PED": "Pédestre Local",
        "ITIN_EQU": "Equestre Local",
        "ITIN_VEL": null,
        "LONGUEUR": 59.84,
        "DATE_MAJ": "20220503131555",
        "DPCollSIRET": "22350001800013",
        "DPCollNom": "DEPARTEMENT D ILLE ET VILAINE",
        "DPCollModication": "2026-06-01T09:05:38.7448602Z"
      }
    },
    {
      "type": "Feature",
      "geometry": {
        "type": "LineString",
        "coordinates": [
          [
            -1.4845013369,
            48.2152830198
          ],
          [
            -1.4845877174,
            48.2153473302
          ],
          [
            -1.4850995428,
            48.2154828933
          ],
          [
            -1.4852248153,
            48.2155763673
          ],
          [
            -1.485249735,
            48.2156790624
          ],
          [
            -1.485107288,
            48.2159701672
          ],
          [
            -1.4848830839,
            48.2164256995
          ],
          [
            -1.4850266019,
            48.2166068014
          ],
          [
            -1.4853823549,
            48.2168573438
          ],
          [
            -1.4859339112,
            48.2171743446
          ],
          [
            -1.4863085731,
            48.2173142151
          ],
          [
            -1.4869908418,
            48.2174081438
          ],
          [
            -1.4874466106,
            48.2174710261
          ]
        ]
      },
      "properties": {
        "CD_TRONC": 15707,
        "INSEE_COM": "35152",
        "NOM_COM": "Liffré",
        "INTERET": "Locale",
        "REVET": "Terre",
        "STAT_JUR": "Chemin Rural",
        "DATE_CP": "20090928",
        "DATE_DEL": "20090619",
        "PRAT_PED": "OUI",
        "PRAT_EQU": "NON",
        "ADMF_PED": "Ouvert",
        "ADMF_EQU": null,
        "PRAT_VEL": null,
        "ADMF_VEL": null,
        "ITIN_PED": "Pédestre Local",
        "ITIN_EQU": null,
        "ITIN_VEL": null,
        "LONGUEUR": 396.71,
        "DATE_MAJ": "20220503131555",
        "DPCollSIRET": "22350001800013",
        "DPCollNom": "DEPARTEMENT D ILLE ET VILAINE",
        "DPCollModication": "2026-06-01T09:05:38.7463797Z"
      }
    },
    {
      "type": "Feature",
      "geometry": {
        "type": "LineString",
        "coordinates": [
          [
            -1.5267463766,
            48.2688814648
          ],
          [
            -1.5261325588,
            48.2695142119
          ],
          [
            -1.5261950665,
            48.270367082
          ],
          [
            -1.5244293532,
            48.2719226356
          ],
          [
            -1.5244272332,
            48.272023654
          ]
        ]
      },
      "properties": {
        "CD_TRONC": 15776,
        "INSEE_COM": "35107",
        "NOM_COM": "Ercé-près-Liffré",
        "INTERET": "Locale",
        "REVET": "Terre",
        "STAT_JUR": "Chemin Rural",
        "DATE_CP": null,
        "DATE_DEL": "19910328",
        "PRAT_PED": "NON",
        "PRAT_EQU": "OUI",
        "ADMF_PED": null,
        "ADMF_EQU": "Fermé",
        "PRAT_VEL": null,
        "ADMF_VEL": null,
        "ITIN_PED": null,
        "ITIN_EQU": "Equestre Local",
        "ITIN_VEL": null,
        "LONGUEUR": 406.84,
        "DATE_MAJ": "20220503131555",
        "DPCollSIRET": "22350001800013",
        "DPCollNom": "DEPARTEMENT D ILLE ET VILAINE",
        "DPCollModication": "2026-06-01T09:05:38.7522798Z"
      }
    },
    {
      "type": "Feature",
      "geometry": {
        "type": "LineString",
        "coordinates": [
          [
            -1.4600059762,
            48.1956759024
          ],
          [
            -1.4603185001,
            48.1955937914
          ],
          [
            -1.4602462152,
            48.1950738097
          ],
          [
            -1.4602625232,
            48.1949956872
          ],
          [
            -1.4604711413,
            48.1947210352
          ],
          [
            -1.4614914734,
            48.1939236154
          ],
          [
            -1.4615965402,
            48.1937475063
          ]
        ]
      },
      "properties": {
        "CD_TRONC": 15782,
        "INSEE_COM": "35031",
        "NOM_COM": "La Bouëxière",
        "INTERET": "Locale",
        "REVET": "Goudron",
        "STAT_JUR": "Voie Communale",
        "DATE_CP": null,
        "DATE_DEL": "19910419",
        "PRAT_PED": "OUI",
        "PRAT_EQU": "NON",
        "ADMF_PED": "Ouvert",
        "ADMF_EQU": null,
        "PRAT_VEL": null,
        "ADMF_VEL": null,
        "ITIN_PED": "Pédestre Local",
        "ITIN_EQU": null,
        "ITIN_VEL": null,
        "LONGUEUR": 263.69,
        "DATE_MAJ": "20220503131555",
        "DPCollSIRET": "22350001800013",
        "DPCollNom": "DEPARTEMENT D ILLE ET VILAINE",
        "DPCollModication": "2026-06-01T09:05:38.754482Z"
      }
    },
    {
      "type": "Feature",
      "geometry": {
        "type": "LineString",
        "coordinates": [
          [
            -1.5321011938,
            48.223611143
          ],
          [
            -1.5326240704,
            48.2235432992
          ],
          [
            -1.5334855402,
            48.2232722829
          ],
          [
            -1.5338953027,
            48.2230654768
          ],
          [
            -1.5343133846,
            48.2226105023
          ],
          [
            -1.5345169469,
            48.2221547546
          ],
          [
            -1.5347012855,
            48.2217421042
          ],
          [
            -1.5350009482,
            48.2213060959
          ],
          [
            -1.5352580804,
            48.2211439026
          ],
          [
            -1.5356383385,
            48.2212527643
          ],
          [
            -1.5359625905,
            48.2216981464
          ],
          [
            -1.5362519094,
            48.2220980044
          ],
          [
            -1.5364337177,
            48.2222045764
          ],
          [
            -1.5367538814,
            48.222116565
          ],
          [
            -1.5369701131,
            48.2219649526
          ],
          [
            -1.5374135073,
            48.2219767493
          ],
          [
            -1.5376623445,
            48.2218905758
          ],
          [
            -1.5377602117,
            48.2216957451
          ],
          [
            -1.5377066005,
            48.2215743327
          ],
          [
            -1.5383314428,
            48.2213439196
          ]
        ]
      },
      "properties": {
        "CD_TRONC": 15652,
        "INSEE_COM": "35152",
        "NOM_COM": "Liffré",
        "INTERET": "Locale",
        "REVET": "Terre",
        "STAT_JUR": "Voie Privée",
        "DATE_CP": null,
        "DATE_DEL": null,
        "PRAT_PED": null,
        "PRAT_EQU": "NON",
        "ADMF_PED": null,
        "ADMF_EQU": "Ajout",
        "PRAT_VEL": null,
        "ADMF_VEL": null,
        "ITIN_PED": null,
        "ITIN_EQU": "Equestre Local",
        "ITIN_VEL": null,
        "LONGUEUR": 733.81,
        "DATE_MAJ": "20220503131555",
        "DPCollSIRET": "22350001800013",
        "DPCollNom": "DEPARTEMENT D ILLE ET VILAINE",
        "DPCollModication": "2026-06-01T09:05:38.7646924Z"
      }
    },
    {
      "type": "Feature",
      "geometry": {
        "type": "LineString",
        "coordinates": [
          [
            -1.4833765363,
            48.2665735154
          ],
          [
            -1.4842517394,
            48.2671504126
          ],
          [
            -1.4857065236,
            48.2686362415
          ]
        ]
      },
      "properties": {
        "CD_TRONC": 15717,
        "INSEE_COM": "35107",
        "NOM_COM": "Ercé-près-Liffré",
        "INTERET": "Locale",
        "REVET": "Goudron",
        "STAT_JUR": "Voie Communale",
        "DATE_CP": null,
        "DATE_DEL": "19910328",
        "PRAT_PED": "NON",
        "PRAT_EQU": "OUI",
        "ADMF_PED": null,
        "ADMF_EQU": "Ouvert",
        "PRAT_VEL": null,
        "ADMF_VEL": null,
        "ITIN_PED": null,
        "ITIN_EQU": "Equestre Local",
        "ITIN_VEL": null,
        "LONGUEUR": 288.55,
        "DATE_MAJ": "20220503131555",
        "DPCollSIRET": "22350001800013",
        "DPCollNom": "DEPARTEMENT D ILLE ET VILAINE",
        "DPCollModication": "2026-06-01T09:05:38.7666284Z"
      }
    },
    {
      "type": "Feature",
      "geometry": {
        "type": "LineString",
        "coordinates": [
          [
            -1.5283967431,
            48.2669283392
          ],
          [
            -1.5274322947,
            48.2679413352
          ],
          [
            -1.5267463766,
            48.2688814648
          ]
        ]
      },
      "properties": {
        "CD_TRONC": 15724,
        "INSEE_COM": "35107",
        "NOM_COM": "Ercé-près-Liffré",
        "INTERET": "Locale",
        "REVET": "Empierré",
        "STAT_JUR": "Chemin Rural",
        "DATE_CP": null,
        "DATE_DEL": "19910328",
        "PRAT_PED": "NON",
        "PRAT_EQU": "OUI",
        "ADMF_PED": null,
        "ADMF_EQU": "Fermé",
        "PRAT_VEL": null,
        "ADMF_VEL": null,
        "ITIN_PED": null,
        "ITIN_EQU": "Equestre Local",
        "ITIN_VEL": null,
        "LONGUEUR": 249.63,
        "DATE_MAJ": "20220503131555",
        "DPCollSIRET": "22350001800013",
        "DPCollNom": "DEPARTEMENT D ILLE ET VILAINE",
        "DPCollModication": "2026-06-01T09:05:38.7686919Z"
      }
    },
    {
      "type": "Feature",
      "geometry": {
        "type": "LineString",
        "coordinates": [
          [
            -1.3978620853,
            48.1567056785
          ],
          [
            -1.397280761,
            48.1570193567
          ],
          [
            -1.3958756871,
            48.1578089494
          ],
          [
            -1.3946463206,
            48.1576033434
          ]
        ]
      },
      "properties": {
        "CD_TRONC": 15731,
        "INSEE_COM": "35031",
        "NOM_COM": "La Bouëxière",
        "INTERET": "Locale",
        "REVET": "Empierré",
        "STAT_JUR": "Chemin Rural",
        "DATE_CP": "19990426",
        "DATE_DEL": "19990226",
        "PRAT_PED": "OUI",
        "PRAT_EQU": "NON",
        "ADMF_PED": "Ouvert",
        "ADMF_EQU": null,
        "PRAT_VEL": null,
        "ADMF_VEL": null,
        "ITIN_PED": "Pédestre Local",
        "ITIN_EQU": null,
        "ITIN_VEL": null,
        "LONGUEUR": 286.2,
        "DATE_MAJ": "20220503131555",
        "DPCollSIRET": "22350001800013",
        "DPCollNom": "DEPARTEMENT D ILLE ET VILAINE",
        "DPCollModication": "2026-06-01T09:05:38.7707169Z"
      }
    },
    {
      "type": "Feature",
      "geometry": {
        "type": "LineString",
        "coordinates": [
          [
            -1.5248672014,
            48.1986866286
          ],
          [
            -1.5236320787,
            48.1998308382
          ],
          [
            -1.5234173105,
            48.1999517312
          ]
        ]
      },
      "properties": {
        "CD_TRONC": 15737,
        "INSEE_COM": "35152",
        "NOM_COM": "Liffré",
        "INTERET": "Locale",
        "REVET": "Terre",
        "STAT_JUR": "Chemin Rural",
        "DATE_CP": null,
        "DATE_DEL": "19911107",
        "PRAT_PED": "OUI",
        "PRAT_EQU": "NON",
        "ADMF_PED": "Ouvert",
        "ADMF_EQU": null,
        "PRAT_VEL": null,
        "ADMF_VEL": null,
        "ITIN_PED": "Pédestre Local",
        "ITIN_EQU": null,
        "ITIN_VEL": null,
        "LONGUEUR": 177.68,
        "DATE_MAJ": "20220503131555",
        "DPCollSIRET": "22350001800013",
        "DPCollNom": "DEPARTEMENT D ILLE ET VILAINE",
        "DPCollModication": "2026-06-01T09:05:38.7727082Z"
      }
    },
    {
      "type": "Feature",
      "geometry": {
        "type": "LineString",
        "coordinates": [
          [
            -1.4591686975,
            48.2198414112
          ],
          [
            -1.4412318995,
            48.2225057218
          ],
          [
            -1.4341066463,
            48.2235747531
          ],
          [
            -1.4299715991,
            48.224215749
          ],
          [
            -1.4250759229,
            48.2249545028
          ],
          [
            -1.4222054318,
            48.2253504495
          ],
          [
            -1.4191929328,
            48.2257903918
          ],
          [
            -1.4201870675,
            48.2250844915
          ],
          [
            -1.4223913334,
            48.2235636366
          ]
        ]
      },
      "properties": {
        "CD_TRONC": 15519,
        "INSEE_COM": "35152",
        "NOM_COM": "Liffré",
        "INTERET": "Locale",
        "REVET": "Empierré",
        "STAT_JUR": "Voie Privée",
        "DATE_CP": "20090928",
        "DATE_DEL": "20090619",
        "PRAT_PED": "OUI",
        "PRAT_EQU": "NON",
        "ADMF_PED": "Ouvert",
        "ADMF_EQU": null,
        "PRAT_VEL": null,
        "ADMF_VEL": null,
        "ITIN_PED": "Pédestre Local",
        "ITIN_EQU": null,
        "ITIN_VEL": null,
        "LONGUEUR": 3384.64,
        "DATE_MAJ": "20220503131555",
        "DPCollSIRET": "22350001800013",
        "DPCollNom": "DEPARTEMENT D ILLE ET VILAINE",
        "DPCollModication": "2026-06-01T09:05:38.8183048Z"
      }
    },
    {
      "type": "Feature",
      "geometry": {
        "type": "LineString",
        "coordinates": [
          [
            -1.5161453918,
            48.2345176225
          ],
          [
            -1.5188934209,
            48.234770269
          ]
        ]
      },
      "properties": {
        "CD_TRONC": 15526,
        "INSEE_COM": "35152",
        "NOM_COM": "Liffré",
        "INTERET": "Départementale",
        "REVET": "Goudron",
        "STAT_JUR": "Chemin Rural",
        "DATE_CP": null,
        "DATE_DEL": "19911107",
        "PRAT_PED": "OUI",
        "PRAT_EQU": "OUI",
        "ADMF_PED": "Ouvert",
        "ADMF_EQU": "Ouvert",
        "PRAT_VEL": null,
        "ADMF_VEL": null,
        "ITIN_PED": "Grande Randonnée",
        "ITIN_EQU": "Equestre Local",
        "ITIN_VEL": null,
        "LONGUEUR": 205.96,
        "DATE_MAJ": "20220503131555",
        "DPCollSIRET": "22350001800013",
        "DPCollNom": "DEPARTEMENT D ILLE ET VILAINE",
        "DPCollModication": "2026-06-01T09:05:38.8196637Z"
      }
    },
    {
      "type": "Feature",
      "geometry": {
        "type": "LineString",
        "coordinates": [
          [
            -1.5575433407,
            48.2251442963
          ],
          [
            -1.556433457,
            48.2255521601
          ],
          [
            -1.5545901163,
            48.22641642
          ],
          [
            -1.5535445356,
            48.2268821586
          ],
          [
            -1.5532413115,
            48.2275878347
          ],
          [
            -1.5526505649,
            48.2285254098
          ]
        ]
      },
      "properties": {
        "CD_TRONC": 15583,
        "INSEE_COM": "35067",
        "NOM_COM": "Chasné-sur-Illet",
        "INTERET": "Locale",
        "REVET": "Goudron",
        "STAT_JUR": "Chemin Rural",
        "DATE_CP": null,
        "DATE_DEL": "20020530",
        "PRAT_PED": "NON",
        "PRAT_EQU": "OUI",
        "ADMF_PED": null,
        "ADMF_EQU": "Fermé",
        "PRAT_VEL": null,
        "ADMF_VEL": null,
        "ITIN_PED": null,
        "ITIN_EQU": "Equestre Local",
        "ITIN_VEL": null,
        "LONGUEUR": 549.26,
        "DATE_MAJ": "20220503131555",
        "DPCollSIRET": "22350001800013",
        "DPCollNom": "DEPARTEMENT D ILLE ET VILAINE",
        "DPCollModication": "2026-06-01T09:05:38.9106367Z"
      }
    },
    {
      "type": "Feature",
      "geometry": {
        "type": "LineString",
        "coordinates": [
          [
            -1.5372128718,
            48.2344362873
          ],
          [
            -1.537098124,
            48.2345136989
          ],
          [
            -1.5359028993,
            48.2358303952
          ]
        ]
      },
      "properties": {
        "CD_TRONC": 15594,
        "INSEE_COM": "35152",
        "NOM_COM": "Liffré",
        "INTERET": "Locale",
        "REVET": "Terre",
        "STAT_JUR": "Voie Privée",
        "DATE_CP": null,
        "DATE_DEL": "19911107",
        "PRAT_PED": "NON",
        "PRAT_EQU": "OUI",
        "ADMF_PED": null,
        "ADMF_EQU": "Fermé",
        "PRAT_VEL": null,
        "ADMF_VEL": null,
        "ITIN_PED": null,
        "ITIN_EQU": "Equestre Local",
        "ITIN_VEL": null,
        "LONGUEUR": 183.25,
        "DATE_MAJ": "20220503131555",
        "DPCollSIRET": "22350001800013",
        "DPCollNom": "DEPARTEMENT D ILLE ET VILAINE",
        "DPCollModication": "2026-06-01T09:05:38.9119174Z"
      }
    },
    {
      "type": "Feature",
      "geometry": {
        "type": "LineString",
        "coordinates": [
          [
            -1.5353778151,
            48.2375980995
          ],
          [
            -1.5362791,
            48.237865396
          ],
          [
            -1.5361763564,
            48.2382704015
          ]
        ]
      },
      "properties": {
        "CD_TRONC": 15600,
        "INSEE_COM": "35152",
        "NOM_COM": "Liffré",
        "INTERET": "Locale",
        "REVET": "Goudron",
        "STAT_JUR": "Voie Communale",
        "DATE_CP": null,
        "DATE_DEL": "19911107",
        "PRAT_PED": "NON",
        "PRAT_EQU": "OUI",
        "ADMF_PED": null,
        "ADMF_EQU": "Ouvert",
        "PRAT_VEL": null,
        "ADMF_VEL": null,
        "ITIN_PED": null,
        "ITIN_EQU": "Equestre Local",
        "ITIN_VEL": null,
        "LONGUEUR": 118.87,
        "DATE_MAJ": "20220503131555",
        "DPCollSIRET": "22350001800013",
        "DPCollNom": "DEPARTEMENT D ILLE ET VILAINE",
        "DPCollModication": "2026-06-01T09:05:38.9131727Z"
      }
    },
    {
      "type": "Feature",
      "geometry": {
        "type": "LineString",
        "coordinates": [
          [
            -1.529968098,
            48.2407862062
          ],
          [
            -1.5304962795,
            48.2410291066
          ],
          [
            -1.530564099,
            48.2414726225
          ]
        ]
      },
      "properties": {
        "CD_TRONC": 15676,
        "INSEE_COM": "35107",
        "NOM_COM": "Ercé-près-Liffré",
        "INTERET": "Locale",
        "REVET": "Terre",
        "STAT_JUR": "Chemin Rural",
        "DATE_CP": null,
        "DATE_DEL": "19910328",
        "PRAT_PED": "NON",
        "PRAT_EQU": "OUI",
        "ADMF_PED": null,
        "ADMF_EQU": "Fermé",
        "PRAT_VEL": null,
        "ADMF_VEL": null,
        "ITIN_PED": null,
        "ITIN_EQU": "Equestre Local",
        "ITIN_VEL": null,
        "LONGUEUR": 97.16,
        "DATE_MAJ": "20220503131555",
        "DPCollSIRET": "22350001800013",
        "DPCollNom": "DEPARTEMENT D ILLE ET VILAINE",
        "DPCollModication": "2026-06-01T09:05:38.9144464Z"
      }
    },
    {
      "type": "Feature",
      "geometry": {
        "type": "LineString",
        "coordinates": [
          [
            -1.612032646,
            48.1830648053
          ],
          [
            -1.6105597871,
            48.1831142798
          ],
          [
            -1.6096209723,
            48.1829977491
          ],
          [
            -1.6091143585,
            48.182860716
          ],
          [
            -1.6085021546,
            48.1829188902
          ],
          [
            -1.6078127111,
            48.182262615
          ],
          [
            -1.607529917,
            48.1822961967
          ],
          [
            -1.6061778809,
            48.1842228846
          ],
          [
            -1.6054651461,
            48.1851520514
          ],
          [
            -1.6045052006,
            48.1852877761
          ]
        ]
      },
      "properties": {
        "CD_TRONC": 15745,
        "INSEE_COM": "35152",
        "NOM_COM": "Liffré",
        "INTERET": "Locale",
        "REVET": "Terre",
        "STAT_JUR": "Voie Privée",
        "DATE_CP": "20090928",
        "DATE_DEL": "20090619",
        "PRAT_PED": "OUI",
        "PRAT_EQU": "NON",
        "ADMF_PED": "Ouvert",
        "ADMF_EQU": null,
        "PRAT_VEL": null,
        "ADMF_VEL": null,
        "ITIN_PED": "Pédestre Local",
        "ITIN_EQU": null,
        "ITIN_VEL": null,
        "LONGUEUR": 803.13,
        "DATE_MAJ": "20220503131555",
        "DPCollSIRET": "22350001800013",
        "DPCollNom": "DEPARTEMENT D ILLE ET VILAINE",
        "DPCollModication": "2026-06-01T09:05:38.9182623Z"
      }
    },
    {
      "type": "Feature",
      "geometry": {
        "type": "LineString",
        "coordinates": [
          [
            -1.5866513921,
            48.1881664103
          ],
          [
            -1.5865856777,
            48.1882167355
          ],
          [
            -1.5864846606,
            48.1882486043
          ],
          [
            -1.5863824871,
            48.1882516759
          ],
          [
            -1.5862801883,
            48.1882223047
          ],
          [
            -1.5843996296,
            48.1892895623
          ],
          [
            -1.5840089635,
            48.1889820736
          ],
          [
            -1.5805544682,
            48.1889224892
          ],
          [
            -1.5800449253,
            48.1885961704
          ],
          [
            -1.5793949271,
            48.1878940467
          ],
          [
            -1.5819062891,
            48.1879434338
          ],
          [
            -1.5819941215,
            48.1859445068
          ],
          [
            -1.5830324308,
            48.1859654563
          ],
          [
            -1.5837383923,
            48.1861480304
          ],
          [
            -1.5844338875,
            48.1859154993
          ],
          [
            -1.5858363885,
            48.1860015843
          ],
          [
            -1.5851096717,
            48.1835647263
          ]
        ]
      },
      "properties": {
        "CD_TRONC": 15792,
        "INSEE_COM": "35152",
        "NOM_COM": "Liffré",
        "INTERET": "Locale",
        "REVET": "Terre",
        "STAT_JUR": "Voie Privée",
        "DATE_CP": "20090928",
        "DATE_DEL": "20090619",
        "PRAT_PED": "OUI",
        "PRAT_EQU": "NON",
        "ADMF_PED": "Ouvert",
        "ADMF_EQU": null,
        "PRAT_VEL": null,
        "ADMF_VEL": null,
        "ITIN_PED": "Pédestre Local",
        "ITIN_EQU": null,
        "ITIN_VEL": null,
        "LONGUEUR": 1641.77,
        "DATE_MAJ": "20220503131555",
        "DPCollSIRET": "22350001800013",
        "DPCollNom": "DEPARTEMENT D ILLE ET VILAINE",
        "DPCollModication": "2026-06-01T09:05:38.9195833Z"
      }
    },
    {
      "type": "Feature",
      "geometry": {
        "type": "LineString",
        "coordinates": [
          [
            -1.5007928048,
            48.2231039063
          ],
          [
            -1.5011945121,
            48.2235752587
          ],
          [
            -1.5026157778,
            48.2249612369
          ]
        ]
      },
      "properties": {
        "CD_TRONC": 15803,
        "INSEE_COM": "35152",
        "NOM_COM": "Liffré",
        "INTERET": "Locale",
        "REVET": "Terre",
        "STAT_JUR": "Voie Privée",
        "DATE_CP": "20090928",
        "DATE_DEL": "20090619",
        "PRAT_PED": "OUI",
        "PRAT_EQU": "NON",
        "ADMF_PED": "Ouvert",
        "ADMF_EQU": null,
        "PRAT_VEL": null,
        "ADMF_VEL": null,
        "ITIN_PED": "Pédestre Local",
        "ITIN_EQU": null,
        "ITIN_VEL": null,
        "LONGUEUR": 247.01,
        "DATE_MAJ": "20220503131555",
        "DPCollSIRET": "22350001800013",
        "DPCollNom": "DEPARTEMENT D ILLE ET VILAINE",
        "DPCollModication": "2026-06-01T09:05:38.9208163Z"
      }
    },
    {
      "type": "Feature",
      "geometry": {
        "type": "LineString",
        "coordinates": [
          [
            -1.5669383363,
            48.2094124206
          ],
          [
            -1.5672288235,
            48.2077536136
          ],
          [
            -1.5675447761,
            48.2057819693
          ],
          [
            -1.567564034,
            48.205397272
          ],
          [
            -1.5676306552,
            48.2052324598
          ]
        ]
      },
      "properties": {
        "CD_TRONC": 15810,
        "INSEE_COM": "35152",
        "NOM_COM": "Liffré",
        "INTERET": "Locale",
        "REVET": "Terre",
        "STAT_JUR": "Voie Privée",
        "DATE_CP": null,
        "DATE_DEL": "19911107",
        "PRAT_PED": "NON",
        "PRAT_EQU": "OUI",
        "ADMF_PED": null,
        "ADMF_EQU": "Ouvert",
        "PRAT_VEL": null,
        "ADMF_VEL": null,
        "ITIN_PED": null,
        "ITIN_EQU": "Equestre Local",
        "ITIN_VEL": null,
        "LONGUEUR": 467.74,
        "DATE_MAJ": "20220503131555",
        "DPCollSIRET": "22350001800013",
        "DPCollNom": "DEPARTEMENT D ILLE ET VILAINE",
        "DPCollModication": "2026-06-01T09:05:38.9220644Z"
      }
    },
    {
      "type": "Feature",
      "geometry": {
        "type": "LineString",
        "coordinates": [
          [
            -1.4790173642,
            48.2286663066
          ],
          [
            -1.478301652,
            48.2286565087
          ],
          [
            -1.4776298328,
            48.2286711773
          ],
          [
            -1.4766362495,
            48.2287088584
          ],
          [
            -1.4753724203,
            48.2287567764
          ],
          [
            -1.4735519643,
            48.2288257748
          ],
          [
            -1.472278718,
            48.2288740163
          ],
          [
            -1.4713045051,
            48.2288856845
          ],
          [
            -1.4709807346,
            48.2289168724
          ]
        ]
      },
      "properties": {
        "CD_TRONC": 15606,
        "INSEE_COM": "35152",
        "NOM_COM": "Liffré",
        "INTERET": "Départementale",
        "REVET": "Empierré",
        "STAT_JUR": "Voie Privée",
        "DATE_CP": null,
        "DATE_DEL": null,
        "PRAT_PED": null,
        "PRAT_EQU": "NON",
        "ADMF_PED": null,
        "ADMF_EQU": "Ajout",
        "PRAT_VEL": null,
        "ADMF_VEL": null,
        "ITIN_PED": null,
        "ITIN_EQU": "Equibreizh",
        "ITIN_VEL": null,
        "LONGUEUR": 597.72,
        "DATE_MAJ": "20220503131555",
        "DPCollSIRET": "22350001800013",
        "DPCollNom": "DEPARTEMENT D ILLE ET VILAINE",
        "DPCollModication": "2026-06-01T09:05:38.9236228Z"
      }
    },
    {
      "type": "Feature",
      "geometry": {
        "type": "LineString",
        "coordinates": [
          [
            -1.5885203081,
            48.1955494246
          ],
          [
            -1.5872488022,
            48.1957169457
          ]
        ]
      },
      "properties": {
        "CD_TRONC": 15613,
        "INSEE_COM": "35152",
        "NOM_COM": "Liffré",
        "INTERET": "Locale",
        "REVET": "Terre",
        "STAT_JUR": "Voie Privée",
        "DATE_CP": "20090928",
        "DATE_DEL": "20090619",
        "PRAT_PED": "OUI",
        "PRAT_EQU": "NON",
        "ADMF_PED": "Ouvert",
        "ADMF_EQU": null,
        "PRAT_VEL": null,
        "ADMF_VEL": null,
        "ITIN_PED": "Pédestre Local",
        "ITIN_EQU": null,
        "ITIN_VEL": null,
        "LONGUEUR": 96.3,
        "DATE_MAJ": "20220503131555",
        "DPCollSIRET": "22350001800013",
        "DPCollNom": "DEPARTEMENT D ILLE ET VILAINE",
        "DPCollModication": "2026-06-01T09:05:38.9250875Z"
      }
    },
    {
      "type": "Feature",
      "geometry": {
        "type": "LineString",
        "coordinates": [
          [
            -1.4224235367,
            48.1684752484
          ],
          [
            -1.4219781863,
            48.1683053968
          ],
          [
            -1.4215482533,
            48.1680944104
          ],
          [
            -1.4204346011,
            48.1678270445
          ],
          [
            -1.4197215021,
            48.1676933573
          ],
          [
            -1.418379561,
            48.1675471819
          ]
        ]
      },
      "properties": {
        "CD_TRONC": 15619,
        "INSEE_COM": "35031",
        "NOM_COM": "La Bouëxière",
        "INTERET": "Locale",
        "REVET": "Empierré",
        "STAT_JUR": "Chemin Rural",
        "DATE_CP": "19990426",
        "DATE_DEL": "19990226",
        "PRAT_PED": "OUI",
        "PRAT_EQU": "NON",
        "ADMF_PED": "Ouvert",
        "ADMF_EQU": null,
        "PRAT_VEL": null,
        "ADMF_VEL": null,
        "ITIN_PED": "Pédestre Local",
        "ITIN_EQU": null,
        "ITIN_VEL": null,
        "LONGUEUR": 321.85,
        "DATE_MAJ": "20220503131555",
        "DPCollSIRET": "22350001800013",
        "DPCollNom": "DEPARTEMENT D ILLE ET VILAINE",
        "DPCollModication": "2026-06-01T09:05:38.9265538Z"
      }
    },
    {
      "type": "Feature",
      "geometry": {
        "type": "LineString",
        "coordinates": [
          [
            -1.5749690683,
            48.247180685
          ],
          [
            -1.5713556061,
            48.2460480224
          ],
          [
            -1.5708250259,
            48.2457026441
          ]
        ]
      },
      "properties": {
        "CD_TRONC": 15627,
        "INSEE_COM": "35067",
        "NOM_COM": "Chasné-sur-Illet",
        "INTERET": "Locale",
        "REVET": "Goudron",
        "STAT_JUR": "Route Départementale",
        "DATE_CP": null,
        "DATE_DEL": "20020530",
        "PRAT_PED": "NON",
        "PRAT_EQU": "OUI",
        "ADMF_PED": null,
        "ADMF_EQU": "Fermé",
        "PRAT_VEL": null,
        "ADMF_VEL": null,
        "ITIN_PED": null,
        "ITIN_EQU": "Equestre Local",
        "ITIN_VEL": null,
        "LONGUEUR": 351.3,
        "DATE_MAJ": "20220503131555",
        "DPCollSIRET": "22350001800013",
        "DPCollNom": "DEPARTEMENT D ILLE ET VILAINE",
        "DPCollModication": "2026-06-01T09:05:38.9278686Z"
      }
    },
    {
      "type": "Feature",
      "geometry": {
        "type": "LineString",
        "coordinates": [
          [
            -1.5074566181,
            48.2211462746
          ],
          [
            -1.5071883004,
            48.2214151783
          ],
          [
            -1.5069874627,
            48.2218266052
          ],
          [
            -1.5066890638,
            48.222232744
          ],
          [
            -1.5065565438,
            48.2230173802
          ],
          [
            -1.5067278035,
            48.2237426521
          ]
        ]
      },
      "properties": {
        "CD_TRONC": 15633,
        "INSEE_COM": "35152",
        "NOM_COM": "Liffré",
        "INTERET": "Locale",
        "REVET": "Empierré",
        "STAT_JUR": "Chemin Rural",
        "DATE_CP": null,
        "DATE_DEL": "19911107",
        "PRAT_PED": "OUI",
        "PRAT_EQU": "NON",
        "ADMF_PED": "Ouvert",
        "ADMF_EQU": null,
        "PRAT_VEL": null,
        "ADMF_VEL": null,
        "ITIN_PED": "Pédestre Local",
        "ITIN_EQU": null,
        "ITIN_VEL": null,
        "LONGUEUR": 303.66,
        "DATE_MAJ": "20220503131555",
        "DPCollSIRET": "22350001800013",
        "DPCollNom": "DEPARTEMENT D ILLE ET VILAINE",
        "DPCollModication": "2026-06-01T09:05:38.9291092Z"
      }
    },
    {
      "type": "Feature",
      "geometry": {
        "type": "LineString",
        "coordinates": [
          [
            -1.5287544862,
            48.2294607698
          ],
          [
            -1.5284728625,
            48.2294328192
          ],
          [
            -1.5277591944,
            48.2294944408
          ],
          [
            -1.5273412671,
            48.2296384472
          ],
          [
            -1.527081496,
            48.2295979389
          ],
          [
            -1.5265913192,
            48.2298744936
          ]
        ]
      },
      "properties": {
        "CD_TRONC": 15888,
        "INSEE_COM": "35152",
        "NOM_COM": "Liffré",
        "INTERET": "Départementale",
        "REVET": "Terre",
        "STAT_JUR": "Voie Privée",
        "DATE_CP": null,
        "DATE_DEL": "19911107",
        "PRAT_PED": "OUI",
        "PRAT_EQU": "NON",
        "ADMF_PED": "Ouvert",
        "ADMF_EQU": "Ajout",
        "PRAT_VEL": null,
        "ADMF_VEL": null,
        "ITIN_PED": "Grande Randonnée",
        "ITIN_EQU": "Equibreizh",
        "ITIN_VEL": null,
        "LONGUEUR": 176.94,
        "DATE_MAJ": "20220503131555",
        "DPCollSIRET": "22350001800013",
        "DPCollNom": "DEPARTEMENT D ILLE ET VILAINE",
        "DPCollModication": "2026-06-01T09:05:38.9460765Z"
      }
    },
    {
      "type": "Feature",
      "geometry": {
        "type": "LineString",
        "coordinates": [
          [
            -1.5383314428,
            48.2213439196
          ],
          [
            -1.53980954,
            48.2222198895
          ]
        ]
      },
      "properties": {
        "CD_TRONC": 15889,
        "INSEE_COM": "35152",
        "NOM_COM": "Liffré",
        "INTERET": "Locale",
        "REVET": "Terre",
        "STAT_JUR": "Chemin Rural",
        "DATE_CP": null,
        "DATE_DEL": "19911107",
        "PRAT_PED": "OUI",
        "PRAT_EQU": "OUI",
        "ADMF_PED": "Ouvert",
        "ADMF_EQU": "Ouvert",
        "PRAT_VEL": null,
        "ADMF_VEL": null,
        "ITIN_PED": "Pédestre Local",
        "ITIN_EQU": "Equestre Local",
        "ITIN_VEL": null,
        "LONGUEUR": 146.73,
        "DATE_MAJ": "20220503131555",
        "DPCollSIRET": "22350001800013",
        "DPCollNom": "DEPARTEMENT D ILLE ET VILAINE",
        "DPCollModication": "2026-06-01T09:05:38.9477267Z"
      }
    },
    {
      "type": "Feature",
      "geometry": {
        "type": "LineString",
        "coordinates": [
          [
            -1.5526505649,
            48.2285254098
          ],
          [
            -1.5536131352,
            48.2288001236
          ],
          [
            -1.5543168569,
            48.2293885451
          ],
          [
            -1.5543861241,
            48.229873194
          ],
          [
            -1.553902007,
            48.2299705618
          ],
          [
            -1.5534794795,
            48.2303013243
          ],
          [
            -1.5535686896,
            48.2309245827
          ],
          [
            -1.5539022541,
            48.2314278925
          ],
          [
            -1.5547773162,
            48.2330461629
          ],
          [
            -1.5548248783,
            48.2336834758
          ],
          [
            -1.5551634706,
            48.234035358
          ],
          [
            -1.5553546049,
            48.2346360598
          ],
          [
            -1.5557509932,
            48.2354138691
          ]
        ]
      },
      "properties": {
        "CD_TRONC": 15675,
        "INSEE_COM": "35067",
        "NOM_COM": "Chasné-sur-Illet",
        "INTERET": "Locale",
        "REVET": "Terre",
        "STAT_JUR": "Chemin Rural",
        "DATE_CP": null,
        "DATE_DEL": "20020530",
        "PRAT_PED": "NON",
        "PRAT_EQU": "OUI",
        "ADMF_PED": null,
        "ADMF_EQU": "Fermé",
        "PRAT_VEL": null,
        "ADMF_VEL": null,
        "ITIN_PED": null,
        "ITIN_EQU": "Equestre Local",
        "ITIN_VEL": null,
        "LONGUEUR": 900.39,
        "DATE_MAJ": "20220503131555",
        "DPCollSIRET": "22350001800013",
        "DPCollNom": "DEPARTEMENT D ILLE ET VILAINE",
        "DPCollModication": "2026-06-01T09:05:38.9497363Z"
      }
    },
    {
      "type": "Feature",
      "geometry": {
        "type": "LineString",
        "coordinates": [
          [
            -1.5351295124,
            48.1975541009
          ],
          [
            -1.5364684485,
            48.2071332057
          ]
        ]
      },
      "properties": {
        "CD_TRONC": 15891,
        "INSEE_COM": "35152",
        "NOM_COM": "Liffré",
        "INTERET": "Locale",
        "REVET": "Empierré",
        "STAT_JUR": "Voie Privée",
        "DATE_CP": null,
        "DATE_DEL": null,
        "PRAT_PED": null,
        "PRAT_EQU": "NON",
        "ADMF_PED": null,
        "ADMF_EQU": "Ajout",
        "PRAT_VEL": null,
        "ADMF_VEL": null,
        "ITIN_PED": null,
        "ITIN_EQU": "Equestre Local",
        "ITIN_VEL": null,
        "LONGUEUR": 1069.23,
        "DATE_MAJ": "20220503131555",
        "DPCollSIRET": "22350001800013",
        "DPCollNom": "DEPARTEMENT D ILLE ET VILAINE",
        "DPCollModication": "2026-06-01T09:05:38.9642558Z"
      }
    },
    {
      "type": "Feature",
      "geometry": {
        "type": "LineString",
        "coordinates": [
          [
            -1.5468334309,
            48.1968101425
          ],
          [
            -1.5463194229,
            48.1967764556
          ],
          [
            -1.5456299945,
            48.1967851362
          ],
          [
            -1.5455817763,
            48.1975971846
          ]
        ]
      },
      "properties": {
        "CD_TRONC": 15892,
        "INSEE_COM": "35152",
        "NOM_COM": "Liffré",
        "INTERET": "Locale",
        "REVET": "Empierré",
        "STAT_JUR": "Voie Privée",
        "DATE_CP": null,
        "DATE_DEL": null,
        "PRAT_PED": null,
        "PRAT_EQU": "NON",
        "ADMF_PED": null,
        "ADMF_EQU": "Ajout",
        "PRAT_VEL": null,
        "ADMF_VEL": null,
        "ITIN_PED": null,
        "ITIN_EQU": "Equestre Local",
        "ITIN_VEL": null,
        "LONGUEUR": 179.93,
        "DATE_MAJ": "20220503131555",
        "DPCollSIRET": "22350001800013",
        "DPCollNom": "DEPARTEMENT D ILLE ET VILAINE",
        "DPCollModication": "2026-06-01T09:05:38.9659716Z"
      }
    },
    {
      "type": "Feature",
      "geometry": {
        "type": "LineString",
        "coordinates": [
          [
            -1.5455817763,
            48.1975971846
          ],
          [
            -1.5351295124,
            48.1975541009
          ]
        ]
      },
      "properties": {
        "CD_TRONC": 15893,
        "INSEE_COM": "35152",
        "NOM_COM": "Liffré",
        "INTERET": "Locale",
        "REVET": "Terre",
        "STAT_JUR": "Voie Privée",
        "DATE_CP": null,
        "DATE_DEL": null,
        "PRAT_PED": null,
        "PRAT_EQU": "NON",
        "ADMF_PED": null,
        "ADMF_EQU": "Ajout",
        "PRAT_VEL": null,
        "ADMF_VEL": null,
        "ITIN_PED": null,
        "ITIN_EQU": "Equestre Local",
        "ITIN_VEL": null,
        "LONGUEUR": 776.63,
        "DATE_MAJ": "20220503131555",
        "DPCollSIRET": "22350001800013",
        "DPCollNom": "DEPARTEMENT D ILLE ET VILAINE",
        "DPCollModication": "2026-06-01T09:05:38.9673541Z"
      }
    },
    {
      "type": "Feature",
      "geometry": {
        "type": "LineString",
        "coordinates": [
          [
            -1.5364684485,
            48.2071332057
          ],
          [
            -1.536065801,
            48.2072631464
          ],
          [
            -1.5351388582,
            48.2072701599
          ],
          [
            -1.532778506,
            48.2070365437
          ],
          [
            -1.5319884057,
            48.2068093531
          ],
          [
            -1.5308658028,
            48.2063660005
          ],
          [
            -1.5303819855,
            48.2061749206
          ],
          [
            -1.530153368,
            48.2062121239
          ],
          [
            -1.5299961091,
            48.2062253146
          ],
          [
            -1.5296487619,
            48.2061685417
          ],
          [
            -1.5295557486,
            48.2061821271
          ],
          [
            -1.5293347328,
            48.2062006267
          ],
          [
            -1.529136255,
            48.2061824913
          ],
          [
            -1.5289261503,
            48.206203432
          ],
          [
            -1.52861009,
            48.206186947
          ],
          [
            -1.5280071943,
            48.2062200995
          ],
          [
            -1.5279483982,
            48.2062023511
          ]
        ]
      },
      "properties": {
        "CD_TRONC": 15894,
        "INSEE_COM": "35152",
        "NOM_COM": "Liffré",
        "INTERET": "Locale",
        "REVET": "Terre",
        "STAT_JUR": "Voie Privée",
        "DATE_CP": null,
        "DATE_DEL": null,
        "PRAT_PED": null,
        "PRAT_EQU": "NON",
        "ADMF_PED": null,
        "ADMF_EQU": "Ajout",
        "PRAT_VEL": null,
        "ADMF_VEL": null,
        "ITIN_PED": null,
        "ITIN_EQU": "Equestre Local",
        "ITIN_VEL": null,
        "LONGUEUR": 665.23,
        "DATE_MAJ": "20220503131555",
        "DPCollSIRET": "22350001800013",
        "DPCollNom": "DEPARTEMENT D ILLE ET VILAINE",
        "DPCollModication": "2026-06-01T09:05:38.9689736Z"
      }
    },
    {
      "type": "Feature",
      "geometry": {
        "type": "LineString",
        "coordinates": [
          [
            -1.5334855402,
            48.2232722829
          ],
          [
            -1.533281406,
            48.2230629188
          ],
          [
            -1.5332547478,
            48.2218120893
          ],
          [
            -1.5329151607,
            48.2209842529
          ],
          [
            -1.5334458861,
            48.2203023423
          ],
          [
            -1.5336629805,
            48.219721701
          ],
          [
            -1.5339405187,
            48.2195145644
          ],
          [
            -1.5338875183,
            48.2192119729
          ],
          [
            -1.5334447652,
            48.2190505294
          ],
          [
            -1.5328288789,
            48.2184126558
          ],
          [
            -1.532489933,
            48.218062463
          ],
          [
            -1.5324143062,
            48.2178887194
          ],
          [
            -1.5324019007,
            48.2178071807
          ],
          [
            -1.5325241594,
            48.2176763086
          ],
          [
            -1.5327388244,
            48.2175536039
          ],
          [
            -1.5335954838,
            48.2173061996
          ],
          [
            -1.53390867,
            48.2172157588
          ],
          [
            -1.5340588109,
            48.2170955302
          ],
          [
            -1.5341143493,
            48.2168788952
          ],
          [
            -1.5342675023,
            48.2167937
          ],
          [
            -1.5344539308,
            48.2165936664
          ],
          [
            -1.5347329974,
            48.2164829037
          ],
          [
            -1.534997388,
            48.2164366941
          ],
          [
            -1.5352230072,
            48.2162063127
          ],
          [
            -1.5353446066,
            48.2160835738
          ],
          [
            -1.5353891807,
            48.2157709235
          ],
          [
            -1.5356063235,
            48.2154264057
          ],
          [
            -1.5364904551,
            48.2150129902
          ],
          [
            -1.5365998519,
            48.2147798627
          ],
          [
            -1.5368835625,
            48.2143471623
          ],
          [
            -1.5372118308,
            48.2140091839
          ],
          [
            -1.5373278303,
            48.2139154984
          ],
          [
            -1.5373768095,
            48.2136071833
          ]
        ]
      },
      "properties": {
        "CD_TRONC": 15748,
        "INSEE_COM": "35152",
        "NOM_COM": "Liffré",
        "INTERET": "Locale",
        "REVET": "Terre",
        "STAT_JUR": "Voie Privée",
        "DATE_CP": null,
        "DATE_DEL": null,
        "PRAT_PED": null,
        "PRAT_EQU": "NON",
        "ADMF_PED": null,
        "ADMF_EQU": "Ajout",
        "PRAT_VEL": null,
        "ADMF_VEL": null,
        "ITIN_PED": null,
        "ITIN_EQU": "Equestre Local",
        "ITIN_VEL": null,
        "LONGUEUR": 1312.28,
        "DATE_MAJ": "20220503131555",
        "DPCollSIRET": "22350001800013",
        "DPCollNom": "DEPARTEMENT D ILLE ET VILAINE",
        "DPCollModication": "2026-06-01T09:05:38.9709466Z"
      }
    },
    {
      "type": "Feature",
      "geometry": {
        "type": "LineString",
        "coordinates": [
          [
            -1.5468334309,
            48.1968101425
          ],
          [
            -1.5476493101,
            48.1968358506
          ],
          [
            -1.5485172956,
            48.1967159445
          ],
          [
            -1.5510061247,
            48.1968822762
          ],
          [
            -1.5534434312,
            48.1969164063
          ],
          [
            -1.5541000765,
            48.1968791362
          ],
          [
            -1.5545224287,
            48.1972264951
          ],
          [
            -1.5634645082,
            48.1931721483
          ],
          [
            -1.5636996299,
            48.1932431782
          ],
          [
            -1.5636642618,
            48.1933839768
          ],
          [
            -1.5638068293,
            48.1935031301
          ]
        ]
      },
      "properties": {
        "CD_TRONC": 15895,
        "INSEE_COM": "35152",
        "NOM_COM": "Liffré",
        "INTERET": "Locale",
        "REVET": "Terre",
        "STAT_JUR": "Voie Privée",
        "DATE_CP": null,
        "DATE_DEL": null,
        "PRAT_PED": null,
        "PRAT_EQU": "NON",
        "ADMF_PED": null,
        "ADMF_EQU": "Ajout",
        "PRAT_VEL": null,
        "ADMF_VEL": null,
        "ITIN_PED": null,
        "ITIN_EQU": "Equestre Local",
        "ITIN_VEL": null,
        "LONGUEUR": 1447.06,
        "DATE_MAJ": "20220503131555",
        "DPCollSIRET": "22350001800013",
        "DPCollNom": "DEPARTEMENT D ILLE ET VILAINE",
        "DPCollModication": "2026-06-01T09:05:38.9728829Z"
      }
    },
    {
      "type": "Feature",
      "geometry": {
        "type": "LineString",
        "coordinates": [
          [
            -1.5727202011,
            48.1945712851
          ],
          [
            -1.573562794,
            48.1954889082
          ],
          [
            -1.5746245322,
            48.1967295231
          ],
          [
            -1.5749960237,
            48.1973112951
          ],
          [
            -1.5751336031,
            48.1976636664
          ],
          [
            -1.5754711102,
            48.198613258
          ]
        ]
      },
      "properties": {
        "CD_TRONC": 15896,
        "INSEE_COM": "35152",
        "NOM_COM": "Liffré",
        "INTERET": "Locale",
        "REVET": "Terre",
        "STAT_JUR": "Voie Privée",
        "DATE_CP": null,
        "DATE_DEL": null,
        "PRAT_PED": null,
        "PRAT_EQU": "NON",
        "ADMF_PED": null,
        "ADMF_EQU": "Ajout",
        "PRAT_VEL": null,
        "ADMF_VEL": null,
        "ITIN_PED": null,
        "ITIN_EQU": "Equestre Local",
        "ITIN_VEL": null,
        "LONGUEUR": 497.77,
        "DATE_MAJ": "20220503131555",
        "DPCollSIRET": "22350001800013",
        "DPCollNom": "DEPARTEMENT D ILLE ET VILAINE",
        "DPCollModication": "2026-06-01T09:05:38.9745501Z"
      }
    },
    {
      "type": "Feature",
      "geometry": {
        "type": "LineString",
        "coordinates": [
          [
            -1.5687608758,
            48.1959314563
          ],
          [
            -1.570216687,
            48.1966976617
          ]
        ]
      },
      "properties": {
        "CD_TRONC": 15897,
        "INSEE_COM": "35152",
        "NOM_COM": "Liffré",
        "INTERET": "Locale",
        "REVET": "Terre",
        "STAT_JUR": "Voie Privée",
        "DATE_CP": null,
        "DATE_DEL": null,
        "PRAT_PED": null,
        "PRAT_EQU": "NON",
        "ADMF_PED": null,
        "ADMF_EQU": "Ajout",
        "PRAT_VEL": null,
        "ADMF_VEL": null,
        "ITIN_PED": null,
        "ITIN_EQU": "Equestre Local",
        "ITIN_VEL": null,
        "LONGUEUR": 137.67,
        "DATE_MAJ": "20220503131555",
        "DPCollSIRET": "22350001800013",
        "DPCollNom": "DEPARTEMENT D ILLE ET VILAINE",
        "DPCollModication": "2026-06-01T09:05:38.9763062Z"
      }
    },
    {
      "type": "Feature",
      "geometry": {
        "type": "LineString",
        "coordinates": [
          [
            -1.570216687,
            48.1966976617
          ],
          [
            -1.5727202011,
            48.1945712851
          ]
        ]
      },
      "properties": {
        "CD_TRONC": 15898,
        "INSEE_COM": "35152",
        "NOM_COM": "Liffré",
        "INTERET": "Locale",
        "REVET": "Empierré",
        "STAT_JUR": "Voie Privée",
        "DATE_CP": null,
        "DATE_DEL": null,
        "PRAT_PED": null,
        "PRAT_EQU": "NON",
        "ADMF_PED": null,
        "ADMF_EQU": "Ajout",
        "PRAT_VEL": null,
        "ADMF_VEL": null,
        "ITIN_PED": null,
        "ITIN_EQU": "Equestre Local",
        "ITIN_VEL": null,
        "LONGUEUR": 300.75,
        "DATE_MAJ": "20220503131555",
        "DPCollSIRET": "22350001800013",
        "DPCollNom": "DEPARTEMENT D ILLE ET VILAINE",
        "DPCollModication": "2026-06-01T09:05:38.9778605Z"
      }
    },
    {
      "type": "Feature",
      "geometry": {
        "type": "LineString",
        "coordinates": [
          [
            -1.5638068293,
            48.1935031301
          ],
          [
            -1.5640964167,
            48.1934225263
          ],
          [
            -1.5687608758,
            48.1959314563
          ]
        ]
      },
      "properties": {
        "CD_TRONC": 15899,
        "INSEE_COM": "35152",
        "NOM_COM": "Liffré",
        "INTERET": "Locale",
        "REVET": "Terre",
        "STAT_JUR": "Voie Privée",
        "DATE_CP": null,
        "DATE_DEL": "19911107",
        "PRAT_PED": "OUI",
        "PRAT_EQU": "NON",
        "ADMF_PED": "Ouvert",
        "ADMF_EQU": "Ajout",
        "PRAT_VEL": null,
        "ADMF_VEL": null,
        "ITIN_PED": "Pédestre Local",
        "ITIN_EQU": "Equestre Local",
        "ITIN_VEL": null,
        "LONGUEUR": 468.14,
        "DATE_MAJ": "20220503131555",
        "DPCollSIRET": "22350001800013",
        "DPCollNom": "DEPARTEMENT D ILLE ET VILAINE",
        "DPCollModication": "2026-06-01T09:05:38.9793005Z"
      }
    },
    {
      "type": "Feature",
      "geometry": {
        "type": "LineString",
        "coordinates": [
          [
            -1.5455582328,
            48.1888351066
          ],
          [
            -1.5456194414,
            48.1886931361
          ],
          [
            -1.5458200334,
            48.1886345405
          ],
          [
            -1.5460278631,
            48.1817777348
          ],
          [
            -1.5463054876,
            48.1753259861
          ],
          [
            -1.5465144465,
            48.169186865
          ],
          [
            -1.5467507201,
            48.1638376549
          ]
        ]
      },
      "properties": {
        "CD_TRONC": 15900,
        "INSEE_COM": "35152",
        "NOM_COM": "Liffré",
        "INTERET": "Locale",
        "REVET": "Goudron",
        "STAT_JUR": "Voie Privée",
        "DATE_CP": null,
        "DATE_DEL": null,
        "PRAT_PED": null,
        "PRAT_EQU": "NON",
        "ADMF_PED": null,
        "ADMF_EQU": "Ajout",
        "PRAT_VEL": null,
        "ADMF_VEL": null,
        "ITIN_PED": null,
        "ITIN_EQU": "Equestre Local",
        "ITIN_VEL": null,
        "LONGUEUR": 2789.38,
        "DATE_MAJ": "20220503131555",
        "DPCollSIRET": "22350001800013",
        "DPCollNom": "DEPARTEMENT D ILLE ET VILAINE",
        "DPCollModication": "2026-06-01T09:05:39.117727Z"
      }
    },
    {
      "type": "Feature",
      "geometry": {
        "type": "LineString",
        "coordinates": [
          [
            -1.5458200334,
            48.1886345405
          ],
          [
            -1.5459527058,
            48.1886786237
          ],
          [
            -1.5462658606,
            48.1884018559
          ],
          [
            -1.5466439132,
            48.1881333164
          ],
          [
            -1.5495259014,
            48.1861047912
          ],
          [
            -1.5561958798,
            48.1813631889
          ],
          [
            -1.5563668898,
            48.1813136128
          ],
          [
            -1.5565500392,
            48.1811882554
          ],
          [
            -1.5566024534,
            48.1810751726
          ],
          [
            -1.5604441239,
            48.1783535111
          ],
          [
            -1.5561641334,
            48.1752837236
          ],
          [
            -1.5616732909,
            48.1717243772
          ],
          [
            -1.562877464,
            48.1709434706
          ]
        ]
      },
      "properties": {
        "CD_TRONC": 15901,
        "INSEE_COM": "35152",
        "NOM_COM": "Liffré",
        "INTERET": "Locale",
        "REVET": "Terre",
        "STAT_JUR": "Voie Privée",
        "DATE_CP": null,
        "DATE_DEL": null,
        "PRAT_PED": null,
        "PRAT_EQU": "NON",
        "ADMF_PED": null,
        "ADMF_EQU": "Ajout",
        "PRAT_VEL": null,
        "ADMF_VEL": null,
        "ITIN_PED": null,
        "ITIN_EQU": "Equestre Local",
        "ITIN_VEL": null,
        "LONGUEUR": 2747.99,
        "DATE_MAJ": "20220503131555",
        "DPCollSIRET": "22350001800013",
        "DPCollNom": "DEPARTEMENT D ILLE ET VILAINE",
        "DPCollModication": "2026-06-01T09:05:39.1195255Z"
      }
    },
    {
      "type": "Feature",
      "geometry": {
        "type": "LineString",
        "coordinates": [
          [
            -1.5459159853,
            48.1907389555
          ],
          [
            -1.5471397094,
            48.1904730307
          ],
          [
            -1.5474097375,
            48.1904143491
          ],
          [
            -1.5475610115,
            48.1904901951
          ],
          [
            -1.5475622576,
            48.1904902796
          ],
          [
            -1.5476488396,
            48.1904961223
          ],
          [
            -1.5477820088,
            48.1905051088
          ],
          [
            -1.5478567655,
            48.1904960068
          ],
          [
            -1.5493960427,
            48.1903085789
          ],
          [
            -1.5495558356,
            48.1903015147
          ],
          [
            -1.5496112654,
            48.1903000069
          ],
          [
            -1.5497145176,
            48.1902971971
          ],
          [
            -1.549886453,
            48.1903058875
          ],
          [
            -1.5501202828,
            48.1903251931
          ],
          [
            -1.5504593561,
            48.1903531881
          ],
          [
            -1.5512129801,
            48.1904016252
          ],
          [
            -1.5513397815,
            48.1904183639
          ],
          [
            -1.5513451904,
            48.1904192971
          ],
          [
            -1.5515190295,
            48.1904493021
          ],
          [
            -1.5517056753,
            48.1905072935
          ],
          [
            -1.5517073983,
            48.1905078282
          ],
          [
            -1.5517974362,
            48.1905358992
          ],
          [
            -1.5518574784,
            48.1905443979
          ],
          [
            -1.5519645416,
            48.1905510821
          ],
          [
            -1.5521072324,
            48.1905645029
          ],
          [
            -1.5521789006,
            48.190567145
          ],
          [
            -1.5522624273,
            48.1905666255
          ],
          [
            -1.5523629536,
            48.1905600421
          ],
          [
            -1.5524077006,
            48.1905474997
          ],
          [
            -1.5525573395,
            48.1905164884
          ],
          [
            -1.552641279,
            48.1905051372
          ],
          [
            -1.5527550846,
            48.1904962384
          ],
          [
            -1.5528409879,
            48.1904920216
          ],
          [
            -1.5529348744,
            48.1904865953
          ],
          [
            -1.5529734019,
            48.19048628
          ],
          [
            -1.5530830416,
            48.1904853829
          ],
          [
            -1.553155743,
            48.1904843793
          ],
          [
            -1.5532747422,
            48.190488799
          ],
          [
            -1.5533275245,
            48.1904912681
          ],
          [
            -1.5534432939,
            48.1904895032
          ],
          [
            -1.5535172612,
            48.1904875492
          ],
          [
            -1.5536340637,
            48.190482139
          ],
          [
            -1.5537930561,
            48.1904814091
          ],
          [
            -1.5538651122,
            48.1904885417
          ],
          [
            -1.5539717628,
            48.1905060555
          ],
          [
            -1.55416517,
            48.1905292328
          ],
          [
            -1.5545086313,
            48.1905574318
          ],
          [
            -1.5545731607,
            48.1905682948
          ],
          [
            -1.5552185286,
            48.1906769317
          ],
          [
            -1.5552507714,
            48.1906756866
          ],
          [
            -1.5552632749,
            48.1906643882
          ],
          [
            -1.5552728831,
            48.1906351756
          ],
          [
            -1.5552686933,
            48.1905866674
          ],
          [
            -1.5552547317,
            48.1904718406
          ],
          [
            -1.5552627914,
            48.1901750026
          ],
          [
            -1.5553663725,
            48.1896888086
          ],
          [
            -1.5575168542,
            48.1900144025
          ],
          [
            -1.5575338637,
            48.1900169774
          ],
          [
            -1.5582645568,
            48.1901275438
          ],
          [
            -1.5582965455,
            48.1899830011
          ],
          [
            -1.5588617828,
            48.1900526979
          ],
          [
            -1.5601998814,
            48.19021768
          ],
          [
            -1.5602527147,
            48.1892386277
          ],
          [
            -1.5606070029,
            48.189238786
          ],
          [
            -1.5616815464,
            48.1892392609
          ],
          [
            -1.5617012692,
            48.1890465209
          ],
          [
            -1.5619529141,
            48.1890524616
          ],
          [
            -1.5636325167,
            48.1890921004
          ],
          [
            -1.5636468108,
            48.1890924378
          ],
          [
            -1.5639079216,
            48.1890985976
          ],
          [
            -1.5652467486,
            48.1891301741
          ],
          [
            -1.5652529943,
            48.1890465474
          ],
          [
            -1.5652872809,
            48.1885874902
          ],
          [
            -1.5653803532,
            48.1873413208
          ],
          [
            -1.5654562759,
            48.187237436
          ],
          [
            -1.5655645113,
            48.1870241437
          ],
          [
            -1.565639224,
            48.1869374303
          ],
          [
            -1.5657710568,
            48.1868566176
          ],
          [
            -1.5658756929,
            48.186846405
          ],
          [
            -1.5660771275,
            48.1868267435
          ],
          [
            -1.5662137105,
            48.1867385359
          ],
          [
            -1.5663194457,
            48.186729936
          ],
          [
            -1.5667774828,
            48.1867428473
          ],
          [
            -1.5668742601,
            48.1867553238
          ],
          [
            -1.5669517218,
            48.1867937847
          ],
          [
            -1.5670647749,
            48.1868074335
          ],
          [
            -1.5671458064,
            48.1867781581
          ],
          [
            -1.5672038874,
            48.1867173242
          ],
          [
            -1.5672819897,
            48.1865764
          ],
          [
            -1.5674077307,
            48.1864408414
          ],
          [
            -1.567501339,
            48.1864011643
          ],
          [
            -1.5676343289,
            48.1863960143
          ],
          [
            -1.5677998852,
            48.1864400763
          ],
          [
            -1.5682232643,
            48.1867220125
          ],
          [
            -1.5683035693,
            48.186762165
          ],
          [
            -1.5683933809,
            48.1867253382
          ],
          [
            -1.5684156937,
            48.1867028426
          ],
          [
            -1.56846507,
            48.1866504569
          ],
          [
            -1.56852475,
            48.1865339388
          ],
          [
            -1.568542313,
            48.1864996506
          ],
          [
            -1.5686182874,
            48.1861163558
          ],
          [
            -1.5686792905,
            48.1859959215
          ],
          [
            -1.5688763146,
            48.185945493
          ],
          [
            -1.5691155344,
            48.1858842632
          ],
          [
            -1.5691640931,
            48.1858050606
          ],
          [
            -1.5693554558,
            48.1854929364
          ],
          [
            -1.5699218057,
            48.185326647
          ],
          [
            -1.5700980789,
            48.1852748896
          ],
          [
            -1.5708299222,
            48.1853213395
          ],
          [
            -1.5710397533,
            48.1854292523
          ],
          [
            -1.5713546992,
            48.1855912237
          ],
          [
            -1.5715956755,
            48.1856657057
          ],
          [
            -1.5717521994,
            48.1857299411
          ],
          [
            -1.5719472903,
            48.1857881748
          ],
          [
            -1.5720135718,
            48.185798105
          ],
          [
            -1.5720926582,
            48.1858099533
          ],
          [
            -1.5721575865,
            48.1858196808
          ],
          [
            -1.5723433335,
            48.1858323092
          ],
          [
            -1.5725136614,
            48.1856670755
          ],
          [
            -1.5731763969,
            48.1855070859
          ],
          [
            -1.5738649246,
            48.1853803422
          ],
          [
            -1.5739053834,
            48.1853776069
          ],
          [
            -1.5740525191,
            48.1853676595
          ],
          [
            -1.5743826448,
            48.1854909548
          ],
          [
            -1.5744256682,
            48.1854586416
          ],
          [
            -1.5748236299,
            48.1857424425
          ],
          [
            -1.5752239148,
            48.1860685137
          ],
          [
            -1.5754574623,
            48.1861504868
          ],
          [
            -1.5759102238,
            48.1862113368
          ],
          [
            -1.5760035405,
            48.1862771177
          ],
          [
            -1.5760770973,
            48.1863481716
          ],
          [
            -1.5762253944,
            48.1864262402
          ],
          [
            -1.5764891017,
            48.1860014044
          ],
          [
            -1.5765376713,
            48.1859106611
          ],
          [
            -1.5767477382,
            48.185518179
          ],
          [
            -1.5769811775,
            48.1850242135
          ],
          [
            -1.5769875432,
            48.1850127514
          ],
          [
            -1.5772154755,
            48.184602319
          ],
          [
            -1.5773894899,
            48.1845108422
          ],
          [
            -1.577914534,
            48.1842863669
          ],
          [
            -1.5785604012,
            48.1840102294
          ],
          [
            -1.5786059794,
            48.1837788993
          ],
          [
            -1.5786201144,
            48.1835309338
          ],
          [
            -1.5785959293,
            48.1833128537
          ]
        ]
      },
      "properties": {
        "CD_TRONC": 15902,
        "INSEE_COM": "35152",
        "NOM_COM": "Liffré",
        "INTERET": "Locale",
        "REVET": "Terre",
        "STAT_JUR": "Voie Privée",
        "DATE_CP": null,
        "DATE_DEL": null,
        "PRAT_PED": null,
        "PRAT_EQU": "NON",
        "ADMF_PED": null,
        "ADMF_EQU": "Ajout",
        "PRAT_VEL": null,
        "ADMF_VEL": null,
        "ITIN_PED": null,
        "ITIN_EQU": "Equestre Local",
        "ITIN_VEL": null,
        "LONGUEUR": 3382.33,
        "DATE_MAJ": "20220503131555",
        "DPCollSIRET": "22350001800013",
        "DPCollNom": "DEPARTEMENT D ILLE ET VILAINE",
        "DPCollModication": "2026-06-01T09:05:39.1215412Z"
      }
    },
    {
      "type": "Feature",
      "geometry": {
        "type": "LineString",
        "coordinates": [
          [
            -1.5774239974,
            48.183184569
          ],
          [
            -1.5774751178,
            48.1831439843
          ],
          [
            -1.5776030439,
            48.1830424226
          ],
          [
            -1.5781348827,
            48.1826170883
          ],
          [
            -1.5791228805,
            48.1818730012
          ],
          [
            -1.5800137602,
            48.1811903603
          ],
          [
            -1.5804526838,
            48.1808749776
          ],
          [
            -1.581263214,
            48.1802443914
          ],
          [
            -1.5817769416,
            48.1798447042
          ]
        ]
      },
      "properties": {
        "CD_TRONC": 15903,
        "INSEE_COM": "35152",
        "NOM_COM": "Liffré",
        "INTERET": "Locale",
        "REVET": "Goudron",
        "STAT_JUR": "Voie Privée",
        "DATE_CP": null,
        "DATE_DEL": null,
        "PRAT_PED": null,
        "PRAT_EQU": "NON",
        "ADMF_PED": null,
        "ADMF_EQU": "Ajout",
        "PRAT_VEL": null,
        "ADMF_VEL": null,
        "ITIN_PED": null,
        "ITIN_EQU": "Equestre Local",
        "ITIN_VEL": null,
        "LONGUEUR": 492.44,
        "DATE_MAJ": "20220503131555",
        "DPCollSIRET": "22350001800013",
        "DPCollNom": "DEPARTEMENT D ILLE ET VILAINE",
        "DPCollModication": "2026-06-01T09:05:39.1241688Z"
      }
    },
    {
      "type": "Feature",
      "geometry": {
        "type": "LineString",
        "coordinates": [
          [
            -1.5785996052,
            48.1833128912
          ],
          [
            -1.578595956,
            48.1833130996
          ],
          [
            -1.5785003612,
            48.1833185465
          ],
          [
            -1.5776758912,
            48.1832450953
          ],
          [
            -1.5774239974,
            48.183184569
          ]
        ]
      },
      "properties": {
        "CD_TRONC": 15904,
        "INSEE_COM": "35152",
        "NOM_COM": "Liffré",
        "INTERET": "Locale",
        "REVET": "Terre",
        "STAT_JUR": "Voie Privée",
        "DATE_CP": null,
        "DATE_DEL": null,
        "PRAT_PED": null,
        "PRAT_EQU": "NON",
        "ADMF_PED": null,
        "ADMF_EQU": "Ajout",
        "PRAT_VEL": null,
        "ADMF_VEL": null,
        "ITIN_PED": null,
        "ITIN_EQU": "Equestre Local",
        "ITIN_VEL": null,
        "LONGUEUR": 89.11,
        "DATE_MAJ": "20220503131555",
        "DPCollSIRET": "22350001800013",
        "DPCollNom": "DEPARTEMENT D ILLE ET VILAINE",
        "DPCollModication": "2026-06-01T09:05:39.1264817Z"
      }
    },
    {
      "type": "Feature",
      "geometry": {
        "type": "LineString",
        "coordinates": [
          [
            -1.5817769416,
            48.1798447042
          ],
          [
            -1.5815970937,
            48.1797291116
          ],
          [
            -1.5815026557,
            48.179681405
          ],
          [
            -1.5812519175,
            48.1795874935
          ],
          [
            -1.5808990233,
            48.1794966483
          ],
          [
            -1.5807460682,
            48.1794268785
          ],
          [
            -1.5806874112,
            48.1793876961
          ],
          [
            -1.5805893426,
            48.1792671229
          ],
          [
            -1.5805234851,
            48.1792381346
          ],
          [
            -1.5801377213,
            48.179166072
          ],
          [
            -1.5800960809,
            48.1791582929
          ],
          [
            -1.5796731411,
            48.17883492
          ],
          [
            -1.5791013129,
            48.1783487799
          ],
          [
            -1.5787427491,
            48.1781148389
          ],
          [
            -1.5783963791,
            48.1779281934
          ],
          [
            -1.5782193558,
            48.1777052293
          ],
          [
            -1.5781153669,
            48.1776560884
          ],
          [
            -1.5778860673,
            48.1774829231
          ],
          [
            -1.5770141206,
            48.1770535132
          ],
          [
            -1.5769513078,
            48.1770225788
          ]
        ]
      },
      "properties": {
        "CD_TRONC": 15905,
        "INSEE_COM": "35152",
        "NOM_COM": "Liffré",
        "INTERET": "Locale",
        "REVET": "Terre",
        "STAT_JUR": "Voie Privée",
        "DATE_CP": null,
        "DATE_DEL": null,
        "PRAT_PED": null,
        "PRAT_EQU": "NON",
        "ADMF_PED": null,
        "ADMF_EQU": "Ajout",
        "PRAT_VEL": null,
        "ADMF_VEL": null,
        "ITIN_PED": null,
        "ITIN_EQU": "Equestre Local",
        "ITIN_VEL": null,
        "LONGUEUR": 487.12,
        "DATE_MAJ": "20220503131555",
        "DPCollSIRET": "22350001800013",
        "DPCollNom": "DEPARTEMENT D ILLE ET VILAINE",
        "DPCollModication": "2026-06-01T09:05:39.128203Z"
      }
    },
    {
      "type": "Feature",
      "geometry": {
        "type": "LineString",
        "coordinates": [
          [
            -1.5769513078,
            48.1770225788
          ],
          [
            -1.5768571074,
            48.1769153725
          ],
          [
            -1.5767931799,
            48.1768619717
          ],
          [
            -1.5767075854,
            48.1767607559
          ],
          [
            -1.5766204897,
            48.1766577649
          ],
          [
            -1.5765851386,
            48.1766230841
          ],
          [
            -1.5765005932,
            48.1765028844
          ],
          [
            -1.5764663517,
            48.1764654565
          ],
          [
            -1.576436937,
            48.176421532
          ],
          [
            -1.5763610328,
            48.1762766612
          ],
          [
            -1.5762967536,
            48.1761881224
          ],
          [
            -1.5762764105,
            48.176155563
          ],
          [
            -1.5762617881,
            48.176095742
          ],
          [
            -1.5762661428,
            48.1760216648
          ],
          [
            -1.5762620129,
            48.1759740552
          ],
          [
            -1.5762376775,
            48.1759110058
          ]
        ]
      },
      "properties": {
        "CD_TRONC": 15908,
        "INSEE_COM": "35152",
        "NOM_COM": "Liffré",
        "INTERET": "Locale",
        "REVET": "Terre",
        "STAT_JUR": "Voie Privée",
        "DATE_CP": null,
        "DATE_DEL": null,
        "PRAT_PED": null,
        "PRAT_EQU": "NON",
        "ADMF_PED": null,
        "ADMF_EQU": "Ajout",
        "PRAT_VEL": null,
        "ADMF_VEL": null,
        "ITIN_PED": null,
        "ITIN_EQU": "Equestre Local",
        "ITIN_VEL": null,
        "LONGUEUR": 136.58,
        "DATE_MAJ": "20220503131555",
        "DPCollSIRET": "22350001800013",
        "DPCollNom": "DEPARTEMENT D ILLE ET VILAINE",
        "DPCollModication": "2026-06-01T09:05:39.1306301Z"
      }
    },
    {
      "type": "Feature",
      "geometry": {
        "type": "LineString",
        "coordinates": [
          [
            -1.5762376775,
            48.1759110058
          ],
          [
            -1.576335386,
            48.1758567402
          ],
          [
            -1.5766157429,
            48.1757021094
          ],
          [
            -1.5766324614,
            48.1756928881
          ],
          [
            -1.5771267958,
            48.1753951941
          ],
          [
            -1.5775812234,
            48.1751035535
          ],
          [
            -1.5783832524,
            48.1745674331
          ],
          [
            -1.578574684,
            48.1744394676
          ],
          [
            -1.5786102615,
            48.1744146519
          ],
          [
            -1.5794298421,
            48.1738744807
          ],
          [
            -1.5795089842,
            48.1738262374
          ],
          [
            -1.5797741097,
            48.1736646222
          ],
          [
            -1.5801060101,
            48.1734209925
          ],
          [
            -1.5804442762,
            48.1732041543
          ],
          [
            -1.5808951056,
            48.1729180467
          ],
          [
            -1.5809463527,
            48.1728851783
          ],
          [
            -1.5812256974,
            48.1727060106
          ],
          [
            -1.5813905159,
            48.1726022641
          ],
          [
            -1.5815466182,
            48.1725222903
          ],
          [
            -1.5814928889,
            48.1724621865
          ],
          [
            -1.5814742327,
            48.1724025225
          ],
          [
            -1.5814929623,
            48.1723233795
          ],
          [
            -1.581548247,
            48.172261744
          ],
          [
            -1.5816214412,
            48.1722201431
          ],
          [
            -1.5817231326,
            48.1721963627
          ]
        ]
      },
      "properties": {
        "CD_TRONC": 15907,
        "INSEE_COM": "35152",
        "NOM_COM": "Liffré",
        "INTERET": "Locale",
        "REVET": "Goudron",
        "STAT_JUR": "Voie Privée",
        "DATE_CP": null,
        "DATE_DEL": null,
        "PRAT_PED": null,
        "PRAT_EQU": "NON",
        "ADMF_PED": null,
        "ADMF_EQU": "Ajout",
        "PRAT_VEL": null,
        "ADMF_VEL": null,
        "ITIN_PED": null,
        "ITIN_EQU": "Equestre Local",
        "ITIN_VEL": null,
        "LONGUEUR": 592.44,
        "DATE_MAJ": "20220503131555",
        "DPCollSIRET": "22350001800013",
        "DPCollNom": "DEPARTEMENT D ILLE ET VILAINE",
        "DPCollModication": "2026-06-01T09:05:39.1327955Z"
      }
    },
    {
      "type": "Feature",
      "geometry": {
        "type": "LineString",
        "coordinates": [
          [
            -1.5785996052,
            48.1833128912
          ],
          [
            -1.5791391556,
            48.1832558917
          ],
          [
            -1.5794242951,
            48.1832646497
          ],
          [
            -1.5799550486,
            48.1833702252
          ],
          [
            -1.5804432542,
            48.1835135034
          ],
          [
            -1.5807009941,
            48.1835792042
          ],
          [
            -1.5808187941,
            48.1835969141
          ],
          [
            -1.5809153945,
            48.1836114364
          ],
          [
            -1.581258184,
            48.1836476945
          ],
          [
            -1.5818503333,
            48.1836841793
          ],
          [
            -1.5823218915,
            48.1836667606
          ],
          [
            -1.5828892718,
            48.1836663471
          ],
          [
            -1.5831469373,
            48.1837311443
          ],
          [
            -1.5833980759,
            48.1837673524
          ],
          [
            -1.5839309877,
            48.1837114903
          ],
          [
            -1.5841922963,
            48.1836941236
          ],
          [
            -1.584456946,
            48.1837307056
          ],
          [
            -1.5845224672,
            48.1837448007
          ],
          [
            -1.5851986195,
            48.1838902505
          ],
          [
            -1.5852064755,
            48.1838893484
          ],
          [
            -1.5853173879,
            48.1838766199
          ],
          [
            -1.5854327669,
            48.1838550092
          ],
          [
            -1.5854910579,
            48.183796861
          ],
          [
            -1.5854961344,
            48.1837002223
          ],
          [
            -1.5855024918,
            48.18358731
          ],
          [
            -1.5855770731,
            48.1835150086
          ],
          [
            -1.5857086795,
            48.183463023
          ],
          [
            -1.5858632412,
            48.1834488664
          ],
          [
            -1.5868372169,
            48.1833596519
          ],
          [
            -1.5879063685,
            48.1833018434
          ],
          [
            -1.5887559017,
            48.183291327
          ],
          [
            -1.58907795,
            48.1832905138
          ],
          [
            -1.5893804752,
            48.1832976701
          ],
          [
            -1.589560112,
            48.1833330422
          ],
          [
            -1.5905594479,
            48.1836654958
          ],
          [
            -1.5906524798,
            48.183712349
          ],
          [
            -1.5906702335,
            48.1837334322
          ],
          [
            -1.5907186187,
            48.1837908939
          ]
        ]
      },
      "properties": {
        "CD_TRONC": 15909,
        "INSEE_COM": "35152",
        "NOM_COM": "Liffré",
        "INTERET": "Locale",
        "REVET": "Terre",
        "STAT_JUR": "Voie Privée",
        "DATE_CP": null,
        "DATE_DEL": null,
        "PRAT_PED": null,
        "PRAT_EQU": "NON",
        "ADMF_PED": null,
        "ADMF_EQU": "Ajout",
        "PRAT_VEL": null,
        "ADMF_VEL": null,
        "ITIN_PED": null,
        "ITIN_EQU": "Equestre Local",
        "ITIN_VEL": null,
        "LONGUEUR": 963.4,
        "DATE_MAJ": "20220503131555",
        "DPCollSIRET": "22350001800013",
        "DPCollNom": "DEPARTEMENT D ILLE ET VILAINE",
        "DPCollModication": "2026-06-01T09:05:39.135012Z"
      }
    },
    {
      "type": "Feature",
      "geometry": {
        "type": "LineString",
        "coordinates": [
          [
            -1.5907186187,
            48.1837908939
          ],
          [
            -1.5909040862,
            48.1838467675
          ],
          [
            -1.591303088,
            48.1839402961
          ],
          [
            -1.5915679089,
            48.1840561723
          ],
          [
            -1.5917821151,
            48.1842253941
          ],
          [
            -1.5920491513,
            48.1844286116
          ],
          [
            -1.5923684302,
            48.1847055057
          ],
          [
            -1.5926879233,
            48.1849229033
          ],
          [
            -1.5929325384,
            48.1850233396
          ],
          [
            -1.5930179305,
            48.1851371866
          ],
          [
            -1.5924762557,
            48.1857116924
          ],
          [
            -1.591994705,
            48.1862802489
          ],
          [
            -1.5916664995,
            48.1866905098
          ],
          [
            -1.5910000441,
            48.1875042082
          ],
          [
            -1.5906200297,
            48.1879543372
          ],
          [
            -1.5906078196,
            48.187970216
          ],
          [
            -1.5902749362,
            48.1884031057
          ],
          [
            -1.5902373288,
            48.1884820828
          ],
          [
            -1.590716581,
            48.1887871718
          ],
          [
            -1.5906258504,
            48.1889417445
          ],
          [
            -1.5906675636,
            48.189092658
          ],
          [
            -1.590665961,
            48.1891971727
          ],
          [
            -1.5901940426,
            48.1893314371
          ],
          [
            -1.5901064002,
            48.1894599572
          ],
          [
            -1.5897052924,
            48.1898692311
          ]
        ]
      },
      "properties": {
        "CD_TRONC": 15910,
        "INSEE_COM": "35152",
        "NOM_COM": "Liffré",
        "INTERET": "Locale",
        "REVET": "Terre",
        "STAT_JUR": "Voie Privée",
        "DATE_CP": null,
        "DATE_DEL": null,
        "PRAT_PED": null,
        "PRAT_EQU": "NON",
        "ADMF_PED": null,
        "ADMF_EQU": "Ajout",
        "PRAT_VEL": null,
        "ADMF_VEL": null,
        "ITIN_PED": null,
        "ITIN_EQU": "Equestre Local",
        "ITIN_VEL": null,
        "LONGUEUR": 863.13,
        "DATE_MAJ": "20220503131555",
        "DPCollSIRET": "22350001800013",
        "DPCollNom": "DEPARTEMENT D ILLE ET VILAINE",
        "DPCollModication": "2026-06-01T09:05:39.1373339Z"
      }
    },
    {
      "type": "Feature",
      "geometry": {
        "type": "LineString",
        "coordinates": [
          [
            -1.5897052927,
            48.1898692347
          ],
          [
            -1.5923319202,
            48.1908324133
          ],
          [
            -1.5944375907,
            48.1915774502
          ],
          [
            -1.5945944598,
            48.191609496
          ],
          [
            -1.5980877517,
            48.1929614697
          ],
          [
            -1.5993058022,
            48.1934157381
          ],
          [
            -1.6012482684,
            48.1941176413
          ]
        ]
      },
      "properties": {
        "CD_TRONC": 15911,
        "INSEE_COM": "35152",
        "NOM_COM": "Liffré",
        "INTERET": "Locale",
        "REVET": "Terre",
        "STAT_JUR": "Voie Privée",
        "DATE_CP": null,
        "DATE_DEL": null,
        "PRAT_PED": null,
        "PRAT_EQU": "NON",
        "ADMF_PED": null,
        "ADMF_EQU": "Ajout",
        "PRAT_VEL": null,
        "ADMF_VEL": null,
        "ITIN_PED": null,
        "ITIN_EQU": "Equestre Local",
        "ITIN_VEL": null,
        "LONGUEUR": 979.47,
        "DATE_MAJ": "20220503131555",
        "DPCollSIRET": "22350001800013",
        "DPCollNom": "DEPARTEMENT D ILLE ET VILAINE",
        "DPCollModication": "2026-06-01T09:05:39.1394264Z"
      }
    },
    {
      "type": "Feature",
      "geometry": {
        "type": "LineString",
        "coordinates": [
          [
            -1.5821862578,
            48.1954323908
          ],
          [
            -1.5824523227,
            48.1952363859
          ],
          [
            -1.58396959,
            48.1933978696
          ]
        ]
      },
      "properties": {
        "CD_TRONC": 15912,
        "INSEE_COM": "35152",
        "NOM_COM": "Liffré",
        "INTERET": "Locale",
        "REVET": "Terre",
        "STAT_JUR": "Voie Privée",
        "DATE_CP": "20090928",
        "DATE_DEL": "20090619",
        "PRAT_PED": "NON",
        "PRAT_EQU": "OUI",
        "ADMF_PED": null,
        "ADMF_EQU": "Ouvert",
        "PRAT_VEL": null,
        "ADMF_VEL": null,
        "ITIN_PED": null,
        "ITIN_EQU": "Equestre Local",
        "ITIN_VEL": null,
        "LONGUEUR": 262.78,
        "DATE_MAJ": "20220503131555",
        "DPCollSIRET": "22350001800013",
        "DPCollNom": "DEPARTEMENT D ILLE ET VILAINE",
        "DPCollModication": "2026-06-01T09:05:39.1408353Z"
      }
    },
    {
      "type": "Feature",
      "geometry": {
        "type": "LineString",
        "coordinates": [
          [
            -1.58396959,
            48.1933978696
          ],
          [
            -1.5866156271,
            48.1939832753
          ],
          [
            -1.5871863801,
            48.1931025774
          ],
          [
            -1.5882210073,
            48.1916541427
          ],
          [
            -1.5891021157,
            48.1904024646
          ],
          [
            -1.5894841466,
            48.190049948
          ],
          [
            -1.5895498605,
            48.1899996213
          ],
          [
            -1.5897052989,
            48.1898692281
          ]
        ]
      },
      "properties": {
        "CD_TRONC": 15913,
        "INSEE_COM": "35152",
        "NOM_COM": "Liffré",
        "INTERET": "Locale",
        "REVET": "Terre",
        "STAT_JUR": "Voie Privée",
        "DATE_CP": null,
        "DATE_DEL": null,
        "PRAT_PED": null,
        "PRAT_EQU": "NON",
        "ADMF_PED": null,
        "ADMF_EQU": "Ajout",
        "PRAT_VEL": null,
        "ADMF_VEL": null,
        "ITIN_PED": null,
        "ITIN_EQU": "Equestre Local",
        "ITIN_VEL": null,
        "LONGUEUR": 720.25,
        "DATE_MAJ": "20220503131555",
        "DPCollSIRET": "22350001800013",
        "DPCollNom": "DEPARTEMENT D ILLE ET VILAINE",
        "DPCollModication": "2026-06-01T09:05:39.142283Z"
      }
    },
    {
      "type": "Feature",
      "geometry": {
        "type": "LineString",
        "coordinates": [
          [
            -1.5820084231,
            48.1925478882
          ],
          [
            -1.5826515884,
            48.1927824826
          ],
          [
            -1.5828095683,
            48.1928475491
          ],
          [
            -1.5831125427,
            48.1930764293
          ],
          [
            -1.5835473706,
            48.1932713435
          ],
          [
            -1.5839407902,
            48.1933930563
          ],
          [
            -1.5839680193,
            48.1933997739
          ],
          [
            -1.58396959,
            48.1933978696
          ]
        ]
      },
      "properties": {
        "CD_TRONC": 15914,
        "INSEE_COM": "35152",
        "NOM_COM": "Liffré",
        "INTERET": "Locale",
        "REVET": "Terre",
        "STAT_JUR": "Voie Privée",
        "DATE_CP": null,
        "DATE_DEL": null,
        "PRAT_PED": null,
        "PRAT_EQU": "NON",
        "ADMF_PED": null,
        "ADMF_EQU": "Ajout",
        "PRAT_VEL": null,
        "ADMF_VEL": null,
        "ITIN_PED": null,
        "ITIN_EQU": "Equestre Local",
        "ITIN_VEL": null,
        "LONGUEUR": 175.71,
        "DATE_MAJ": "20220503131555",
        "DPCollSIRET": "22350001800013",
        "DPCollNom": "DEPARTEMENT D ILLE ET VILAINE",
        "DPCollModication": "2026-06-01T09:05:39.1436494Z"
      }
    },
    {
      "type": "Feature",
      "geometry": {
        "type": "LineString",
        "coordinates": [
          [
            -1.5794295903,
            48.1951392506
          ],
          [
            -1.5794679639,
            48.195099906
          ],
          [
            -1.579554289,
            48.1950073252
          ],
          [
            -1.5804852964,
            48.1940392245
          ],
          [
            -1.5816220526,
            48.1929261242
          ],
          [
            -1.5820084231,
            48.1925478882
          ]
        ]
      },
      "properties": {
        "CD_TRONC": 15915,
        "INSEE_COM": "35152",
        "NOM_COM": "Liffré",
        "INTERET": "Locale",
        "REVET": "Terre",
        "STAT_JUR": "Voie Privée",
        "DATE_CP": null,
        "DATE_DEL": null,
        "PRAT_PED": null,
        "PRAT_EQU": "NON",
        "ADMF_PED": null,
        "ADMF_EQU": "Ajout",
        "PRAT_VEL": null,
        "ADMF_VEL": null,
        "ITIN_PED": null,
        "ITIN_EQU": "Equestre Local",
        "ITIN_VEL": null,
        "LONGUEUR": 345.96,
        "DATE_MAJ": "20220503131555",
        "DPCollSIRET": "22350001800013",
        "DPCollNom": "DEPARTEMENT D ILLE ET VILAINE",
        "DPCollModication": "2026-06-01T09:05:39.145044Z"
      }
    },
    {
      "type": "Feature",
      "geometry": {
        "type": "LineString",
        "coordinates": [
          [
            -1.5929501463,
            48.181541732
          ],
          [
            -1.5927477981,
            48.1814621833
          ],
          [
            -1.5916762072,
            48.1811199433
          ],
          [
            -1.5914238384,
            48.1810540572
          ],
          [
            -1.5908879253,
            48.1808892465
          ],
          [
            -1.5903968873,
            48.1807289961
          ],
          [
            -1.590023709,
            48.1805911965
          ],
          [
            -1.5885274885,
            48.1800924004
          ],
          [
            -1.5879612786,
            48.1799044201
          ],
          [
            -1.5875499426,
            48.1797771108
          ],
          [
            -1.5874488464,
            48.1797458916
          ],
          [
            -1.5867772697,
            48.1795394713
          ],
          [
            -1.586497427,
            48.179467433
          ],
          [
            -1.5862571917,
            48.1793704194
          ],
          [
            -1.5859767259,
            48.1792911935
          ],
          [
            -1.5853777054,
            48.1790666216
          ],
          [
            -1.5850215125,
            48.1789533837
          ],
          [
            -1.5842677448,
            48.1787158949
          ],
          [
            -1.5840218781,
            48.1786470369
          ],
          [
            -1.5838369988,
            48.1785821172
          ],
          [
            -1.5838692201,
            48.1785186735
          ],
          [
            -1.5838726734,
            48.1784653612
          ],
          [
            -1.5838472189,
            48.1784050606
          ],
          [
            -1.5837970258,
            48.1783547348
          ],
          [
            -1.5839418824,
            48.1782382416
          ],
          [
            -1.5840402527,
            48.1781595873
          ],
          [
            -1.5841006539,
            48.1781112927
          ],
          [
            -1.5844962982,
            48.1778101932
          ],
          [
            -1.5853709072,
            48.1771434597
          ],
          [
            -1.5857765477,
            48.1768644996
          ],
          [
            -1.5858883347,
            48.1767862438
          ],
          [
            -1.5862698254,
            48.1764775758
          ],
          [
            -1.5865449622,
            48.1762631754
          ],
          [
            -1.5867367663,
            48.1761133057
          ],
          [
            -1.5873058628,
            48.1756531243
          ],
          [
            -1.5874589576,
            48.1755386958
          ],
          [
            -1.5884965303,
            48.1747631576
          ],
          [
            -1.5895367192,
            48.1739871932
          ],
          [
            -1.5898073318,
            48.173767552
          ],
          [
            -1.5908416128,
            48.1730170413
          ],
          [
            -1.5910032583,
            48.1729079961
          ],
          [
            -1.5912295434,
            48.1727102577
          ],
          [
            -1.5912850219,
            48.1726617781
          ],
          [
            -1.593312634,
            48.1711560016
          ],
          [
            -1.5939021362,
            48.1706625296
          ],
          [
            -1.5938653895,
            48.170555811
          ]
        ]
      },
      "properties": {
        "CD_TRONC": 15917,
        "INSEE_COM": "35152",
        "NOM_COM": "Liffré",
        "INTERET": "Locale",
        "REVET": "Terre",
        "STAT_JUR": "Voie Privée",
        "DATE_CP": null,
        "DATE_DEL": null,
        "PRAT_PED": null,
        "PRAT_EQU": "NON",
        "ADMF_PED": null,
        "ADMF_EQU": "Ajout",
        "PRAT_VEL": null,
        "ADMF_VEL": null,
        "ITIN_PED": null,
        "ITIN_EQU": "Equestre Local",
        "ITIN_VEL": null,
        "LONGUEUR": 1931.14,
        "DATE_MAJ": "20220503131555",
        "DPCollSIRET": "22350001800013",
        "DPCollNom": "DEPARTEMENT D ILLE ET VILAINE",
        "DPCollModication": "2026-06-01T09:05:39.146418Z"
      }
    },
    {
      "type": "Feature",
      "geometry": {
        "type": "LineString",
        "coordinates": [
          [
            -1.449262321,
            48.2144925526
          ],
          [
            -1.4490222323,
            48.2145556761
          ],
          [
            -1.4313677723,
            48.2176422829
          ],
          [
            -1.4312321534,
            48.2175689702
          ],
          [
            -1.4309955796,
            48.2175138665
          ],
          [
            -1.4308211274,
            48.217604227
          ],
          [
            -1.43072026,
            48.2177999689
          ],
          [
            -1.4223913334,
            48.2235636366
          ]
        ]
      },
      "properties": {
        "CD_TRONC": 15688,
        "INSEE_COM": "35152",
        "NOM_COM": "Liffré",
        "INTERET": "Départementale",
        "REVET": "Empierré",
        "STAT_JUR": "Voie Privée",
        "DATE_CP": null,
        "DATE_DEL": "19911107",
        "PRAT_PED": "OUI",
        "PRAT_EQU": "OUI",
        "ADMF_PED": "Ouvert",
        "ADMF_EQU": "Ouvert",
        "PRAT_VEL": null,
        "ADMF_VEL": null,
        "ITIN_PED": "Grande Randonnée",
        "ITIN_EQU": "Equestre Local",
        "ITIN_VEL": null,
        "LONGUEUR": 2336.04,
        "DATE_MAJ": "20220503131555",
        "DPCollSIRET": "22350001800013",
        "DPCollNom": "DEPARTEMENT D ILLE ET VILAINE",
        "DPCollModication": "2026-06-01T09:05:39.4143493Z"
      }
    },
    {
      "type": "Feature",
      "geometry": {
        "type": "LineString",
        "coordinates": [
          [
            -1.3655755537,
            48.2274846776
          ],
          [
            -1.364261015,
            48.2273200244
          ],
          [
            -1.3641472269,
            48.2273175551
          ]
        ]
      },
      "properties": {
        "CD_TRONC": 15999,
        "INSEE_COM": "35154",
        "NOM_COM": "Livré-sur-Changeon",
        "INTERET": "Départementale",
        "REVET": "Goudron",
        "STAT_JUR": "Voie Communale",
        "DATE_CP": "20160125",
        "DATE_DEL": "20151113",
        "PRAT_PED": null,
        "PRAT_EQU": "OUI",
        "ADMF_PED": null,
        "ADMF_EQU": "Ouvert",
        "PRAT_VEL": null,
        "ADMF_VEL": null,
        "ITIN_PED": null,
        "ITIN_EQU": "Equibreizh",
        "ITIN_VEL": null,
        "LONGUEUR": 107.77,
        "DATE_MAJ": "20220503131555",
        "DPCollSIRET": "22350001800013",
        "DPCollNom": "DEPARTEMENT D ILLE ET VILAINE",
        "DPCollModication": "2026-06-01T09:05:39.5588079Z"
      }
    },
    {
      "type": "Feature",
      "geometry": {
        "type": "LineString",
        "coordinates": [
          [
            -1.3654030342,
            48.2269115374
          ],
          [
            -1.3654835216,
            48.2270546171
          ],
          [
            -1.3655156216,
            48.227204618
          ],
          [
            -1.3655755537,
            48.2274846776
          ]
        ]
      },
      "properties": {
        "CD_TRONC": 16000,
        "INSEE_COM": "35154",
        "NOM_COM": "Livré-sur-Changeon",
        "INTERET": "Départementale",
        "REVET": "Goudron",
        "STAT_JUR": "Chemin Rural",
        "DATE_CP": "20160125",
        "DATE_DEL": "20151113",
        "PRAT_PED": null,
        "PRAT_EQU": "OUI",
        "ADMF_PED": null,
        "ADMF_EQU": "Ouvert",
        "PRAT_VEL": null,
        "ADMF_VEL": null,
        "ITIN_PED": null,
        "ITIN_EQU": "Equibreizh",
        "ITIN_VEL": null,
        "LONGUEUR": 65.27,
        "DATE_MAJ": "20220503131555",
        "DPCollSIRET": "22350001800013",
        "DPCollNom": "DEPARTEMENT D ILLE ET VILAINE",
        "DPCollModication": "2026-06-01T09:05:39.5614346Z"
      }
    },
    {
      "type": "Feature",
      "geometry": {
        "type": "LineString",
        "coordinates": [
          [
            -1.3626782318,
            48.2280679854
          ],
          [
            -1.3619776264,
            48.2276127606
          ],
          [
            -1.3621128841,
            48.2275198271
          ],
          [
            -1.3621399785,
            48.2273754856
          ],
          [
            -1.3621412239,
            48.2272180756
          ],
          [
            -1.362496221,
            48.2271095867
          ],
          [
            -1.3626625203,
            48.2268769329
          ],
          [
            -1.3628071802,
            48.2269001986
          ],
          [
            -1.3633541574,
            48.2265676404
          ],
          [
            -1.3633998611,
            48.2264300468
          ],
          [
            -1.3637552731,
            48.226240471
          ],
          [
            -1.3639705497,
            48.2260823032
          ],
          [
            -1.3641996183,
            48.2260476072
          ],
          [
            -1.364472388,
            48.2259373828
          ],
          [
            -1.3648688651,
            48.2258559642
          ],
          [
            -1.3650927326,
            48.2258099907
          ],
          [
            -1.3655904427,
            48.2257792119
          ],
          [
            -1.3657347085,
            48.2257977205
          ],
          [
            -1.3664214194,
            48.2259892947
          ],
          [
            -1.3667550036,
            48.2260532539
          ],
          [
            -1.3670920329,
            48.2260727409
          ]
        ]
      },
      "properties": {
        "CD_TRONC": 16002,
        "INSEE_COM": "35154",
        "NOM_COM": "Livré-sur-Changeon",
        "INTERET": "Départementale",
        "REVET": "Terre",
        "STAT_JUR": "Chemin Rural",
        "DATE_CP": "20160125",
        "DATE_DEL": "20151113",
        "PRAT_PED": "OUI",
        "PRAT_EQU": null,
        "ADMF_PED": "Ouvert",
        "ADMF_EQU": null,
        "PRAT_VEL": null,
        "ADMF_VEL": null,
        "ITIN_PED": "Grande Randonnée",
        "ITIN_EQU": null,
        "ITIN_VEL": null,
        "LONGUEUR": 560.94,
        "DATE_MAJ": "20220503131555",
        "DPCollSIRET": "22350001800013",
        "DPCollNom": "DEPARTEMENT D ILLE ET VILAINE",
        "DPCollModication": "2026-06-01T09:05:39.5633259Z"
      }
    },
    {
      "type": "Feature",
      "geometry": {
        "type": "LineString",
        "coordinates": [
          [
            -1.3502491619,
            48.2056671207
          ],
          [
            -1.3502520281,
            48.2056735917
          ],
          [
            -1.3502793295,
            48.20580563
          ],
          [
            -1.3506715414,
            48.206079535
          ]
        ]
      },
      "properties": {
        "CD_TRONC": 16003,
        "INSEE_COM": "35154",
        "NOM_COM": "Livré-sur-Changeon",
        "INTERET": "Départementale",
        "REVET": "Goudron",
        "STAT_JUR": "Chemin d'Exploitation",
        "DATE_CP": "20030224",
        "DATE_DEL": "19910510",
        "PRAT_PED": "OUI",
        "PRAT_EQU": "OUI",
        "ADMF_PED": "Ouvert",
        "ADMF_EQU": "Ouvert",
        "PRAT_VEL": "NON",
        "ADMF_VEL": null,
        "ITIN_PED": "Grande Randonnée",
        "ITIN_EQU": "Equibreizh",
        "ITIN_VEL": null,
        "LONGUEUR": 57.7,
        "DATE_MAJ": "20220503131555",
        "DPCollSIRET": "22350001800013",
        "DPCollNom": "DEPARTEMENT D ILLE ET VILAINE",
        "DPCollModication": "2026-06-01T09:05:39.5651109Z"
      }
    },
    {
      "type": "Feature",
      "geometry": {
        "type": "LineString",
        "coordinates": [
          [
            -1.3506715414,
            48.206079535
          ],
          [
            -1.3506758544,
            48.2060021245
          ],
          [
            -1.3507777969,
            48.2057514882
          ],
          [
            -1.3504605717,
            48.2056678115
          ],
          [
            -1.3502491619,
            48.2056671207
          ]
        ]
      },
      "properties": {
        "CD_TRONC": 16004,
        "INSEE_COM": "35154",
        "NOM_COM": "Livré-sur-Changeon",
        "INTERET": "Départementale",
        "REVET": "Terre",
        "STAT_JUR": "Chemin d'Exploitation",
        "DATE_CP": "20160125",
        "DATE_DEL": "20151113",
        "PRAT_PED": "OUI",
        "PRAT_EQU": "OUI",
        "ADMF_PED": "Ouvert",
        "ADMF_EQU": "Ouvert",
        "PRAT_VEL": null,
        "ADMF_VEL": null,
        "ITIN_PED": "Grande Randonnée",
        "ITIN_EQU": "Equibreizh",
        "ITIN_VEL": null,
        "LONGUEUR": 78.52,
        "DATE_MAJ": "20220503131555",
        "DPCollSIRET": "22350001800013",
        "DPCollNom": "DEPARTEMENT D ILLE ET VILAINE",
        "DPCollModication": "2026-06-01T09:05:39.5669874Z"
      }
    },
    {
      "type": "Feature",
      "geometry": {
        "type": "LineString",
        "coordinates": [
          [
            -1.3508767082,
            48.2048855597
          ],
          [
            -1.3505214082,
            48.2049196407
          ],
          [
            -1.3503166267,
            48.2049796456
          ],
          [
            -1.3501637189,
            48.2050460627
          ],
          [
            -1.3499554639,
            48.2052739459
          ],
          [
            -1.3501492944,
            48.2054416943
          ],
          [
            -1.3502491619,
            48.2056671207
          ]
        ]
      },
      "properties": {
        "CD_TRONC": 16005,
        "INSEE_COM": "35154",
        "NOM_COM": "Livré-sur-Changeon",
        "INTERET": "Départementale",
        "REVET": "Goudron",
        "STAT_JUR": "Chemin d'Exploitation",
        "DATE_CP": "20030224",
        "DATE_DEL": "19910510",
        "PRAT_PED": "OUI",
        "PRAT_EQU": "OUI",
        "ADMF_PED": "Ouvert",
        "ADMF_EQU": "Ouvert",
        "PRAT_VEL": "NON",
        "ADMF_VEL": null,
        "ITIN_PED": "Grande Randonnée",
        "ITIN_EQU": "Equibreizh",
        "ITIN_VEL": null,
        "LONGUEUR": 136.19,
        "DATE_MAJ": "20220503131555",
        "DPCollSIRET": "22350001800013",
        "DPCollNom": "DEPARTEMENT D ILLE ET VILAINE",
        "DPCollModication": "2026-06-01T09:05:39.569187Z"
      }
    },
    {
      "type": "Feature",
      "geometry": {
        "type": "LineString",
        "coordinates": [
          [
            -1.3508767082,
            48.2048855597
          ],
          [
            -1.3507241551,
            48.2047699373
          ],
          [
            -1.3496217967,
            48.204313446
          ],
          [
            -1.3492505552,
            48.2042234117
          ]
        ]
      },
      "properties": {
        "CD_TRONC": 16006,
        "INSEE_COM": "35154",
        "NOM_COM": "Livré-sur-Changeon",
        "INTERET": "Départementale",
        "REVET": "Terre",
        "STAT_JUR": "Chemin d'Exploitation",
        "DATE_CP": "20160125",
        "DATE_DEL": "20151113",
        "PRAT_PED": "OUI",
        "PRAT_EQU": "OUI",
        "ADMF_PED": "Ouvert",
        "ADMF_EQU": "Ouvert",
        "PRAT_VEL": null,
        "ADMF_VEL": null,
        "ITIN_PED": "Grande Randonnée",
        "ITIN_EQU": "Equibreizh",
        "ITIN_VEL": null,
        "LONGUEUR": 142.81,
        "DATE_MAJ": "20220503131555",
        "DPCollSIRET": "22350001800013",
        "DPCollNom": "DEPARTEMENT D ILLE ET VILAINE",
        "DPCollModication": "2026-06-01T09:05:39.5711907Z"
      }
    },
    {
      "type": "Feature",
      "geometry": {
        "type": "LineString",
        "coordinates": [
          [
            -1.4789878233,
            48.3162653026
          ],
          [
            -1.4791351052,
            48.3159216794
          ],
          [
            -1.4794041734,
            48.3154568355
          ],
          [
            -1.4798093287,
            48.3146126857
          ],
          [
            -1.4801746041,
            48.3139819795
          ],
          [
            -1.481013355,
            48.3126261824
          ]
        ]
      },
      "properties": {
        "CD_TRONC": 16023,
        "INSEE_COM": "35178",
        "NOM_COM": "Mézières-sur-Couesnon",
        "INTERET": "Locale",
        "REVET": "Terre",
        "STAT_JUR": "Chemin Rural",
        "DATE_CP": "20030224",
        "DATE_DEL": "20020712",
        "PRAT_PED": "OUI",
        "PRAT_EQU": "OUI",
        "ADMF_PED": "Ouvert",
        "ADMF_EQU": "Ouvert",
        "PRAT_VEL": "NON",
        "ADMF_VEL": null,
        "ITIN_PED": "Pédestre Local",
        "ITIN_EQU": "Equestre Local",
        "ITIN_VEL": null,
        "LONGUEUR": 431.79,
        "DATE_MAJ": "20220503131555",
        "DPCollSIRET": "22350001800013",
        "DPCollNom": "DEPARTEMENT D ILLE ET VILAINE",
        "DPCollModication": "2026-06-01T09:05:39.5973291Z"
      }
    },
    {
      "type": "Feature",
      "geometry": {
        "type": "LineString",
        "coordinates": [
          [
            -1.4558512134,
            48.2608971816
          ],
          [
            -1.4558488278,
            48.2606051832
          ],
          [
            -1.456286655,
            48.2604515644
          ],
          [
            -1.4574552062,
            48.2601243289
          ],
          [
            -1.4582845686,
            48.2599559273
          ],
          [
            -1.4588277364,
            48.2598340892
          ],
          [
            -1.4596698388,
            48.2597635535
          ],
          [
            -1.460326843,
            48.2595628973
          ],
          [
            -1.4608905682,
            48.2594730594
          ],
          [
            -1.4610983465,
            48.2593966609
          ]
        ]
      },
      "properties": {
        "CD_TRONC": 6640,
        "INSEE_COM": "35121",
        "NOM_COM": "Gosné",
        "INTERET": "Locale",
        "REVET": "Terre",
        "STAT_JUR": "Chemin d'Exploitation",
        "DATE_CP": "20030224",
        "DATE_DEL": "20020502",
        "PRAT_PED": "OUI",
        "PRAT_EQU": "NON",
        "ADMF_PED": "Ouvert",
        "ADMF_EQU": null,
        "PRAT_VEL": "NON",
        "ADMF_VEL": null,
        "ITIN_PED": "Pédestre Local",
        "ITIN_EQU": null,
        "ITIN_VEL": null,
        "LONGUEUR": 447.27,
        "DATE_MAJ": "20220503131555",
        "DPCollSIRET": "22350001800013",
        "DPCollNom": "DEPARTEMENT D ILLE ET VILAINE",
        "DPCollModication": "2026-06-01T09:05:40.3675192Z"
      }
    },
    {
      "type": "Feature",
      "geometry": {
        "type": "LineString",
        "coordinates": [
          [
            -1.5514813905,
            48.2179552916
          ],
          [
            -1.5494635182,
            48.2201078263
          ],
          [
            -1.5476030563,
            48.2220388485
          ],
          [
            -1.544955351,
            48.2248680698
          ],
          [
            -1.5449969333,
            48.2250061654
          ],
          [
            -1.5450027931,
            48.2250897577
          ],
          [
            -1.5449871984,
            48.225143533
          ],
          [
            -1.5449458563,
            48.2251802742
          ],
          [
            -1.5448871925,
            48.2252194849
          ],
          [
            -1.54476961,
            48.2252636679
          ]
        ]
      },
      "properties": {
        "CD_TRONC": 15501,
        "INSEE_COM": "35152",
        "NOM_COM": "Liffré",
        "INTERET": "Locale",
        "REVET": "Terre",
        "STAT_JUR": "Voie Privée",
        "DATE_CP": null,
        "DATE_DEL": "19911107",
        "PRAT_PED": "OUI",
        "PRAT_EQU": "OUI",
        "ADMF_PED": "Ouvert",
        "ADMF_EQU": "Fermé",
        "PRAT_VEL": null,
        "ADMF_VEL": null,
        "ITIN_PED": "Pédestre Local",
        "ITIN_EQU": "Equestre Local",
        "ITIN_VEL": null,
        "LONGUEUR": 960.73,
        "DATE_MAJ": "20220503131601",
        "DPCollSIRET": "22350001800013",
        "DPCollNom": "DEPARTEMENT D ILLE ET VILAINE",
        "DPCollModication": "2026-06-01T09:05:40.6141205Z"
      }
    },
    {
      "type": "Feature",
      "geometry": {
        "type": "LineString",
        "coordinates": [
          [
            -1.5341035629,
            48.189503984
          ],
          [
            -1.5332779766,
            48.1892608235
          ],
          [
            -1.5320113266,
            48.1894374772
          ],
          [
            -1.531488625,
            48.18873473
          ],
          [
            -1.5299724398,
            48.188187305
          ],
          [
            -1.5283296009,
            48.187687084
          ],
          [
            -1.5273358572,
            48.1881064711
          ],
          [
            -1.5272190627,
            48.1879234876
          ],
          [
            -1.5280189715,
            48.1873186682
          ],
          [
            -1.527931353,
            48.1870516474
          ],
          [
            -1.5283724368,
            48.1866318418
          ],
          [
            -1.5281338204,
            48.1863643089
          ],
          [
            -1.5268277289,
            48.1852013174
          ],
          [
            -1.5262022316,
            48.1845872147
          ],
          [
            -1.5242824729,
            48.1833864578
          ],
          [
            -1.5240605004,
            48.1833282774
          ],
          [
            -1.5239908601,
            48.1832705628
          ],
          [
            -1.5240147547,
            48.1832191745
          ],
          [
            -1.5240312764,
            48.1830346795
          ],
          [
            -1.5238375498,
            48.1825986799
          ],
          [
            -1.5238425453,
            48.1823740693
          ],
          [
            -1.5239331346,
            48.182173214
          ],
          [
            -1.5241241698,
            48.1819964454
          ],
          [
            -1.5242644884,
            48.1818883168
          ],
          [
            -1.5246549374,
            48.1818210642
          ],
          [
            -1.5252159682,
            48.1817157206
          ],
          [
            -1.5251202698,
            48.1814327845
          ],
          [
            -1.5254820111,
            48.181266588
          ],
          [
            -1.526052779,
            48.1812591064
          ],
          [
            -1.526336036,
            48.1811049319
          ],
          [
            -1.5264519793,
            48.1807913418
          ],
          [
            -1.526520997,
            48.1805119987
          ],
          [
            -1.5264201538,
            48.1803419212
          ],
          [
            -1.5263503678,
            48.1799840858
          ],
          [
            -1.5266523968,
            48.179656143
          ],
          [
            -1.5265438136,
            48.179411556
          ],
          [
            -1.5264643519,
            48.1791451216
          ],
          [
            -1.5263552311,
            48.178894246
          ],
          [
            -1.5261970758,
            48.1787786424
          ],
          [
            -1.5260787869,
            48.1786407791
          ],
          [
            -1.5261088866,
            48.1785675212
          ],
          [
            -1.5262090409,
            48.1785411453
          ],
          [
            -1.5263618542,
            48.1785316752
          ],
          [
            -1.5265097015,
            48.1784800352
          ],
          [
            -1.5266414728,
            48.1783352782
          ],
          [
            -1.5268327513,
            48.1782558334
          ],
          [
            -1.5277268799,
            48.1779339991
          ],
          [
            -1.5280563908,
            48.1778636656
          ],
          [
            -1.5291673642,
            48.1778074851
          ],
          [
            -1.5300959117,
            48.1775257692
          ],
          [
            -1.531060923,
            48.1770254339
          ],
          [
            -1.5324427871,
            48.1768443496
          ],
          [
            -1.5321031472,
            48.1759966703
          ],
          [
            -1.5316431433,
            48.1754104832
          ],
          [
            -1.5307494212,
            48.1750302297
          ],
          [
            -1.5305920168,
            48.1740917247
          ]
        ]
      },
      "properties": {
        "CD_TRONC": 15847,
        "INSEE_COM": "35152",
        "NOM_COM": "Liffré",
        "INTERET": "Locale",
        "REVET": "Terre",
        "STAT_JUR": "Voie Privée",
        "DATE_CP": null,
        "DATE_DEL": "19911107",
        "PRAT_PED": "NON",
        "PRAT_EQU": "OUI",
        "ADMF_PED": null,
        "ADMF_EQU": "Ouvert",
        "PRAT_VEL": null,
        "ADMF_VEL": null,
        "ITIN_PED": null,
        "ITIN_EQU": "Equestre Local",
        "ITIN_VEL": null,
        "LONGUEUR": 2851.66,
        "DATE_MAJ": "20220503131601",
        "DPCollSIRET": "22350001800013",
        "DPCollNom": "DEPARTEMENT D ILLE ET VILAINE",
        "DPCollModication": "2026-06-01T09:05:40.6787574Z"
      }
    },
    {
      "type": "Feature",
      "geometry": {
        "type": "LineString",
        "coordinates": [
          [
            -1.376203869,
            48.2581929195
          ],
          [
            -1.3762042744,
            48.2581118399
          ],
          [
            -1.3762009276,
            48.2579855973
          ],
          [
            -1.3760888489,
            48.25758204
          ],
          [
            -1.3759257295,
            48.2573806515
          ],
          [
            -1.3758929197,
            48.2572435791
          ],
          [
            -1.375922616,
            48.2569563665
          ],
          [
            -1.3760333657,
            48.2568711991
          ],
          [
            -1.376472418,
            48.2563971535
          ],
          [
            -1.3765841676,
            48.2561951183
          ],
          [
            -1.3766502252,
            48.2560877628
          ],
          [
            -1.3776481289,
            48.2551638349
          ],
          [
            -1.3783216247,
            48.2553200778
          ],
          [
            -1.3785207551,
            48.2552673953
          ]
        ]
      },
      "properties": {
        "CD_TRONC": 1508,
        "INSEE_COM": "35253",
        "NOM_COM": "Saint-Aubin-du-Cormier",
        "INTERET": "Locale",
        "REVET": "Empierré",
        "STAT_JUR": "Chemin Rural",
        "DATE_CP": "20030224",
        "DATE_DEL": "20020523",
        "PRAT_PED": "OUI",
        "PRAT_EQU": "NON",
        "ADMF_PED": "Ouvert",
        "ADMF_EQU": null,
        "PRAT_VEL": "NON",
        "ADMF_VEL": null,
        "ITIN_PED": "Pédestre Local",
        "ITIN_EQU": null,
        "ITIN_VEL": null,
        "LONGUEUR": 448.28,
        "DATE_MAJ": "20220503131601",
        "DPCollSIRET": "22350001800013",
        "DPCollNom": "DEPARTEMENT D ILLE ET VILAINE",
        "DPCollModication": "2026-06-01T09:05:40.7431823Z"
      }
    },
    {
      "type": "Feature",
      "geometry": {
        "type": "LineString",
        "coordinates": [
          [
            -1.4631582937,
            48.3103408157
          ],
          [
            -1.4632615931,
            48.3103376114
          ],
          [
            -1.4635008676,
            48.3102921204
          ],
          [
            -1.4640192984,
            48.3102940079
          ],
          [
            -1.4644748065,
            48.3103125757
          ],
          [
            -1.4657573049,
            48.3103046796
          ],
          [
            -1.4666859364,
            48.3103387494
          ],
          [
            -1.4677750371,
            48.3104525856
          ]
        ]
      },
      "properties": {
        "CD_TRONC": 999,
        "INSEE_COM": "35178",
        "NOM_COM": "Mézières-sur-Couesnon",
        "INTERET": "Départementale",
        "REVET": "Empierré",
        "STAT_JUR": "Chemin Rural",
        "DATE_CP": "20030224",
        "DATE_DEL": "20020712",
        "PRAT_PED": "OUI",
        "PRAT_EQU": "OUI",
        "ADMF_PED": "Ouvert",
        "ADMF_EQU": "Ouvert",
        "PRAT_VEL": "NON",
        "ADMF_VEL": null,
        "ITIN_PED": "Pédestre Local",
        "ITIN_EQU": "Equibreizh",
        "ITIN_VEL": null,
        "LONGUEUR": 344.17,
        "DATE_MAJ": "20220503131601",
        "DPCollSIRET": "22350001800013",
        "DPCollNom": "DEPARTEMENT D ILLE ET VILAINE",
        "DPCollModication": "2026-06-01T09:05:40.8434852Z"
      }
    },
    {
      "type": "Feature",
      "geometry": {
        "type": "LineString",
        "coordinates": [
          [
            -1.4444397421,
            48.3090224613
          ],
          [
            -1.4449218167,
            48.3084249563
          ],
          [
            -1.4465951032,
            48.3080091659
          ]
        ]
      },
      "properties": {
        "CD_TRONC": 1517,
        "INSEE_COM": "35178",
        "NOM_COM": "Mézières-sur-Couesnon",
        "INTERET": "Départementale",
        "REVET": "Empierré",
        "STAT_JUR": "Chemin Rural",
        "DATE_CP": null,
        "DATE_DEL": null,
        "PRAT_PED": "OUI",
        "PRAT_EQU": "NON",
        "ADMF_PED": "Ouvert",
        "ADMF_EQU": null,
        "PRAT_VEL": "NON",
        "ADMF_VEL": null,
        "ITIN_PED": "Grande Randonnée",
        "ITIN_EQU": null,
        "ITIN_VEL": null,
        "LONGUEUR": 207.81,
        "DATE_MAJ": "20220503131601",
        "DPCollSIRET": "22350001800013",
        "DPCollNom": "DEPARTEMENT D ILLE ET VILAINE",
        "DPCollModication": "2026-06-01T09:05:40.8747372Z"
      }
    },
    {
      "type": "Feature",
      "geometry": {
        "type": "LineString",
        "coordinates": [
          [
            -1.3799642315,
            48.2407391361
          ],
          [
            -1.3802232083,
            48.242789382
          ],
          [
            -1.380428274,
            48.2444224549
          ],
          [
            -1.3806514756,
            48.2460882842
          ],
          [
            -1.3778580378,
            48.2462484425
          ]
        ]
      },
      "properties": {
        "CD_TRONC": 1477,
        "INSEE_COM": "35253",
        "NOM_COM": "Saint-Aubin-du-Cormier",
        "INTERET": "Locale",
        "REVET": "Terre",
        "STAT_JUR": "Chemin Rural",
        "DATE_CP": null,
        "DATE_DEL": "19910328",
        "PRAT_PED": "NON",
        "PRAT_EQU": "OUI",
        "ADMF_PED": null,
        "ADMF_EQU": "Fermé",
        "PRAT_VEL": "NON",
        "ADMF_VEL": null,
        "ITIN_PED": null,
        "ITIN_EQU": "Equestre Local",
        "ITIN_VEL": null,
        "LONGUEUR": 804.82,
        "DATE_MAJ": "20220503131601",
        "DPCollSIRET": "22350001800013",
        "DPCollNom": "DEPARTEMENT D ILLE ET VILAINE",
        "DPCollModication": "2026-06-01T09:05:40.8833174Z"
      }
    },
    {
      "type": "Feature",
      "geometry": {
        "type": "LineString",
        "coordinates": [
          [
            -1.4646067088,
            48.2556283207
          ],
          [
            -1.4646065077,
            48.2554363825
          ],
          [
            -1.4645400943,
            48.255137264
          ],
          [
            -1.4646090964,
            48.2544980151
          ],
          [
            -1.4645665153,
            48.2544218486
          ],
          [
            -1.4644632113,
            48.2539563043
          ],
          [
            -1.464410163,
            48.2536674101
          ],
          [
            -1.4642532307,
            48.2535851181
          ],
          [
            -1.4640259236,
            48.253515023
          ],
          [
            -1.4636461156,
            48.2534781117
          ],
          [
            -1.4631273699,
            48.2534869851
          ]
        ]
      },
      "properties": {
        "CD_TRONC": 1500,
        "INSEE_COM": "35121",
        "NOM_COM": "Gosné",
        "INTERET": "Locale",
        "REVET": "Terre",
        "STAT_JUR": "Chemin Rural",
        "DATE_CP": "20030224",
        "DATE_DEL": "20020502",
        "PRAT_PED": "OUI",
        "PRAT_EQU": "NON",
        "ADMF_PED": "Ouvert",
        "ADMF_EQU": null,
        "PRAT_VEL": "NON",
        "ADMF_VEL": null,
        "ITIN_PED": "Pédestre Local",
        "ITIN_EQU": null,
        "ITIN_VEL": null,
        "LONGUEUR": 320.26,
        "DATE_MAJ": "20220503131601",
        "DPCollSIRET": "22350001800013",
        "DPCollNom": "DEPARTEMENT D ILLE ET VILAINE",
        "DPCollModication": "2026-06-01T09:05:40.8901765Z"
      }
    },
    {
      "type": "Feature",
      "geometry": {
        "type": "LineString",
        "coordinates": [
          [
            -1.4702954742,
            48.2469062322
          ],
          [
            -1.4702193031,
            48.2468920665
          ],
          [
            -1.4697085385,
            48.2469648107
          ],
          [
            -1.4692364442,
            48.2469884002
          ],
          [
            -1.4686414428,
            48.2469098151
          ],
          [
            -1.4682291245,
            48.2468300379
          ],
          [
            -1.4672800386,
            48.2466847264
          ],
          [
            -1.4669046882,
            48.2467714109
          ]
        ]
      },
      "properties": {
        "CD_TRONC": 1501,
        "INSEE_COM": "35121",
        "NOM_COM": "Gosné",
        "INTERET": "Locale",
        "REVET": "Goudron",
        "STAT_JUR": "Chemin Rural",
        "DATE_CP": "20030224",
        "DATE_DEL": "20020502",
        "PRAT_PED": "OUI",
        "PRAT_EQU": "NON",
        "ADMF_PED": "Ouvert",
        "ADMF_EQU": null,
        "PRAT_VEL": "NON",
        "ADMF_VEL": null,
        "ITIN_PED": "Pédestre Local",
        "ITIN_EQU": null,
        "ITIN_VEL": null,
        "LONGUEUR": 258.43,
        "DATE_MAJ": "20220503131601",
        "DPCollSIRET": "22350001800013",
        "DPCollNom": "DEPARTEMENT D ILLE ET VILAINE",
        "DPCollModication": "2026-06-01T09:05:40.8916701Z"
      }
    },
    {
      "type": "Feature",
      "geometry": {
        "type": "LineString",
        "coordinates": [
          [
            -1.3733864921,
            48.2243229761
          ],
          [
            -1.3733485926,
            48.2250855449
          ],
          [
            -1.3732999897,
            48.2253126898
          ],
          [
            -1.3731548812,
            48.2255509217
          ],
          [
            -1.3725164343,
            48.2258950607
          ]
        ]
      },
      "properties": {
        "CD_TRONC": 5879,
        "INSEE_COM": "35154",
        "NOM_COM": "Livré-sur-Changeon",
        "INTERET": "Locale",
        "REVET": "Goudron",
        "STAT_JUR": "Voie Communale",
        "DATE_CP": "20030224",
        "DATE_DEL": "20020916",
        "PRAT_PED": "NON",
        "PRAT_EQU": "OUI",
        "ADMF_PED": null,
        "ADMF_EQU": "Ouvert",
        "PRAT_VEL": "NON",
        "ADMF_VEL": null,
        "ITIN_PED": null,
        "ITIN_EQU": "Equestre Local",
        "ITIN_VEL": null,
        "LONGUEUR": 199.8,
        "DATE_MAJ": "20220503131601",
        "DPCollSIRET": "22350001800013",
        "DPCollNom": "DEPARTEMENT D ILLE ET VILAINE",
        "DPCollModication": "2026-06-01T09:05:41.0091781Z"
      }
    },
    {
      "type": "Feature",
      "geometry": {
        "type": "LineString",
        "coordinates": [
          [
            -1.4702954742,
            48.2469062322
          ],
          [
            -1.4711953443,
            48.2467827493
          ]
        ]
      },
      "properties": {
        "CD_TRONC": 8764,
        "INSEE_COM": "35121",
        "NOM_COM": "Gosné",
        "INTERET": "Locale",
        "REVET": "Goudron",
        "STAT_JUR": "Chemin Rural",
        "DATE_CP": "20030224",
        "DATE_DEL": "20020502",
        "PRAT_PED": "OUI",
        "PRAT_EQU": "NON",
        "ADMF_PED": "Fermé",
        "ADMF_EQU": null,
        "PRAT_VEL": "NON",
        "ADMF_VEL": null,
        "ITIN_PED": "Pédestre Local",
        "ITIN_EQU": null,
        "ITIN_VEL": null,
        "LONGUEUR": 68.19,
        "DATE_MAJ": "20220503131601",
        "DPCollSIRET": "22350001800013",
        "DPCollNom": "DEPARTEMENT D ILLE ET VILAINE",
        "DPCollModication": "2026-06-01T09:05:41.0545262Z"
      }
    },
    {
      "type": "Feature",
      "geometry": {
        "type": "LineString",
        "coordinates": [
          [
            -1.4628854856,
            48.2508637214
          ],
          [
            -1.4636868686,
            48.250672488
          ],
          [
            -1.4639868876,
            48.2505264284
          ],
          [
            -1.4649900043,
            48.2498721346
          ],
          [
            -1.4659066814,
            48.2492723646
          ],
          [
            -1.4665833925,
            48.2486637796
          ],
          [
            -1.4667460801,
            48.248519329
          ],
          [
            -1.466995888,
            48.248391851
          ],
          [
            -1.4675650934,
            48.2482159855
          ]
        ]
      },
      "properties": {
        "CD_TRONC": 8771,
        "INSEE_COM": "35121",
        "NOM_COM": "Gosné",
        "INTERET": "Locale",
        "REVET": "Goudron",
        "STAT_JUR": "Chemin Rural",
        "DATE_CP": "20030224",
        "DATE_DEL": "20020502",
        "PRAT_PED": "OUI",
        "PRAT_EQU": "NON",
        "ADMF_PED": "Ouvert",
        "ADMF_EQU": null,
        "PRAT_VEL": "NON",
        "ADMF_VEL": null,
        "ITIN_PED": "Pédestre Local",
        "ITIN_EQU": null,
        "ITIN_VEL": null,
        "LONGUEUR": 464.29,
        "DATE_MAJ": "20220503131601",
        "DPCollSIRET": "22350001800013",
        "DPCollNom": "DEPARTEMENT D ILLE ET VILAINE",
        "DPCollModication": "2026-06-01T09:05:41.0558021Z"
      }
    },
    {
      "type": "Feature",
      "geometry": {
        "type": "LineString",
        "coordinates": [
          [
            -1.3539479145,
            48.2103283276
          ],
          [
            -1.3539985634,
            48.2104452024
          ],
          [
            -1.3537699039,
            48.2113739813
          ],
          [
            -1.3535580573,
            48.2121781545
          ],
          [
            -1.3533202676,
            48.2131520928
          ],
          [
            -1.3549177081,
            48.2132810439
          ],
          [
            -1.3553595714,
            48.21328993
          ],
          [
            -1.3571526177,
            48.2133015603
          ],
          [
            -1.357348525,
            48.2138417658
          ],
          [
            -1.3574276718,
            48.2140144554
          ],
          [
            -1.3569962087,
            48.2142925304
          ],
          [
            -1.3577009874,
            48.2149293499
          ],
          [
            -1.3582506211,
            48.2152428587
          ],
          [
            -1.3590195575,
            48.2158095864
          ]
        ]
      },
      "properties": {
        "CD_TRONC": 6620,
        "INSEE_COM": "35154",
        "NOM_COM": "Livré-sur-Changeon",
        "INTERET": "Départementale",
        "REVET": "Terre",
        "STAT_JUR": "Chemin d'Exploitation",
        "DATE_CP": "20030224",
        "DATE_DEL": "19910510",
        "PRAT_PED": "OUI",
        "PRAT_EQU": "OUI",
        "ADMF_PED": "Ouvert",
        "ADMF_EQU": "Ouvert",
        "PRAT_VEL": "NON",
        "ADMF_VEL": null,
        "ITIN_PED": "Grande Randonnée",
        "ITIN_EQU": "Equibreizh",
        "ITIN_VEL": null,
        "LONGUEUR": 957.2,
        "DATE_MAJ": "20220503131601",
        "DPCollSIRET": "22350001800013",
        "DPCollNom": "DEPARTEMENT D ILLE ET VILAINE",
        "DPCollModication": "2026-06-01T09:05:41.0594369Z"
      }
    },
    {
      "type": "Feature",
      "geometry": {
        "type": "LineString",
        "coordinates": [
          [
            -1.3691350608,
            48.2245636995
          ],
          [
            -1.3682428502,
            48.2249298699
          ],
          [
            -1.3681095706,
            48.2250203337
          ],
          [
            -1.3673866347,
            48.2256145469
          ],
          [
            -1.3670920329,
            48.2260727409
          ]
        ]
      },
      "properties": {
        "CD_TRONC": 6629,
        "INSEE_COM": "35154",
        "NOM_COM": "Livré-sur-Changeon",
        "INTERET": "Départementale",
        "REVET": "Terre",
        "STAT_JUR": "Chemin d'Exploitation",
        "DATE_CP": "20030224",
        "DATE_DEL": "19910510",
        "PRAT_PED": "OUI",
        "PRAT_EQU": "OUI",
        "ADMF_PED": "Ouvert",
        "ADMF_EQU": "Ouvert",
        "PRAT_VEL": "NON",
        "ADMF_VEL": null,
        "ITIN_PED": "Grande Randonnée",
        "ITIN_EQU": "Equibreizh",
        "ITIN_VEL": null,
        "LONGUEUR": 232.4,
        "DATE_MAJ": "20220503131601",
        "DPCollSIRET": "22350001800013",
        "DPCollNom": "DEPARTEMENT D ILLE ET VILAINE",
        "DPCollModication": "2026-06-01T09:05:41.0620449Z"
      }
    },
    {
      "type": "Feature",
      "geometry": {
        "type": "LineString",
        "coordinates": [
          [
            -1.4777470427,
            48.2460039722
          ],
          [
            -1.4782917142,
            48.2462694543
          ],
          [
            -1.4784969319,
            48.2463212835
          ],
          [
            -1.4790467873,
            48.2461752464
          ],
          [
            -1.4794286674,
            48.2462054701
          ],
          [
            -1.4796493496,
            48.2463342061
          ],
          [
            -1.4798759431,
            48.2465849209
          ],
          [
            -1.4801900389,
            48.2467101113
          ],
          [
            -1.4805564039,
            48.2467677466
          ],
          [
            -1.4809109938,
            48.2467393896
          ],
          [
            -1.4815964146,
            48.2466656911
          ],
          [
            -1.4823630667,
            48.2468124496
          ],
          [
            -1.4828405909,
            48.2469701788
          ],
          [
            -1.4832483137,
            48.2471991087
          ],
          [
            -1.4839646442,
            48.2476458253
          ],
          [
            -1.484501896,
            48.2481380867
          ],
          [
            -1.4847799353,
            48.2485209653
          ],
          [
            -1.4849245299,
            48.248908911
          ]
        ]
      },
      "properties": {
        "CD_TRONC": 5866,
        "INSEE_COM": "35121",
        "NOM_COM": "Gosné",
        "INTERET": "Locale",
        "REVET": "Goudron",
        "STAT_JUR": "Voie Communale",
        "DATE_CP": "20030224",
        "DATE_DEL": "20020502",
        "PRAT_PED": "OUI",
        "PRAT_EQU": "NON",
        "ADMF_PED": "Fermé",
        "ADMF_EQU": null,
        "PRAT_VEL": "NON",
        "ADMF_VEL": null,
        "ITIN_PED": "Pédestre Local",
        "ITIN_EQU": null,
        "ITIN_VEL": null,
        "LONGUEUR": 696.71,
        "DATE_MAJ": "20220503131601",
        "DPCollSIRET": "22350001800013",
        "DPCollNom": "DEPARTEMENT D ILLE ET VILAINE",
        "DPCollModication": "2026-06-01T09:05:41.230477Z"
      }
    },
    {
      "type": "Feature",
      "geometry": {
        "type": "LineString",
        "coordinates": [
          [
            -1.3405953807,
            48.2470970754
          ],
          [
            -1.3401822829,
            48.2471957045
          ],
          [
            -1.3394881209,
            48.2474357926
          ],
          [
            -1.3377572737,
            48.2482217943
          ],
          [
            -1.3362617006,
            48.2489609836
          ],
          [
            -1.3356057497,
            48.249318854
          ],
          [
            -1.3344682977,
            48.2501593133
          ],
          [
            -1.3320963081,
            48.2502701785
          ]
        ]
      },
      "properties": {
        "CD_TRONC": 8790,
        "INSEE_COM": "35154",
        "NOM_COM": "Livré-sur-Changeon",
        "INTERET": "Locale",
        "REVET": "Goudron",
        "STAT_JUR": "Chemin Rural",
        "DATE_CP": null,
        "DATE_DEL": "19910510",
        "PRAT_PED": "OUI",
        "PRAT_EQU": "OUI",
        "ADMF_PED": "Fermé",
        "ADMF_EQU": "Fermé",
        "PRAT_VEL": "NON",
        "ADMF_VEL": null,
        "ITIN_PED": "Pédestre Local",
        "ITIN_EQU": "Equestre Local",
        "ITIN_VEL": null,
        "LONGUEUR": 749.35,
        "DATE_MAJ": "20220503131601",
        "DPCollSIRET": "22350001800013",
        "DPCollNom": "DEPARTEMENT D ILLE ET VILAINE",
        "DPCollModication": "2026-06-01T09:05:41.2441009Z"
      }
    },
    {
      "type": "Feature",
      "geometry": {
        "type": "LineString",
        "coordinates": [
          [
            -1.3601195678,
            48.256723874
          ],
          [
            -1.3588153031,
            48.2564544859
          ],
          [
            -1.3583490005,
            48.2565321455
          ],
          [
            -1.3577203388,
            48.2569839522
          ],
          [
            -1.3572065915,
            48.2563880047
          ],
          [
            -1.3565601357,
            48.2552471475
          ],
          [
            -1.3558492815,
            48.2545313664
          ],
          [
            -1.3533192418,
            48.253629639
          ],
          [
            -1.3518212265,
            48.2524524629
          ],
          [
            -1.3513208519,
            48.2520450981
          ],
          [
            -1.3513802608,
            48.2515481675
          ],
          [
            -1.3502423986,
            48.251466829
          ],
          [
            -1.3502076801,
            48.2509728504
          ],
          [
            -1.3483123186,
            48.2508522309
          ],
          [
            -1.3467846852,
            48.2505940468
          ],
          [
            -1.3440412735,
            48.2506799405
          ]
        ]
      },
      "properties": {
        "CD_TRONC": 1020,
        "INSEE_COM": "35253",
        "NOM_COM": "Saint-Aubin-du-Cormier",
        "INTERET": "Locale",
        "REVET": "Terre",
        "STAT_JUR": "Voie Privée",
        "DATE_CP": null,
        "DATE_DEL": "19910328",
        "PRAT_PED": "OUI",
        "PRAT_EQU": "OUI",
        "ADMF_PED": "Fermé",
        "ADMF_EQU": "Fermé",
        "PRAT_VEL": "NON",
        "ADMF_VEL": null,
        "ITIN_PED": "Pédestre Local",
        "ITIN_EQU": "Equestre Local",
        "ITIN_VEL": null,
        "LONGUEUR": 1613.56,
        "DATE_MAJ": "20220503131601",
        "DPCollSIRET": "22350001800013",
        "DPCollNom": "DEPARTEMENT D ILLE ET VILAINE",
        "DPCollModication": "2026-06-01T09:05:41.3438768Z"
      }
    },
    {
      "type": "Feature",
      "geometry": {
        "type": "LineString",
        "coordinates": [
          [
            -1.4714265421,
            48.2546068822
          ],
          [
            -1.4713963894,
            48.2544619777
          ],
          [
            -1.4714751873,
            48.2542861234
          ],
          [
            -1.4716492458,
            48.2540232068
          ],
          [
            -1.4716783492,
            48.2538402919
          ],
          [
            -1.471536634,
            48.2536429794
          ],
          [
            -1.4715347775,
            48.2535685365
          ],
          [
            -1.4717229362,
            48.2533140274
          ],
          [
            -1.4721343562,
            48.2529556876
          ],
          [
            -1.4725683809,
            48.2528110892
          ],
          [
            -1.472974837,
            48.2524469724
          ],
          [
            -1.4733171479,
            48.2520107701
          ],
          [
            -1.4734888271,
            48.251667465
          ],
          [
            -1.473757296,
            48.251412891
          ],
          [
            -1.4739368575,
            48.2510573642
          ],
          [
            -1.4740411653,
            48.2509192874
          ],
          [
            -1.4744812885,
            48.250741664
          ],
          [
            -1.4747055165,
            48.2504917437
          ]
        ]
      },
      "properties": {
        "CD_TRONC": 8772,
        "INSEE_COM": "35121",
        "NOM_COM": "Gosné",
        "INTERET": "Locale",
        "REVET": "Terre",
        "STAT_JUR": "Chemin Rural",
        "DATE_CP": "20030224",
        "DATE_DEL": "20020502",
        "PRAT_PED": "OUI",
        "PRAT_EQU": "NON",
        "ADMF_PED": "Ouvert",
        "ADMF_EQU": null,
        "PRAT_VEL": "NON",
        "ADMF_VEL": null,
        "ITIN_PED": "Pédestre Local",
        "ITIN_EQU": null,
        "ITIN_VEL": null,
        "LONGUEUR": 548.87,
        "DATE_MAJ": "20220503131601",
        "DPCollSIRET": "22350001800013",
        "DPCollNom": "DEPARTEMENT D ILLE ET VILAINE",
        "DPCollModication": "2026-06-01T09:05:41.3927333Z"
      }
    },
    {
      "type": "Feature",
      "geometry": {
        "type": "LineString",
        "coordinates": [
          [
            -1.362666123,
            48.2359203654
          ],
          [
            -1.3625792543,
            48.2360609102
          ],
          [
            -1.3622767433,
            48.2362609212
          ],
          [
            -1.3611645039,
            48.2367544532
          ],
          [
            -1.3598581859,
            48.2374145879
          ],
          [
            -1.3596093175,
            48.2374998157
          ],
          [
            -1.3595038954,
            48.2374548498
          ],
          [
            -1.3577836695,
            48.2381721144
          ],
          [
            -1.3575639803,
            48.2382345829
          ],
          [
            -1.3571529549,
            48.2378477628
          ],
          [
            -1.3547033265,
            48.2381870439
          ]
        ]
      },
      "properties": {
        "CD_TRONC": 8781,
        "INSEE_COM": "35154",
        "NOM_COM": "Livré-sur-Changeon",
        "INTERET": "Départementale",
        "REVET": "Goudron",
        "STAT_JUR": "Chemin Rural",
        "DATE_CP": null,
        "DATE_DEL": "19910510",
        "PRAT_PED": "OUI",
        "PRAT_EQU": "OUI",
        "ADMF_PED": "Ouvert",
        "ADMF_EQU": "Ouvert",
        "PRAT_VEL": "NON",
        "ADMF_VEL": null,
        "ITIN_PED": "Grande Randonnée",
        "ITIN_EQU": "Equibreizh",
        "ITIN_VEL": null,
        "LONGUEUR": 706.04,
        "DATE_MAJ": "20220503131601",
        "DPCollSIRET": "22350001800013",
        "DPCollNom": "DEPARTEMENT D ILLE ET VILAINE",
        "DPCollModication": "2026-06-01T09:05:41.4002698Z"
      }
    },
    {
      "type": "Feature",
      "geometry": {
        "type": "LineString",
        "coordinates": [
          [
            -1.4749144597,
            48.2765364327
          ],
          [
            -1.474195657,
            48.2763815203
          ],
          [
            -1.473162199,
            48.2759558973
          ],
          [
            -1.4731218321,
            48.2758129765
          ],
          [
            -1.4734985008,
            48.2754846966
          ],
          [
            -1.4748959164,
            48.274879108
          ],
          [
            -1.4748276819,
            48.274297614
          ],
          [
            -1.4814312957,
            48.272931917
          ]
        ]
      },
      "properties": {
        "CD_TRONC": 6756,
        "INSEE_COM": "35253",
        "NOM_COM": "Saint-Aubin-du-Cormier",
        "INTERET": "Locale",
        "REVET": "Terre",
        "STAT_JUR": "Voie Privée",
        "DATE_CP": null,
        "DATE_DEL": "19910328",
        "PRAT_PED": "NON",
        "PRAT_EQU": "OUI",
        "ADMF_PED": null,
        "ADMF_EQU": "Fermé",
        "PRAT_VEL": "NON",
        "ADMF_VEL": null,
        "ITIN_PED": null,
        "ITIN_EQU": "Equestre Local",
        "ITIN_VEL": null,
        "LONGUEUR": 909.61,
        "DATE_MAJ": "20220503131601",
        "DPCollSIRET": "22350001800013",
        "DPCollNom": "DEPARTEMENT D ILLE ET VILAINE",
        "DPCollModication": "2026-06-01T09:05:41.4179341Z"
      }
    },
    {
      "type": "Feature",
      "geometry": {
        "type": "LineString",
        "coordinates": [
          [
            -1.354763166,
            48.2092505866
          ],
          [
            -1.3539479145,
            48.2103283276
          ]
        ]
      },
      "properties": {
        "CD_TRONC": 965,
        "INSEE_COM": "35154",
        "NOM_COM": "Livré-sur-Changeon",
        "INTERET": "Départementale",
        "REVET": "Goudron",
        "STAT_JUR": "Route Départementale",
        "DATE_CP": null,
        "DATE_DEL": "19910510",
        "PRAT_PED": "OUI",
        "PRAT_EQU": "OUI",
        "ADMF_PED": "Ouvert",
        "ADMF_EQU": "Ouvert",
        "PRAT_VEL": "NON",
        "ADMF_VEL": null,
        "ITIN_PED": "Grande Randonnée",
        "ITIN_EQU": "Equibreizh",
        "ITIN_VEL": null,
        "LONGUEUR": 134.22,
        "DATE_MAJ": "20220503131601",
        "DPCollSIRET": "22350001800013",
        "DPCollNom": "DEPARTEMENT D ILLE ET VILAINE",
        "DPCollModication": "2026-06-01T09:05:41.5301017Z"
      }
    },
    {
      "type": "Feature",
      "geometry": {
        "type": "LineString",
        "coordinates": [
          [
            -1.4402564026,
            48.3133833422
          ],
          [
            -1.4397817914,
            48.3131108564
          ],
          [
            -1.4399373202,
            48.3125120519
          ]
        ]
      },
      "properties": {
        "CD_TRONC": 971,
        "INSEE_COM": "35178",
        "NOM_COM": "Mézières-sur-Couesnon",
        "INTERET": "Départementale",
        "REVET": "Terre",
        "STAT_JUR": "Voie Privée",
        "DATE_CP": null,
        "DATE_DEL": null,
        "PRAT_PED": "OUI",
        "PRAT_EQU": "NON",
        "ADMF_PED": "Ouvert",
        "ADMF_EQU": null,
        "PRAT_VEL": "NON",
        "ADMF_VEL": null,
        "ITIN_PED": "Grande Randonnée",
        "ITIN_EQU": null,
        "ITIN_VEL": null,
        "LONGUEUR": 113.97,
        "DATE_MAJ": "20220503131601",
        "DPCollSIRET": "22350001800013",
        "DPCollNom": "DEPARTEMENT D ILLE ET VILAINE",
        "DPCollModication": "2026-06-01T09:05:41.5313593Z"
      }
    },
    {
      "type": "Feature",
      "geometry": {
        "type": "LineString",
        "coordinates": [
          [
            -1.58396959,
            48.1933978696
          ],
          [
            -1.5843219778,
            48.1929708493
          ],
          [
            -1.5858892349,
            48.1910739516
          ],
          [
            -1.5876020791,
            48.1891139562
          ]
        ]
      },
      "properties": {
        "CD_TRONC": 15637,
        "INSEE_COM": "35152",
        "NOM_COM": "Liffré",
        "INTERET": "Locale",
        "REVET": "Terre",
        "STAT_JUR": "Voie Privée",
        "DATE_CP": "20090928",
        "DATE_DEL": "20090619",
        "PRAT_PED": "NON",
        "PRAT_EQU": "OUI",
        "ADMF_PED": null,
        "ADMF_EQU": "Ouvert",
        "PRAT_VEL": null,
        "ADMF_VEL": null,
        "ITIN_PED": null,
        "ITIN_EQU": "Equestre Local",
        "ITIN_VEL": null,
        "LONGUEUR": 547.34,
        "DATE_MAJ": "20220503131601",
        "DPCollSIRET": "22350001800013",
        "DPCollNom": "DEPARTEMENT D ILLE ET VILAINE",
        "DPCollModication": "2026-06-01T09:05:41.5820554Z"
      }
    },
    {
      "type": "Feature",
      "geometry": {
        "type": "LineString",
        "coordinates": [
          [
            -1.5876020791,
            48.1891139562
          ],
          [
            -1.5897052927,
            48.1898692347
          ]
        ]
      },
      "properties": {
        "CD_TRONC": 16025,
        "INSEE_COM": "35152",
        "NOM_COM": "Liffré",
        "INTERET": "Locale",
        "REVET": "Terre",
        "STAT_JUR": "Voie Privée",
        "DATE_CP": null,
        "DATE_DEL": null,
        "PRAT_PED": null,
        "PRAT_EQU": "NON",
        "ADMF_PED": null,
        "ADMF_EQU": "Ajout",
        "PRAT_VEL": null,
        "ADMF_VEL": null,
        "ITIN_PED": null,
        "ITIN_EQU": "Equestre Local",
        "ITIN_VEL": null,
        "LONGUEUR": 177.41,
        "DATE_MAJ": "20220503131601",
        "DPCollSIRET": "22350001800013",
        "DPCollNom": "DEPARTEMENT D ILLE ET VILAINE",
        "DPCollModication": "2026-06-01T09:05:41.5833996Z"
      }
    },
    {
      "type": "Feature",
      "geometry": {
        "type": "LineString",
        "coordinates": [
          [
            -1.5876020791,
            48.1891139562
          ],
          [
            -1.5879939052,
            48.1886655676
          ]
        ]
      },
      "properties": {
        "CD_TRONC": 16026,
        "INSEE_COM": "35152",
        "NOM_COM": "Liffré",
        "INTERET": "Locale",
        "REVET": "Terre",
        "STAT_JUR": "Voie Privée",
        "DATE_CP": "20090928",
        "DATE_DEL": "20090619",
        "PRAT_PED": "NON",
        "PRAT_EQU": "OUI",
        "ADMF_PED": null,
        "ADMF_EQU": "Suppression",
        "PRAT_VEL": null,
        "ADMF_VEL": null,
        "ITIN_PED": null,
        "ITIN_EQU": "Equestre Local",
        "ITIN_VEL": null,
        "LONGUEUR": 57.72,
        "DATE_MAJ": "20220503131601",
        "DPCollSIRET": "22350001800013",
        "DPCollNom": "DEPARTEMENT D ILLE ET VILAINE",
        "DPCollModication": "2026-06-01T09:05:41.584642Z"
      }
    },
    {
      "type": "Feature",
      "geometry": {
        "type": "LineString",
        "coordinates": [
          [
            -1.4543643074,
            48.1952239362
          ],
          [
            -1.4535884867,
            48.1956939257
          ],
          [
            -1.4529714246,
            48.1962083862
          ],
          [
            -1.4521476172,
            48.1965413874
          ],
          [
            -1.4516326313,
            48.1961255279
          ],
          [
            -1.4515838951,
            48.1954523486
          ],
          [
            -1.451357512,
            48.1949102411
          ],
          [
            -1.450921227,
            48.19541066
          ],
          [
            -1.4506442107,
            48.1954823939
          ],
          [
            -1.4493827609,
            48.1949739186
          ],
          [
            -1.4474389953,
            48.1954689822
          ],
          [
            -1.4452447812,
            48.1962555312
          ],
          [
            -1.4446840615,
            48.1963839019
          ],
          [
            -1.4441233584,
            48.1965924778
          ],
          [
            -1.4438973121,
            48.196853334
          ],
          [
            -1.4438287444,
            48.1970794193
          ],
          [
            -1.4438332672,
            48.1974370333
          ],
          [
            -1.4437529268,
            48.1975554154
          ],
          [
            -1.4435881195,
            48.1977112251
          ],
          [
            -1.443691492,
            48.197946155
          ]
        ]
      },
      "properties": {
        "CD_TRONC": 15817,
        "INSEE_COM": "35031",
        "NOM_COM": "La Bouëxière",
        "INTERET": "Locale",
        "REVET": "Empierré",
        "STAT_JUR": "Voie Privée",
        "DATE_CP": null,
        "DATE_DEL": "19910419",
        "PRAT_PED": "OUI",
        "PRAT_EQU": "NON",
        "ADMF_PED": "Ouvert",
        "ADMF_EQU": null,
        "PRAT_VEL": null,
        "ADMF_VEL": null,
        "ITIN_PED": "Pédestre Local",
        "ITIN_EQU": null,
        "ITIN_VEL": null,
        "LONGUEUR": 1208.99,
        "DATE_MAJ": "20220503131606",
        "DPCollSIRET": "22350001800013",
        "DPCollNom": "DEPARTEMENT D ILLE ET VILAINE",
        "DPCollModication": "2026-06-01T09:05:42.4248012Z"
      }
    },
    {
      "type": "Feature",
      "geometry": {
        "type": "LineString",
        "coordinates": [
          [
            -1.443691492,
            48.197946155
          ],
          [
            -1.4436923803,
            48.1982606471
          ]
        ]
      },
      "properties": {
        "CD_TRONC": 15819,
        "INSEE_COM": "35031",
        "NOM_COM": "La Bouëxière",
        "INTERET": "Locale",
        "REVET": "Empierré",
        "STAT_JUR": "Voie Privée",
        "DATE_CP": "19990426",
        "DATE_DEL": "19981221",
        "PRAT_PED": "OUI",
        "PRAT_EQU": "NON",
        "ADMF_PED": "Ouvert",
        "ADMF_EQU": null,
        "PRAT_VEL": null,
        "ADMF_VEL": null,
        "ITIN_PED": "Pédestre Local",
        "ITIN_EQU": null,
        "ITIN_VEL": null,
        "LONGUEUR": 34.95,
        "DATE_MAJ": "20220503131606",
        "DPCollSIRET": "22350001800013",
        "DPCollNom": "DEPARTEMENT D ILLE ET VILAINE",
        "DPCollModication": "2026-06-01T09:05:42.4279513Z"
      }
    },
    {
      "type": "Feature",
      "geometry": {
        "type": "LineString",
        "coordinates": [
          [
            -1.4224235367,
            48.1684752484
          ],
          [
            -1.4226147216,
            48.1685059293
          ],
          [
            -1.4234091984,
            48.1686780033
          ],
          [
            -1.4257363413,
            48.1692134301
          ],
          [
            -1.4257386506,
            48.1692088373
          ]
        ]
      },
      "properties": {
        "CD_TRONC": 15820,
        "INSEE_COM": "35031",
        "NOM_COM": "La Bouëxière",
        "INTERET": "Locale",
        "REVET": "Goudron",
        "STAT_JUR": "Chemin Rural",
        "DATE_CP": null,
        "DATE_DEL": "19990226",
        "PRAT_PED": "OUI",
        "PRAT_EQU": "NON",
        "ADMF_PED": "Ouvert",
        "ADMF_EQU": null,
        "PRAT_VEL": null,
        "ADMF_VEL": null,
        "ITIN_PED": "Pédestre Local",
        "ITIN_EQU": null,
        "ITIN_VEL": null,
        "LONGUEUR": 260.19,
        "DATE_MAJ": "20220503131606",
        "DPCollSIRET": "22350001800013",
        "DPCollNom": "DEPARTEMENT D ILLE ET VILAINE",
        "DPCollModication": "2026-06-01T09:05:42.4301215Z"
      }
    },
    {
      "type": "Feature",
      "geometry": {
        "type": "LineString",
        "coordinates": [
          [
            -1.4181341534,
            48.2066914153
          ],
          [
            -1.4179434378,
            48.2068932142
          ],
          [
            -1.4170635158,
            48.2069631025
          ],
          [
            -1.4159886647,
            48.2067338723
          ],
          [
            -1.4154860992,
            48.2066571512
          ],
          [
            -1.4150044822,
            48.2065246714
          ],
          [
            -1.4143954341,
            48.2064321034
          ]
        ]
      },
      "properties": {
        "CD_TRONC": 15821,
        "INSEE_COM": "35031",
        "NOM_COM": "La Bouëxière",
        "INTERET": "Locale",
        "REVET": "Goudron",
        "STAT_JUR": "Chemin Rural",
        "DATE_CP": "20090928",
        "DATE_DEL": "19981221",
        "PRAT_PED": "OUI",
        "PRAT_EQU": "OUI",
        "ADMF_PED": "Ouvert",
        "ADMF_EQU": null,
        "PRAT_VEL": null,
        "ADMF_VEL": null,
        "ITIN_PED": "Pédestre Local",
        "ITIN_EQU": null,
        "ITIN_VEL": null,
        "LONGUEUR": 299.56,
        "DATE_MAJ": "20220503131606",
        "DPCollSIRET": "22350001800013",
        "DPCollNom": "DEPARTEMENT D ILLE ET VILAINE",
        "DPCollModication": "2026-06-01T09:05:42.4321654Z"
      }
    },
    {
      "type": "Feature",
      "geometry": {
        "type": "LineString",
        "coordinates": [
          [
            -1.5557509932,
            48.2354138691
          ],
          [
            -1.5535657706,
            48.2356207564
          ],
          [
            -1.5519311871,
            48.2355407118
          ],
          [
            -1.5508232728,
            48.2358552656
          ]
        ]
      },
      "properties": {
        "CD_TRONC": 15822,
        "INSEE_COM": "35067",
        "NOM_COM": "Chasné-sur-Illet",
        "INTERET": "Locale",
        "REVET": "Empierré",
        "STAT_JUR": "Chemin Rural",
        "DATE_CP": null,
        "DATE_DEL": "20020530",
        "PRAT_PED": "NON",
        "PRAT_EQU": "OUI",
        "ADMF_PED": null,
        "ADMF_EQU": "Fermé",
        "PRAT_VEL": null,
        "ADMF_VEL": null,
        "ITIN_PED": null,
        "ITIN_EQU": "Equestre Local",
        "ITIN_VEL": null,
        "LONGUEUR": 374.94,
        "DATE_MAJ": "20220503131606",
        "DPCollSIRET": "22350001800013",
        "DPCollNom": "DEPARTEMENT D ILLE ET VILAINE",
        "DPCollModication": "2026-06-01T09:05:42.4342954Z"
      }
    },
    {
      "type": "Feature",
      "geometry": {
        "type": "LineString",
        "coordinates": [
          [
            -1.5326303976,
            48.2691767812
          ],
          [
            -1.532977855,
            48.2691201913
          ]
        ]
      },
      "properties": {
        "CD_TRONC": 15823,
        "INSEE_COM": "35107",
        "NOM_COM": "Ercé-près-Liffré",
        "INTERET": "Départementale",
        "REVET": "Goudron",
        "STAT_JUR": "Voie Communale",
        "DATE_CP": null,
        "DATE_DEL": "19910328",
        "PRAT_PED": "OUI",
        "PRAT_EQU": "NON",
        "ADMF_PED": "Ouvert",
        "ADMF_EQU": null,
        "PRAT_VEL": null,
        "ADMF_VEL": null,
        "ITIN_PED": "Grande Randonnée",
        "ITIN_EQU": null,
        "ITIN_VEL": null,
        "LONGUEUR": 26.54,
        "DATE_MAJ": "20220503131606",
        "DPCollSIRET": "22350001800013",
        "DPCollNom": "DEPARTEMENT D ILLE ET VILAINE",
        "DPCollModication": "2026-06-01T09:05:42.4365762Z"
      }
    },
    {
      "type": "Feature",
      "geometry": {
        "type": "LineString",
        "coordinates": [
          [
            -1.5952618754,
            48.2245994549
          ],
          [
            -1.5950706796,
            48.2237524637
          ]
        ]
      },
      "properties": {
        "CD_TRONC": 15824,
        "INSEE_COM": "35067",
        "NOM_COM": "Chasné-sur-Illet",
        "INTERET": "Locale",
        "REVET": "Goudron",
        "STAT_JUR": "Chemin Rural",
        "DATE_CP": null,
        "DATE_DEL": "20020530",
        "PRAT_PED": "NON",
        "PRAT_EQU": "OUI",
        "ADMF_PED": null,
        "ADMF_EQU": "Fermé",
        "PRAT_VEL": null,
        "ADMF_VEL": null,
        "ITIN_PED": null,
        "ITIN_EQU": "Equestre Local",
        "ITIN_VEL": null,
        "LONGUEUR": 95.2,
        "DATE_MAJ": "20220503131606",
        "DPCollSIRET": "22350001800013",
        "DPCollNom": "DEPARTEMENT D ILLE ET VILAINE",
        "DPCollModication": "2026-06-01T09:05:42.4389606Z"
      }
    },
    {
      "type": "Feature",
      "geometry": {
        "type": "LineString",
        "coordinates": [
          [
            -1.5144792024,
            48.2607018099
          ],
          [
            -1.5010393271,
            48.258635395
          ]
        ]
      },
      "properties": {
        "CD_TRONC": 15827,
        "INSEE_COM": "35107",
        "NOM_COM": "Ercé-près-Liffré",
        "INTERET": "Locale",
        "REVET": "Goudron",
        "STAT_JUR": "Voie Communale",
        "DATE_CP": "20090928",
        "DATE_DEL": "20090504",
        "PRAT_PED": "OUI",
        "PRAT_EQU": "NON",
        "ADMF_PED": "Ouvert",
        "ADMF_EQU": null,
        "PRAT_VEL": null,
        "ADMF_VEL": null,
        "ITIN_PED": "Pédestre Local",
        "ITIN_EQU": null,
        "ITIN_VEL": null,
        "LONGUEUR": 1023.53,
        "DATE_MAJ": "20220503131606",
        "DPCollSIRET": "22350001800013",
        "DPCollNom": "DEPARTEMENT D ILLE ET VILAINE",
        "DPCollModication": "2026-06-01T09:05:42.4411463Z"
      }
    },
    {
      "type": "Feature",
      "geometry": {
        "type": "LineString",
        "coordinates": [
          [
            -1.5218537639,
            48.2445552886
          ],
          [
            -1.5215480278,
            48.2419047283
          ]
        ]
      },
      "properties": {
        "CD_TRONC": 15828,
        "INSEE_COM": "35107",
        "NOM_COM": "Ercé-près-Liffré",
        "INTERET": "Départementale",
        "REVET": "Terre",
        "STAT_JUR": "Chemin Rural",
        "DATE_CP": "20090928",
        "DATE_DEL": "19910328",
        "PRAT_PED": "OUI",
        "PRAT_EQU": "NON",
        "ADMF_PED": "Ouvert",
        "ADMF_EQU": null,
        "PRAT_VEL": null,
        "ADMF_VEL": null,
        "ITIN_PED": "Grande Randonnée",
        "ITIN_EQU": null,
        "ITIN_VEL": null,
        "LONGUEUR": 295.46,
        "DATE_MAJ": "20220503131606",
        "DPCollSIRET": "22350001800013",
        "DPCollNom": "DEPARTEMENT D ILLE ET VILAINE",
        "DPCollModication": "2026-06-01T09:05:42.4433361Z"
      }
    },
    {
      "type": "Feature",
      "geometry": {
        "type": "LineString",
        "coordinates": [
          [
            -1.5854815134,
            48.2175305778
          ],
          [
            -1.5855699109,
            48.2179886088
          ]
        ]
      },
      "properties": {
        "CD_TRONC": 15829,
        "INSEE_COM": "35067",
        "NOM_COM": "Chasné-sur-Illet",
        "INTERET": "Locale",
        "REVET": "Empierré",
        "STAT_JUR": "Chemin Rural",
        "DATE_CP": "20030224",
        "DATE_DEL": "20020530",
        "PRAT_PED": "OUI",
        "PRAT_EQU": "NON",
        "ADMF_PED": "Ouvert",
        "ADMF_EQU": null,
        "PRAT_VEL": null,
        "ADMF_VEL": null,
        "ITIN_PED": "Pédestre Local",
        "ITIN_EQU": null,
        "ITIN_VEL": null,
        "LONGUEUR": 51.33,
        "DATE_MAJ": "20220503131606",
        "DPCollSIRET": "22350001800013",
        "DPCollNom": "DEPARTEMENT D ILLE ET VILAINE",
        "DPCollModication": "2026-06-01T09:05:42.4454827Z"
      }
    },
    {
      "type": "Feature",
      "geometry": {
        "type": "LineString",
        "coordinates": [
          [
            -1.53980954,
            48.2222198895
          ],
          [
            -1.5444748932,
            48.2250055354
          ],
          [
            -1.5444670987,
            48.2251184939
          ],
          [
            -1.5445534082,
            48.2252278296
          ],
          [
            -1.54476961,
            48.2252636679
          ]
        ]
      },
      "properties": {
        "CD_TRONC": 15830,
        "INSEE_COM": "35152",
        "NOM_COM": "Liffré",
        "INTERET": "Locale",
        "REVET": "Terre",
        "STAT_JUR": "Chemin Rural",
        "DATE_CP": null,
        "DATE_DEL": "19911107",
        "PRAT_PED": "OUI",
        "PRAT_EQU": "OUI",
        "ADMF_PED": "Ouvert",
        "ADMF_EQU": "Ouvert",
        "PRAT_VEL": null,
        "ADMF_VEL": null,
        "ITIN_PED": "Pédestre Local",
        "ITIN_EQU": "Equestre Local",
        "ITIN_VEL": null,
        "LONGUEUR": 507.49,
        "DATE_MAJ": "20220503131606",
        "DPCollSIRET": "22350001800013",
        "DPCollNom": "DEPARTEMENT D ILLE ET VILAINE",
        "DPCollModication": "2026-06-01T09:05:42.4476939Z"
      }
    },
    {
      "type": "Feature",
      "geometry": {
        "type": "LineString",
        "coordinates": [
          [
            -1.5136875298,
            48.2076498087
          ],
          [
            -1.5130554069,
            48.2085662316
          ],
          [
            -1.5142069046,
            48.2088340229
          ],
          [
            -1.5132297842,
            48.2096581955
          ],
          [
            -1.5128101119,
            48.210347484
          ],
          [
            -1.5143449436,
            48.2107925831
          ],
          [
            -1.5154480171,
            48.2114389421
          ],
          [
            -1.5155836702,
            48.2115743478
          ],
          [
            -1.5147405814,
            48.2121374448
          ],
          [
            -1.5136634324,
            48.2125184209
          ],
          [
            -1.5113168233,
            48.2134760551
          ],
          [
            -1.5111819153,
            48.2139796052
          ],
          [
            -1.5109495242,
            48.2142895065
          ],
          [
            -1.5106558709,
            48.2144981046
          ]
        ]
      },
      "properties": {
        "CD_TRONC": 15831,
        "INSEE_COM": "35152",
        "NOM_COM": "Liffré",
        "INTERET": "Locale",
        "REVET": "Goudron",
        "STAT_JUR": "Voie Communale",
        "DATE_CP": null,
        "DATE_DEL": "19911107",
        "PRAT_PED": "OUI",
        "PRAT_EQU": "NON",
        "ADMF_PED": "Ouvert",
        "ADMF_EQU": null,
        "PRAT_VEL": null,
        "ADMF_VEL": null,
        "ITIN_PED": "Pédestre Local",
        "ITIN_EQU": null,
        "ITIN_VEL": null,
        "LONGUEUR": 1164.16,
        "DATE_MAJ": "20220503131606",
        "DPCollSIRET": "22350001800013",
        "DPCollNom": "DEPARTEMENT D ILLE ET VILAINE",
        "DPCollModication": "2026-06-01T09:05:42.4495236Z"
      }
    },
    {
      "type": "Feature",
      "geometry": {
        "type": "LineString",
        "coordinates": [
          [
            -1.4527971583,
            48.2093268476
          ],
          [
            -1.4544829378,
            48.2086612126
          ],
          [
            -1.4572797157,
            48.2076453749
          ],
          [
            -1.4585686544,
            48.2072785508
          ],
          [
            -1.4598966708,
            48.2072463915
          ],
          [
            -1.4614572888,
            48.2064736285
          ]
        ]
      },
      "properties": {
        "CD_TRONC": 15832,
        "INSEE_COM": "35031",
        "NOM_COM": "La Bouëxière",
        "INTERET": "Locale",
        "REVET": "Goudron",
        "STAT_JUR": "Voie Communale",
        "DATE_CP": "19990426",
        "DATE_DEL": "19981221",
        "PRAT_PED": "OUI",
        "PRAT_EQU": "NON",
        "ADMF_PED": "Ouvert",
        "ADMF_EQU": null,
        "PRAT_VEL": null,
        "ADMF_VEL": null,
        "ITIN_PED": "Pédestre Local",
        "ITIN_EQU": null,
        "ITIN_VEL": null,
        "LONGUEUR": 728.97,
        "DATE_MAJ": "20220503131606",
        "DPCollSIRET": "22350001800013",
        "DPCollNom": "DEPARTEMENT D ILLE ET VILAINE",
        "DPCollModication": "2026-06-01T09:05:42.4513292Z"
      }
    },
    {
      "type": "Feature",
      "geometry": {
        "type": "LineString",
        "coordinates": [
          [
            -1.5007928048,
            48.2231039063
          ],
          [
            -1.4998535423,
            48.222291649
          ]
        ]
      },
      "properties": {
        "CD_TRONC": 15834,
        "INSEE_COM": "35152",
        "NOM_COM": "Liffré",
        "INTERET": "Départementale",
        "REVET": "Goudron",
        "STAT_JUR": "Route Départementale",
        "DATE_CP": "20090928",
        "DATE_DEL": "20090619",
        "PRAT_PED": "NON",
        "PRAT_EQU": "OUI",
        "ADMF_PED": null,
        "ADMF_EQU": "Fermé",
        "PRAT_VEL": null,
        "ADMF_VEL": null,
        "ITIN_PED": null,
        "ITIN_EQU": "Equibreizh",
        "ITIN_VEL": null,
        "LONGUEUR": 114.08,
        "DATE_MAJ": "20220503131606",
        "DPCollSIRET": "22350001800013",
        "DPCollNom": "DEPARTEMENT D ILLE ET VILAINE",
        "DPCollModication": "2026-06-01T09:05:42.4528978Z"
      }
    },
    {
      "type": "Feature",
      "geometry": {
        "type": "LineString",
        "coordinates": [
          [
            -1.5574481012,
            48.2116422811
          ],
          [
            -1.557953011,
            48.2113370732
          ],
          [
            -1.5580049807,
            48.2111115471
          ],
          [
            -1.5574071066,
            48.2100449838
          ]
        ]
      },
      "properties": {
        "CD_TRONC": 15835,
        "INSEE_COM": "35152",
        "NOM_COM": "Liffré",
        "INTERET": "Locale",
        "REVET": "Terre",
        "STAT_JUR": "Voie Privée",
        "DATE_CP": null,
        "DATE_DEL": "19911107",
        "PRAT_PED": "OUI",
        "PRAT_EQU": "OUI",
        "ADMF_PED": "Ouvert",
        "ADMF_EQU": "Ouvert",
        "PRAT_VEL": null,
        "ADMF_VEL": null,
        "ITIN_PED": "Pédestre Local",
        "ITIN_EQU": "Equestre Local",
        "ITIN_VEL": null,
        "LONGUEUR": 202.51,
        "DATE_MAJ": "20220503131606",
        "DPCollSIRET": "22350001800013",
        "DPCollNom": "DEPARTEMENT D ILLE ET VILAINE",
        "DPCollModication": "2026-06-01T09:05:42.454681Z"
      }
    },
    {
      "type": "Feature",
      "geometry": {
        "type": "LineString",
        "coordinates": [
          [
            -1.5676306552,
            48.2052324598
          ],
          [
            -1.5672502997,
            48.2052309597
          ],
          [
            -1.5648705741,
            48.2063216818
          ],
          [
            -1.56409967,
            48.2066372125
          ]
        ]
      },
      "properties": {
        "CD_TRONC": 15836,
        "INSEE_COM": "35152",
        "NOM_COM": "Liffré",
        "INTERET": "Locale",
        "REVET": "Terre",
        "STAT_JUR": "Voie Privée",
        "DATE_CP": null,
        "DATE_DEL": "19911107",
        "PRAT_PED": "OUI",
        "PRAT_EQU": "NON",
        "ADMF_PED": "Ouvert",
        "ADMF_EQU": null,
        "PRAT_VEL": null,
        "ADMF_VEL": null,
        "ITIN_PED": "Pédestre Local",
        "ITIN_EQU": null,
        "ITIN_VEL": null,
        "LONGUEUR": 309.77,
        "DATE_MAJ": "20220503131606",
        "DPCollSIRET": "22350001800013",
        "DPCollNom": "DEPARTEMENT D ILLE ET VILAINE",
        "DPCollModication": "2026-06-01T09:05:42.457592Z"
      }
    },
    {
      "type": "Feature",
      "geometry": {
        "type": "LineString",
        "coordinates": [
          [
            -1.4820029518,
            48.2321470747
          ],
          [
            -1.4810979239,
            48.2310377777
          ]
        ]
      },
      "properties": {
        "CD_TRONC": 15837,
        "INSEE_COM": "35152",
        "NOM_COM": "Liffré",
        "INTERET": "Départementale",
        "REVET": "Goudron",
        "STAT_JUR": "Voie Communale",
        "DATE_CP": null,
        "DATE_DEL": "19911107",
        "PRAT_PED": "NON",
        "PRAT_EQU": "OUI",
        "ADMF_PED": null,
        "ADMF_EQU": "Ouvert",
        "PRAT_VEL": null,
        "ADMF_VEL": null,
        "ITIN_PED": null,
        "ITIN_EQU": "Equibreizh",
        "ITIN_VEL": null,
        "LONGUEUR": 140.41,
        "DATE_MAJ": "20220503131606",
        "DPCollSIRET": "22350001800013",
        "DPCollNom": "DEPARTEMENT D ILLE ET VILAINE",
        "DPCollModication": "2026-06-01T09:05:42.4602155Z"
      }
    },
    {
      "type": "Feature",
      "geometry": {
        "type": "LineString",
        "coordinates": [
          [
            -1.53980954,
            48.2222198895
          ],
          [
            -1.5374931748,
            48.2249388468
          ],
          [
            -1.5357327926,
            48.2268171371
          ],
          [
            -1.5346908904,
            48.2274528989
          ],
          [
            -1.5338880687,
            48.2279830335
          ],
          [
            -1.5329822492,
            48.228915473
          ],
          [
            -1.5326647511,
            48.2298505517
          ],
          [
            -1.5322846605,
            48.2302932417
          ],
          [
            -1.5304594177,
            48.2316566023
          ]
        ]
      },
      "properties": {
        "CD_TRONC": 15838,
        "INSEE_COM": "35152",
        "NOM_COM": "Liffré",
        "INTERET": "Départementale",
        "REVET": "Terre",
        "STAT_JUR": "Voie Privée",
        "DATE_CP": null,
        "DATE_DEL": "19911107",
        "PRAT_PED": "OUI",
        "PRAT_EQU": "NON",
        "ADMF_PED": "Ouvert",
        "ADMF_EQU": null,
        "PRAT_VEL": null,
        "ADMF_VEL": null,
        "ITIN_PED": "Grande Randonnée",
        "ITIN_EQU": null,
        "ITIN_VEL": null,
        "LONGUEUR": 1272.75,
        "DATE_MAJ": "20220503131606",
        "DPCollSIRET": "22350001800013",
        "DPCollNom": "DEPARTEMENT D ILLE ET VILAINE",
        "DPCollModication": "2026-06-01T09:05:42.4624018Z"
      }
    },
    {
      "type": "Feature",
      "geometry": {
        "type": "LineString",
        "coordinates": [
          [
            -1.5960109157,
            48.16907513
          ],
          [
            -1.5960080407,
            48.169305083
          ],
          [
            -1.5962997261,
            48.1715551661
          ],
          [
            -1.5965906521,
            48.1740900972
          ],
          [
            -1.5967364777,
            48.1753616031
          ],
          [
            -1.5956016103,
            48.1780818904
          ],
          [
            -1.5949174232,
            48.1793244451
          ],
          [
            -1.5949214532,
            48.1794171251
          ]
        ]
      },
      "properties": {
        "CD_TRONC": 15839,
        "INSEE_COM": "35152",
        "NOM_COM": "Liffré",
        "INTERET": "Départementale",
        "REVET": "Terre",
        "STAT_JUR": "Chemin Rural",
        "DATE_CP": null,
        "DATE_DEL": null,
        "PRAT_PED": null,
        "PRAT_EQU": "NON",
        "ADMF_PED": null,
        "ADMF_EQU": "Ajout",
        "PRAT_VEL": null,
        "ADMF_VEL": null,
        "ITIN_PED": null,
        "ITIN_EQU": "Equibreizh",
        "ITIN_VEL": null,
        "LONGUEUR": 1172.16,
        "DATE_MAJ": "20220503131606",
        "DPCollSIRET": "22350001800013",
        "DPCollNom": "DEPARTEMENT D ILLE ET VILAINE",
        "DPCollModication": "2026-06-01T09:05:42.4639864Z"
      }
    },
    {
      "type": "Feature",
      "geometry": {
        "type": "LineString",
        "coordinates": [
          [
            -1.612032646,
            48.1830648053
          ],
          [
            -1.6110771491,
            48.1836979505
          ],
          [
            -1.6101480286,
            48.1847410654
          ],
          [
            -1.6100635455,
            48.1849156216
          ],
          [
            -1.6098549929,
            48.1849814585
          ],
          [
            -1.6096378313,
            48.185180128
          ],
          [
            -1.6093969515,
            48.1854004546
          ],
          [
            -1.609157256,
            48.1856189317
          ],
          [
            -1.6089365733,
            48.1858853373
          ],
          [
            -1.6088485328,
            48.1861889222
          ],
          [
            -1.6086660188,
            48.1863060167
          ],
          [
            -1.6084814761,
            48.1866467211
          ],
          [
            -1.6081560079,
            48.1869172189
          ],
          [
            -1.6081014965,
            48.187033818
          ],
          [
            -1.607618685,
            48.1874627864
          ],
          [
            -1.6070433641,
            48.187974683
          ],
          [
            -1.6067583779,
            48.1883075895
          ],
          [
            -1.6064738074,
            48.1884755351
          ],
          [
            -1.6063443576,
            48.1886293102
          ],
          [
            -1.6058481127,
            48.1888893441
          ],
          [
            -1.6057366729,
            48.1890487245
          ],
          [
            -1.6057585099,
            48.1891289917
          ],
          [
            -1.6055817445,
            48.1892503627
          ],
          [
            -1.6053409077,
            48.1894715787
          ],
          [
            -1.6052318481,
            48.1896119376
          ],
          [
            -1.6051710786,
            48.1899811515
          ],
          [
            -1.6049714213,
            48.1901800282
          ],
          [
            -1.604848336,
            48.1903759152
          ],
          [
            -1.6047477942,
            48.1905366715
          ],
          [
            -1.6045854273,
            48.1906223267
          ],
          [
            -1.6043674894,
            48.1907353881
          ],
          [
            -1.6041450974,
            48.190890084
          ],
          [
            -1.6038364696,
            48.1910760863
          ],
          [
            -1.6037179412,
            48.1911852664
          ],
          [
            -1.6034515679,
            48.1912839922
          ],
          [
            -1.6033521023,
            48.1913644868
          ],
          [
            -1.603144006,
            48.1916366966
          ],
          [
            -1.6030947634,
            48.191767508
          ],
          [
            -1.6028262306,
            48.1920114302
          ],
          [
            -1.6026773333,
            48.192375067
          ],
          [
            -1.6024257039,
            48.1927355009
          ],
          [
            -1.6023112776,
            48.1928454205
          ],
          [
            -1.6022799996,
            48.1929349708
          ],
          [
            -1.6020068344,
            48.1932340522
          ],
          [
            -1.6019470182,
            48.1933364329
          ],
          [
            -1.6018122351,
            48.1933984744
          ],
          [
            -1.6016218536,
            48.1936640209
          ],
          [
            -1.601255851,
            48.1941161702
          ],
          [
            -1.6005924708,
            48.1950080465
          ],
          [
            -1.5999920172,
            48.1957435072
          ],
          [
            -1.5991796538,
            48.1969090441
          ],
          [
            -1.5991250222,
            48.1970400629
          ]
        ]
      },
      "properties": {
        "CD_TRONC": 15840,
        "INSEE_COM": "35152",
        "NOM_COM": "Liffré",
        "INTERET": "Départementale",
        "REVET": "Terre",
        "STAT_JUR": "Voie Privée",
        "DATE_CP": null,
        "DATE_DEL": null,
        "PRAT_PED": null,
        "PRAT_EQU": "NON",
        "ADMF_PED": null,
        "ADMF_EQU": "Ajout",
        "PRAT_VEL": null,
        "ADMF_VEL": null,
        "ITIN_PED": null,
        "ITIN_EQU": "Equibreizh",
        "ITIN_VEL": null,
        "LONGUEUR": 1862.82,
        "DATE_MAJ": "20220503131606",
        "DPCollSIRET": "22350001800013",
        "DPCollNom": "DEPARTEMENT D ILLE ET VILAINE",
        "DPCollModication": "2026-06-01T09:05:42.4652922Z"
      }
    },
    {
      "type": "Feature",
      "geometry": {
        "type": "LineString",
        "coordinates": [
          [
            -1.5676306552,
            48.2052324598
          ],
          [
            -1.5680987264,
            48.2050169557
          ],
          [
            -1.5691089967,
            48.2049435897
          ],
          [
            -1.5695219941,
            48.2048861366
          ],
          [
            -1.5700600299,
            48.204653494
          ],
          [
            -1.5709634012,
            48.2035026936
          ],
          [
            -1.5713010106,
            48.2028713226
          ],
          [
            -1.5705392187,
            48.2024510863
          ]
        ]
      },
      "properties": {
        "CD_TRONC": 15842,
        "INSEE_COM": "35152",
        "NOM_COM": "Liffré",
        "INTERET": "Locale",
        "REVET": "Terre",
        "STAT_JUR": "Voie Privée",
        "DATE_CP": "20090928",
        "DATE_DEL": "20090619",
        "PRAT_PED": "OUI",
        "PRAT_EQU": "NON",
        "ADMF_PED": "Ouvert",
        "ADMF_EQU": null,
        "PRAT_VEL": null,
        "ADMF_VEL": null,
        "ITIN_PED": "Pédestre Local",
        "ITIN_EQU": null,
        "ITIN_VEL": null,
        "LONGUEUR": 489,
        "DATE_MAJ": "20220503131606",
        "DPCollSIRET": "22350001800013",
        "DPCollNom": "DEPARTEMENT D ILLE ET VILAINE",
        "DPCollModication": "2026-06-01T09:05:42.4667336Z"
      }
    },
    {
      "type": "Feature",
      "geometry": {
        "type": "MultiLineString",
        "coordinates": [
          [
            [
              -1.5955224997,
              48.1724246025
            ],
            [
              -1.5943391518,
              48.1725302027
            ],
            [
              -1.5937482258,
              48.1725838705
            ],
            [
              -1.592891984,
              48.1725153738
            ],
            [
              -1.5912868981,
              48.172683337
            ],
            [
              -1.589798057,
              48.1733821437
            ],
            [
              -1.5881546794,
              48.1743032615
            ],
            [
              -1.5875549965,
              48.1752017822
            ],
            [
              -1.5874341848,
              48.1756255993
            ],
            [
              -1.5840475679,
              48.1781827581
            ],
            [
              -1.5831011531,
              48.175184785
            ],
            [
              -1.5846238922,
              48.1746884509
            ],
            [
              -1.5838687659,
              48.1740003512
            ],
            [
              -1.5832849915,
              48.1734696284
            ],
            [
              -1.5830934744,
              48.172536989
            ],
            [
              -1.5825774343,
              48.1719946173
            ],
            [
              -1.5817187312,
              48.1719594851
            ],
            [
              -1.5811941597,
              48.1720790122
            ],
            [
              -1.5809602441,
              48.1725198346
            ],
            [
              -1.5809413669,
              48.1730162966
            ],
            [
              -1.5802696473,
              48.1734588015
            ],
            [
              -1.5810374027,
              48.1748206219
            ],
            [
              -1.5813530291,
              48.175656292
            ]
          ],
          [
            [
              -1.5813530291,
              48.175656292
            ],
            [
              -1.5769513078,
              48.1770225788
            ]
          ]
        ]
      },
      "properties": {
        "CD_TRONC": 15843,
        "INSEE_COM": "35152",
        "NOM_COM": "Liffré",
        "INTERET": "Locale",
        "REVET": "Terre",
        "STAT_JUR": "Voie Privée",
        "DATE_CP": "20090928",
        "DATE_DEL": "20090619",
        "PRAT_PED": "OUI",
        "PRAT_EQU": "NON",
        "ADMF_PED": "Ouvert",
        "ADMF_EQU": null,
        "PRAT_VEL": null,
        "ADMF_VEL": null,
        "ITIN_PED": "Pédestre Local",
        "ITIN_EQU": null,
        "ITIN_VEL": null,
        "LONGUEUR": 2860.73,
        "DATE_MAJ": "20220503131606",
        "DPCollSIRET": "22350001800013",
        "DPCollNom": "DEPARTEMENT D ILLE ET VILAINE",
        "DPCollModication": "2026-06-01T09:05:42.4692527Z"
      }
    },
    {
      "type": "Feature",
      "geometry": {
        "type": "LineString",
        "coordinates": [
          [
            -1.5156532968,
            48.2214863844
          ],
          [
            -1.5158606063,
            48.2194984022
          ]
        ]
      },
      "properties": {
        "CD_TRONC": 15844,
        "INSEE_COM": "35152",
        "NOM_COM": "Liffré",
        "INTERET": "Locale",
        "REVET": "Goudron",
        "STAT_JUR": "Voie Privée",
        "DATE_CP": null,
        "DATE_DEL": "19911107",
        "PRAT_PED": "OUI",
        "PRAT_EQU": "OUI",
        "ADMF_PED": "Ouvert",
        "ADMF_EQU": "Ouvert",
        "PRAT_VEL": null,
        "ADMF_VEL": null,
        "ITIN_PED": "Pédestre Local",
        "ITIN_EQU": "Equestre Local",
        "ITIN_VEL": null,
        "LONGUEUR": 221.48,
        "DATE_MAJ": "20220503131606",
        "DPCollSIRET": "22350001800013",
        "DPCollNom": "DEPARTEMENT D ILLE ET VILAINE",
        "DPCollModication": "2026-06-01T09:05:42.595129Z"
      }
    },
    {
      "type": "Feature",
      "geometry": {
        "type": "LineString",
        "coordinates": [
          [
            -1.5285274289,
            48.2022513268
          ],
          [
            -1.5275152752,
            48.2018314225
          ]
        ]
      },
      "properties": {
        "CD_TRONC": 15845,
        "INSEE_COM": "35152",
        "NOM_COM": "Liffré",
        "INTERET": "Locale",
        "REVET": "Goudron",
        "STAT_JUR": "Chemin Rural",
        "DATE_CP": null,
        "DATE_DEL": "19911107",
        "PRAT_PED": "OUI",
        "PRAT_EQU": "NON",
        "ADMF_PED": "Ouvert",
        "ADMF_EQU": "Ajout",
        "PRAT_VEL": null,
        "ADMF_VEL": null,
        "ITIN_PED": "Pédestre Local",
        "ITIN_EQU": "Equibreizh",
        "ITIN_VEL": null,
        "LONGUEUR": 88.5,
        "DATE_MAJ": "20220503131606",
        "DPCollSIRET": "22350001800013",
        "DPCollNom": "DEPARTEMENT D ILLE ET VILAINE",
        "DPCollModication": "2026-06-01T09:05:42.5976866Z"
      }
    },
    {
      "type": "Feature",
      "geometry": {
        "type": "LineString",
        "coordinates": [
          [
            -1.5455582328,
            48.1888351066
          ],
          [
            -1.5407862609,
            48.1890955096
          ],
          [
            -1.5378561522,
            48.1892542326
          ],
          [
            -1.5353568235,
            48.1894224573
          ],
          [
            -1.5341035629,
            48.189503984
          ]
        ]
      },
      "properties": {
        "CD_TRONC": 15846,
        "INSEE_COM": "35152",
        "NOM_COM": "Liffré",
        "INTERET": "Locale",
        "REVET": "Terre",
        "STAT_JUR": "Voie Privée",
        "DATE_CP": null,
        "DATE_DEL": "19911107",
        "PRAT_PED": "NON",
        "PRAT_EQU": "OUI",
        "ADMF_PED": null,
        "ADMF_EQU": "Ouvert",
        "PRAT_VEL": null,
        "ADMF_VEL": null,
        "ITIN_PED": null,
        "ITIN_EQU": "Equestre Local",
        "ITIN_VEL": null,
        "LONGUEUR": 854.51,
        "DATE_MAJ": "20220503131606",
        "DPCollSIRET": "22350001800013",
        "DPCollNom": "DEPARTEMENT D ILLE ET VILAINE",
        "DPCollModication": "2026-06-01T09:05:42.5998125Z"
      }
    },
    {
      "type": "Feature",
      "geometry": {
        "type": "LineString",
        "coordinates": [
          [
            -1.5373768095,
            48.2136071833
          ],
          [
            -1.5453107061,
            48.2075931846
          ]
        ]
      },
      "properties": {
        "CD_TRONC": 15848,
        "INSEE_COM": "35152",
        "NOM_COM": "Liffré",
        "INTERET": "Locale",
        "REVET": "Empierré",
        "STAT_JUR": "Voie Privée",
        "DATE_CP": null,
        "DATE_DEL": null,
        "PRAT_PED": null,
        "PRAT_EQU": "NON",
        "ADMF_PED": null,
        "ADMF_EQU": "Ajout",
        "PRAT_VEL": null,
        "ADMF_VEL": null,
        "ITIN_PED": null,
        "ITIN_EQU": "Equestre Local",
        "ITIN_VEL": null,
        "LONGUEUR": 891.11,
        "DATE_MAJ": "20220503131606",
        "DPCollSIRET": "22350001800013",
        "DPCollNom": "DEPARTEMENT D ILLE ET VILAINE",
        "DPCollModication": "2026-06-01T09:05:42.6020854Z"
      }
    },
    {
      "type": "Feature",
      "geometry": {
        "type": "LineString",
        "coordinates": [
          [
            -1.5468334309,
            48.1968101425
          ],
          [
            -1.5490003325,
            48.199973048
          ],
          [
            -1.55091897,
            48.2027714589
          ]
        ]
      },
      "properties": {
        "CD_TRONC": 15849,
        "INSEE_COM": "35152",
        "NOM_COM": "Liffré",
        "INTERET": "Locale",
        "REVET": "Terre",
        "STAT_JUR": "Voie Privée",
        "DATE_CP": null,
        "DATE_DEL": "19911107",
        "PRAT_PED": "NON",
        "PRAT_EQU": "OUI",
        "ADMF_PED": null,
        "ADMF_EQU": "Ouvert",
        "PRAT_VEL": null,
        "ADMF_VEL": null,
        "ITIN_PED": null,
        "ITIN_EQU": "Equestre Local",
        "ITIN_VEL": null,
        "LONGUEUR": 728.75,
        "DATE_MAJ": "20220503131606",
        "DPCollSIRET": "22350001800013",
        "DPCollNom": "DEPARTEMENT D ILLE ET VILAINE",
        "DPCollModication": "2026-06-01T09:05:42.6043581Z"
      }
    },
    {
      "type": "Feature",
      "geometry": {
        "type": "LineString",
        "coordinates": [
          [
            -1.5277832275,
            48.1713524291
          ],
          [
            -1.5279685351,
            48.1712822232
          ],
          [
            -1.5284693606,
            48.1710890416
          ],
          [
            -1.5294882994,
            48.1707786172
          ],
          [
            -1.5306189832,
            48.1705143625
          ],
          [
            -1.5325336347,
            48.1700595338
          ],
          [
            -1.532757584,
            48.169937362
          ],
          [
            -1.5336474462,
            48.1697246949
          ],
          [
            -1.5348124181,
            48.1695149602
          ],
          [
            -1.5361145312,
            48.1693332858
          ]
        ]
      },
      "properties": {
        "CD_TRONC": 15850,
        "INSEE_COM": "35152",
        "NOM_COM": "Liffré",
        "INTERET": "Départementale",
        "REVET": "Empierré",
        "STAT_JUR": "Chemin Rural",
        "DATE_CP": null,
        "DATE_DEL": null,
        "PRAT_PED": null,
        "PRAT_EQU": "NON",
        "ADMF_PED": null,
        "ADMF_EQU": "Ajout",
        "PRAT_VEL": null,
        "ADMF_VEL": null,
        "ITIN_PED": null,
        "ITIN_EQU": "Equibreizh",
        "ITIN_VEL": null,
        "LONGUEUR": 662.43,
        "DATE_MAJ": "20220503131606",
        "DPCollSIRET": "22350001800013",
        "DPCollNom": "DEPARTEMENT D ILLE ET VILAINE",
        "DPCollModication": "2026-06-01T09:05:42.6064311Z"
      }
    },
    {
      "type": "Feature",
      "geometry": {
        "type": "LineString",
        "coordinates": [
          [
            -1.5532188152,
            48.171183278
          ],
          [
            -1.5533852947,
            48.1712543619
          ],
          [
            -1.5540953361,
            48.1712693027
          ],
          [
            -1.555528147,
            48.1712437
          ],
          [
            -1.5576905393,
            48.171162843
          ],
          [
            -1.5595134681,
            48.1710950332
          ],
          [
            -1.562877464,
            48.1709434706
          ],
          [
            -1.5644470295,
            48.1708717529
          ],
          [
            -1.5675080346,
            48.1707117618
          ],
          [
            -1.5692891617,
            48.1711141443
          ],
          [
            -1.56977535,
            48.171780305
          ]
        ]
      },
      "properties": {
        "CD_TRONC": 15851,
        "INSEE_COM": "35152",
        "NOM_COM": "Liffré",
        "INTERET": "Départementale",
        "REVET": "Terre",
        "STAT_JUR": "Voie Privée",
        "DATE_CP": null,
        "DATE_DEL": null,
        "PRAT_PED": null,
        "PRAT_EQU": "NON",
        "ADMF_PED": null,
        "ADMF_EQU": "Ajout",
        "PRAT_VEL": null,
        "ADMF_VEL": null,
        "ITIN_PED": null,
        "ITIN_EQU": "Equibreizh",
        "ITIN_VEL": null,
        "LONGUEUR": 1288.75,
        "DATE_MAJ": "20220503131606",
        "DPCollSIRET": "22350001800013",
        "DPCollNom": "DEPARTEMENT D ILLE ET VILAINE",
        "DPCollModication": "2026-06-01T09:05:42.6078568Z"
      }
    },
    {
      "type": "Feature",
      "geometry": {
        "type": "LineString",
        "coordinates": [
          [
            -1.56977535,
            48.171780305
          ],
          [
            -1.5707665096,
            48.1711515253
          ],
          [
            -1.5715848744,
            48.1705970346
          ],
          [
            -1.5737302672,
            48.1690924524
          ],
          [
            -1.5737325399,
            48.1689166064
          ]
        ]
      },
      "properties": {
        "CD_TRONC": 15852,
        "INSEE_COM": "35152",
        "NOM_COM": "Liffré",
        "INTERET": "Départementale",
        "REVET": "Goudron",
        "STAT_JUR": "Voie Privée",
        "DATE_CP": null,
        "DATE_DEL": null,
        "PRAT_PED": null,
        "PRAT_EQU": "NON",
        "ADMF_PED": null,
        "ADMF_EQU": "Ajout",
        "PRAT_VEL": null,
        "ADMF_VEL": null,
        "ITIN_PED": null,
        "ITIN_EQU": "Equibreizh",
        "ITIN_VEL": null,
        "LONGUEUR": 438.76,
        "DATE_MAJ": "20220503131606",
        "DPCollSIRET": "22350001800013",
        "DPCollNom": "DEPARTEMENT D ILLE ET VILAINE",
        "DPCollModication": "2026-06-01T09:05:42.6091417Z"
      }
    },
    {
      "type": "Feature",
      "geometry": {
        "type": "LineString",
        "coordinates": [
          [
            -1.5705392187,
            48.2024510863
          ],
          [
            -1.5712563602,
            48.2017653548
          ]
        ]
      },
      "properties": {
        "CD_TRONC": 15853,
        "INSEE_COM": "35152",
        "NOM_COM": "Liffré",
        "INTERET": "Locale",
        "REVET": "Terre",
        "STAT_JUR": "Voie Privée",
        "DATE_CP": "20090928",
        "DATE_DEL": "19921002",
        "PRAT_PED": "OUI",
        "PRAT_EQU": "OUI",
        "ADMF_PED": "Ouvert",
        "ADMF_EQU": "Ouvert",
        "PRAT_VEL": null,
        "ADMF_VEL": null,
        "ITIN_PED": "Pédestre Local",
        "ITIN_EQU": "Equestre Local",
        "ITIN_VEL": null,
        "LONGUEUR": 92.99,
        "DATE_MAJ": "20220503131606",
        "DPCollSIRET": "22350001800013",
        "DPCollNom": "DEPARTEMENT D ILLE ET VILAINE",
        "DPCollModication": "2026-06-01T09:05:42.6110458Z"
      }
    },
    {
      "type": "Feature",
      "geometry": {
        "type": "LineString",
        "coordinates": [
          [
            -1.5614794549,
            48.2040770179
          ],
          [
            -1.5585889941,
            48.2065906624
          ],
          [
            -1.5571319001,
            48.2077347991
          ],
          [
            -1.5564314455,
            48.2083981566
          ]
        ]
      },
      "properties": {
        "CD_TRONC": 15854,
        "INSEE_COM": "35152",
        "NOM_COM": "Liffré",
        "INTERET": "Départementale",
        "REVET": "Terre",
        "STAT_JUR": "Voie Privée",
        "DATE_CP": null,
        "DATE_DEL": null,
        "PRAT_PED": null,
        "PRAT_EQU": "NON",
        "ADMF_PED": null,
        "ADMF_EQU": "Ajout",
        "PRAT_VEL": null,
        "ADMF_VEL": null,
        "ITIN_PED": null,
        "ITIN_EQU": "Equibreizh",
        "ITIN_VEL": null,
        "LONGUEUR": 609.58,
        "DATE_MAJ": "20220503131606",
        "DPCollSIRET": "22350001800013",
        "DPCollNom": "DEPARTEMENT D ILLE ET VILAINE",
        "DPCollModication": "2026-06-01T09:05:42.6134186Z"
      }
    },
    {
      "type": "Feature",
      "geometry": {
        "type": "LineString",
        "coordinates": [
          [
            -1.4791561785,
            48.2287601743
          ],
          [
            -1.4790173642,
            48.2286663066
          ]
        ]
      },
      "properties": {
        "CD_TRONC": 15855,
        "INSEE_COM": "35152",
        "NOM_COM": "Liffré",
        "INTERET": "Départementale",
        "REVET": "Goudron",
        "STAT_JUR": "Route Départementale",
        "DATE_CP": null,
        "DATE_DEL": null,
        "PRAT_PED": null,
        "PRAT_EQU": "NON",
        "ADMF_PED": null,
        "ADMF_EQU": "Ajout",
        "PRAT_VEL": null,
        "ADMF_VEL": null,
        "ITIN_PED": null,
        "ITIN_EQU": "Equibreizh",
        "ITIN_VEL": null,
        "LONGUEUR": 14.67,
        "DATE_MAJ": "20220503131606",
        "DPCollSIRET": "22350001800013",
        "DPCollNom": "DEPARTEMENT D ILLE ET VILAINE",
        "DPCollModication": "2026-06-01T09:05:42.6155607Z"
      }
    },
    {
      "type": "Feature",
      "geometry": {
        "type": "LineString",
        "coordinates": [
          [
            -1.4082398468,
            48.2157561054
          ],
          [
            -1.4076127254,
            48.2178837922
          ]
        ]
      },
      "properties": {
        "CD_TRONC": 15856,
        "INSEE_COM": "35152",
        "NOM_COM": "Liffré",
        "INTERET": "Départementale",
        "REVET": "Empierré",
        "STAT_JUR": "Voie Privée",
        "DATE_CP": "20090928",
        "DATE_DEL": "20090619",
        "PRAT_PED": "OUI",
        "PRAT_EQU": "OUI",
        "ADMF_PED": "Ouvert",
        "ADMF_EQU": "Ouvert",
        "PRAT_VEL": null,
        "ADMF_VEL": null,
        "ITIN_PED": "Pédestre Local",
        "ITIN_EQU": "Equibreizh",
        "ITIN_VEL": null,
        "LONGUEUR": 241.01,
        "DATE_MAJ": "20220503131606",
        "DPCollSIRET": "22350001800013",
        "DPCollNom": "DEPARTEMENT D ILLE ET VILAINE",
        "DPCollModication": "2026-06-01T09:05:42.617127Z"
      }
    },
    {
      "type": "Feature",
      "geometry": {
        "type": "LineString",
        "coordinates": [
          [
            -1.542754695,
            48.2136859987
          ],
          [
            -1.5425578372,
            48.2145939485
          ],
          [
            -1.5425849092,
            48.2155653802
          ],
          [
            -1.5434859214,
            48.2180551612
          ],
          [
            -1.5406699899,
            48.2212801169
          ],
          [
            -1.53980954,
            48.2222198895
          ]
        ]
      },
      "properties": {
        "CD_TRONC": 15857,
        "INSEE_COM": "35152",
        "NOM_COM": "Liffré",
        "INTERET": "Départementale",
        "REVET": "Terre",
        "STAT_JUR": "Voie Privée",
        "DATE_CP": null,
        "DATE_DEL": "19911107",
        "PRAT_PED": "OUI",
        "PRAT_EQU": "NON",
        "ADMF_PED": "Ouvert",
        "ADMF_EQU": null,
        "PRAT_VEL": null,
        "ADMF_VEL": null,
        "ITIN_PED": "Grande Randonnée",
        "ITIN_EQU": null,
        "ITIN_VEL": null,
        "LONGUEUR": 1032.05,
        "DATE_MAJ": "20220503131606",
        "DPCollSIRET": "22350001800013",
        "DPCollNom": "DEPARTEMENT D ILLE ET VILAINE",
        "DPCollModication": "2026-06-01T09:05:42.6184702Z"
      }
    },
    {
      "type": "Feature",
      "geometry": {
        "type": "LineString",
        "coordinates": [
          [
            -1.5564314455,
            48.2083981566
          ],
          [
            -1.5553734203,
            48.207482741
          ],
          [
            -1.5536111886,
            48.2060005473
          ],
          [
            -1.5526355224,
            48.2051945918
          ],
          [
            -1.5511288596,
            48.2030788133
          ]
        ]
      },
      "properties": {
        "CD_TRONC": 15858,
        "INSEE_COM": "35152",
        "NOM_COM": "Liffré",
        "INTERET": "Locale",
        "REVET": "Terre",
        "STAT_JUR": "Voie Privée",
        "DATE_CP": null,
        "DATE_DEL": "19911107",
        "PRAT_PED": "NON",
        "PRAT_EQU": "OUI",
        "ADMF_PED": null,
        "ADMF_EQU": "Ouvert",
        "PRAT_VEL": null,
        "ADMF_VEL": null,
        "ITIN_PED": null,
        "ITIN_EQU": "Equestre Local",
        "ITIN_VEL": null,
        "LONGUEUR": 714.62,
        "DATE_MAJ": "20220503131606",
        "DPCollSIRET": "22350001800013",
        "DPCollNom": "DEPARTEMENT D ILLE ET VILAINE",
        "DPCollModication": "2026-06-01T09:05:42.6198493Z"
      }
    },
    {
      "type": "Feature",
      "geometry": {
        "type": "LineString",
        "coordinates": [
          [
            -1.4487818315,
            48.2014484332
          ],
          [
            -1.4489126993,
            48.2014975721
          ],
          [
            -1.4489303616,
            48.2015311526
          ],
          [
            -1.4488531953,
            48.2017350343
          ],
          [
            -1.448772679,
            48.2019471532
          ],
          [
            -1.4486262988,
            48.2022095199
          ],
          [
            -1.4485725155,
            48.2023070769
          ],
          [
            -1.4485368806,
            48.2025877986
          ],
          [
            -1.4484837863,
            48.2029971515
          ]
        ]
      },
      "properties": {
        "CD_TRONC": 15859,
        "INSEE_COM": "35152",
        "NOM_COM": "Liffré",
        "INTERET": "Locale",
        "REVET": "Terre",
        "STAT_JUR": "Chemin Rural",
        "DATE_CP": "20090928",
        "DATE_DEL": "20090619",
        "PRAT_PED": "OUI",
        "PRAT_EQU": "NON",
        "ADMF_PED": "Ouvert",
        "ADMF_EQU": null,
        "PRAT_VEL": null,
        "ADMF_VEL": null,
        "ITIN_PED": "Pédestre Local",
        "ITIN_EQU": null,
        "ITIN_VEL": null,
        "LONGUEUR": 182.45,
        "DATE_MAJ": "20220503131606",
        "DPCollSIRET": "22350001800013",
        "DPCollNom": "DEPARTEMENT D ILLE ET VILAINE",
        "DPCollModication": "2026-06-01T09:05:42.6211751Z"
      }
    },
    {
      "type": "Feature",
      "geometry": {
        "type": "LineString",
        "coordinates": [
          [
            -1.5046525979,
            48.2136170561
          ],
          [
            -1.504326536,
            48.2133834602
          ],
          [
            -1.5040286911,
            48.2133380489
          ],
          [
            -1.5036912876,
            48.2133662465
          ]
        ]
      },
      "properties": {
        "CD_TRONC": 15860,
        "INSEE_COM": "35152",
        "NOM_COM": "Liffré",
        "INTERET": "Locale",
        "REVET": "Goudron",
        "STAT_JUR": "Chemin Rural",
        "DATE_CP": "20090928",
        "DATE_DEL": "20090619",
        "PRAT_PED": "OUI",
        "PRAT_EQU": "NON",
        "ADMF_PED": "Ouvert",
        "ADMF_EQU": null,
        "PRAT_VEL": null,
        "ADMF_VEL": null,
        "ITIN_PED": "Pédestre Local",
        "ITIN_EQU": null,
        "ITIN_VEL": null,
        "LONGUEUR": 83.45,
        "DATE_MAJ": "20220503131606",
        "DPCollSIRET": "22350001800013",
        "DPCollNom": "DEPARTEMENT D ILLE ET VILAINE",
        "DPCollModication": "2026-06-01T09:05:42.6228856Z"
      }
    },
    {
      "type": "Feature",
      "geometry": {
        "type": "LineString",
        "coordinates": [
          [
            -1.5000320367,
            48.2129452565
          ],
          [
            -1.5000928694,
            48.2126311055
          ],
          [
            -1.5000946801,
            48.2123047851
          ],
          [
            -1.4999278624,
            48.2120407719
          ],
          [
            -1.4996298983,
            48.2118358338
          ],
          [
            -1.4992244635,
            48.2115565838
          ],
          [
            -1.4990205676,
            48.2114742325
          ],
          [
            -1.4975451312,
            48.2114709893
          ],
          [
            -1.4968560284,
            48.2114702121
          ],
          [
            -1.4965020833,
            48.2113043508
          ],
          [
            -1.4957655909,
            48.210621328
          ],
          [
            -1.495673334,
            48.2105356193
          ]
        ]
      },
      "properties": {
        "CD_TRONC": 15861,
        "INSEE_COM": "35152",
        "NOM_COM": "Liffré",
        "INTERET": "Locale",
        "REVET": "Goudron",
        "STAT_JUR": "Chemin Rural",
        "DATE_CP": "20090928",
        "DATE_DEL": "20090619",
        "PRAT_PED": "OUI",
        "PRAT_EQU": "NON",
        "ADMF_PED": "Ouvert",
        "ADMF_EQU": null,
        "PRAT_VEL": null,
        "ADMF_VEL": null,
        "ITIN_PED": "Pédestre Local",
        "ITIN_EQU": null,
        "ITIN_VEL": null,
        "LONGUEUR": 494.23,
        "DATE_MAJ": "20220503131606",
        "DPCollSIRET": "22350001800013",
        "DPCollNom": "DEPARTEMENT D ILLE ET VILAINE",
        "DPCollModication": "2026-06-01T09:05:42.6271493Z"
      }
    },
    {
      "type": "Feature",
      "geometry": {
        "type": "LineString",
        "coordinates": [
          [
            -1.5708250259,
            48.2457026441
          ],
          [
            -1.5710977904,
            48.2442897052
          ]
        ]
      },
      "properties": {
        "CD_TRONC": 15863,
        "INSEE_COM": "35067",
        "NOM_COM": "Chasné-sur-Illet",
        "INTERET": "Locale",
        "REVET": "Empierré",
        "STAT_JUR": "Chemin Rural",
        "DATE_CP": null,
        "DATE_DEL": "20020530",
        "PRAT_PED": "NON",
        "PRAT_EQU": "OUI",
        "ADMF_PED": null,
        "ADMF_EQU": "Fermé",
        "PRAT_VEL": null,
        "ADMF_VEL": null,
        "ITIN_PED": null,
        "ITIN_EQU": "Equestre Local",
        "ITIN_VEL": null,
        "LONGUEUR": 158.33,
        "DATE_MAJ": "20220503131606",
        "DPCollSIRET": "22350001800013",
        "DPCollNom": "DEPARTEMENT D ILLE ET VILAINE",
        "DPCollModication": "2026-06-01T09:05:42.6306573Z"
      }
    },
    {
      "type": "Feature",
      "geometry": {
        "type": "LineString",
        "coordinates": [
          [
            -1.4119002997,
            48.1568417502
          ],
          [
            -1.4107018602,
            48.1559592344
          ],
          [
            -1.4100387275,
            48.1551639289
          ]
        ]
      },
      "properties": {
        "CD_TRONC": 15866,
        "INSEE_COM": "35031",
        "NOM_COM": "La Bouëxière",
        "INTERET": "Locale",
        "REVET": "Goudron",
        "STAT_JUR": "Route Départementale",
        "DATE_CP": "20090928",
        "DATE_DEL": "20090630",
        "PRAT_PED": "OUI",
        "PRAT_EQU": "NON",
        "ADMF_PED": "Ouvert",
        "ADMF_EQU": null,
        "PRAT_VEL": null,
        "ADMF_VEL": null,
        "ITIN_PED": "Pédestre Local",
        "ITIN_EQU": null,
        "ITIN_VEL": null,
        "LONGUEUR": 233.73,
        "DATE_MAJ": "20220503131606",
        "DPCollSIRET": "22350001800013",
        "DPCollNom": "DEPARTEMENT D ILLE ET VILAINE",
        "DPCollModication": "2026-06-01T09:05:42.6341091Z"
      }
    },
    {
      "type": "Feature",
      "geometry": {
        "type": "LineString",
        "coordinates": [
          [
            -1.4610635948,
            48.2010396937
          ],
          [
            -1.460242625,
            48.2005299935
          ],
          [
            -1.45997092,
            48.2003140559
          ],
          [
            -1.4597133058,
            48.2001850042
          ],
          [
            -1.4594342774,
            48.20021718
          ],
          [
            -1.4587360566,
            48.2003138632
          ]
        ]
      },
      "properties": {
        "CD_TRONC": 15867,
        "INSEE_COM": "35031",
        "NOM_COM": "La Bouëxière",
        "INTERET": "Locale",
        "REVET": "Goudron",
        "STAT_JUR": "Chemin Rural",
        "DATE_CP": "19990426",
        "DATE_DEL": "19981221",
        "PRAT_PED": "OUI",
        "PRAT_EQU": "NON",
        "ADMF_PED": "Ouvert",
        "ADMF_EQU": null,
        "PRAT_VEL": null,
        "ADMF_VEL": null,
        "ITIN_PED": "Pédestre Local",
        "ITIN_EQU": null,
        "ITIN_VEL": null,
        "LONGUEUR": 212.53,
        "DATE_MAJ": "20220503131606",
        "DPCollSIRET": "22350001800013",
        "DPCollNom": "DEPARTEMENT D ILLE ET VILAINE",
        "DPCollModication": "2026-06-01T09:05:42.6355001Z"
      }
    },
    {
      "type": "Feature",
      "geometry": {
        "type": "LineString",
        "coordinates": [
          [
            -1.4688702769,
            48.2064932343
          ],
          [
            -1.4688080871,
            48.2063162446
          ],
          [
            -1.4689594303,
            48.2061293657
          ],
          [
            -1.4691984044,
            48.2056084159
          ],
          [
            -1.4691241727,
            48.2054643266
          ],
          [
            -1.4687752329,
            48.2050855063
          ],
          [
            -1.4686265291,
            48.2049217063
          ],
          [
            -1.4684007483,
            48.204102926
          ],
          [
            -1.4679577134,
            48.2039340487
          ],
          [
            -1.4672146826,
            48.2035340964
          ],
          [
            -1.4664072355,
            48.2031852447
          ],
          [
            -1.4659191827,
            48.2030099531
          ]
        ]
      },
      "properties": {
        "CD_TRONC": 15868,
        "INSEE_COM": "35031",
        "NOM_COM": "La Bouëxière",
        "INTERET": "Locale",
        "REVET": "Terre",
        "STAT_JUR": "Chemin Rural",
        "DATE_CP": "20090928",
        "DATE_DEL": "20090630",
        "PRAT_PED": "OUI",
        "PRAT_EQU": "NON",
        "ADMF_PED": "Ouvert",
        "ADMF_EQU": null,
        "PRAT_VEL": null,
        "ADMF_VEL": null,
        "ITIN_PED": "Pédestre Local",
        "ITIN_EQU": null,
        "ITIN_VEL": null,
        "LONGUEUR": 505.93,
        "DATE_MAJ": "20220503131606",
        "DPCollSIRET": "22350001800013",
        "DPCollNom": "DEPARTEMENT D ILLE ET VILAINE",
        "DPCollModication": "2026-06-01T09:05:42.6378568Z"
      }
    },
    {
      "type": "Feature",
      "geometry": {
        "type": "LineString",
        "coordinates": [
          [
            -1.5895716368,
            48.2424176737
          ],
          [
            -1.5894990108,
            48.241847278
          ],
          [
            -1.5895144965,
            48.241281569
          ],
          [
            -1.5899151201,
            48.2406143653
          ],
          [
            -1.5904060041,
            48.2401779855
          ],
          [
            -1.5908809599,
            48.2390788735
          ],
          [
            -1.5912595623,
            48.2386702881
          ],
          [
            -1.5912326473,
            48.2386091457
          ]
        ]
      },
      "properties": {
        "CD_TRONC": 15869,
        "INSEE_COM": "35067",
        "NOM_COM": "Chasné-sur-Illet",
        "INTERET": "Locale",
        "REVET": "Empierré",
        "STAT_JUR": "Chemin Rural",
        "DATE_CP": null,
        "DATE_DEL": "20020530",
        "PRAT_PED": "NON",
        "PRAT_EQU": "OUI",
        "ADMF_PED": null,
        "ADMF_EQU": "Fermé",
        "PRAT_VEL": null,
        "ADMF_VEL": null,
        "ITIN_PED": null,
        "ITIN_EQU": "Equestre Local",
        "ITIN_VEL": null,
        "LONGUEUR": 454.7,
        "DATE_MAJ": "20220503131606",
        "DPCollSIRET": "22350001800013",
        "DPCollNom": "DEPARTEMENT D ILLE ET VILAINE",
        "DPCollModication": "2026-06-01T09:05:42.6394853Z"
      }
    },
    {
      "type": "Feature",
      "geometry": {
        "type": "LineString",
        "coordinates": [
          [
            -1.5919233185,
            48.234458875
          ],
          [
            -1.5925821393,
            48.2337212263
          ],
          [
            -1.5929892811,
            48.2331763274
          ],
          [
            -1.5934650042,
            48.2322421023
          ],
          [
            -1.5937964296,
            48.2318037944
          ],
          [
            -1.5938449389,
            48.2314936634
          ],
          [
            -1.5939265117,
            48.231083103
          ],
          [
            -1.5943813922,
            48.2305291288
          ],
          [
            -1.5945423713,
            48.2302867236
          ],
          [
            -1.5945232885,
            48.2301297392
          ],
          [
            -1.5942742592,
            48.2298573249
          ],
          [
            -1.5942051216,
            48.2296058496
          ],
          [
            -1.5942786209,
            48.2294741035
          ],
          [
            -1.5944809993,
            48.2292733492
          ],
          [
            -1.59453967,
            48.2290953125
          ],
          [
            -1.594574363,
            48.2287505674
          ],
          [
            -1.594749981,
            48.2286761346
          ]
        ]
      },
      "properties": {
        "CD_TRONC": 15871,
        "INSEE_COM": "35067",
        "NOM_COM": "Chasné-sur-Illet",
        "INTERET": "Locale",
        "REVET": "Goudron",
        "STAT_JUR": "Chemin Rural",
        "DATE_CP": null,
        "DATE_DEL": "20020530",
        "PRAT_PED": "NON",
        "PRAT_EQU": "OUI",
        "ADMF_PED": null,
        "ADMF_EQU": "Fermé",
        "PRAT_VEL": null,
        "ADMF_VEL": null,
        "ITIN_PED": null,
        "ITIN_EQU": "Equestre Local",
        "ITIN_VEL": null,
        "LONGUEUR": 705.82,
        "DATE_MAJ": "20220503131606",
        "DPCollSIRET": "22350001800013",
        "DPCollNom": "DEPARTEMENT D ILLE ET VILAINE",
        "DPCollModication": "2026-06-01T09:05:42.7749958Z"
      }
    },
    {
      "type": "Feature",
      "geometry": {
        "type": "LineString",
        "coordinates": [
          [
            -1.5914024901,
            48.2355417555
          ],
          [
            -1.5907387751,
            48.2355423289
          ],
          [
            -1.5906080467,
            48.2354509738
          ],
          [
            -1.5900927598,
            48.2355602362
          ],
          [
            -1.5895223783,
            48.2357185052
          ],
          [
            -1.5891875469,
            48.2356846536
          ],
          [
            -1.5883845971,
            48.2352327702
          ],
          [
            -1.5876671703,
            48.2349262714
          ],
          [
            -1.5875328637,
            48.2347007599
          ],
          [
            -1.5858804173,
            48.2342223815
          ],
          [
            -1.5849762765,
            48.233475179
          ]
        ]
      },
      "properties": {
        "CD_TRONC": 15872,
        "INSEE_COM": "35067",
        "NOM_COM": "Chasné-sur-Illet",
        "INTERET": "Locale",
        "REVET": "Terre",
        "STAT_JUR": "Chemin Rural",
        "DATE_CP": null,
        "DATE_DEL": "20020530",
        "PRAT_PED": "NON",
        "PRAT_EQU": "OUI",
        "ADMF_PED": null,
        "ADMF_EQU": "Fermé",
        "PRAT_VEL": null,
        "ADMF_VEL": null,
        "ITIN_PED": null,
        "ITIN_EQU": "Equestre Local",
        "ITIN_VEL": null,
        "LONGUEUR": 583.12,
        "DATE_MAJ": "20220503131606",
        "DPCollSIRET": "22350001800013",
        "DPCollNom": "DEPARTEMENT D ILLE ET VILAINE",
        "DPCollModication": "2026-06-01T09:05:42.7771424Z"
      }
    },
    {
      "type": "Feature",
      "geometry": {
        "type": "LineString",
        "coordinates": [
          [
            -1.5035691684,
            48.23600829
          ],
          [
            -1.5033621284,
            48.2365533225
          ],
          [
            -1.5029962424,
            48.2372918689
          ],
          [
            -1.5026710864,
            48.2383019336
          ],
          [
            -1.5025135188,
            48.2387946074
          ],
          [
            -1.502264091,
            48.2392069689
          ],
          [
            -1.5018112223,
            48.239954233
          ],
          [
            -1.5015916494,
            48.2398950118
          ],
          [
            -1.5009494396,
            48.2408108098
          ],
          [
            -1.5006497083,
            48.2414242555
          ],
          [
            -1.5005020833,
            48.24146503
          ],
          [
            -1.5000093989,
            48.2422363324
          ],
          [
            -1.4992823096,
            48.2430436001
          ],
          [
            -1.4987659934,
            48.2436175258
          ],
          [
            -1.4988017994,
            48.2441316631
          ],
          [
            -1.4986788946,
            48.2445094528
          ]
        ]
      },
      "properties": {
        "CD_TRONC": 15873,
        "INSEE_COM": "35107",
        "NOM_COM": "Ercé-près-Liffré",
        "INTERET": "Locale",
        "REVET": "Terre",
        "STAT_JUR": "Chemin Rural",
        "DATE_CP": "20090928",
        "DATE_DEL": "20090504",
        "PRAT_PED": "OUI",
        "PRAT_EQU": "NON",
        "ADMF_PED": "Ouvert",
        "ADMF_EQU": null,
        "PRAT_VEL": null,
        "ADMF_VEL": null,
        "ITIN_PED": "Pédestre Local",
        "ITIN_EQU": null,
        "ITIN_VEL": null,
        "LONGUEUR": 1044.85,
        "DATE_MAJ": "20220503131606",
        "DPCollSIRET": "22350001800013",
        "DPCollNom": "DEPARTEMENT D ILLE ET VILAINE",
        "DPCollModication": "2026-06-01T09:05:42.7789413Z"
      }
    },
    {
      "type": "Feature",
      "geometry": {
        "type": "LineString",
        "coordinates": [
          [
            -1.4992906012,
            48.244625838
          ],
          [
            -1.4988863884,
            48.2469393619
          ],
          [
            -1.4993156859,
            48.2469734754
          ],
          [
            -1.4993198296,
            48.2475275705
          ],
          [
            -1.4974051068,
            48.249882398
          ],
          [
            -1.4974264148,
            48.2499897331
          ],
          [
            -1.4971689128,
            48.2503402003
          ],
          [
            -1.4987462684,
            48.2510975348
          ],
          [
            -1.4994385164,
            48.2510026713
          ],
          [
            -1.5003003107,
            48.2506336801
          ],
          [
            -1.5024417583,
            48.2500960418
          ]
        ]
      },
      "properties": {
        "CD_TRONC": 15874,
        "INSEE_COM": "35107",
        "NOM_COM": "Ercé-près-Liffré",
        "INTERET": "Locale",
        "REVET": "Terre",
        "STAT_JUR": "Chemin Rural",
        "DATE_CP": "20090928",
        "DATE_DEL": "20090504",
        "PRAT_PED": "OUI",
        "PRAT_EQU": "NON",
        "ADMF_PED": "Ouvert",
        "ADMF_EQU": null,
        "PRAT_VEL": null,
        "ADMF_VEL": null,
        "ITIN_PED": "Pédestre Local",
        "ITIN_EQU": null,
        "ITIN_VEL": null,
        "LONGUEUR": 1148.24,
        "DATE_MAJ": "20220503131606",
        "DPCollSIRET": "22350001800013",
        "DPCollNom": "DEPARTEMENT D ILLE ET VILAINE",
        "DPCollModication": "2026-06-01T09:05:42.7805242Z"
      }
    },
    {
      "type": "Feature",
      "geometry": {
        "type": "LineString",
        "coordinates": [
          [
            -1.5024417583,
            48.2500960418
          ],
          [
            -1.5031232045,
            48.2507748186
          ],
          [
            -1.5035636362,
            48.2514438568
          ],
          [
            -1.5047344991,
            48.2526852516
          ],
          [
            -1.5059811777,
            48.253439786
          ]
        ]
      },
      "properties": {
        "CD_TRONC": 15875,
        "INSEE_COM": "35107",
        "NOM_COM": "Ercé-près-Liffré",
        "INTERET": "Locale",
        "REVET": "Goudron",
        "STAT_JUR": "Voie Communale",
        "DATE_CP": "20090928",
        "DATE_DEL": "20090504",
        "PRAT_PED": "OUI",
        "PRAT_EQU": "NON",
        "ADMF_PED": "Ouvert",
        "ADMF_EQU": null,
        "PRAT_VEL": null,
        "ADMF_VEL": null,
        "ITIN_PED": "Pédestre Local",
        "ITIN_EQU": null,
        "ITIN_VEL": null,
        "LONGUEUR": 459.99,
        "DATE_MAJ": "20220503131606",
        "DPCollSIRET": "22350001800013",
        "DPCollNom": "DEPARTEMENT D ILLE ET VILAINE",
        "DPCollModication": "2026-06-01T09:05:42.7820276Z"
      }
    },
    {
      "type": "Feature",
      "geometry": {
        "type": "LineString",
        "coordinates": [
          [
            -1.4981753609,
            48.2667256402
          ],
          [
            -1.4980597369,
            48.2682323605
          ],
          [
            -1.4979663807,
            48.2694309188
          ],
          [
            -1.4975893903,
            48.2699481451
          ],
          [
            -1.4966353556,
            48.2704422723
          ],
          [
            -1.4958985319,
            48.2712038951
          ],
          [
            -1.4947950453,
            48.2716081646
          ],
          [
            -1.4942583864,
            48.2718052153
          ],
          [
            -1.4937037511,
            48.2717758436
          ]
        ]
      },
      "properties": {
        "CD_TRONC": 15876,
        "INSEE_COM": "35107",
        "NOM_COM": "Ercé-près-Liffré",
        "INTERET": "Locale",
        "REVET": "Goudron",
        "STAT_JUR": "Voie Communale",
        "DATE_CP": "20090928",
        "DATE_DEL": "20090504",
        "PRAT_PED": "OUI",
        "PRAT_EQU": "NON",
        "ADMF_PED": "Ouvert",
        "ADMF_EQU": null,
        "PRAT_VEL": null,
        "ADMF_VEL": null,
        "ITIN_PED": "Pédestre Local",
        "ITIN_EQU": null,
        "ITIN_VEL": null,
        "LONGUEUR": 735.48,
        "DATE_MAJ": "20220503131606",
        "DPCollSIRET": "22350001800013",
        "DPCollNom": "DEPARTEMENT D ILLE ET VILAINE",
        "DPCollModication": "2026-06-01T09:05:42.7832285Z"
      }
    },
    {
      "type": "Feature",
      "geometry": {
        "type": "LineString",
        "coordinates": [
          [
            -1.517074056,
            48.2715849267
          ],
          [
            -1.5161529664,
            48.2704782917
          ]
        ]
      },
      "properties": {
        "CD_TRONC": 15877,
        "INSEE_COM": "35107",
        "NOM_COM": "Ercé-près-Liffré",
        "INTERET": "Départementale",
        "REVET": "Goudron",
        "STAT_JUR": "Chemin Rural",
        "DATE_CP": "20090928",
        "DATE_DEL": "19910328",
        "PRAT_PED": "OUI",
        "PRAT_EQU": "NON",
        "ADMF_PED": "Ouvert",
        "ADMF_EQU": null,
        "PRAT_VEL": null,
        "ADMF_VEL": null,
        "ITIN_PED": "Grande Randonnée",
        "ITIN_EQU": null,
        "ITIN_VEL": null,
        "LONGUEUR": 140.71,
        "DATE_MAJ": "20220503131606",
        "DPCollSIRET": "22350001800013",
        "DPCollNom": "DEPARTEMENT D ILLE ET VILAINE",
        "DPCollModication": "2026-06-01T09:05:42.7843785Z"
      }
    },
    {
      "type": "Feature",
      "geometry": {
        "type": "LineString",
        "coordinates": [
          [
            -1.5181545718,
            48.2555747849
          ],
          [
            -1.518219782,
            48.2551550202
          ]
        ]
      },
      "properties": {
        "CD_TRONC": 15878,
        "INSEE_COM": "35107",
        "NOM_COM": "Ercé-près-Liffré",
        "INTERET": "Départementale",
        "REVET": "Empierré",
        "STAT_JUR": "Chemin Rural",
        "DATE_CP": "20110829",
        "DATE_DEL": "20110711",
        "PRAT_PED": "OUI",
        "PRAT_EQU": null,
        "ADMF_PED": "Ouvert",
        "ADMF_EQU": null,
        "PRAT_VEL": null,
        "ADMF_VEL": null,
        "ITIN_PED": "Grande Randonnée",
        "ITIN_EQU": null,
        "ITIN_VEL": null,
        "LONGUEUR": 46.9,
        "DATE_MAJ": "20220503131606",
        "DPCollSIRET": "22350001800013",
        "DPCollNom": "DEPARTEMENT D ILLE ET VILAINE",
        "DPCollModication": "2026-06-01T09:05:42.7856433Z"
      }
    },
    {
      "type": "Feature",
      "geometry": {
        "type": "LineString",
        "coordinates": [
          [
            -1.5234627495,
            48.2603563355
          ],
          [
            -1.5240057399,
            48.2613196861
          ]
        ]
      },
      "properties": {
        "CD_TRONC": 15882,
        "INSEE_COM": "35107",
        "NOM_COM": "Ercé-près-Liffré",
        "INTERET": "Locale",
        "REVET": "Terre",
        "STAT_JUR": "Chemin Rural",
        "DATE_CP": null,
        "DATE_DEL": "19910328",
        "PRAT_PED": "NON",
        "PRAT_EQU": "OUI",
        "ADMF_PED": null,
        "ADMF_EQU": "Fermé",
        "PRAT_VEL": null,
        "ADMF_VEL": null,
        "ITIN_PED": null,
        "ITIN_EQU": "Equestre Local",
        "ITIN_VEL": null,
        "LONGUEUR": 114.4,
        "DATE_MAJ": "20220503131606",
        "DPCollSIRET": "22350001800013",
        "DPCollNom": "DEPARTEMENT D ILLE ET VILAINE",
        "DPCollModication": "2026-06-01T09:05:42.7949827Z"
      }
    },
    {
      "type": "Feature",
      "geometry": {
        "type": "LineString",
        "coordinates": [
          [
            -1.5240057399,
            48.2613196861
          ],
          [
            -1.5245520351,
            48.2623369816
          ]
        ]
      },
      "properties": {
        "CD_TRONC": 15883,
        "INSEE_COM": "35107",
        "NOM_COM": "Ercé-près-Liffré",
        "INTERET": "Locale",
        "REVET": "Goudron",
        "STAT_JUR": "Chemin Rural",
        "DATE_CP": null,
        "DATE_DEL": "19910328",
        "PRAT_PED": "NON",
        "PRAT_EQU": "OUI",
        "ADMF_PED": null,
        "ADMF_EQU": "Fermé",
        "PRAT_VEL": null,
        "ADMF_VEL": null,
        "ITIN_PED": null,
        "ITIN_EQU": "Equestre Local",
        "ITIN_VEL": null,
        "LONGUEUR": 120.11,
        "DATE_MAJ": "20220503131606",
        "DPCollSIRET": "22350001800013",
        "DPCollNom": "DEPARTEMENT D ILLE ET VILAINE",
        "DPCollModication": "2026-06-01T09:05:42.797268Z"
      }
    },
    {
      "type": "Feature",
      "geometry": {
        "type": "LineString",
        "coordinates": [
          [
            -1.5712563602,
            48.2017653548
          ],
          [
            -1.5723741008,
            48.2007864928
          ],
          [
            -1.5725851187,
            48.2006701586
          ],
          [
            -1.5731788867,
            48.2001946911
          ]
        ]
      },
      "properties": {
        "CD_TRONC": 15884,
        "INSEE_COM": "35152",
        "NOM_COM": "Liffré",
        "INTERET": "Locale",
        "REVET": "Terre",
        "STAT_JUR": "Voie Privée",
        "DATE_CP": "20090928",
        "DATE_DEL": "19921002",
        "PRAT_PED": "NON",
        "PRAT_EQU": "OUI",
        "ADMF_PED": null,
        "ADMF_EQU": "Ouvert",
        "PRAT_VEL": null,
        "ADMF_VEL": null,
        "ITIN_PED": null,
        "ITIN_EQU": "Equestre Local",
        "ITIN_VEL": null,
        "LONGUEUR": 226.02,
        "DATE_MAJ": "20220503131606",
        "DPCollSIRET": "22350001800013",
        "DPCollNom": "DEPARTEMENT D ILLE ET VILAINE",
        "DPCollModication": "2026-06-01T09:05:42.7996394Z"
      }
    },
    {
      "type": "Feature",
      "geometry": {
        "type": "LineString",
        "coordinates": [
          [
            -1.4151956123,
            48.1613263469
          ],
          [
            -1.4149156597,
            48.1615062604
          ],
          [
            -1.4141443582,
            48.1619316779
          ],
          [
            -1.4135074992,
            48.1622574289
          ]
        ]
      },
      "properties": {
        "CD_TRONC": 15885,
        "INSEE_COM": "35031",
        "NOM_COM": "La Bouëxière",
        "INTERET": "Locale",
        "REVET": "Goudron",
        "STAT_JUR": "Voie Communale",
        "DATE_CP": "20090928",
        "DATE_DEL": "20090630",
        "PRAT_PED": "OUI",
        "PRAT_EQU": "NON",
        "ADMF_PED": "Ouvert",
        "ADMF_EQU": null,
        "PRAT_VEL": null,
        "ADMF_VEL": null,
        "ITIN_PED": "Pédestre Local",
        "ITIN_EQU": null,
        "ITIN_VEL": null,
        "LONGUEUR": 162.79,
        "DATE_MAJ": "20220503131606",
        "DPCollSIRET": "22350001800013",
        "DPCollNom": "DEPARTEMENT D ILLE ET VILAINE",
        "DPCollModication": "2026-06-01T09:05:42.8030868Z"
      }
    },
    {
      "type": "Feature",
      "geometry": {
        "type": "LineString",
        "coordinates": [
          [
            -1.4491189355,
            48.3168701097
          ],
          [
            -1.4489644729,
            48.3173905627
          ],
          [
            -1.4487561914,
            48.3177714725
          ],
          [
            -1.4487465603,
            48.3178667894
          ],
          [
            -1.448700105,
            48.3180349146
          ],
          [
            -1.4485779777,
            48.3182044182
          ],
          [
            -1.4485374623,
            48.3182365812
          ],
          [
            -1.4484992403,
            48.3182479315
          ],
          [
            -1.4484868355,
            48.3182610141
          ],
          [
            -1.4484929268,
            48.3182851159
          ],
          [
            -1.4484078145,
            48.3183171541
          ],
          [
            -1.4483616431,
            48.318314385
          ],
          [
            -1.4482626069,
            48.3183415399
          ],
          [
            -1.4483504387,
            48.3183896015
          ],
          [
            -1.4484636118,
            48.3184177858
          ],
          [
            -1.4488580272,
            48.3184804479
          ],
          [
            -1.4489543,
            48.3185164767
          ],
          [
            -1.448966117,
            48.3186594909
          ],
          [
            -1.4489562119,
            48.3187325842
          ]
        ]
      },
      "properties": {
        "CD_TRONC": 6981,
        "INSEE_COM": "35178",
        "NOM_COM": "Mézières-sur-Couesnon",
        "INTERET": "Départementale",
        "REVET": "Terre",
        "STAT_JUR": "Chemin Départemental",
        "DATE_CP": "20030224",
        "DATE_DEL": "20020712",
        "PRAT_PED": "NON",
        "PRAT_EQU": "OUI",
        "ADMF_PED": null,
        "ADMF_EQU": "Ouvert",
        "PRAT_VEL": "NON",
        "ADMF_VEL": null,
        "ITIN_PED": null,
        "ITIN_EQU": "Equibreizh",
        "ITIN_VEL": null,
        "LONGUEUR": 265.08,
        "DATE_MAJ": "20220503131606",
        "DPCollSIRET": "22350001800013",
        "DPCollNom": "DEPARTEMENT D ILLE ET VILAINE",
        "DPCollModication": "2026-06-01T09:05:43.1190716Z"
      }
    },
    {
      "type": "Feature",
      "geometry": {
        "type": "LineString",
        "coordinates": [
          [
            -1.4706604173,
            48.2067913265
          ],
          [
            -1.4700060585,
            48.2067223876
          ],
          [
            -1.4692105032,
            48.2065623611
          ],
          [
            -1.4688702769,
            48.2064932343
          ]
        ]
      },
      "properties": {
        "CD_TRONC": 15818,
        "INSEE_COM": "35031",
        "NOM_COM": "La Bouëxière",
        "INTERET": "Locale",
        "REVET": "Goudron",
        "STAT_JUR": "Voie Communale",
        "DATE_CP": "20090928",
        "DATE_DEL": "20090630",
        "PRAT_PED": "OUI",
        "PRAT_EQU": "NON",
        "ADMF_PED": "Ouvert",
        "ADMF_EQU": null,
        "PRAT_VEL": null,
        "ADMF_VEL": null,
        "ITIN_PED": "Pédestre Local",
        "ITIN_EQU": null,
        "ITIN_VEL": null,
        "LONGUEUR": 137.35,
        "DATE_MAJ": "20220503131606",
        "DPCollSIRET": "22350001800013",
        "DPCollNom": "DEPARTEMENT D ILLE ET VILAINE",
        "DPCollModication": "2026-06-01T09:05:43.2415035Z"
      }
    },
    {
      "type": "Feature",
      "geometry": {
        "type": "LineString",
        "coordinates": [
          [
            -1.5841033238,
            48.2430419781
          ],
          [
            -1.584860956,
            48.2428791732
          ],
          [
            -1.5855589609,
            48.2427754597
          ],
          [
            -1.5877990429,
            48.2426388758
          ],
          [
            -1.5884969269,
            48.2424873811
          ],
          [
            -1.5889909596,
            48.2424276243
          ],
          [
            -1.5895716368,
            48.2424176737
          ]
        ]
      },
      "properties": {
        "CD_TRONC": 15825,
        "INSEE_COM": "35067",
        "NOM_COM": "Chasné-sur-Illet",
        "INTERET": "Locale",
        "REVET": "Terre",
        "STAT_JUR": "Chemin Rural",
        "DATE_CP": null,
        "DATE_DEL": "20020530",
        "PRAT_PED": "NON",
        "PRAT_EQU": "OUI",
        "ADMF_PED": null,
        "ADMF_EQU": "Fermé",
        "PRAT_VEL": null,
        "ADMF_VEL": null,
        "ITIN_PED": null,
        "ITIN_EQU": "Equestre Local",
        "ITIN_VEL": null,
        "LONGUEUR": 414.03,
        "DATE_MAJ": "20220503131606",
        "DPCollSIRET": "22350001800013",
        "DPCollNom": "DEPARTEMENT D ILLE ET VILAINE",
        "DPCollModication": "2026-06-01T09:05:43.2435854Z"
      }
    },
    {
      "type": "Feature",
      "geometry": {
        "type": "LineString",
        "coordinates": [
          [
            -1.415104478,
            48.1640208117
          ],
          [
            -1.4152820023,
            48.163952881
          ],
          [
            -1.4154155353,
            48.1638099934
          ],
          [
            -1.4154309306,
            48.1634948902
          ],
          [
            -1.4154450581,
            48.1631807356
          ],
          [
            -1.4154700967,
            48.1626588909
          ],
          [
            -1.4155431874,
            48.1621478636
          ],
          [
            -1.415612784,
            48.1620136785
          ],
          [
            -1.4156334157,
            48.1618416733
          ],
          [
            -1.4156517374,
            48.1616742607
          ],
          [
            -1.4154659463,
            48.1615144923
          ],
          [
            -1.4151956123,
            48.1613263469
          ]
        ]
      },
      "properties": {
        "CD_TRONC": 15833,
        "INSEE_COM": "35031",
        "NOM_COM": "La Bouëxière",
        "INTERET": "Locale",
        "REVET": "Terre",
        "STAT_JUR": "Chemin Rural",
        "DATE_CP": "20090928",
        "DATE_DEL": "20090630",
        "PRAT_PED": "OUI",
        "PRAT_EQU": "NON",
        "ADMF_PED": "Ouvert",
        "ADMF_EQU": null,
        "PRAT_VEL": null,
        "ADMF_VEL": null,
        "ITIN_PED": "Pédestre Local",
        "ITIN_EQU": null,
        "ITIN_VEL": null,
        "LONGUEUR": 324.09,
        "DATE_MAJ": "20220503131606",
        "DPCollSIRET": "22350001800013",
        "DPCollNom": "DEPARTEMENT D ILLE ET VILAINE",
        "DPCollModication": "2026-06-01T09:05:43.2457792Z"
      }
    },
    {
      "type": "Feature",
      "geometry": {
        "type": "LineString",
        "coordinates": [
          [
            -1.504404275,
            48.2345885308
          ],
          [
            -1.5081647515,
            48.234708164
          ],
          [
            -1.5108545862,
            48.234943391
          ]
        ]
      },
      "properties": {
        "CD_TRONC": 15841,
        "INSEE_COM": "35152",
        "NOM_COM": "Liffré",
        "INTERET": "Départementale",
        "REVET": "Goudron",
        "STAT_JUR": "Chemin Rural",
        "DATE_CP": null,
        "DATE_DEL": "19911107",
        "PRAT_PED": "OUI",
        "PRAT_EQU": "OUI",
        "ADMF_PED": "Ouvert",
        "ADMF_EQU": "Ouvert",
        "PRAT_VEL": null,
        "ADMF_VEL": null,
        "ITIN_PED": "Grande Randonnée",
        "ITIN_EQU": "Equestre Local",
        "ITIN_VEL": null,
        "LONGUEUR": 480.95,
        "DATE_MAJ": "20220503131608",
        "DPCollSIRET": "22350001800013",
        "DPCollNom": "DEPARTEMENT D ILLE ET VILAINE",
        "DPCollModication": "2026-06-01T09:05:44.1952844Z"
      }
    },
    {
      "type": "Feature",
      "geometry": {
        "type": "LineString",
        "coordinates": [
          [
            -1.3641472269,
            48.2273175551
          ],
          [
            -1.3640662449,
            48.2273157446
          ],
          [
            -1.3636564553,
            48.2274520148
          ],
          [
            -1.3634456923,
            48.2275720205
          ],
          [
            -1.3626782318,
            48.2280679854
          ]
        ]
      },
      "properties": {
        "CD_TRONC": 16001,
        "INSEE_COM": "35154",
        "NOM_COM": "Livré-sur-Changeon",
        "INTERET": "Départementale",
        "REVET": "Goudron",
        "STAT_JUR": "Voie Communale",
        "DATE_CP": "20160125",
        "DATE_DEL": "20151113",
        "PRAT_PED": "OUI",
        "PRAT_EQU": "NON",
        "ADMF_PED": "Ouvert",
        "ADMF_EQU": null,
        "PRAT_VEL": "NON",
        "ADMF_VEL": null,
        "ITIN_PED": "Grande Randonnée",
        "ITIN_EQU": null,
        "ITIN_VEL": null,
        "LONGUEUR": 139.86,
        "DATE_MAJ": "20220708080813",
        "DPCollSIRET": "22350001800013",
        "DPCollNom": "DEPARTEMENT D ILLE ET VILAINE",
        "DPCollModication": "2026-06-01T09:05:44.2924456Z"
      }
    },
    {
      "type": "Feature",
      "geometry": {
        "type": "LineString",
        "coordinates": [
          [
            -1.4998535423,
            48.222291649
          ],
          [
            -1.4960393535,
            48.2228912161
          ],
          [
            -1.4945477713,
            48.2240150839
          ],
          [
            -1.4908878024,
            48.2257459608
          ]
        ]
      },
      "properties": {
        "CD_TRONC": 15557,
        "INSEE_COM": "35152",
        "NOM_COM": "Liffré",
        "INTERET": "Départementale",
        "REVET": "Empierré",
        "STAT_JUR": "Chemin Rural",
        "DATE_CP": "20090928",
        "DATE_DEL": "20090619",
        "PRAT_PED": "NON",
        "PRAT_EQU": "OUI",
        "ADMF_PED": null,
        "ADMF_EQU": "Fermé",
        "PRAT_VEL": null,
        "ADMF_VEL": null,
        "ITIN_PED": null,
        "ITIN_EQU": "Equibreizh",
        "ITIN_VEL": null,
        "LONGUEUR": 790.93,
        "DATE_MAJ": "20220711164152",
        "DPCollSIRET": "22350001800013",
        "DPCollNom": "DEPARTEMENT D ILLE ET VILAINE",
        "DPCollModication": "2026-06-01T09:05:44.3045874Z"
      }
    },
    {
      "type": "Feature",
      "geometry": {
        "type": "LineString",
        "coordinates": [
          [
            -1.4810979239,
            48.2310377777
          ],
          [
            -1.4835845636,
            48.2296816525
          ],
          [
            -1.4876422213,
            48.2274672697
          ],
          [
            -1.4886853896,
            48.2269193155
          ],
          [
            -1.4908878024,
            48.2257459608
          ]
        ]
      },
      "properties": {
        "CD_TRONC": 15649,
        "INSEE_COM": "35152",
        "NOM_COM": "Liffré",
        "INTERET": "Départementale",
        "REVET": "Empierré",
        "STAT_JUR": "Chemin Rural",
        "DATE_CP": null,
        "DATE_DEL": "19911107",
        "PRAT_PED": "NON",
        "PRAT_EQU": "OUI",
        "ADMF_PED": null,
        "ADMF_EQU": "Fermé",
        "PRAT_VEL": null,
        "ADMF_VEL": null,
        "ITIN_PED": null,
        "ITIN_EQU": "Equibreizh",
        "ITIN_VEL": null,
        "LONGUEUR": 935.11,
        "DATE_MAJ": "20220711164152",
        "DPCollSIRET": "22350001800013",
        "DPCollNom": "DEPARTEMENT D ILLE ET VILAINE",
        "DPCollModication": "2026-06-01T09:05:44.306738Z"
      }
    },
    {
      "type": "Feature",
      "geometry": {
        "type": "LineString",
        "coordinates": [
          [
            -1.5545206866,
            48.2100203283
          ],
          [
            -1.5540807761,
            48.2104068324
          ]
        ]
      },
      "properties": {
        "CD_TRONC": 15702,
        "INSEE_COM": "35152",
        "NOM_COM": "Liffré",
        "INTERET": "Départementale",
        "REVET": "Goudron",
        "STAT_JUR": "Voie Privée",
        "DATE_CP": null,
        "DATE_DEL": "19911107",
        "PRAT_PED": "OUI",
        "PRAT_EQU": "NON",
        "ADMF_PED": "Ouvert",
        "ADMF_EQU": null,
        "PRAT_VEL": null,
        "ADMF_VEL": null,
        "ITIN_PED": "Grande Randonnée",
        "ITIN_EQU": null,
        "ITIN_VEL": null,
        "LONGUEUR": 53.97,
        "DATE_MAJ": "20240325150045",
        "DPCollSIRET": "22350001800013",
        "DPCollNom": "DEPARTEMENT D ILLE ET VILAINE",
        "DPCollModication": "2026-06-01T09:05:45.279974Z"
      }
    },
    {
      "type": "Feature",
      "geometry": {
        "type": "LineString",
        "coordinates": [
          [
            -1.5851096717,
            48.1835647263
          ],
          [
            -1.5850425905,
            48.1833356946
          ]
        ]
      },
      "properties": {
        "CD_TRONC": 15807,
        "INSEE_COM": "35152",
        "NOM_COM": "Liffré",
        "INTERET": "Départementale",
        "REVET": "Goudron",
        "STAT_JUR": "Voie Privée",
        "DATE_CP": "20090928",
        "DATE_DEL": "20090619",
        "PRAT_PED": "OUI",
        "PRAT_EQU": "NON",
        "ADMF_PED": "Ouvert",
        "ADMF_EQU": null,
        "PRAT_VEL": null,
        "ADMF_VEL": null,
        "ITIN_PED": "Grande Randonnée",
        "ITIN_EQU": null,
        "ITIN_VEL": null,
        "LONGUEUR": 25.94,
        "DATE_MAJ": "20240325150348",
        "DPCollSIRET": "22350001800013",
        "DPCollNom": "DEPARTEMENT D ILLE ET VILAINE",
        "DPCollModication": "2026-06-01T09:05:45.2817782Z"
      }
    },
    {
      "type": "Feature",
      "geometry": {
        "type": "LineString",
        "coordinates": [
          [
            -1.4322796777,
            48.2765397204
          ],
          [
            -1.4328942644,
            48.2764248273
          ],
          [
            -1.4336904913,
            48.2759121271
          ],
          [
            -1.4342284811,
            48.2758323326
          ],
          [
            -1.4343007682,
            48.2751744041
          ],
          [
            -1.4344834304,
            48.2750531014
          ]
        ]
      },
      "properties": {
        "CD_TRONC": 6751,
        "INSEE_COM": "35178",
        "NOM_COM": "Mézières-sur-Couesnon",
        "INTERET": "Départementale",
        "REVET": "Terre",
        "STAT_JUR": "Voie Privée",
        "DATE_CP": "20030224",
        "DATE_DEL": "20020712",
        "PRAT_PED": "OUI",
        "PRAT_EQU": "NON",
        "ADMF_PED": "Ouvert",
        "ADMF_EQU": null,
        "PRAT_VEL": "NON",
        "ADMF_VEL": null,
        "ITIN_PED": "Grande Randonnée",
        "ITIN_EQU": null,
        "ITIN_VEL": null,
        "LONGUEUR": 262.75,
        "DATE_MAJ": "20240325152129",
        "DPCollSIRET": "22350001800013",
        "DPCollNom": "DEPARTEMENT D ILLE ET VILAINE",
        "DPCollModication": "2026-06-01T09:05:45.2833441Z"
      }
    },
    {
      "type": "Feature",
      "geometry": {
        "type": "LineString",
        "coordinates": [
          [
            -1.4326723902,
            48.2778507604
          ],
          [
            -1.4330774484,
            48.2794387318
          ],
          [
            -1.433297585,
            48.2804959582
          ],
          [
            -1.4316228104,
            48.2802605146
          ]
        ]
      },
      "properties": {
        "CD_TRONC": 15237,
        "INSEE_COM": "35178",
        "NOM_COM": "Mézières-sur-Couesnon",
        "INTERET": "Départementale",
        "REVET": "Terre",
        "STAT_JUR": "Voie Privée",
        "DATE_CP": null,
        "DATE_DEL": null,
        "PRAT_PED": null,
        "PRAT_EQU": "OUI",
        "ADMF_PED": null,
        "ADMF_EQU": "Ouvert",
        "PRAT_VEL": null,
        "ADMF_VEL": null,
        "ITIN_PED": null,
        "ITIN_EQU": "Equibreizh",
        "ITIN_VEL": null,
        "LONGUEUR": 424.63,
        "DATE_MAJ": "20240325155506",
        "DPCollSIRET": "22350001800013",
        "DPCollNom": "DEPARTEMENT D ILLE ET VILAINE",
        "DPCollModication": "2026-06-01T09:05:45.2955012Z"
      }
    },
    {
      "type": "Feature",
      "geometry": {
        "type": "LineString",
        "coordinates": [
          [
            -1.4817763429,
            48.2832883058
          ],
          [
            -1.4814814342,
            48.2832978762
          ],
          [
            -1.4811430283,
            48.2834649396
          ],
          [
            -1.4805715585,
            48.2839136047
          ],
          [
            -1.4798212953,
            48.2843841136
          ],
          [
            -1.4784716282,
            48.2847542573
          ],
          [
            -1.4763555388,
            48.2850090418
          ],
          [
            -1.4758804956,
            48.2850591833
          ],
          [
            -1.4754513392,
            48.285112375
          ]
        ]
      },
      "properties": {
        "CD_TRONC": 6778,
        "INSEE_COM": "35253",
        "NOM_COM": "Saint-Aubin-du-Cormier",
        "INTERET": "Départementale",
        "REVET": "Terre",
        "STAT_JUR": "Voie Privée",
        "DATE_CP": null,
        "DATE_DEL": "19910328",
        "PRAT_PED": "OUI",
        "PRAT_EQU": "OUI",
        "ADMF_PED": "Ouvert",
        "ADMF_EQU": "Ouvert",
        "PRAT_VEL": "NON",
        "ADMF_VEL": null,
        "ITIN_PED": "Grande Randonnée",
        "ITIN_EQU": "Equestre Local",
        "ITIN_VEL": null,
        "LONGUEUR": 530.74,
        "DATE_MAJ": "20241009130456",
        "DPCollSIRET": "22350001800013",
        "DPCollNom": "DEPARTEMENT D ILLE ET VILAINE",
        "DPCollModication": "2026-06-01T09:05:45.3027899Z"
      }
    },
    {
      "type": "Feature",
      "geometry": {
        "type": "LineString",
        "coordinates": [
          [
            -1.4589946978,
            48.2780715075
          ],
          [
            -1.4594802719,
            48.2782316164
          ],
          [
            -1.4598977661,
            48.2781915753
          ],
          [
            -1.4602808811,
            48.2782158679
          ],
          [
            -1.4609571698,
            48.2785028165
          ],
          [
            -1.461668165,
            48.2787611678
          ],
          [
            -1.4624097797,
            48.2787597246
          ],
          [
            -1.4626297664,
            48.2792364621
          ],
          [
            -1.4633155977,
            48.2794333639
          ],
          [
            -1.4638108356,
            48.27971591
          ],
          [
            -1.4643560655,
            48.2795632698
          ],
          [
            -1.4649295103,
            48.2795672451
          ],
          [
            -1.4653217457,
            48.2793970401
          ],
          [
            -1.4655791502,
            48.2789948964
          ],
          [
            -1.4658593544,
            48.2789070743
          ],
          [
            -1.4661289702,
            48.2786733168
          ],
          [
            -1.4665408311,
            48.2787460184
          ],
          [
            -1.467460662,
            48.2787719829
          ],
          [
            -1.4681708706,
            48.2788480437
          ],
          [
            -1.468381263,
            48.2790640497
          ],
          [
            -1.468539898,
            48.2794612119
          ],
          [
            -1.4686913579,
            48.2799481202
          ],
          [
            -1.4688324973,
            48.2801800295
          ],
          [
            -1.4690536215,
            48.2803862616
          ],
          [
            -1.4690310561,
            48.2809200252
          ],
          [
            -1.4689130898,
            48.2810719883
          ],
          [
            -1.468877827,
            48.2812190989
          ],
          [
            -1.4688871424,
            48.2813498885
          ],
          [
            -1.468807128,
            48.281417292
          ],
          [
            -1.4687084214,
            48.2814863477
          ],
          [
            -1.4686079256,
            48.2816966447
          ],
          [
            -1.4684437391,
            48.281976103
          ],
          [
            -1.4684279515,
            48.2821941552
          ],
          [
            -1.4683321239,
            48.2823446566
          ],
          [
            -1.4682358619,
            48.2824226888
          ],
          [
            -1.4681780866,
            48.2825164333
          ],
          [
            -1.4680536078,
            48.2826188258
          ],
          [
            -1.4679662141,
            48.2827476221
          ],
          [
            -1.4677605167,
            48.2828832014
          ],
          [
            -1.4676130807,
            48.2829307403
          ],
          [
            -1.4673742092,
            48.2829111577
          ],
          [
            -1.4672011833,
            48.2829866665
          ],
          [
            -1.4671666275,
            48.283022614
          ],
          [
            -1.4674565677,
            48.283140759
          ],
          [
            -1.4675353208,
            48.2832941972
          ],
          [
            -1.4694058396,
            48.2838157531
          ],
          [
            -1.4722087839,
            48.2844447025
          ],
          [
            -1.4730795986,
            48.2846319337
          ],
          [
            -1.4740585625,
            48.2848484624
          ],
          [
            -1.4754513392,
            48.285112375
          ]
        ]
      },
      "properties": {
        "CD_TRONC": 6780,
        "INSEE_COM": "35253",
        "NOM_COM": "Saint-Aubin-du-Cormier",
        "INTERET": "Locale",
        "REVET": "Terre",
        "STAT_JUR": "Voie Privée",
        "DATE_CP": "20241118",
        "DATE_DEL": null,
        "PRAT_PED": "NON",
        "PRAT_EQU": "OUI",
        "ADMF_PED": null,
        "ADMF_EQU": "Ouvert",
        "PRAT_VEL": "NON",
        "ADMF_VEL": null,
        "ITIN_PED": null,
        "ITIN_EQU": "Equestre Local",
        "ITIN_VEL": null,
        "LONGUEUR": 2017.15,
        "DATE_MAJ": "20250127161724",
        "DPCollSIRET": "22350001800013",
        "DPCollNom": "DEPARTEMENT D ILLE ET VILAINE",
        "DPCollModication": "2026-06-01T09:05:45.9331585Z"
      }
    },
    {
      "type": "Feature",
      "geometry": {
        "type": "LineString",
        "coordinates": [
          [
            -1.4397259432,
            48.2751223149
          ],
          [
            -1.4400499106,
            48.27513644
          ],
          [
            -1.4406703094,
            48.2751830844
          ],
          [
            -1.4411864307,
            48.2751365529
          ],
          [
            -1.4416279574,
            48.2752762669
          ],
          [
            -1.4419709285,
            48.2754157019
          ],
          [
            -1.4424722769,
            48.2757922956
          ],
          [
            -1.4428782268,
            48.2758943789
          ],
          [
            -1.4436813466,
            48.2762375669
          ],
          [
            -1.4440274951,
            48.2763397738
          ],
          [
            -1.4442010564,
            48.2762962101
          ],
          [
            -1.4447724405,
            48.2763827415
          ],
          [
            -1.4456378716,
            48.2765384546
          ],
          [
            -1.4460908715,
            48.2764823174
          ],
          [
            -1.4464772183,
            48.2764617144
          ],
          [
            -1.4470964046,
            48.2764605976
          ],
          [
            -1.4477900108,
            48.2763886614
          ],
          [
            -1.4483496057,
            48.2762382966
          ],
          [
            -1.4488898513,
            48.2762195646
          ],
          [
            -1.4495665565,
            48.276533266
          ],
          [
            -1.4503540479,
            48.2767045469
          ],
          [
            -1.45055116,
            48.2767003385
          ],
          [
            -1.4510275982,
            48.2768383199
          ],
          [
            -1.4516292175,
            48.276833339
          ],
          [
            -1.4521121137,
            48.2769003712
          ],
          [
            -1.4525677987,
            48.2768831747
          ],
          [
            -1.4529959804,
            48.2769345542
          ],
          [
            -1.4538018757,
            48.27695991
          ],
          [
            -1.4543685938,
            48.2769662022
          ],
          [
            -1.454785976,
            48.277026731
          ],
          [
            -1.4549906126,
            48.2771772547
          ],
          [
            -1.4547997685,
            48.2778123773
          ],
          [
            -1.4546630766,
            48.2781399052
          ],
          [
            -1.4545029989,
            48.2785084526
          ],
          [
            -1.4546237026,
            48.2785546442
          ],
          [
            -1.4549486919,
            48.2785247108
          ],
          [
            -1.4551685565,
            48.278476234
          ],
          [
            -1.4554017164,
            48.278462714
          ],
          [
            -1.4561532976,
            48.2784165998
          ],
          [
            -1.4566703749,
            48.278456191
          ],
          [
            -1.4569849514,
            48.2786583165
          ],
          [
            -1.4569445126,
            48.278854285
          ],
          [
            -1.4568199641,
            48.2790863844
          ],
          [
            -1.4576099476,
            48.2790384173
          ],
          [
            -1.4578863322,
            48.2788411612
          ],
          [
            -1.4583386886,
            48.2788119135
          ],
          [
            -1.4586886205,
            48.2787228407
          ],
          [
            -1.4588190958,
            48.2784719709
          ],
          [
            -1.4589946978,
            48.2780715075
          ]
        ]
      },
      "properties": {
        "CD_TRONC": 19376,
        "INSEE_COM": "35253",
        "NOM_COM": "Saint-Aubin-du-Cormier",
        "INTERET": "Départementale",
        "REVET": "Terre",
        "STAT_JUR": "Voie Privée",
        "DATE_CP": null,
        "DATE_DEL": "19910328",
        "PRAT_PED": "OUI",
        "PRAT_EQU": "OUI",
        "ADMF_PED": "Ouvert",
        "ADMF_EQU": "Ouvert",
        "PRAT_VEL": "NON",
        "ADMF_VEL": null,
        "ITIN_PED": "Grande Randonnée",
        "ITIN_EQU": "Equestre Local",
        "ITIN_VEL": null,
        "LONGUEUR": 1835.23,
        "DATE_MAJ": "20250127162342",
        "DPCollSIRET": "22350001800013",
        "DPCollNom": "DEPARTEMENT D ILLE ET VILAINE",
        "DPCollModication": "2026-06-01T09:05:45.9346896Z"
      }
    },
    {
      "type": "Feature",
      "geometry": {
        "type": "LineString",
        "coordinates": [
          [
            -1.4754665513,
            48.2853876722
          ],
          [
            -1.4754513392,
            48.285112375
          ]
        ]
      },
      "properties": {
        "CD_TRONC": 19378,
        "INSEE_COM": "35253",
        "NOM_COM": "Saint-Aubin-du-Cormier",
        "INTERET": "Départementale",
        "REVET": "Empierré",
        "STAT_JUR": "Voie Privée",
        "DATE_CP": null,
        "DATE_DEL": "19910328",
        "PRAT_PED": "OUI",
        "PRAT_EQU": "OUI",
        "ADMF_PED": "Ouvert",
        "ADMF_EQU": "Fermé",
        "PRAT_VEL": "NON",
        "ADMF_VEL": null,
        "ITIN_PED": "Grande Randonnée",
        "ITIN_EQU": "Equestre Local",
        "ITIN_VEL": null,
        "LONGUEUR": 30.62,
        "DATE_MAJ": "20250127162025",
        "DPCollSIRET": "22350001800013",
        "DPCollNom": "DEPARTEMENT D ILLE ET VILAINE",
        "DPCollModication": "2026-06-01T09:05:45.9378974Z"
      }
    },
    {
      "type": "Feature",
      "geometry": {
        "type": "LineString",
        "coordinates": [
          [
            -1.432671398,
            48.2716489894
          ],
          [
            -1.4367708138,
            48.2724260749
          ],
          [
            -1.4395442593,
            48.2728247116
          ],
          [
            -1.4398191113,
            48.2728818512
          ],
          [
            -1.4397473109,
            48.2732490009
          ],
          [
            -1.4398434999,
            48.2734499899
          ],
          [
            -1.4397908894,
            48.2738718907
          ],
          [
            -1.4399916724,
            48.2743706094
          ],
          [
            -1.4399752819,
            48.274709468
          ],
          [
            -1.4397259432,
            48.2751223149
          ]
        ]
      },
      "properties": {
        "CD_TRONC": 1022,
        "INSEE_COM": "35253",
        "NOM_COM": "Saint-Aubin-du-Cormier",
        "INTERET": "Locale",
        "REVET": "Terre",
        "STAT_JUR": "Voie Privée",
        "DATE_CP": null,
        "DATE_DEL": "19910328",
        "PRAT_PED": "OUI",
        "PRAT_EQU": "OUI",
        "ADMF_PED": "Ouvert",
        "ADMF_EQU": "Ouvert",
        "PRAT_VEL": "NON",
        "ADMF_VEL": null,
        "ITIN_PED": "Pédestre Local",
        "ITIN_EQU": "Equestre Local",
        "ITIN_VEL": null,
        "LONGUEUR": 804.25,
        "DATE_MAJ": "20241009124811",
        "DPCollSIRET": "22350001800013",
        "DPCollNom": "DEPARTEMENT D ILLE ET VILAINE",
        "DPCollModication": "2026-06-01T09:05:45.9394847Z"
      }
    },
    {
      "type": "Feature",
      "geometry": {
        "type": "LineString",
        "coordinates": [
          [
            -1.4589946978,
            48.2780715075
          ],
          [
            -1.4591099101,
            48.2777879569
          ],
          [
            -1.4591182734,
            48.2776645673
          ],
          [
            -1.458937319,
            48.277616138
          ],
          [
            -1.4586623979,
            48.2774356202
          ],
          [
            -1.4585059554,
            48.2771878393
          ],
          [
            -1.4581869347,
            48.2766375519
          ],
          [
            -1.4579003707,
            48.2762963202
          ],
          [
            -1.4577127484,
            48.2758598146
          ],
          [
            -1.4568728684,
            48.2757269938
          ],
          [
            -1.4574514528,
            48.2756213265
          ],
          [
            -1.4576154844,
            48.2756335246
          ],
          [
            -1.4588649722,
            48.2757149825
          ],
          [
            -1.4597856583,
            48.2756673774
          ],
          [
            -1.4606077407,
            48.2756781421
          ],
          [
            -1.4613617581,
            48.2755676938
          ],
          [
            -1.4623543613,
            48.2755446807
          ],
          [
            -1.4634237452,
            48.2750638336
          ],
          [
            -1.4645430162,
            48.274944389
          ],
          [
            -1.4647625408,
            48.2749489544
          ],
          [
            -1.4651252426,
            48.2745316635
          ],
          [
            -1.4650455598,
            48.2743462945
          ],
          [
            -1.4651779615,
            48.2742659387
          ],
          [
            -1.4654019351,
            48.2742449167
          ],
          [
            -1.4659335312,
            48.2743906008
          ],
          [
            -1.466803958,
            48.274538544
          ],
          [
            -1.4670498715,
            48.2745543654
          ],
          [
            -1.467434271,
            48.2745172263
          ],
          [
            -1.4677631222,
            48.2745349337
          ],
          [
            -1.468076261,
            48.2745004879
          ],
          [
            -1.4682810642,
            48.2746082836
          ],
          [
            -1.4686368078,
            48.2746325065
          ],
          [
            -1.4687784069,
            48.2745718933
          ],
          [
            -1.4691310376,
            48.2746037673
          ],
          [
            -1.4695623561,
            48.274587453
          ],
          [
            -1.469825461,
            48.2745398245
          ],
          [
            -1.4700385448,
            48.2746121397
          ],
          [
            -1.4706162885,
            48.2746807047
          ],
          [
            -1.4711861661,
            48.2746566304
          ],
          [
            -1.4717840766,
            48.2746967981
          ],
          [
            -1.4724892863,
            48.2748484419
          ],
          [
            -1.4732389603,
            48.2746819169
          ],
          [
            -1.4733994628,
            48.274711005
          ],
          [
            -1.473527431,
            48.2748443073
          ],
          [
            -1.473714401,
            48.2748749046
          ],
          [
            -1.4737706043,
            48.2749606878
          ],
          [
            -1.4738174621,
            48.2753464731
          ],
          [
            -1.4737657465,
            48.2755235043
          ],
          [
            -1.473822242,
            48.2756569998
          ],
          [
            -1.4739832521,
            48.275736303
          ],
          [
            -1.4742430323,
            48.2756938139
          ],
          [
            -1.4744044143,
            48.2758660369
          ],
          [
            -1.474544041,
            48.275870797
          ],
          [
            -1.4748165216,
            48.2757923477
          ],
          [
            -1.4751618709,
            48.2759127055
          ],
          [
            -1.4755015676,
            48.2759665576
          ],
          [
            -1.4757607575,
            48.2759724392
          ],
          [
            -1.4766073674,
            48.27617977
          ],
          [
            -1.476918303,
            48.2761719146
          ],
          [
            -1.4772228411,
            48.2762270949
          ],
          [
            -1.4777317797,
            48.2760586746
          ],
          [
            -1.4777010199,
            48.2759734989
          ],
          [
            -1.4778261614,
            48.2758549424
          ],
          [
            -1.4781043383,
            48.2757384356
          ],
          [
            -1.4784377148,
            48.2757179516
          ],
          [
            -1.4791539415,
            48.2758438645
          ],
          [
            -1.47968051,
            48.2758827725
          ],
          [
            -1.4800937337,
            48.2759024274
          ],
          [
            -1.4807708087,
            48.2759827197
          ],
          [
            -1.4813679701,
            48.2761602299
          ],
          [
            -1.4817814644,
            48.2763211562
          ],
          [
            -1.4819490206,
            48.2764246899
          ],
          [
            -1.4821200414,
            48.2766379827
          ],
          [
            -1.4821377592,
            48.2770533208
          ],
          [
            -1.4825462671,
            48.2771555643
          ],
          [
            -1.4829049099,
            48.2779151114
          ],
          [
            -1.4832512268,
            48.2781845458
          ],
          [
            -1.4839746918,
            48.2783258543
          ],
          [
            -1.4847519637,
            48.2783395295
          ],
          [
            -1.4851945855,
            48.2782770721
          ],
          [
            -1.4855958989,
            48.2783074974
          ]
        ]
      },
      "properties": {
        "CD_TRONC": 19377,
        "INSEE_COM": "35253",
        "NOM_COM": "Saint-Aubin-du-Cormier",
        "INTERET": "Départementale",
        "REVET": "Terre",
        "STAT_JUR": "Voie Privée",
        "DATE_CP": "20241118",
        "DATE_DEL": null,
        "PRAT_PED": "OUI",
        "PRAT_EQU": null,
        "ADMF_PED": "Ouvert",
        "ADMF_EQU": null,
        "PRAT_VEL": null,
        "ADMF_VEL": null,
        "ITIN_PED": "Grande Randonnée",
        "ITIN_EQU": null,
        "ITIN_VEL": null,
        "LONGUEUR": 2872.64,
        "DATE_MAJ": "20250127162048",
        "DPCollSIRET": "22350001800013",
        "DPCollNom": "DEPARTEMENT D ILLE ET VILAINE",
        "DPCollModication": "2026-06-01T09:05:45.9459831Z"
      }
    },
    {
      "type": "Feature",
      "geometry": {
        "type": "LineString",
        "coordinates": [
          [
            -1.4855958989,
            48.2783074974
          ],
          [
            -1.4866133307,
            48.2782228353
          ],
          [
            -1.4871168562,
            48.2781393916
          ],
          [
            -1.4878011183,
            48.2780882894
          ],
          [
            -1.4882713024,
            48.2780906149
          ],
          [
            -1.4889964037,
            48.2781493282
          ],
          [
            -1.4900251763,
            48.2781339511
          ],
          [
            -1.4903428968,
            48.2780896884
          ],
          [
            -1.4905136282,
            48.2779587729
          ],
          [
            -1.4909289177,
            48.2779243529
          ],
          [
            -1.4912162433,
            48.2779635053
          ],
          [
            -1.4921139745,
            48.2782375334
          ],
          [
            -1.4927901059,
            48.2783357355
          ],
          [
            -1.4935244443,
            48.2783345196
          ],
          [
            -1.4942014494,
            48.2783347957
          ],
          [
            -1.4943473938,
            48.2784005075
          ],
          [
            -1.494578132,
            48.2783664303
          ],
          [
            -1.4956759403,
            48.2783841489
          ],
          [
            -1.4971406351,
            48.2786032828
          ],
          [
            -1.4984097167,
            48.2787766746
          ],
          [
            -1.4989130854,
            48.2788845813
          ],
          [
            -1.4999408685,
            48.2790464158
          ],
          [
            -1.5006597089,
            48.279030104
          ],
          [
            -1.5013915177,
            48.2791662797
          ],
          [
            -1.5018460464,
            48.2793015685
          ],
          [
            -1.5023981622,
            48.2794083399
          ],
          [
            -1.5028121712,
            48.2794707753
          ],
          [
            -1.5029056426,
            48.2794552771
          ],
          [
            -1.5033569656,
            48.2790334368
          ],
          [
            -1.5034042158,
            48.2790010852
          ],
          [
            -1.5033973847,
            48.2789219492
          ],
          [
            -1.5034775965,
            48.2788494994
          ],
          [
            -1.503520856,
            48.2788027904
          ],
          [
            -1.5035910677,
            48.2787712759
          ],
          [
            -1.5037685628,
            48.2785725892
          ],
          [
            -1.5040176498,
            48.2784549154
          ],
          [
            -1.5042481445,
            48.2782490997
          ],
          [
            -1.5047152145,
            48.2777794421
          ],
          [
            -1.5050503746,
            48.277542526
          ],
          [
            -1.5053416314,
            48.2774396199
          ],
          [
            -1.5059206831,
            48.2773848971
          ],
          [
            -1.5070404663,
            48.2767334171
          ],
          [
            -1.5080060522,
            48.2765450376
          ]
        ]
      },
      "properties": {
        "CD_TRONC": 1008,
        "INSEE_COM": "35253",
        "NOM_COM": "Saint-Aubin-du-Cormier",
        "INTERET": "Départementale",
        "REVET": "Terre",
        "STAT_JUR": "Voie Privée",
        "DATE_CP": null,
        "DATE_DEL": "19910328",
        "PRAT_PED": "OUI",
        "PRAT_EQU": "NON",
        "ADMF_PED": "Ouvert",
        "ADMF_EQU": null,
        "PRAT_VEL": "NON",
        "ADMF_VEL": null,
        "ITIN_PED": "Grande Randonnée",
        "ITIN_EQU": null,
        "ITIN_VEL": null,
        "LONGUEUR": 1843.78,
        "DATE_MAJ": "20241009130757",
        "DPCollSIRET": "22350001800013",
        "DPCollNom": "DEPARTEMENT D ILLE ET VILAINE",
        "DPCollModication": "2026-06-01T09:05:45.9484292Z"
      }
    },
    {
      "type": "Feature",
      "geometry": {
        "type": "LineString",
        "coordinates": [
          [
            -1.4851809631,
            48.2793310238
          ],
          [
            -1.485163262,
            48.2792706776
          ],
          [
            -1.4852688088,
            48.2790335117
          ],
          [
            -1.4855554861,
            48.2786281825
          ],
          [
            -1.4855958989,
            48.2783074974
          ]
        ]
      },
      "properties": {
        "CD_TRONC": 19379,
        "INSEE_COM": "35253",
        "NOM_COM": "Saint-Aubin-du-Cormier",
        "INTERET": "Départementale",
        "REVET": "Terre",
        "STAT_JUR": "Voie Privée",
        "DATE_CP": null,
        "DATE_DEL": "19910328",
        "PRAT_PED": "OUI",
        "PRAT_EQU": "NON",
        "ADMF_PED": "Ouvert",
        "ADMF_EQU": null,
        "PRAT_VEL": "NON",
        "ADMF_VEL": null,
        "ITIN_PED": "Grande Randonnée",
        "ITIN_EQU": null,
        "ITIN_VEL": null,
        "LONGUEUR": 119.92,
        "DATE_MAJ": "20241009130757",
        "DPCollSIRET": "22350001800013",
        "DPCollNom": "DEPARTEMENT D ILLE ET VILAINE",
        "DPCollModication": "2026-06-01T09:05:45.949983Z"
      }
    },
    {
      "type": "Feature",
      "geometry": {
        "type": "LineString",
        "coordinates": [
          [
            -1.4326723902,
            48.2778507604
          ],
          [
            -1.4322796777,
            48.2765397204
          ]
        ]
      },
      "properties": {
        "CD_TRONC": 19380,
        "INSEE_COM": "35178",
        "NOM_COM": "Mézières-sur-Couesnon",
        "INTERET": "Départementale",
        "REVET": "Terre",
        "STAT_JUR": "Voie Privée",
        "DATE_CP": "20030224",
        "DATE_DEL": "20020712",
        "PRAT_PED": "OUI",
        "PRAT_EQU": "OUI",
        "ADMF_PED": "Ouvert",
        "ADMF_EQU": "Ouvert",
        "PRAT_VEL": "NON",
        "ADMF_VEL": null,
        "ITIN_PED": "Grande Randonnée",
        "ITIN_EQU": "Equibreizh",
        "ITIN_VEL": null,
        "LONGUEUR": 148.6,
        "DATE_MAJ": "20250127163135",
        "DPCollSIRET": "22350001800013",
        "DPCollNom": "DEPARTEMENT D ILLE ET VILAINE",
        "DPCollModication": "2026-06-01T09:05:46.1324001Z"
      }
    }
  ]
}
