<?xml version="1.0" encoding="UTF-8"?>
<gpx xmlns="http://www.topografix.com/GPX/1/1" xmlns:gpsies="http://www.gpsies.com/GPX/1/0" creator="GPSies http://www.gpsies.com - Circuit 6 Erce Pres Liffre  Tcx" version="1.1" xmlns:xsi="http://www.w3.org/2001/XMLSchema-instance" xsi:schemaLocation="http://www.topografix.com/GPX/1/1 http://www.topografix.com/GPX/1/1/gpx.xsd http://www.gpsies.com/GPX/1/0 http://www.gpsies.com/gpsies.xsd">
  <metadata>
    <name>Circuit 6 Erce Pres Liffre  Tcx</name>
    <link href="http://www.gpsies.com/">
      <text>Circuit 6 Erce Pres Liffre  Tcx on GPSies.com</text>
    </link>
    <time>2014-08-28T16:00:45Z</time>
  </metadata>
  <trk>
    <name>Circuit 6 Erce Pres Liffre  Tcx on GPSies.com</name>
    <trkseg>
      <trkpt lat="48.25594106" lon="-1.51693873">
        <ele>79.000000</ele>
        <time>2010-01-01T00:00:00Z</time>
      </trkpt>
      <trkpt lat="48.25604936" lon="-1.51686036">
        <ele>79.000000</ele>
        <time>2010-01-01T00:00:04Z</time>
      </trkpt>
      <trkpt lat="48.25614608" lon="-1.51683269">
        <ele>79.000000</ele>
        <time>2010-01-01T00:00:08Z</time>
      </trkpt>
      <trkpt lat="48.25622119" lon="-1.51678802">
        <ele>79.000000</ele>
        <time>2010-01-01T00:00:11Z</time>
      </trkpt>
      <trkpt lat="48.25632621" lon="-1.51674502">
        <ele>78.599998</ele>
        <time>2010-01-01T00:00:16Z</time>
      </trkpt>
      <trkpt lat="48.25647474" lon="-1.51668299">
        <ele>78.599998</ele>
        <time>2010-01-01T00:00:22Z</time>
      </trkpt>
      <trkpt lat="48.25686844" lon="-1.51651368">
        <ele>78.599998</ele>
        <time>2010-01-01T00:00:38Z</time>
      </trkpt>
      <trkpt lat="48.25723431" lon="-1.51635216">
        <ele>78.599998</ele>
        <time>2010-01-01T00:00:54Z</time>
      </trkpt>
      <trkpt lat="48.25733154" lon="-1.51628997">
        <ele>78.599998</ele>
        <time>2010-01-01T00:00:58Z</time>
      </trkpt>
      <trkpt lat="48.25753589" lon="-1.51617472">
        <ele>78.599998</ele>
        <time>2010-01-01T00:01:07Z</time>
      </trkpt>
      <trkpt lat="48.25790327" lon="-1.51594773">
        <ele>78.599998</ele>
        <time>2010-01-01T00:01:23Z</time>
      </trkpt>
      <trkpt lat="48.25831691" lon="-1.51575260">
        <ele>78.599998</ele>
        <time>2010-01-01T00:01:40Z</time>
      </trkpt>
      <trkpt lat="48.25857399" lon="-1.51562738">
        <ele>78.199996</ele>
        <time>2010-01-01T00:01:51Z</time>
      </trkpt>
      <trkpt lat="48.25865261" lon="-1.51563392">
        <ele>77.800003</ele>
        <time>2010-01-01T00:01:54Z</time>
      </trkpt>
      <trkpt lat="48.25870089" lon="-1.51560952">
        <ele>77.400001</ele>
        <time>2010-01-01T00:01:56Z</time>
      </trkpt>
      <trkpt lat="48.25875286" lon="-1.51557742">
        <ele>77.000000</ele>
        <time>2010-01-01T00:01:58Z</time>
      </trkpt>
      <trkpt lat="48.25880667" lon="-1.51554582">
        <ele>76.400001</ele>
        <time>2010-01-01T00:02:00Z</time>
      </trkpt>
      <trkpt lat="48.25931495" lon="-1.51524223">
        <ele>76.400001</ele>
        <time>2010-01-01T00:02:22Z</time>
      </trkpt>
      <trkpt lat="48.25967864" lon="-1.51504509">
        <ele>76.000000</ele>
        <time>2010-01-01T00:02:38Z</time>
      </trkpt>
      <trkpt lat="48.25973806" lon="-1.51501122">
        <ele>75.599998</ele>
        <time>2010-01-01T00:02:40Z</time>
      </trkpt>
      <trkpt lat="48.25979506" lon="-1.51497434">
        <ele>75.199996</ele>
        <time>2010-01-01T00:02:43Z</time>
      </trkpt>
      <trkpt lat="48.25985197" lon="-1.51493830">
        <ele>74.800003</ele>
        <time>2010-01-01T00:02:45Z</time>
      </trkpt>
      <trkpt lat="48.25990897" lon="-1.51490645">
        <ele>74.400001</ele>
        <time>2010-01-01T00:02:48Z</time>
      </trkpt>
      <trkpt lat="48.26023067" lon="-1.51473940">
        <ele>74.400001</ele>
        <time>2010-01-01T00:03:01Z</time>
      </trkpt>
      <trkpt lat="48.26032681" lon="-1.51469380">
        <ele>74.400001</ele>
        <time>2010-01-01T00:03:05Z</time>
      </trkpt>
      <trkpt lat="48.26047525" lon="-1.51459146">
        <ele>74.400001</ele>
        <time>2010-01-01T00:03:12Z</time>
      </trkpt>
      <trkpt lat="48.26058246" lon="-1.51454527">
        <ele>74.400001</ele>
        <time>2010-01-01T00:03:16Z</time>
      </trkpt>
      <trkpt lat="48.26072361" lon="-1.51452474">
        <ele>74.400001</ele>
        <time>2010-01-01T00:03:22Z</time>
      </trkpt>
      <trkpt lat="48.26090734" lon="-1.51441200">
        <ele>74.400001</ele>
        <time>2010-01-01T00:03:30Z</time>
      </trkpt>
      <trkpt lat="48.26103919" lon="-1.51435660">
        <ele>74.400001</ele>
        <time>2010-01-01T00:03:36Z</time>
      </trkpt>
      <trkpt lat="48.26105637" lon="-1.51434922">
        <ele>74.800003</ele>
        <time>2010-01-01T00:03:36Z</time>
      </trkpt>
      <trkpt lat="48.26107339" lon="-1.51433799">
        <ele>75.199996</ele>
        <time>2010-01-01T00:03:37Z</time>
      </trkpt>
      <trkpt lat="48.26109166" lon="-1.51432600">
        <ele>75.599998</ele>
        <time>2010-01-01T00:03:38Z</time>
      </trkpt>
      <trkpt lat="48.26110750" lon="-1.51431511">
        <ele>76.199996</ele>
        <time>2010-01-01T00:03:38Z</time>
      </trkpt>
      <trkpt lat="48.26112619" lon="-1.51430966">
        <ele>76.599998</ele>
        <time>2010-01-01T00:03:39Z</time>
      </trkpt>
      <trkpt lat="48.26116634" lon="-1.51430170">
        <ele>76.599998</ele>
        <time>2010-01-01T00:03:41Z</time>
      </trkpt>
      <trkpt lat="48.26133834" lon="-1.51427177">
        <ele>76.599998</ele>
        <time>2010-01-01T00:03:48Z</time>
      </trkpt>
      <trkpt lat="48.26142601" lon="-1.51422710">
        <ele>77.000000</ele>
        <time>2010-01-01T00:03:52Z</time>
      </trkpt>
      <trkpt lat="48.26144588" lon="-1.51422307">
        <ele>77.400001</ele>
        <time>2010-01-01T00:03:52Z</time>
      </trkpt>
      <trkpt lat="48.26145887" lon="-1.51422232">
        <ele>77.800003</ele>
        <time>2010-01-01T00:03:53Z</time>
      </trkpt>
      <trkpt lat="48.26147345" lon="-1.51422475">
        <ele>78.400001</ele>
        <time>2010-01-01T00:03:53Z</time>
      </trkpt>
      <trkpt lat="48.26149080" lon="-1.51422182">
        <ele>78.800003</ele>
        <time>2010-01-01T00:03:54Z</time>
      </trkpt>
      <trkpt lat="48.26158678" lon="-1.51422291">
        <ele>78.800003</ele>
        <time>2010-01-01T00:03:58Z</time>
      </trkpt>
      <trkpt lat="48.26162785" lon="-1.51422400">
        <ele>78.800003</ele>
        <time>2010-01-01T00:04:00Z</time>
      </trkpt>
      <trkpt lat="48.26170530" lon="-1.51421654">
        <ele>78.800003</ele>
        <time>2010-01-01T00:04:03Z</time>
      </trkpt>
      <trkpt lat="48.26172231" lon="-1.51422307">
        <ele>79.199996</ele>
        <time>2010-01-01T00:04:03Z</time>
      </trkpt>
      <trkpt lat="48.26174017" lon="-1.51422617">
        <ele>79.599998</ele>
        <time>2010-01-01T00:04:04Z</time>
      </trkpt>
      <trkpt lat="48.26175458" lon="-1.51422710">
        <ele>80.199996</ele>
        <time>2010-01-01T00:04:05Z</time>
      </trkpt>
      <trkpt lat="48.26177931" lon="-1.51422265">
        <ele>81.199996</ele>
        <time>2010-01-01T00:04:06Z</time>
      </trkpt>
      <trkpt lat="48.26180621" lon="-1.51421176">
        <ele>81.199996</ele>
        <time>2010-01-01T00:04:07Z</time>
      </trkpt>
      <trkpt lat="48.26189481" lon="-1.51420966">
        <ele>81.199996</ele>
        <time>2010-01-01T00:04:10Z</time>
      </trkpt>
      <trkpt lat="48.26213931" lon="-1.51418209">
        <ele>85.599998</ele>
        <time>2010-01-01T00:04:20Z</time>
      </trkpt>
      <trkpt lat="48.26217150" lon="-1.51417194">
        <ele>86.000000</ele>
        <time>2010-01-01T00:04:22Z</time>
      </trkpt>
      <trkpt lat="48.26219874" lon="-1.51417563">
        <ele>86.400001</ele>
        <time>2010-01-01T00:04:23Z</time>
      </trkpt>
      <trkpt lat="48.26222489" lon="-1.51417756">
        <ele>86.800003</ele>
        <time>2010-01-01T00:04:24Z</time>
      </trkpt>
      <trkpt lat="48.26224660" lon="-1.51417572">
        <ele>87.199996</ele>
        <time>2010-01-01T00:04:25Z</time>
      </trkpt>
      <trkpt lat="48.26230812" lon="-1.51417203">
        <ele>87.199996</ele>
        <time>2010-01-01T00:04:27Z</time>
      </trkpt>
      <trkpt lat="48.26243704" lon="-1.51412651">
        <ele>87.599998</ele>
        <time>2010-01-01T00:04:32Z</time>
      </trkpt>
      <trkpt lat="48.26248666" lon="-1.51411604">
        <ele>88.000000</ele>
        <time>2010-01-01T00:04:34Z</time>
      </trkpt>
      <trkpt lat="48.26253360" lon="-1.51411847">
        <ele>88.400001</ele>
        <time>2010-01-01T00:04:36Z</time>
      </trkpt>
      <trkpt lat="48.26255983" lon="-1.51411662">
        <ele>88.800003</ele>
        <time>2010-01-01T00:04:37Z</time>
      </trkpt>
      <trkpt lat="48.26257517" lon="-1.51411520">
        <ele>89.199996</ele>
        <time>2010-01-01T00:04:38Z</time>
      </trkpt>
      <trkpt lat="48.26267207" lon="-1.51408963">
        <ele>89.199996</ele>
        <time>2010-01-01T00:04:42Z</time>
      </trkpt>
      <trkpt lat="48.26280349" lon="-1.51406700">
        <ele>89.199996</ele>
        <time>2010-01-01T00:04:47Z</time>
      </trkpt>
      <trkpt lat="48.26282864" lon="-1.51406583">
        <ele>89.599998</ele>
        <time>2010-01-01T00:04:48Z</time>
      </trkpt>
      <trkpt lat="48.26284440" lon="-1.51407262">
        <ele>90.000000</ele>
        <time>2010-01-01T00:04:49Z</time>
      </trkpt>
      <trkpt lat="48.26285974" lon="-1.51407136">
        <ele>90.599998</ele>
        <time>2010-01-01T00:04:49Z</time>
      </trkpt>
      <trkpt lat="48.26287608" lon="-1.51407035">
        <ele>91.000000</ele>
        <time>2010-01-01T00:04:50Z</time>
      </trkpt>
      <trkpt lat="48.26289150" lon="-1.51406734">
        <ele>91.400001</ele>
        <time>2010-01-01T00:04:51Z</time>
      </trkpt>
      <trkpt lat="48.26296543" lon="-1.51402828">
        <ele>91.400001</ele>
        <time>2010-01-01T00:04:54Z</time>
      </trkpt>
      <trkpt lat="48.26311044" lon="-1.51397463">
        <ele>91.800003</ele>
        <time>2010-01-01T00:05:00Z</time>
      </trkpt>
      <trkpt lat="48.26313165" lon="-1.51398209">
        <ele>92.199996</ele>
        <time>2010-01-01T00:05:01Z</time>
      </trkpt>
      <trkpt lat="48.26315285" lon="-1.51398218">
        <ele>92.599998</ele>
        <time>2010-01-01T00:05:01Z</time>
      </trkpt>
      <trkpt lat="48.26318261" lon="-1.51397866">
        <ele>93.000000</ele>
        <time>2010-01-01T00:05:03Z</time>
      </trkpt>
      <trkpt lat="48.26320205" lon="-1.51397380">
        <ele>93.400001</ele>
        <time>2010-01-01T00:05:03Z</time>
      </trkpt>
      <trkpt lat="48.26327774" lon="-1.51395033">
        <ele>93.400001</ele>
        <time>2010-01-01T00:05:07Z</time>
      </trkpt>
      <trkpt lat="48.26345376" lon="-1.51393272">
        <ele>93.800003</ele>
        <time>2010-01-01T00:05:14Z</time>
      </trkpt>
      <trkpt lat="48.26347388" lon="-1.51393583">
        <ele>94.199996</ele>
        <time>2010-01-01T00:05:14Z</time>
      </trkpt>
      <trkpt lat="48.26349316" lon="-1.51393918">
        <ele>94.599998</ele>
        <time>2010-01-01T00:05:15Z</time>
      </trkpt>
      <trkpt lat="48.26351218" lon="-1.51394077">
        <ele>95.000000</ele>
        <time>2010-01-01T00:05:16Z</time>
      </trkpt>
      <trkpt lat="48.26352895" lon="-1.51394421">
        <ele>95.400001</ele>
        <time>2010-01-01T00:05:17Z</time>
      </trkpt>
      <trkpt lat="48.26360321" lon="-1.51393432">
        <ele>95.400001</ele>
        <time>2010-01-01T00:05:20Z</time>
      </trkpt>
      <trkpt lat="48.26370354" lon="-1.51395737">
        <ele>95.800003</ele>
        <time>2010-01-01T00:05:24Z</time>
      </trkpt>
      <trkpt lat="48.26372173" lon="-1.51395670">
        <ele>96.199996</ele>
        <time>2010-01-01T00:05:24Z</time>
      </trkpt>
      <trkpt lat="48.26373808" lon="-1.51395703">
        <ele>96.800003</ele>
        <time>2010-01-01T00:05:25Z</time>
      </trkpt>
      <trkpt lat="48.26377596" lon="-1.51395091">
        <ele>97.199996</ele>
        <time>2010-01-01T00:05:27Z</time>
      </trkpt>
      <trkpt lat="48.26379382" lon="-1.51394722">
        <ele>97.599998</ele>
        <time>2010-01-01T00:05:27Z</time>
      </trkpt>
      <trkpt lat="48.26384335" lon="-1.51394178">
        <ele>97.599998</ele>
        <time>2010-01-01T00:05:29Z</time>
      </trkpt>
      <trkpt lat="48.26396112" lon="-1.51392166">
        <ele>98.199996</ele>
        <time>2010-01-01T00:05:34Z</time>
      </trkpt>
      <trkpt lat="48.26397922" lon="-1.51392929">
        <ele>98.599998</ele>
        <time>2010-01-01T00:05:35Z</time>
      </trkpt>
      <trkpt lat="48.26399507" lon="-1.51392568">
        <ele>99.000000</ele>
        <time>2010-01-01T00:05:35Z</time>
      </trkpt>
      <trkpt lat="48.26401761" lon="-1.51391822">
        <ele>99.599998</ele>
        <time>2010-01-01T00:05:36Z</time>
      </trkpt>
      <trkpt lat="48.26404049" lon="-1.51392526">
        <ele>100.00000</ele>
        <time>2010-01-01T00:05:37Z</time>
      </trkpt>
      <trkpt lat="48.26405676" lon="-1.51392971">
        <ele>100.00000</ele>
        <time>2010-01-01T00:05:38Z</time>
      </trkpt>
      <trkpt lat="48.26407193" lon="-1.51392434">
        <ele>100.00000</ele>
        <time>2010-01-01T00:05:39Z</time>
      </trkpt>
      <trkpt lat="48.26414234" lon="-1.51390029">
        <ele>100.00000</ele>
        <time>2010-01-01T00:05:41Z</time>
      </trkpt>
      <trkpt lat="48.26428650" lon="-1.51387321">
        <ele>100.40000</ele>
        <time>2010-01-01T00:05:47Z</time>
      </trkpt>
      <trkpt lat="48.26430059" lon="-1.51387346">
        <ele>100.80000</ele>
        <time>2010-01-01T00:05:48Z</time>
      </trkpt>
      <trkpt lat="48.26431274" lon="-1.51387095">
        <ele>101.19999</ele>
        <time>2010-01-01T00:05:48Z</time>
      </trkpt>
      <trkpt lat="48.26432506" lon="-1.51386701">
        <ele>101.59999</ele>
        <time>2010-01-01T00:05:49Z</time>
      </trkpt>
      <trkpt lat="48.26433814" lon="-1.51386307">
        <ele>102.00000</ele>
        <time>2010-01-01T00:05:49Z</time>
      </trkpt>
      <trkpt lat="48.26445071" lon="-1.51382770">
        <ele>102.40000</ele>
        <time>2010-01-01T00:05:54Z</time>
      </trkpt>
      <trkpt lat="48.26447267" lon="-1.51382275">
        <ele>102.80000</ele>
        <time>2010-01-01T00:05:55Z</time>
      </trkpt>
      <trkpt lat="48.26449454" lon="-1.51382636">
        <ele>103.19999</ele>
        <time>2010-01-01T00:05:56Z</time>
      </trkpt>
      <trkpt lat="48.26451248" lon="-1.51382619">
        <ele>103.59999</ele>
        <time>2010-01-01T00:05:56Z</time>
      </trkpt>
      <trkpt lat="48.26453343" lon="-1.51381689">
        <ele>104.00000</ele>
        <time>2010-01-01T00:05:57Z</time>
      </trkpt>
      <trkpt lat="48.26454693" lon="-1.51381035">
        <ele>104.00000</ele>
        <time>2010-01-01T00:05:58Z</time>
      </trkpt>
      <trkpt lat="48.26467903" lon="-1.51372712">
        <ele>104.00000</ele>
        <time>2010-01-01T00:06:04Z</time>
      </trkpt>
      <trkpt lat="48.26471541" lon="-1.51371932">
        <ele>104.40000</ele>
        <time>2010-01-01T00:06:05Z</time>
      </trkpt>
      <trkpt lat="48.26476243" lon="-1.51371111">
        <ele>104.80000</ele>
        <time>2010-01-01T00:06:07Z</time>
      </trkpt>
      <trkpt lat="48.26478975" lon="-1.51371387">
        <ele>105.19999</ele>
        <time>2010-01-01T00:06:08Z</time>
      </trkpt>
      <trkpt lat="48.26481364" lon="-1.51371211">
        <ele>105.59999</ele>
        <time>2010-01-01T00:06:09Z</time>
      </trkpt>
      <trkpt lat="48.26483937" lon="-1.51370348">
        <ele>106.00000</ele>
        <time>2010-01-01T00:06:10Z</time>
      </trkpt>
      <trkpt lat="48.26487936" lon="-1.51369418">
        <ele>106.00000</ele>
        <time>2010-01-01T00:06:12Z</time>
      </trkpt>
      <trkpt lat="48.26496770" lon="-1.51371932">
        <ele>106.40000</ele>
        <time>2010-01-01T00:06:15Z</time>
      </trkpt>
      <trkpt lat="48.26498748" lon="-1.51373483">
        <ele>106.80000</ele>
        <time>2010-01-01T00:06:16Z</time>
      </trkpt>
      <trkpt lat="48.26500022" lon="-1.51374564">
        <ele>107.19999</ele>
        <time>2010-01-01T00:06:17Z</time>
      </trkpt>
      <trkpt lat="48.26501422" lon="-1.51374958">
        <ele>107.59999</ele>
        <time>2010-01-01T00:06:17Z</time>
      </trkpt>
      <trkpt lat="48.26503107" lon="-1.51375696">
        <ele>108.00000</ele>
        <time>2010-01-01T00:06:18Z</time>
      </trkpt>
      <trkpt lat="48.26512495" lon="-1.51376634">
        <ele>108.00000</ele>
        <time>2010-01-01T00:06:22Z</time>
      </trkpt>
      <trkpt lat="48.26514741" lon="-1.51377246">
        <ele>108.00000</ele>
        <time>2010-01-01T00:06:23Z</time>
      </trkpt>
      <trkpt lat="48.26520357" lon="-1.51378353">
        <ele>108.00000</ele>
        <time>2010-01-01T00:06:25Z</time>
      </trkpt>
      <trkpt lat="48.26524070" lon="-1.51379702">
        <ele>108.59999</ele>
        <time>2010-01-01T00:06:27Z</time>
      </trkpt>
      <trkpt lat="48.26525336" lon="-1.51380247">
        <ele>109.00000</ele>
        <time>2010-01-01T00:06:27Z</time>
      </trkpt>
      <trkpt lat="48.26526719" lon="-1.51380524">
        <ele>109.40000</ele>
        <time>2010-01-01T00:06:28Z</time>
      </trkpt>
      <trkpt lat="48.26528152" lon="-1.51380917">
        <ele>109.80000</ele>
        <time>2010-01-01T00:06:28Z</time>
      </trkpt>
      <trkpt lat="48.26529703" lon="-1.51380951">
        <ele>110.19999</ele>
        <time>2010-01-01T00:06:29Z</time>
      </trkpt>
      <trkpt lat="48.26535075" lon="-1.51379920">
        <ele>110.19999</ele>
        <time>2010-01-01T00:06:31Z</time>
      </trkpt>
      <trkpt lat="48.26539417" lon="-1.51379576">
        <ele>110.59999</ele>
        <time>2010-01-01T00:06:33Z</time>
      </trkpt>
      <trkpt lat="48.26542058" lon="-1.51379409">
        <ele>111.00000</ele>
        <time>2010-01-01T00:06:34Z</time>
      </trkpt>
      <trkpt lat="48.26544354" lon="-1.51379275">
        <ele>111.40000</ele>
        <time>2010-01-01T00:06:35Z</time>
      </trkpt>
      <trkpt lat="48.26546156" lon="-1.51379149">
        <ele>111.80000</ele>
        <time>2010-01-01T00:06:35Z</time>
      </trkpt>
      <trkpt lat="48.26547673" lon="-1.51379099">
        <ele>112.19999</ele>
        <time>2010-01-01T00:06:36Z</time>
      </trkpt>
      <trkpt lat="48.26556625" lon="-1.51375813">
        <ele>112.19999</ele>
        <time>2010-01-01T00:06:40Z</time>
      </trkpt>
      <trkpt lat="48.26573272" lon="-1.51370231">
        <ele>112.19999</ele>
        <time>2010-01-01T00:06:47Z</time>
      </trkpt>
      <trkpt lat="48.26578703" lon="-1.51370759">
        <ele>112.59999</ele>
        <time>2010-01-01T00:06:49Z</time>
      </trkpt>
      <trkpt lat="48.26580011" lon="-1.51370348">
        <ele>113.00000</ele>
        <time>2010-01-01T00:06:49Z</time>
      </trkpt>
      <trkpt lat="48.26581561" lon="-1.51369342">
        <ele>113.40000</ele>
        <time>2010-01-01T00:06:50Z</time>
      </trkpt>
      <trkpt lat="48.26583766" lon="-1.51370918">
        <ele>113.80000</ele>
        <time>2010-01-01T00:06:51Z</time>
      </trkpt>
      <trkpt lat="48.26584788" lon="-1.51372628">
        <ele>114.40000</ele>
        <time>2010-01-01T00:06:52Z</time>
      </trkpt>
      <trkpt lat="48.26585023" lon="-1.51374975">
        <ele>114.40000</ele>
        <time>2010-01-01T00:06:52Z</time>
      </trkpt>
      <trkpt lat="48.26581469" lon="-1.51385284">
        <ele>114.40000</ele>
        <time>2010-01-01T00:06:55Z</time>
      </trkpt>
      <trkpt lat="48.26584219" lon="-1.51378713">
        <ele>114.40000</ele>
        <time>2010-01-01T00:06:57Z</time>
      </trkpt>
      <trkpt lat="48.26586188" lon="-1.51379803">
        <ele>114.40000</ele>
        <time>2010-01-01T00:06:58Z</time>
      </trkpt>
      <trkpt lat="48.26586272" lon="-1.51382736">
        <ele>114.40000</ele>
        <time>2010-01-01T00:06:59Z</time>
      </trkpt>
      <trkpt lat="48.26589063" lon="-1.51384723">
        <ele>114.40000</ele>
        <time>2010-01-01T00:07:00Z</time>
      </trkpt>
      <trkpt lat="48.26593841" lon="-1.51386139">
        <ele>114.40000</ele>
        <time>2010-01-01T00:07:02Z</time>
      </trkpt>
      <trkpt lat="48.26605517" lon="-1.51391814">
        <ele>114.40000</ele>
        <time>2010-01-01T00:07:07Z</time>
      </trkpt>
      <trkpt lat="48.26623144" lon="-1.51399408">
        <ele>114.40000</ele>
        <time>2010-01-01T00:07:14Z</time>
      </trkpt>
      <trkpt lat="48.26624703" lon="-1.51400296">
        <ele>114.80000</ele>
        <time>2010-01-01T00:07:15Z</time>
      </trkpt>
      <trkpt lat="48.26626354" lon="-1.51401001">
        <ele>115.19999</ele>
        <time>2010-01-01T00:07:16Z</time>
      </trkpt>
      <trkpt lat="48.26628106" lon="-1.51401763">
        <ele>115.59999</ele>
        <time>2010-01-01T00:07:17Z</time>
      </trkpt>
      <trkpt lat="48.26630319" lon="-1.51402937">
        <ele>116.00000</ele>
        <time>2010-01-01T00:07:17Z</time>
      </trkpt>
      <trkpt lat="48.26632314" lon="-1.51404613">
        <ele>116.59999</ele>
        <time>2010-01-01T00:07:18Z</time>
      </trkpt>
      <trkpt lat="48.26641744" lon="-1.51409114">
        <ele>116.59999</ele>
        <time>2010-01-01T00:07:22Z</time>
      </trkpt>
      <trkpt lat="48.26666403" lon="-1.51423011">
        <ele>116.59999</ele>
        <time>2010-01-01T00:07:33Z</time>
      </trkpt>
      <trkpt lat="48.26682429" lon="-1.51431377">
        <ele>117.00000</ele>
        <time>2010-01-01T00:07:40Z</time>
      </trkpt>
      <trkpt lat="48.26685304" lon="-1.51432827">
        <ele>117.40000</ele>
        <time>2010-01-01T00:07:41Z</time>
      </trkpt>
      <trkpt lat="48.26688280" lon="-1.51434260">
        <ele>117.80000</ele>
        <time>2010-01-01T00:07:42Z</time>
      </trkpt>
      <trkpt lat="48.26691121" lon="-1.51435710">
        <ele>118.19999</ele>
        <time>2010-01-01T00:07:43Z</time>
      </trkpt>
      <trkpt lat="48.26694340" lon="-1.51438032">
        <ele>118.59999</ele>
        <time>2010-01-01T00:07:45Z</time>
      </trkpt>
      <trkpt lat="48.26697416" lon="-1.51440228">
        <ele>118.59999</ele>
        <time>2010-01-01T00:07:46Z</time>
      </trkpt>
      <trkpt lat="48.26718748" lon="-1.51451325">
        <ele>119.00000</ele>
        <time>2010-01-01T00:07:55Z</time>
      </trkpt>
      <trkpt lat="48.26721698" lon="-1.51453144">
        <ele>119.40000</ele>
        <time>2010-01-01T00:07:56Z</time>
      </trkpt>
      <trkpt lat="48.26724724" lon="-1.51455081">
        <ele>119.80000</ele>
        <time>2010-01-01T00:07:58Z</time>
      </trkpt>
      <trkpt lat="48.26727692" lon="-1.51456832">
        <ele>120.19999</ele>
        <time>2010-01-01T00:07:59Z</time>
      </trkpt>
      <trkpt lat="48.26730080" lon="-1.51458274">
        <ele>120.59999</ele>
        <time>2010-01-01T00:08:00Z</time>
      </trkpt>
      <trkpt lat="48.26739979" lon="-1.51462088">
        <ele>120.59999</ele>
        <time>2010-01-01T00:08:04Z</time>
      </trkpt>
      <trkpt lat="48.26756383" lon="-1.51468760">
        <ele>120.59999</ele>
        <time>2010-01-01T00:08:11Z</time>
      </trkpt>
      <trkpt lat="48.26781872" lon="-1.51481316">
        <ele>120.59999</ele>
        <time>2010-01-01T00:08:22Z</time>
      </trkpt>
      <trkpt lat="48.26800899" lon="-1.51492908">
        <ele>120.59999</ele>
        <time>2010-01-01T00:08:30Z</time>
      </trkpt>
      <trkpt lat="48.26826564" lon="-1.51502799">
        <ele>120.59999</ele>
        <time>2010-01-01T00:08:41Z</time>
      </trkpt>
      <trkpt lat="48.26840034" lon="-1.51509337">
        <ele>121.00000</ele>
        <time>2010-01-01T00:08:46Z</time>
      </trkpt>
      <trkpt lat="48.26843169" lon="-1.51510829">
        <ele>121.40000</ele>
        <time>2010-01-01T00:08:48Z</time>
      </trkpt>
      <trkpt lat="48.26846061" lon="-1.51512027">
        <ele>121.80000</ele>
        <time>2010-01-01T00:08:49Z</time>
      </trkpt>
      <trkpt lat="48.26848785" lon="-1.51512991">
        <ele>122.19999</ele>
        <time>2010-01-01T00:08:50Z</time>
      </trkpt>
      <trkpt lat="48.26852372" lon="-1.51514274">
        <ele>122.59999</ele>
        <time>2010-01-01T00:08:51Z</time>
      </trkpt>
      <trkpt lat="48.26874811" lon="-1.51526989">
        <ele>122.59999</ele>
        <time>2010-01-01T00:09:01Z</time>
      </trkpt>
      <trkpt lat="48.26908146" lon="-1.51547667">
        <ele>122.59999</ele>
        <time>2010-01-01T00:09:15Z</time>
      </trkpt>
      <trkpt lat="48.26928899" lon="-1.51556233">
        <ele>122.59999</ele>
        <time>2010-01-01T00:09:24Z</time>
      </trkpt>
      <trkpt lat="48.26932109" lon="-1.51557407">
        <ele>123.00000</ele>
        <time>2010-01-01T00:09:25Z</time>
      </trkpt>
      <trkpt lat="48.26934909" lon="-1.51558136">
        <ele>123.80000</ele>
        <time>2010-01-01T00:09:26Z</time>
      </trkpt>
      <trkpt lat="48.26937901" lon="-1.51559117">
        <ele>124.40000</ele>
        <time>2010-01-01T00:09:28Z</time>
      </trkpt>
      <trkpt lat="48.26941648" lon="-1.51561246">
        <ele>124.80000</ele>
        <time>2010-01-01T00:09:29Z</time>
      </trkpt>
      <trkpt lat="48.26950072" lon="-1.51564775">
        <ele>124.80000</ele>
        <time>2010-01-01T00:09:33Z</time>
      </trkpt>
      <trkpt lat="48.26972527" lon="-1.51576249">
        <ele>124.80000</ele>
        <time>2010-01-01T00:09:42Z</time>
      </trkpt>
      <trkpt lat="48.26989651" lon="-1.51585277">
        <ele>125.19999</ele>
        <time>2010-01-01T00:09:50Z</time>
      </trkpt>
      <trkpt lat="48.26992694" lon="-1.51587355">
        <ele>125.59999</ele>
        <time>2010-01-01T00:09:51Z</time>
      </trkpt>
      <trkpt lat="48.26995267" lon="-1.51588847">
        <ele>126.00000</ele>
        <time>2010-01-01T00:09:52Z</time>
      </trkpt>
      <trkpt lat="48.26997715" lon="-1.51590080">
        <ele>126.40000</ele>
        <time>2010-01-01T00:09:53Z</time>
      </trkpt>
      <trkpt lat="48.26999684" lon="-1.51590809">
        <ele>126.80000</ele>
        <time>2010-01-01T00:09:54Z</time>
      </trkpt>
      <trkpt lat="48.27013464" lon="-1.51596592">
        <ele>126.80000</ele>
        <time>2010-01-01T00:10:00Z</time>
      </trkpt>
      <trkpt lat="48.27033438" lon="-1.51610858">
        <ele>126.80000</ele>
        <time>2010-01-01T00:10:08Z</time>
      </trkpt>
      <trkpt lat="48.27036146" lon="-1.51618804">
        <ele>126.80000</ele>
        <time>2010-01-01T00:10:11Z</time>
      </trkpt>
      <trkpt lat="48.27035106" lon="-1.51622082">
        <ele>126.80000</ele>
        <time>2010-01-01T00:10:12Z</time>
      </trkpt>
      <trkpt lat="48.27025853" lon="-1.51646096">
        <ele>126.80000</ele>
        <time>2010-01-01T00:10:19Z</time>
      </trkpt>
      <trkpt lat="48.27007949" lon="-1.51682180">
        <ele>126.80000</ele>
        <time>2010-01-01T00:10:31Z</time>
      </trkpt>
      <trkpt lat="48.26989978" lon="-1.51712363">
        <ele>126.80000</ele>
        <time>2010-01-01T00:10:42Z</time>
      </trkpt>
      <trkpt lat="48.26970239" lon="-1.51742370">
        <ele>126.80000</ele>
        <time>2010-01-01T00:10:53Z</time>
      </trkpt>
      <trkpt lat="48.26956341" lon="-1.51760702">
        <ele>126.80000</ele>
        <time>2010-01-01T00:11:01Z</time>
      </trkpt>
      <trkpt lat="48.26941070" lon="-1.51783534">
        <ele>127.19999</ele>
        <time>2010-01-01T00:11:09Z</time>
      </trkpt>
      <trkpt lat="48.26938354" lon="-1.51786778">
        <ele>127.59999</ele>
        <time>2010-01-01T00:11:11Z</time>
      </trkpt>
      <trkpt lat="48.26935973" lon="-1.51790373">
        <ele>128.00000</ele>
        <time>2010-01-01T00:11:12Z</time>
      </trkpt>
      <trkpt lat="48.26933350" lon="-1.51793592">
        <ele>128.39999</ele>
        <time>2010-01-01T00:11:13Z</time>
      </trkpt>
      <trkpt lat="48.26930534" lon="-1.51798529">
        <ele>128.80000</ele>
        <time>2010-01-01T00:11:15Z</time>
      </trkpt>
      <trkpt lat="48.26914046" lon="-1.51821068">
        <ele>128.80000</ele>
        <time>2010-01-01T00:11:24Z</time>
      </trkpt>
      <trkpt lat="48.26896654" lon="-1.51846356">
        <ele>128.80000</ele>
        <time>2010-01-01T00:11:34Z</time>
      </trkpt>
      <trkpt lat="48.26876764" lon="-1.51873254">
        <ele>128.80000</ele>
        <time>2010-01-01T00:11:44Z</time>
      </trkpt>
      <trkpt lat="48.26853361" lon="-1.51910888">
        <ele>128.80000</ele>
        <time>2010-01-01T00:11:58Z</time>
      </trkpt>
      <trkpt lat="48.26837545" lon="-1.51936193">
        <ele>128.80000</ele>
        <time>2010-01-01T00:12:07Z</time>
      </trkpt>
      <trkpt lat="48.26831133" lon="-1.51946059">
        <ele>128.80000</ele>
        <time>2010-01-01T00:12:11Z</time>
      </trkpt>
      <trkpt lat="48.26822793" lon="-1.51961498">
        <ele>128.39999</ele>
        <time>2010-01-01T00:12:16Z</time>
      </trkpt>
      <trkpt lat="48.26820119" lon="-1.51966301">
        <ele>128.00000</ele>
        <time>2010-01-01T00:12:18Z</time>
      </trkpt>
      <trkpt lat="48.26814897" lon="-1.51976318">
        <ele>127.19999</ele>
        <time>2010-01-01T00:12:21Z</time>
      </trkpt>
      <trkpt lat="48.26811930" lon="-1.51981573">
        <ele>126.80000</ele>
        <time>2010-01-01T00:12:23Z</time>
      </trkpt>
      <trkpt lat="48.26805501" lon="-1.51993098">
        <ele>126.80000</ele>
        <time>2010-01-01T00:12:27Z</time>
      </trkpt>
      <trkpt lat="48.26782534" lon="-1.52030113">
        <ele>126.40000</ele>
        <time>2010-01-01T00:12:41Z</time>
      </trkpt>
      <trkpt lat="48.26778427" lon="-1.52035896">
        <ele>126.00000</ele>
        <time>2010-01-01T00:12:43Z</time>
      </trkpt>
      <trkpt lat="48.26774136" lon="-1.52041755">
        <ele>125.59999</ele>
        <time>2010-01-01T00:12:45Z</time>
      </trkpt>
      <trkpt lat="48.26771060" lon="-1.52047069">
        <ele>125.19999</ele>
        <time>2010-01-01T00:12:47Z</time>
      </trkpt>
      <trkpt lat="48.26768327" lon="-1.52052802">
        <ele>124.80000</ele>
        <time>2010-01-01T00:12:49Z</time>
      </trkpt>
      <trkpt lat="48.26760255" lon="-1.52070689">
        <ele>124.80000</ele>
        <time>2010-01-01T00:12:55Z</time>
      </trkpt>
      <trkpt lat="48.26749845" lon="-1.52094108">
        <ele>124.80000</ele>
        <time>2010-01-01T00:13:02Z</time>
      </trkpt>
      <trkpt lat="48.26742083" lon="-1.52114870">
        <ele>124.80000</ele>
        <time>2010-01-01T00:13:09Z</time>
      </trkpt>
      <trkpt lat="48.26739300" lon="-1.52119564">
        <ele>124.19999</ele>
        <time>2010-01-01T00:13:10Z</time>
      </trkpt>
      <trkpt lat="48.26736769" lon="-1.52123303">
        <ele>123.80000</ele>
        <time>2010-01-01T00:13:12Z</time>
      </trkpt>
      <trkpt lat="48.26734338" lon="-1.52127301">
        <ele>123.40000</ele>
        <time>2010-01-01T00:13:13Z</time>
      </trkpt>
      <trkpt lat="48.26731706" lon="-1.52131852">
        <ele>123.00000</ele>
        <time>2010-01-01T00:13:15Z</time>
      </trkpt>
      <trkpt lat="48.26728949" lon="-1.52137300">
        <ele>122.59999</ele>
        <time>2010-01-01T00:13:17Z</time>
      </trkpt>
      <trkpt lat="48.26726317" lon="-1.52142346">
        <ele>122.59999</ele>
        <time>2010-01-01T00:13:18Z</time>
      </trkpt>
      <trkpt lat="48.26709863" lon="-1.52172345">
        <ele>122.59999</ele>
        <time>2010-01-01T00:13:29Z</time>
      </trkpt>
      <trkpt lat="48.26693904" lon="-1.52197013">
        <ele>122.59999</ele>
        <time>2010-01-01T00:13:38Z</time>
      </trkpt>
      <trkpt lat="48.26686880" lon="-1.52207239">
        <ele>122.19999</ele>
        <time>2010-01-01T00:13:42Z</time>
      </trkpt>
      <trkpt lat="48.26684365" lon="-1.52211296">
        <ele>121.80000</ele>
        <time>2010-01-01T00:13:43Z</time>
      </trkpt>
      <trkpt lat="48.26681926" lon="-1.52215361">
        <ele>121.40000</ele>
        <time>2010-01-01T00:13:45Z</time>
      </trkpt>
      <trkpt lat="48.26679655" lon="-1.52218932">
        <ele>121.00000</ele>
        <time>2010-01-01T00:13:46Z</time>
      </trkpt>
      <trkpt lat="48.26677241" lon="-1.52223483">
        <ele>120.59999</ele>
        <time>2010-01-01T00:13:48Z</time>
      </trkpt>
      <trkpt lat="48.26660888" lon="-1.52248252">
        <ele>120.59999</ele>
        <time>2010-01-01T00:13:57Z</time>
      </trkpt>
      <trkpt lat="48.26647326" lon="-1.52276474">
        <ele>120.59999</ele>
        <time>2010-01-01T00:14:06Z</time>
      </trkpt>
      <trkpt lat="48.26638072" lon="-1.52304159">
        <ele>120.19999</ele>
        <time>2010-01-01T00:14:14Z</time>
      </trkpt>
      <trkpt lat="48.26635926" lon="-1.52309658">
        <ele>119.59999</ele>
        <time>2010-01-01T00:14:16Z</time>
      </trkpt>
      <trkpt lat="48.26633353" lon="-1.52315433">
        <ele>119.19999</ele>
        <time>2010-01-01T00:14:18Z</time>
      </trkpt>
      <trkpt lat="48.26631551" lon="-1.52320336">
        <ele>118.80000</ele>
        <time>2010-01-01T00:14:19Z</time>
      </trkpt>
      <trkpt lat="48.26628341" lon="-1.52327301">
        <ele>118.40000</ele>
        <time>2010-01-01T00:14:22Z</time>
      </trkpt>
      <trkpt lat="48.26624267" lon="-1.52334116">
        <ele>118.40000</ele>
        <time>2010-01-01T00:14:24Z</time>
      </trkpt>
      <trkpt lat="48.26600253" lon="-1.52370317">
        <ele>118.40000</ele>
        <time>2010-01-01T00:14:38Z</time>
      </trkpt>
      <trkpt lat="48.26594268" lon="-1.52381826">
        <ele>118.00000</ele>
        <time>2010-01-01T00:14:42Z</time>
      </trkpt>
      <trkpt lat="48.26591217" lon="-1.52386888">
        <ele>117.59999</ele>
        <time>2010-01-01T00:14:43Z</time>
      </trkpt>
      <trkpt lat="48.26587974" lon="-1.52392194">
        <ele>117.19999</ele>
        <time>2010-01-01T00:14:45Z</time>
      </trkpt>
      <trkpt lat="48.26584571" lon="-1.52396460">
        <ele>116.80000</ele>
        <time>2010-01-01T00:14:47Z</time>
      </trkpt>
      <trkpt lat="48.26581469" lon="-1.52399361">
        <ele>116.40000</ele>
        <time>2010-01-01T00:14:49Z</time>
      </trkpt>
      <trkpt lat="48.26579240" lon="-1.52401364">
        <ele>116.40000</ele>
        <time>2010-01-01T00:14:50Z</time>
      </trkpt>
      <trkpt lat="48.26568695" lon="-1.52424280">
        <ele>116.40000</ele>
        <time>2010-01-01T00:14:57Z</time>
      </trkpt>
      <trkpt lat="48.26560456" lon="-1.52441463">
        <ele>116.40000</ele>
        <time>2010-01-01T00:15:03Z</time>
      </trkpt>
      <trkpt lat="48.26552778" lon="-1.52453650">
        <ele>116.00000</ele>
        <time>2010-01-01T00:15:07Z</time>
      </trkpt>
      <trkpt lat="48.26548847" lon="-1.52459870">
        <ele>115.40000</ele>
        <time>2010-01-01T00:15:09Z</time>
      </trkpt>
      <trkpt lat="48.26544991" lon="-1.52466382">
        <ele>115.00000</ele>
        <time>2010-01-01T00:15:12Z</time>
      </trkpt>
      <trkpt lat="48.26540859" lon="-1.52473004">
        <ele>114.59999</ele>
        <time>2010-01-01T00:15:14Z</time>
      </trkpt>
      <trkpt lat="48.26536685" lon="-1.52479408">
        <ele>114.19999</ele>
        <time>2010-01-01T00:15:17Z</time>
      </trkpt>
      <trkpt lat="48.26520390" lon="-1.52504587">
        <ele>114.19999</ele>
        <time>2010-01-01T00:15:26Z</time>
      </trkpt>
      <trkpt lat="48.26490878" lon="-1.52552314">
        <ele>113.59999</ele>
        <time>2010-01-01T00:15:43Z</time>
      </trkpt>
      <trkpt lat="48.26486846" lon="-1.52558541">
        <ele>113.19999</ele>
        <time>2010-01-01T00:15:46Z</time>
      </trkpt>
      <trkpt lat="48.26482680" lon="-1.52564853">
        <ele>112.80000</ele>
        <time>2010-01-01T00:15:48Z</time>
      </trkpt>
      <trkpt lat="48.26478296" lon="-1.52570846">
        <ele>112.40000</ele>
        <time>2010-01-01T00:15:50Z</time>
      </trkpt>
      <trkpt lat="48.26474223" lon="-1.52576965">
        <ele>112.00000</ele>
        <time>2010-01-01T00:15:53Z</time>
      </trkpt>
      <trkpt lat="48.26436110" lon="-1.52635781">
        <ele>112.00000</ele>
        <time>2010-01-01T00:16:15Z</time>
      </trkpt>
      <trkpt lat="48.26422657" lon="-1.52671286">
        <ele>112.00000</ele>
        <time>2010-01-01T00:16:25Z</time>
      </trkpt>
      <trkpt lat="48.26421484" lon="-1.52678931">
        <ele>112.00000</ele>
        <time>2010-01-01T00:16:27Z</time>
      </trkpt>
      <trkpt lat="48.26419036" lon="-1.52702752">
        <ele>111.59999</ele>
        <time>2010-01-01T00:16:34Z</time>
      </trkpt>
      <trkpt lat="48.26418299" lon="-1.52711109">
        <ele>111.00000</ele>
        <time>2010-01-01T00:16:36Z</time>
      </trkpt>
      <trkpt lat="48.26417662" lon="-1.52719172">
        <ele>110.59999</ele>
        <time>2010-01-01T00:16:38Z</time>
      </trkpt>
      <trkpt lat="48.26416899" lon="-1.52727428">
        <ele>110.19999</ele>
        <time>2010-01-01T00:16:41Z</time>
      </trkpt>
      <trkpt lat="48.26416119" lon="-1.52735777">
        <ele>109.80000</ele>
        <time>2010-01-01T00:16:43Z</time>
      </trkpt>
      <trkpt lat="48.26415130" lon="-1.52744184">
        <ele>109.80000</ele>
        <time>2010-01-01T00:16:45Z</time>
      </trkpt>
      <trkpt lat="48.26415457" lon="-1.52759883">
        <ele>109.80000</ele>
        <time>2010-01-01T00:16:49Z</time>
      </trkpt>
      <trkpt lat="48.26421626" lon="-1.52770645">
        <ele>109.80000</ele>
        <time>2010-01-01T00:16:53Z</time>
      </trkpt>
      <trkpt lat="48.26437007" lon="-1.52770360">
        <ele>109.80000</ele>
        <time>2010-01-01T00:16:59Z</time>
      </trkpt>
      <trkpt lat="48.26464936" lon="-1.52764929">
        <ele>109.80000</ele>
        <time>2010-01-01T00:17:10Z</time>
      </trkpt>
      <trkpt lat="48.26512251" lon="-1.52760654">
        <ele>109.80000</ele>
        <time>2010-01-01T00:17:29Z</time>
      </trkpt>
      <trkpt lat="48.26527800" lon="-1.52758936">
        <ele>110.19999</ele>
        <time>2010-01-01T00:17:36Z</time>
      </trkpt>
      <trkpt lat="48.26531614" lon="-1.52758617">
        <ele>110.59999</ele>
        <time>2010-01-01T00:17:37Z</time>
      </trkpt>
      <trkpt lat="48.26535235" lon="-1.52758156">
        <ele>111.00000</ele>
        <time>2010-01-01T00:17:39Z</time>
      </trkpt>
      <trkpt lat="48.26538286" lon="-1.52757293">
        <ele>111.40000</ele>
        <time>2010-01-01T00:17:40Z</time>
      </trkpt>
      <trkpt lat="48.26541814" lon="-1.52757176">
        <ele>111.80000</ele>
        <time>2010-01-01T00:17:41Z</time>
      </trkpt>
      <trkpt lat="48.26545394" lon="-1.52756581">
        <ele>111.80000</ele>
        <time>2010-01-01T00:17:43Z</time>
      </trkpt>
      <trkpt lat="48.26580891" lon="-1.52750973">
        <ele>111.80000</ele>
        <time>2010-01-01T00:17:57Z</time>
      </trkpt>
      <trkpt lat="48.26597018" lon="-1.52747889">
        <ele>112.19999</ele>
        <time>2010-01-01T00:18:04Z</time>
      </trkpt>
      <trkpt lat="48.26601343" lon="-1.52747369">
        <ele>112.59999</ele>
        <time>2010-01-01T00:18:05Z</time>
      </trkpt>
      <trkpt lat="48.26605358" lon="-1.52747025">
        <ele>113.00000</ele>
        <time>2010-01-01T00:18:07Z</time>
      </trkpt>
      <trkpt lat="48.26609498" lon="-1.52746983">
        <ele>113.40000</ele>
        <time>2010-01-01T00:18:09Z</time>
      </trkpt>
      <trkpt lat="48.26613865" lon="-1.52747008">
        <ele>113.80000</ele>
        <time>2010-01-01T00:18:10Z</time>
      </trkpt>
      <trkpt lat="48.26622272" lon="-1.52746967">
        <ele>113.80000</ele>
        <time>2010-01-01T00:18:14Z</time>
      </trkpt>
      <trkpt lat="48.26626623" lon="-1.52747377">
        <ele>113.80000</ele>
        <time>2010-01-01T00:18:15Z</time>
      </trkpt>
      <trkpt lat="48.26643512" lon="-1.52754368">
        <ele>113.80000</ele>
        <time>2010-01-01T00:18:22Z</time>
      </trkpt>
      <trkpt lat="48.26660754" lon="-1.52777837">
        <ele>113.80000</ele>
        <time>2010-01-01T00:18:32Z</time>
      </trkpt>
      <trkpt lat="48.26663721" lon="-1.52784165">
        <ele>113.80000</ele>
        <time>2010-01-01T00:18:34Z</time>
      </trkpt>
      <trkpt lat="48.26680267" lon="-1.52821264">
        <ele>113.80000</ele>
        <time>2010-01-01T00:18:46Z</time>
      </trkpt>
      <trkpt lat="48.26685732" lon="-1.52833015">
        <ele>113.19999</ele>
        <time>2010-01-01T00:18:50Z</time>
      </trkpt>
      <trkpt lat="48.26688875" lon="-1.52838681">
        <ele>112.80000</ele>
        <time>2010-01-01T00:18:51Z</time>
      </trkpt>
      <trkpt lat="48.26691750" lon="-1.52844138">
        <ele>112.19999</ele>
        <time>2010-01-01T00:18:53Z</time>
      </trkpt>
      <trkpt lat="48.26694617" lon="-1.52849871">
        <ele>111.80000</ele>
        <time>2010-01-01T00:18:55Z</time>
      </trkpt>
      <trkpt lat="48.26697450" lon="-1.52855521">
        <ele>111.19999</ele>
        <time>2010-01-01T00:18:57Z</time>
      </trkpt>
      <trkpt lat="48.26703543" lon="-1.52868102">
        <ele>111.19999</ele>
        <time>2010-01-01T00:19:01Z</time>
      </trkpt>
      <trkpt lat="48.26716351" lon="-1.52892359">
        <ele>110.80000</ele>
        <time>2010-01-01T00:19:10Z</time>
      </trkpt>
      <trkpt lat="48.26721346" lon="-1.52901529">
        <ele>110.40000</ele>
        <time>2010-01-01T00:19:13Z</time>
      </trkpt>
      <trkpt lat="48.26726610" lon="-1.52911151">
        <ele>110.00000</ele>
        <time>2010-01-01T00:19:16Z</time>
      </trkpt>
      <trkpt lat="48.26732385" lon="-1.52921243">
        <ele>109.40000</ele>
        <time>2010-01-01T00:19:20Z</time>
      </trkpt>
      <trkpt lat="48.26738605" lon="-1.52931771">
        <ele>108.80000</ele>
        <time>2010-01-01T00:19:23Z</time>
      </trkpt>
      <trkpt lat="48.26745210" lon="-1.52942407">
        <ele>108.19999</ele>
        <time>2010-01-01T00:19:27Z</time>
      </trkpt>
      <trkpt lat="48.26752494" lon="-1.52953740">
        <ele>107.19999</ele>
        <time>2010-01-01T00:19:31Z</time>
      </trkpt>
      <trkpt lat="48.26760641" lon="-1.52965659">
        <ele>106.40000</ele>
        <time>2010-01-01T00:19:36Z</time>
      </trkpt>
      <trkpt lat="48.26769048" lon="-1.52977444">
        <ele>105.40000</ele>
        <time>2010-01-01T00:19:41Z</time>
      </trkpt>
      <trkpt lat="48.26778268" lon="-1.52988935">
        <ele>104.59999</ele>
        <time>2010-01-01T00:19:45Z</time>
      </trkpt>
      <trkpt lat="48.26787957" lon="-1.53000025">
        <ele>103.80000</ele>
        <time>2010-01-01T00:19:50Z</time>
      </trkpt>
      <trkpt lat="48.26797949" lon="-1.53010603">
        <ele>102.59999</ele>
        <time>2010-01-01T00:19:55Z</time>
      </trkpt>
      <trkpt lat="48.26808434" lon="-1.53022823">
        <ele>101.59999</ele>
        <time>2010-01-01T00:20:00Z</time>
      </trkpt>
      <trkpt lat="48.26818174" lon="-1.53037022">
        <ele>100.19999</ele>
        <time>2010-01-01T00:20:06Z</time>
      </trkpt>
      <trkpt lat="48.26826254" lon="-1.53053493">
        <ele>98.800003</ele>
        <time>2010-01-01T00:20:11Z</time>
      </trkpt>
      <trkpt lat="48.26833195" lon="-1.53072629">
        <ele>97.400001</ele>
        <time>2010-01-01T00:20:17Z</time>
      </trkpt>
      <trkpt lat="48.26839456" lon="-1.53092921">
        <ele>96.000000</ele>
        <time>2010-01-01T00:20:23Z</time>
      </trkpt>
      <trkpt lat="48.26846254" lon="-1.53112753">
        <ele>94.599998</ele>
        <time>2010-01-01T00:20:29Z</time>
      </trkpt>
      <trkpt lat="48.26855415" lon="-1.53131394">
        <ele>93.000000</ele>
        <time>2010-01-01T00:20:35Z</time>
      </trkpt>
      <trkpt lat="48.26866387" lon="-1.53146825">
        <ele>91.599998</ele>
        <time>2010-01-01T00:20:41Z</time>
      </trkpt>
      <trkpt lat="48.26878272" lon="-1.53161686">
        <ele>90.000000</ele>
        <time>2010-01-01T00:20:47Z</time>
      </trkpt>
      <trkpt lat="48.26890141" lon="-1.53176330">
        <ele>88.400001</ele>
        <time>2010-01-01T00:20:54Z</time>
      </trkpt>
      <trkpt lat="48.26900208" lon="-1.53191995">
        <ele>87.000000</ele>
        <time>2010-01-01T00:20:59Z</time>
      </trkpt>
      <trkpt lat="48.26907081" lon="-1.53206815">
        <ele>85.400001</ele>
        <time>2010-01-01T00:21:04Z</time>
      </trkpt>
      <trkpt lat="48.26912630" lon="-1.53221692">
        <ele>83.800003</ele>
        <time>2010-01-01T00:21:09Z</time>
      </trkpt>
      <trkpt lat="48.26916620" lon="-1.53234969">
        <ele>82.199996</ele>
        <time>2010-01-01T00:21:13Z</time>
      </trkpt>
      <trkpt lat="48.26915840" lon="-1.53246385">
        <ele>82.199996</ele>
        <time>2010-01-01T00:21:16Z</time>
      </trkpt>
      <trkpt lat="48.26915605" lon="-1.53255840">
        <ele>79.199996</ele>
        <time>2010-01-01T00:21:18Z</time>
      </trkpt>
      <trkpt lat="48.26914926" lon="-1.53264474">
        <ele>78.000000</ele>
        <time>2010-01-01T00:21:20Z</time>
      </trkpt>
      <trkpt lat="48.26915605" lon="-1.53267919">
        <ele>77.000000</ele>
        <time>2010-01-01T00:21:21Z</time>
      </trkpt>
      <trkpt lat="48.26917039" lon="-1.53269469">
        <ele>75.800003</ele>
        <time>2010-01-01T00:21:22Z</time>
      </trkpt>
      <trkpt lat="48.26918841" lon="-1.53268271">
        <ele>74.599998</ele>
        <time>2010-01-01T00:21:23Z</time>
      </trkpt>
      <trkpt lat="48.26920291" lon="-1.53266804">
        <ele>73.599998</ele>
        <time>2010-01-01T00:21:24Z</time>
      </trkpt>
      <trkpt lat="48.26922202" lon="-1.53265471">
        <ele>73.599998</ele>
        <time>2010-01-01T00:21:24Z</time>
      </trkpt>
      <trkpt lat="48.26940223" lon="-1.53255371">
        <ele>73.599998</ele>
        <time>2010-01-01T00:21:32Z</time>
      </trkpt>
      <trkpt lat="48.26943785" lon="-1.53254432">
        <ele>73.199996</ele>
        <time>2010-01-01T00:21:34Z</time>
      </trkpt>
      <trkpt lat="48.26946434" lon="-1.53253317">
        <ele>72.800003</ele>
        <time>2010-01-01T00:21:35Z</time>
      </trkpt>
      <trkpt lat="48.26949242" lon="-1.53253108">
        <ele>72.400001</ele>
        <time>2010-01-01T00:21:36Z</time>
      </trkpt>
      <trkpt lat="48.26952050" lon="-1.53252228">
        <ele>71.800003</ele>
        <time>2010-01-01T00:21:37Z</time>
      </trkpt>
      <trkpt lat="48.26955017" lon="-1.53251163">
        <ele>71.400001</ele>
        <time>2010-01-01T00:21:38Z</time>
      </trkpt>
      <trkpt lat="48.26960449" lon="-1.53250384">
        <ele>71.400001</ele>
        <time>2010-01-01T00:21:40Z</time>
      </trkpt>
      <trkpt lat="48.26968302" lon="-1.53247006">
        <ele>71.400001</ele>
        <time>2010-01-01T00:21:44Z</time>
      </trkpt>
      <trkpt lat="48.26980926" lon="-1.53241239">
        <ele>71.400001</ele>
        <time>2010-01-01T00:21:49Z</time>
      </trkpt>
      <trkpt lat="48.27001729" lon="-1.53230401">
        <ele>71.400001</ele>
        <time>2010-01-01T00:21:58Z</time>
      </trkpt>
      <trkpt lat="48.27016993" lon="-1.53220712">
        <ele>71.400001</ele>
        <time>2010-01-01T00:22:04Z</time>
      </trkpt>
      <trkpt lat="48.27027839" lon="-1.53208457">
        <ele>71.400001</ele>
        <time>2010-01-01T00:22:10Z</time>
      </trkpt>
      <trkpt lat="48.27039741" lon="-1.53196329">
        <ele>71.400001</ele>
        <time>2010-01-01T00:22:16Z</time>
      </trkpt>
      <trkpt lat="48.27049163" lon="-1.53183647">
        <ele>71.400001</ele>
        <time>2010-01-01T00:22:21Z</time>
      </trkpt>
      <trkpt lat="48.27060663" lon="-1.53156272">
        <ele>71.400001</ele>
        <time>2010-01-01T00:22:29Z</time>
      </trkpt>
      <trkpt lat="48.27069187" lon="-1.53135535">
        <ele>71.400001</ele>
        <time>2010-01-01T00:22:36Z</time>
      </trkpt>
      <trkpt lat="48.27072481" lon="-1.53107422">
        <ele>71.400001</ele>
        <time>2010-01-01T00:22:43Z</time>
      </trkpt>
      <trkpt lat="48.27075155" lon="-1.53082754">
        <ele>71.400001</ele>
        <time>2010-01-01T00:22:50Z</time>
      </trkpt>
      <trkpt lat="48.27075700" lon="-1.53080139">
        <ele>71.800003</ele>
        <time>2010-01-01T00:22:51Z</time>
      </trkpt>
      <trkpt lat="48.27076194" lon="-1.53077985">
        <ele>72.400001</ele>
        <time>2010-01-01T00:22:51Z</time>
      </trkpt>
      <trkpt lat="48.27076312" lon="-1.53075730">
        <ele>72.800003</ele>
        <time>2010-01-01T00:22:52Z</time>
      </trkpt>
      <trkpt lat="48.27076144" lon="-1.53073551">
        <ele>73.199996</ele>
        <time>2010-01-01T00:22:53Z</time>
      </trkpt>
      <trkpt lat="48.27076253" lon="-1.53071195">
        <ele>73.599998</ele>
        <time>2010-01-01T00:22:53Z</time>
      </trkpt>
      <trkpt lat="48.27080570" lon="-1.53052495">
        <ele>73.599998</ele>
        <time>2010-01-01T00:22:58Z</time>
      </trkpt>
      <trkpt lat="48.27088172" lon="-1.53027576">
        <ele>73.599998</ele>
        <time>2010-01-01T00:23:06Z</time>
      </trkpt>
      <trkpt lat="48.27089941" lon="-1.53021038">
        <ele>74.000000</ele>
        <time>2010-01-01T00:23:08Z</time>
      </trkpt>
      <trkpt lat="48.27091366" lon="-1.53018289">
        <ele>74.400001</ele>
        <time>2010-01-01T00:23:09Z</time>
      </trkpt>
      <trkpt lat="48.27092656" lon="-1.53015548">
        <ele>74.800003</ele>
        <time>2010-01-01T00:23:09Z</time>
      </trkpt>
      <trkpt lat="48.27094048" lon="-1.53012053">
        <ele>75.199996</ele>
        <time>2010-01-01T00:23:11Z</time>
      </trkpt>
      <trkpt lat="48.27094634" lon="-1.53009915">
        <ele>75.599998</ele>
        <time>2010-01-01T00:23:11Z</time>
      </trkpt>
      <trkpt lat="48.27099052" lon="-1.52981257">
        <ele>75.599998</ele>
        <time>2010-01-01T00:23:19Z</time>
      </trkpt>
      <trkpt lat="48.27104676" lon="-1.52952298">
        <ele>75.599998</ele>
        <time>2010-01-01T00:23:27Z</time>
      </trkpt>
      <trkpt lat="48.27109521" lon="-1.52925074">
        <ele>75.599998</ele>
        <time>2010-01-01T00:23:35Z</time>
      </trkpt>
      <trkpt lat="48.27110149" lon="-1.52901487">
        <ele>75.599998</ele>
        <time>2010-01-01T00:23:41Z</time>
      </trkpt>
      <trkpt lat="48.27108481" lon="-1.52874975">
        <ele>75.599998</ele>
        <time>2010-01-01T00:23:48Z</time>
      </trkpt>
      <trkpt lat="48.27110988" lon="-1.52833065">
        <ele>75.599998</ele>
        <time>2010-01-01T00:23:59Z</time>
      </trkpt>
      <trkpt lat="48.27111968" lon="-1.52829419">
        <ele>75.599998</ele>
        <time>2010-01-01T00:24:00Z</time>
      </trkpt>
      <trkpt lat="48.27115824" lon="-1.52818649">
        <ele>75.599998</ele>
        <time>2010-01-01T00:24:03Z</time>
      </trkpt>
      <trkpt lat="48.27123627" lon="-1.52796596">
        <ele>75.599998</ele>
        <time>2010-01-01T00:24:10Z</time>
      </trkpt>
      <trkpt lat="48.27135991" lon="-1.52775038">
        <ele>75.599998</ele>
        <time>2010-01-01T00:24:18Z</time>
      </trkpt>
      <trkpt lat="48.27145840" lon="-1.52762808">
        <ele>75.599998</ele>
        <time>2010-01-01T00:24:23Z</time>
      </trkpt>
      <trkpt lat="48.27154146" lon="-1.52745701">
        <ele>75.599998</ele>
        <time>2010-01-01T00:24:28Z</time>
      </trkpt>
      <trkpt lat="48.27166392" lon="-1.52733706">
        <ele>75.599998</ele>
        <time>2010-01-01T00:24:34Z</time>
      </trkpt>
      <trkpt lat="48.27172025" lon="-1.52729256">
        <ele>75.199996</ele>
        <time>2010-01-01T00:24:37Z</time>
      </trkpt>
      <trkpt lat="48.27173634" lon="-1.52728015">
        <ele>74.800003</ele>
        <time>2010-01-01T00:24:38Z</time>
      </trkpt>
      <trkpt lat="48.27175520" lon="-1.52727043">
        <ele>74.400001</ele>
        <time>2010-01-01T00:24:38Z</time>
      </trkpt>
      <trkpt lat="48.27177691" lon="-1.52725894">
        <ele>74.000000</ele>
        <time>2010-01-01T00:24:39Z</time>
      </trkpt>
      <trkpt lat="48.27179728" lon="-1.52724905">
        <ele>73.599998</ele>
        <time>2010-01-01T00:24:40Z</time>
      </trkpt>
      <trkpt lat="48.27199048" lon="-1.52717228">
        <ele>73.599998</ele>
        <time>2010-01-01T00:24:48Z</time>
      </trkpt>
      <trkpt lat="48.27215979" lon="-1.52707873">
        <ele>73.599998</ele>
        <time>2010-01-01T00:24:55Z</time>
      </trkpt>
      <trkpt lat="48.27234872" lon="-1.52701947">
        <ele>73.599998</ele>
        <time>2010-01-01T00:25:03Z</time>
      </trkpt>
      <trkpt lat="48.27250144" lon="-1.52694420">
        <ele>73.599998</ele>
        <time>2010-01-01T00:25:10Z</time>
      </trkpt>
      <trkpt lat="48.27265064" lon="-1.52680708">
        <ele>73.599998</ele>
        <time>2010-01-01T00:25:17Z</time>
      </trkpt>
      <trkpt lat="48.27265776" lon="-1.52663391">
        <ele>73.599998</ele>
        <time>2010-01-01T00:25:21Z</time>
      </trkpt>
      <trkpt lat="48.27268467" lon="-1.52648169">
        <ele>73.599998</ele>
        <time>2010-01-01T00:25:25Z</time>
      </trkpt>
      <trkpt lat="48.27269313" lon="-1.52645864">
        <ele>74.000000</ele>
        <time>2010-01-01T00:25:26Z</time>
      </trkpt>
      <trkpt lat="48.27269414" lon="-1.52642855">
        <ele>74.599998</ele>
        <time>2010-01-01T00:25:27Z</time>
      </trkpt>
      <trkpt lat="48.27269179" lon="-1.52639879">
        <ele>75.000000</ele>
        <time>2010-01-01T00:25:28Z</time>
      </trkpt>
      <trkpt lat="48.27268567" lon="-1.52636309">
        <ele>75.400001</ele>
        <time>2010-01-01T00:25:29Z</time>
      </trkpt>
      <trkpt lat="48.27267595" lon="-1.52632914">
        <ele>76.000000</ele>
        <time>2010-01-01T00:25:30Z</time>
      </trkpt>
      <trkpt lat="48.27263815" lon="-1.52620643">
        <ele>76.000000</ele>
        <time>2010-01-01T00:25:33Z</time>
      </trkpt>
      <trkpt lat="48.27262122" lon="-1.52615639">
        <ele>76.400001</ele>
        <time>2010-01-01T00:25:35Z</time>
      </trkpt>
      <trkpt lat="48.27260739" lon="-1.52612856">
        <ele>76.800003</ele>
        <time>2010-01-01T00:25:36Z</time>
      </trkpt>
      <trkpt lat="48.27260068" lon="-1.52610224">
        <ele>77.199996</ele>
        <time>2010-01-01T00:25:36Z</time>
      </trkpt>
      <trkpt lat="48.27259163" lon="-1.52608112">
        <ele>77.599998</ele>
        <time>2010-01-01T00:25:37Z</time>
      </trkpt>
      <trkpt lat="48.27258207" lon="-1.52605866">
        <ele>78.000000</ele>
        <time>2010-01-01T00:25:38Z</time>
      </trkpt>
      <trkpt lat="48.27253505" lon="-1.52589680">
        <ele>78.000000</ele>
        <time>2010-01-01T00:25:42Z</time>
      </trkpt>
      <trkpt lat="48.27251820" lon="-1.52585095">
        <ele>78.400001</ele>
        <time>2010-01-01T00:25:44Z</time>
      </trkpt>
      <trkpt lat="48.27251083" lon="-1.52582690">
        <ele>79.000000</ele>
        <time>2010-01-01T00:25:45Z</time>
      </trkpt>
      <trkpt lat="48.27250429" lon="-1.52580535">
        <ele>79.400001</ele>
        <time>2010-01-01T00:25:45Z</time>
      </trkpt>
      <trkpt lat="48.27249800" lon="-1.52578566">
        <ele>79.800003</ele>
        <time>2010-01-01T00:25:46Z</time>
      </trkpt>
      <trkpt lat="48.27249038" lon="-1.52576470">
        <ele>80.400001</ele>
        <time>2010-01-01T00:25:46Z</time>
      </trkpt>
      <trkpt lat="48.27245651" lon="-1.52567342">
        <ele>80.400001</ele>
        <time>2010-01-01T00:25:49Z</time>
      </trkpt>
      <trkpt lat="48.27239088" lon="-1.52553001">
        <ele>80.400001</ele>
        <time>2010-01-01T00:25:54Z</time>
      </trkpt>
      <trkpt lat="48.27236716" lon="-1.52548475">
        <ele>80.800003</ele>
        <time>2010-01-01T00:25:55Z</time>
      </trkpt>
      <trkpt lat="48.27235576" lon="-1.52545784">
        <ele>81.199996</ele>
        <time>2010-01-01T00:25:56Z</time>
      </trkpt>
      <trkpt lat="48.27234394" lon="-1.52543085">
        <ele>81.800003</ele>
        <time>2010-01-01T00:25:57Z</time>
      </trkpt>
      <trkpt lat="48.27233464" lon="-1.52540478">
        <ele>82.199996</ele>
        <time>2010-01-01T00:25:58Z</time>
      </trkpt>
      <trkpt lat="48.27232609" lon="-1.52537964">
        <ele>82.599998</ele>
        <time>2010-01-01T00:25:59Z</time>
      </trkpt>
      <trkpt lat="48.27229793" lon="-1.52532599">
        <ele>82.599998</ele>
        <time>2010-01-01T00:26:00Z</time>
      </trkpt>
      <trkpt lat="48.27226415" lon="-1.52524377">
        <ele>83.000000</ele>
        <time>2010-01-01T00:26:03Z</time>
      </trkpt>
      <trkpt lat="48.27225367" lon="-1.52522273">
        <ele>83.400001</ele>
        <time>2010-01-01T00:26:04Z</time>
      </trkpt>
      <trkpt lat="48.27224445" lon="-1.52520203">
        <ele>83.800003</ele>
        <time>2010-01-01T00:26:04Z</time>
      </trkpt>
      <trkpt lat="48.27223238" lon="-1.52517948">
        <ele>84.400001</ele>
        <time>2010-01-01T00:26:05Z</time>
      </trkpt>
      <trkpt lat="48.27222266" lon="-1.52515911">
        <ele>84.800003</ele>
        <time>2010-01-01T00:26:06Z</time>
      </trkpt>
      <trkpt lat="48.27220388" lon="-1.52512005">
        <ele>84.800003</ele>
        <time>2010-01-01T00:26:07Z</time>
      </trkpt>
      <trkpt lat="48.27215451" lon="-1.52494847">
        <ele>84.800003</ele>
        <time>2010-01-01T00:26:12Z</time>
      </trkpt>
      <trkpt lat="48.27214144" lon="-1.52490749">
        <ele>85.199996</ele>
        <time>2010-01-01T00:26:13Z</time>
      </trkpt>
      <trkpt lat="48.27212786" lon="-1.52487362">
        <ele>85.599998</ele>
        <time>2010-01-01T00:26:14Z</time>
      </trkpt>
      <trkpt lat="48.27211948" lon="-1.52484823">
        <ele>86.000000</ele>
        <time>2010-01-01T00:26:15Z</time>
      </trkpt>
      <trkpt lat="48.27210866" lon="-1.52482291">
        <ele>86.400001</ele>
        <time>2010-01-01T00:26:16Z</time>
      </trkpt>
      <trkpt lat="48.27210347" lon="-1.52480120">
        <ele>86.800003</ele>
        <time>2010-01-01T00:26:17Z</time>
      </trkpt>
      <trkpt lat="48.27208855" lon="-1.52475980">
        <ele>86.800003</ele>
        <time>2010-01-01T00:26:18Z</time>
      </trkpt>
      <trkpt lat="48.27201998" lon="-1.52459333">
        <ele>87.199996</ele>
        <time>2010-01-01T00:26:23Z</time>
      </trkpt>
      <trkpt lat="48.27201026" lon="-1.52457405">
        <ele>87.599998</ele>
        <time>2010-01-01T00:26:24Z</time>
      </trkpt>
      <trkpt lat="48.27199735" lon="-1.52455301">
        <ele>88.000000</ele>
        <time>2010-01-01T00:26:24Z</time>
      </trkpt>
      <trkpt lat="48.27198838" lon="-1.52453114">
        <ele>88.599998</ele>
        <time>2010-01-01T00:26:25Z</time>
      </trkpt>
      <trkpt lat="48.27198193" lon="-1.52450926">
        <ele>89.000000</ele>
        <time>2010-01-01T00:26:26Z</time>
      </trkpt>
      <trkpt lat="48.27196299" lon="-1.52441077">
        <ele>89.000000</ele>
        <time>2010-01-01T00:26:28Z</time>
      </trkpt>
      <trkpt lat="48.27199844" lon="-1.52433978">
        <ele>89.000000</ele>
        <time>2010-01-01T00:26:31Z</time>
      </trkpt>
      <trkpt lat="48.27201764" lon="-1.52423987">
        <ele>89.800003</ele>
        <time>2010-01-01T00:26:34Z</time>
      </trkpt>
      <trkpt lat="48.27201789" lon="-1.52421807">
        <ele>90.199996</ele>
        <time>2010-01-01T00:26:34Z</time>
      </trkpt>
      <trkpt lat="48.27201722" lon="-1.52419452">
        <ele>90.599998</ele>
        <time>2010-01-01T00:26:35Z</time>
      </trkpt>
      <trkpt lat="48.27201470" lon="-1.52417114">
        <ele>91.000000</ele>
        <time>2010-01-01T00:26:35Z</time>
      </trkpt>
      <trkpt lat="48.27199065" lon="-1.52405890">
        <ele>91.599998</ele>
        <time>2010-01-01T00:26:39Z</time>
      </trkpt>
      <trkpt lat="48.27198361" lon="-1.52403568">
        <ele>92.000000</ele>
        <time>2010-01-01T00:26:39Z</time>
      </trkpt>
      <trkpt lat="48.27197615" lon="-1.52401733">
        <ele>92.400001</ele>
        <time>2010-01-01T00:26:40Z</time>
      </trkpt>
      <trkpt lat="48.27197212" lon="-1.52399989">
        <ele>92.800003</ele>
        <time>2010-01-01T00:26:40Z</time>
      </trkpt>
      <trkpt lat="48.27196919" lon="-1.52398330">
        <ele>93.199996</ele>
        <time>2010-01-01T00:26:41Z</time>
      </trkpt>
      <trkpt lat="48.27195142" lon="-1.52388808">
        <ele>93.599998</ele>
        <time>2010-01-01T00:26:43Z</time>
      </trkpt>
      <trkpt lat="48.27195184" lon="-1.52387408">
        <ele>94.000000</ele>
        <time>2010-01-01T00:26:44Z</time>
      </trkpt>
      <trkpt lat="48.27194790" lon="-1.52384994">
        <ele>94.599998</ele>
        <time>2010-01-01T00:26:44Z</time>
      </trkpt>
      <trkpt lat="48.27193977" lon="-1.52382211">
        <ele>95.000000</ele>
        <time>2010-01-01T00:26:45Z</time>
      </trkpt>
      <trkpt lat="48.27192862" lon="-1.52379143">
        <ele>95.400001</ele>
        <time>2010-01-01T00:26:46Z</time>
      </trkpt>
      <trkpt lat="48.27190691" lon="-1.52371097">
        <ele>95.800003</ele>
        <time>2010-01-01T00:26:48Z</time>
      </trkpt>
      <trkpt lat="48.27190339" lon="-1.52368842">
        <ele>96.199996</ele>
        <time>2010-01-01T00:26:49Z</time>
      </trkpt>
      <trkpt lat="48.27189811" lon="-1.52365934">
        <ele>96.599998</ele>
        <time>2010-01-01T00:26:50Z</time>
      </trkpt>
      <trkpt lat="48.27189425" lon="-1.52363218">
        <ele>97.199996</ele>
        <time>2010-01-01T00:26:51Z</time>
      </trkpt>
      <trkpt lat="48.27188738" lon="-1.52360469">
        <ele>97.599998</ele>
        <time>2010-01-01T00:26:51Z</time>
      </trkpt>
      <trkpt lat="48.27185737" lon="-1.52348927">
        <ele>97.599998</ele>
        <time>2010-01-01T00:26:55Z</time>
      </trkpt>
      <trkpt lat="48.27183122" lon="-1.52336739">
        <ele>98.000000</ele>
        <time>2010-01-01T00:26:58Z</time>
      </trkpt>
      <trkpt lat="48.27182695" lon="-1.52334267">
        <ele>98.400001</ele>
        <time>2010-01-01T00:26:59Z</time>
      </trkpt>
      <trkpt lat="48.27182292" lon="-1.52331769">
        <ele>98.800003</ele>
        <time>2010-01-01T00:27:00Z</time>
      </trkpt>
      <trkpt lat="48.27182049" lon="-1.52329246">
        <ele>99.199996</ele>
        <time>2010-01-01T00:27:00Z</time>
      </trkpt>
      <trkpt lat="48.27182175" lon="-1.52326136">
        <ele>99.800003</ele>
        <time>2010-01-01T00:27:01Z</time>
      </trkpt>
      <trkpt lat="48.27182142" lon="-1.52311879">
        <ele>99.800003</ele>
        <time>2010-01-01T00:27:05Z</time>
      </trkpt>
      <trkpt lat="48.27181999" lon="-1.52302231">
        <ele>100.19999</ele>
        <time>2010-01-01T00:27:07Z</time>
      </trkpt>
      <trkpt lat="48.27182075" lon="-1.52299851">
        <ele>100.59999</ele>
        <time>2010-01-01T00:27:08Z</time>
      </trkpt>
      <trkpt lat="48.27182209" lon="-1.52297931">
        <ele>101.00000</ele>
        <time>2010-01-01T00:27:09Z</time>
      </trkpt>
      <trkpt lat="48.27182234" lon="-1.52296121">
        <ele>101.40000</ele>
        <time>2010-01-01T00:27:09Z</time>
      </trkpt>
      <trkpt lat="48.27182083" lon="-1.52294302">
        <ele>101.80000</ele>
        <time>2010-01-01T00:27:10Z</time>
      </trkpt>
      <trkpt lat="48.27180960" lon="-1.52279164">
        <ele>101.80000</ele>
        <time>2010-01-01T00:27:14Z</time>
      </trkpt>
      <trkpt lat="48.27179501" lon="-1.52275434">
        <ele>101.80000</ele>
        <time>2010-01-01T00:27:15Z</time>
      </trkpt>
      <trkpt lat="48.27178839" lon="-1.52273615">
        <ele>102.19999</ele>
        <time>2010-01-01T00:27:15Z</time>
      </trkpt>
      <trkpt lat="48.27178026" lon="-1.52271394">
        <ele>102.59999</ele>
        <time>2010-01-01T00:27:16Z</time>
      </trkpt>
      <trkpt lat="48.27177272" lon="-1.52269860">
        <ele>103.00000</ele>
        <time>2010-01-01T00:27:16Z</time>
      </trkpt>
      <trkpt lat="48.27176853" lon="-1.52268234">
        <ele>103.40000</ele>
        <time>2010-01-01T00:27:17Z</time>
      </trkpt>
      <trkpt lat="48.27176341" lon="-1.52266046">
        <ele>104.00000</ele>
        <time>2010-01-01T00:27:18Z</time>
      </trkpt>
      <trkpt lat="48.27172787" lon="-1.52254186">
        <ele>104.00000</ele>
        <time>2010-01-01T00:27:21Z</time>
      </trkpt>
      <trkpt lat="48.27171346" lon="-1.52250951">
        <ele>104.40000</ele>
        <time>2010-01-01T00:27:22Z</time>
      </trkpt>
      <trkpt lat="48.27171245" lon="-1.52248973">
        <ele>104.80000</ele>
        <time>2010-01-01T00:27:23Z</time>
      </trkpt>
      <trkpt lat="48.27170675" lon="-1.52246961">
        <ele>105.19999</ele>
        <time>2010-01-01T00:27:23Z</time>
      </trkpt>
      <trkpt lat="48.27169988" lon="-1.52245653">
        <ele>105.59999</ele>
        <time>2010-01-01T00:27:24Z</time>
      </trkpt>
      <trkpt lat="48.27168965" lon="-1.52244094">
        <ele>106.00000</ele>
        <time>2010-01-01T00:27:24Z</time>
      </trkpt>
      <trkpt lat="48.27167825" lon="-1.52242502">
        <ele>106.00000</ele>
        <time>2010-01-01T00:27:25Z</time>
      </trkpt>
      <trkpt lat="48.27165327" lon="-1.52232175">
        <ele>106.00000</ele>
        <time>2010-01-01T00:27:28Z</time>
      </trkpt>
      <trkpt lat="48.27165042" lon="-1.52230256">
        <ele>106.40000</ele>
        <time>2010-01-01T00:27:28Z</time>
      </trkpt>
      <trkpt lat="48.27164028" lon="-1.52228688">
        <ele>107.00000</ele>
        <time>2010-01-01T00:27:29Z</time>
      </trkpt>
      <trkpt lat="48.27162863" lon="-1.52226643">
        <ele>107.40000</ele>
        <time>2010-01-01T00:27:30Z</time>
      </trkpt>
      <trkpt lat="48.27162285" lon="-1.52224992">
        <ele>107.80000</ele>
        <time>2010-01-01T00:27:30Z</time>
      </trkpt>
      <trkpt lat="48.27161824" lon="-1.52223525">
        <ele>108.40000</ele>
        <time>2010-01-01T00:27:30Z</time>
      </trkpt>
      <trkpt lat="48.27160826" lon="-1.52219703">
        <ele>108.40000</ele>
        <time>2010-01-01T00:27:32Z</time>
      </trkpt>
      <trkpt lat="48.27159888" lon="-1.52217146">
        <ele>108.80000</ele>
        <time>2010-01-01T00:27:32Z</time>
      </trkpt>
      <trkpt lat="48.27159167" lon="-1.52215202">
        <ele>109.19999</ele>
        <time>2010-01-01T00:27:33Z</time>
      </trkpt>
      <trkpt lat="48.27158010" lon="-1.52212209">
        <ele>109.59999</ele>
        <time>2010-01-01T00:27:34Z</time>
      </trkpt>
      <trkpt lat="48.27157541" lon="-1.52210148">
        <ele>110.00000</ele>
        <time>2010-01-01T00:27:34Z</time>
      </trkpt>
      <trkpt lat="48.27157398" lon="-1.52209368">
        <ele>110.40000</ele>
        <time>2010-01-01T00:27:35Z</time>
      </trkpt>
      <trkpt lat="48.27157289" lon="-1.52208362">
        <ele>110.40000</ele>
        <time>2010-01-01T00:27:35Z</time>
      </trkpt>
      <trkpt lat="48.27146284" lon="-1.52160133">
        <ele>113.80000</ele>
        <time>2010-01-01T00:27:49Z</time>
      </trkpt>
      <trkpt lat="48.27145588" lon="-1.52157803">
        <ele>114.19999</ele>
        <time>2010-01-01T00:27:49Z</time>
      </trkpt>
      <trkpt lat="48.27144926" lon="-1.52155866">
        <ele>114.80000</ele>
        <time>2010-01-01T00:27:50Z</time>
      </trkpt>
      <trkpt lat="48.27143736" lon="-1.52149739">
        <ele>115.19999</ele>
        <time>2010-01-01T00:27:51Z</time>
      </trkpt>
      <trkpt lat="48.27143509" lon="-1.52147468">
        <ele>115.59999</ele>
        <time>2010-01-01T00:27:52Z</time>
      </trkpt>
      <trkpt lat="48.27143090" lon="-1.52145246">
        <ele>116.00000</ele>
        <time>2010-01-01T00:27:53Z</time>
      </trkpt>
      <trkpt lat="48.27142436" lon="-1.52143235">
        <ele>116.40000</ele>
        <time>2010-01-01T00:27:53Z</time>
      </trkpt>
      <trkpt lat="48.27141825" lon="-1.52141508">
        <ele>117.00000</ele>
        <time>2010-01-01T00:27:54Z</time>
      </trkpt>
      <trkpt lat="48.27141204" lon="-1.52139790">
        <ele>117.00000</ele>
        <time>2010-01-01T00:27:54Z</time>
      </trkpt>
      <trkpt lat="48.27137868" lon="-1.52127938">
        <ele>117.40000</ele>
        <time>2010-01-01T00:27:58Z</time>
      </trkpt>
      <trkpt lat="48.27136955" lon="-1.52125666">
        <ele>117.80000</ele>
        <time>2010-01-01T00:27:58Z</time>
      </trkpt>
      <trkpt lat="48.27136309" lon="-1.52123252">
        <ele>118.40000</ele>
        <time>2010-01-01T00:27:59Z</time>
      </trkpt>
      <trkpt lat="48.27135647" lon="-1.52120319">
        <ele>118.80000</ele>
        <time>2010-01-01T00:28:00Z</time>
      </trkpt>
      <trkpt lat="48.27134951" lon="-1.52116916">
        <ele>119.40000</ele>
        <time>2010-01-01T00:28:01Z</time>
      </trkpt>
      <trkpt lat="48.27131565" lon="-1.52100512">
        <ele>119.80000</ele>
        <time>2010-01-01T00:28:06Z</time>
      </trkpt>
      <trkpt lat="48.27131280" lon="-1.52097805">
        <ele>120.19999</ele>
        <time>2010-01-01T00:28:06Z</time>
      </trkpt>
      <trkpt lat="48.27131054" lon="-1.52095072">
        <ele>120.59999</ele>
        <time>2010-01-01T00:28:07Z</time>
      </trkpt>
      <trkpt lat="48.27130802" lon="-1.52092399">
        <ele>121.00000</ele>
        <time>2010-01-01T00:28:08Z</time>
      </trkpt>
      <trkpt lat="48.27130467" lon="-1.52089901">
        <ele>121.40000</ele>
        <time>2010-01-01T00:28:08Z</time>
      </trkpt>
      <trkpt lat="48.27128112" lon="-1.52072466">
        <ele>121.40000</ele>
        <time>2010-01-01T00:28:13Z</time>
      </trkpt>
      <trkpt lat="48.27126997" lon="-1.52063364">
        <ele>121.80000</ele>
        <time>2010-01-01T00:28:16Z</time>
      </trkpt>
      <trkpt lat="48.27126821" lon="-1.52061184">
        <ele>122.19999</ele>
        <time>2010-01-01T00:28:16Z</time>
      </trkpt>
      <trkpt lat="48.27126494" lon="-1.52058578">
        <ele>122.59999</ele>
        <time>2010-01-01T00:28:17Z</time>
      </trkpt>
      <trkpt lat="48.27126276" lon="-1.52056407">
        <ele>123.00000</ele>
        <time>2010-01-01T00:28:17Z</time>
      </trkpt>
      <trkpt lat="48.27126251" lon="-1.52054060">
        <ele>123.59999</ele>
        <time>2010-01-01T00:28:18Z</time>
      </trkpt>
      <trkpt lat="48.27125539" lon="-1.52047262">
        <ele>123.59999</ele>
        <time>2010-01-01T00:28:20Z</time>
      </trkpt>
      <trkpt lat="48.27122404" lon="-1.52027615">
        <ele>123.59999</ele>
        <time>2010-01-01T00:28:25Z</time>
      </trkpt>
      <trkpt lat="48.27120250" lon="-1.52006350">
        <ele>124.00000</ele>
        <time>2010-01-01T00:28:31Z</time>
      </trkpt>
      <trkpt lat="48.27119839" lon="-1.52003098">
        <ele>124.40000</ele>
        <time>2010-01-01T00:28:32Z</time>
      </trkpt>
      <trkpt lat="48.27119361" lon="-1.52000097">
        <ele>124.80000</ele>
        <time>2010-01-01T00:28:33Z</time>
      </trkpt>
      <trkpt lat="48.27119101" lon="-1.51997130">
        <ele>125.19999</ele>
        <time>2010-01-01T00:28:34Z</time>
      </trkpt>
      <trkpt lat="48.27118431" lon="-1.51994020">
        <ele>125.59999</ele>
        <time>2010-01-01T00:28:34Z</time>
      </trkpt>
      <trkpt lat="48.27117601" lon="-1.51976879">
        <ele>125.59999</ele>
        <time>2010-01-01T00:28:39Z</time>
      </trkpt>
      <trkpt lat="48.27117132" lon="-1.51948146">
        <ele>125.59999</ele>
        <time>2010-01-01T00:28:47Z</time>
      </trkpt>
      <trkpt lat="48.27117467" lon="-1.51938683">
        <ele>126.00000</ele>
        <time>2010-01-01T00:28:49Z</time>
      </trkpt>
      <trkpt lat="48.27117743" lon="-1.51935640">
        <ele>126.40000</ele>
        <time>2010-01-01T00:28:50Z</time>
      </trkpt>
      <trkpt lat="48.27118112" lon="-1.51932857">
        <ele>127.00000</ele>
        <time>2010-01-01T00:28:51Z</time>
      </trkpt>
      <trkpt lat="48.27118397" lon="-1.51930033">
        <ele>127.40000</ele>
        <time>2010-01-01T00:28:52Z</time>
      </trkpt>
      <trkpt lat="48.27118707" lon="-1.51927149">
        <ele>127.80000</ele>
        <time>2010-01-01T00:28:52Z</time>
      </trkpt>
      <trkpt lat="48.27122764" lon="-1.51906555">
        <ele>127.80000</ele>
        <time>2010-01-01T00:28:58Z</time>
      </trkpt>
      <trkpt lat="48.27127994" lon="-1.51880680">
        <ele>127.80000</ele>
        <time>2010-01-01T00:29:05Z</time>
      </trkpt>
      <trkpt lat="48.27130123" lon="-1.51854319">
        <ele>127.80000</ele>
        <time>2010-01-01T00:29:12Z</time>
      </trkpt>
      <trkpt lat="48.27132973" lon="-1.51830766">
        <ele>127.80000</ele>
        <time>2010-01-01T00:29:19Z</time>
      </trkpt>
      <trkpt lat="48.27140157" lon="-1.51791974">
        <ele>127.80000</ele>
        <time>2010-01-01T00:29:29Z</time>
      </trkpt>
      <trkpt lat="48.27145412" lon="-1.51765999">
        <ele>127.40000</ele>
        <time>2010-01-01T00:29:37Z</time>
      </trkpt>
      <trkpt lat="48.27145949" lon="-1.51761372">
        <ele>127.00000</ele>
        <time>2010-01-01T00:29:38Z</time>
      </trkpt>
      <trkpt lat="48.27146636" lon="-1.51756728">
        <ele>126.59999</ele>
        <time>2010-01-01T00:29:39Z</time>
      </trkpt>
      <trkpt lat="48.27147122" lon="-1.51752269">
        <ele>126.00000</ele>
        <time>2010-01-01T00:29:40Z</time>
      </trkpt>
      <trkpt lat="48.27148304" lon="-1.51748221">
        <ele>125.59999</ele>
        <time>2010-01-01T00:29:42Z</time>
      </trkpt>
      <trkpt lat="48.27151196" lon="-1.51725112">
        <ele>125.59999</ele>
        <time>2010-01-01T00:29:48Z</time>
      </trkpt>
      <trkpt lat="48.27152704" lon="-1.51718926">
        <ele>125.59999</ele>
        <time>2010-01-01T00:29:50Z</time>
      </trkpt>
      <trkpt lat="48.27153350" lon="-1.51712514">
        <ele>125.59999</ele>
        <time>2010-01-01T00:29:51Z</time>
      </trkpt>
      <trkpt lat="48.27157767" lon="-1.51685876">
        <ele>125.59999</ele>
        <time>2010-01-01T00:29:59Z</time>
      </trkpt>
      <trkpt lat="48.27161539" lon="-1.51654670">
        <ele>125.59999</ele>
        <time>2010-01-01T00:30:07Z</time>
      </trkpt>
      <trkpt lat="48.27163944" lon="-1.51626943">
        <ele>125.19999</ele>
        <time>2010-01-01T00:30:14Z</time>
      </trkpt>
      <trkpt lat="48.27164716" lon="-1.51621319">
        <ele>124.80000</ele>
        <time>2010-01-01T00:30:16Z</time>
      </trkpt>
      <trkpt lat="48.27165202" lon="-1.51615334">
        <ele>124.40000</ele>
        <time>2010-01-01T00:30:18Z</time>
      </trkpt>
      <trkpt lat="48.27166057" lon="-1.51609241">
        <ele>124.00000</ele>
        <time>2010-01-01T00:30:19Z</time>
      </trkpt>
      <trkpt lat="48.27166744" lon="-1.51603457">
        <ele>123.59999</ele>
        <time>2010-01-01T00:30:21Z</time>
      </trkpt>
      <trkpt lat="48.27167951" lon="-1.51586635">
        <ele>123.59999</ele>
        <time>2010-01-01T00:30:25Z</time>
      </trkpt>
      <trkpt lat="48.27170692" lon="-1.51555311">
        <ele>123.59999</ele>
        <time>2010-01-01T00:30:34Z</time>
      </trkpt>
      <trkpt lat="48.27175444" lon="-1.51541733">
        <ele>123.19999</ele>
        <time>2010-01-01T00:30:38Z</time>
      </trkpt>
      <trkpt lat="48.27177959" lon="-1.51534466">
        <ele>122.80000</ele>
        <time>2010-01-01T00:30:40Z</time>
      </trkpt>
      <trkpt lat="48.27179661" lon="-1.51528665">
        <ele>122.40000</ele>
        <time>2010-01-01T00:30:42Z</time>
      </trkpt>
      <trkpt lat="48.27181018" lon="-1.51522622">
        <ele>122.00000</ele>
        <time>2010-01-01T00:30:43Z</time>
      </trkpt>
      <trkpt lat="48.27181739" lon="-1.51516453">
        <ele>121.59999</ele>
        <time>2010-01-01T00:30:45Z</time>
      </trkpt>
      <trkpt lat="48.27187380" lon="-1.51479405">
        <ele>121.59999</ele>
        <time>2010-01-01T00:30:55Z</time>
      </trkpt>
      <trkpt lat="48.27193667" lon="-1.51446280">
        <ele>121.59999</ele>
        <time>2010-01-01T00:31:04Z</time>
      </trkpt>
      <trkpt lat="48.27202065" lon="-1.51406088">
        <ele>121.00000</ele>
        <time>2010-01-01T00:31:16Z</time>
      </trkpt>
      <trkpt lat="48.27203113" lon="-1.51400112">
        <ele>120.59999</ele>
        <time>2010-01-01T00:31:17Z</time>
      </trkpt>
      <trkpt lat="48.27204572" lon="-1.51394027">
        <ele>120.19999</ele>
        <time>2010-01-01T00:31:19Z</time>
      </trkpt>
      <trkpt lat="48.27206131" lon="-1.51387631">
        <ele>119.80000</ele>
        <time>2010-01-01T00:31:21Z</time>
      </trkpt>
      <trkpt lat="48.27207740" lon="-1.51381471">
        <ele>119.19999</ele>
        <time>2010-01-01T00:31:23Z</time>
      </trkpt>
      <trkpt lat="48.27220221" lon="-1.51340223">
        <ele>119.19999</ele>
        <time>2010-01-01T00:31:35Z</time>
      </trkpt>
      <trkpt lat="48.27224487" lon="-1.51317651">
        <ele>118.80000</ele>
        <time>2010-01-01T00:31:41Z</time>
      </trkpt>
      <trkpt lat="48.27225593" lon="-1.51311901">
        <ele>118.40000</ele>
        <time>2010-01-01T00:31:43Z</time>
      </trkpt>
      <trkpt lat="48.27226364" lon="-1.51306352">
        <ele>118.00000</ele>
        <time>2010-01-01T00:31:44Z</time>
      </trkpt>
      <trkpt lat="48.27227152" lon="-1.51300569">
        <ele>117.59999</ele>
        <time>2010-01-01T00:31:46Z</time>
      </trkpt>
      <trkpt lat="48.27228426" lon="-1.51294550">
        <ele>117.19999</ele>
        <time>2010-01-01T00:31:47Z</time>
      </trkpt>
      <trkpt lat="48.27238627" lon="-1.51257628">
        <ele>117.19999</ele>
        <time>2010-01-01T00:31:58Z</time>
      </trkpt>
      <trkpt lat="48.27241343" lon="-1.51243312">
        <ele>117.19999</ele>
        <time>2010-01-01T00:32:02Z</time>
      </trkpt>
      <trkpt lat="48.27249390" lon="-1.51222508">
        <ele>117.19999</ele>
        <time>2010-01-01T00:32:08Z</time>
      </trkpt>
      <trkpt lat="48.27264544" lon="-1.51181981">
        <ele>116.80000</ele>
        <time>2010-01-01T00:32:21Z</time>
      </trkpt>
      <trkpt lat="48.27265818" lon="-1.51177514">
        <ele>116.40000</ele>
        <time>2010-01-01T00:32:22Z</time>
      </trkpt>
      <trkpt lat="48.27267117" lon="-1.51173122">
        <ele>116.00000</ele>
        <time>2010-01-01T00:32:23Z</time>
      </trkpt>
      <trkpt lat="48.27268274" lon="-1.51168654">
        <ele>115.40000</ele>
        <time>2010-01-01T00:32:25Z</time>
      </trkpt>
      <trkpt lat="48.27269238" lon="-1.51164354">
        <ele>115.00000</ele>
        <time>2010-01-01T00:32:26Z</time>
      </trkpt>
      <trkpt lat="48.27275709" lon="-1.51147104">
        <ele>115.00000</ele>
        <time>2010-01-01T00:32:31Z</time>
      </trkpt>
      <trkpt lat="48.27288290" lon="-1.51119980">
        <ele>115.00000</ele>
        <time>2010-01-01T00:32:40Z</time>
      </trkpt>
      <trkpt lat="48.27304710" lon="-1.51090971">
        <ele>115.00000</ele>
        <time>2010-01-01T00:32:50Z</time>
      </trkpt>
      <trkpt lat="48.27318976" lon="-1.51059639">
        <ele>115.00000</ele>
        <time>2010-01-01T00:33:00Z</time>
      </trkpt>
      <trkpt lat="48.27326235" lon="-1.51027587">
        <ele>114.59999</ele>
        <time>2010-01-01T00:33:09Z</time>
      </trkpt>
      <trkpt lat="48.27326972" lon="-1.51022055">
        <ele>114.19999</ele>
        <time>2010-01-01T00:33:11Z</time>
      </trkpt>
      <trkpt lat="48.27327568" lon="-1.51016632">
        <ele>113.80000</ele>
        <time>2010-01-01T00:33:12Z</time>
      </trkpt>
      <trkpt lat="48.27328842" lon="-1.51012424">
        <ele>113.40000</ele>
        <time>2010-01-01T00:33:13Z</time>
      </trkpt>
      <trkpt lat="48.27330593" lon="-1.51008300">
        <ele>113.00000</ele>
        <time>2010-01-01T00:33:15Z</time>
      </trkpt>
      <trkpt lat="48.27335849" lon="-1.50992056">
        <ele>113.00000</ele>
        <time>2010-01-01T00:33:19Z</time>
      </trkpt>
      <trkpt lat="48.27334273" lon="-1.50973037">
        <ele>113.00000</ele>
        <time>2010-01-01T00:33:25Z</time>
      </trkpt>
      <trkpt lat="48.27339445" lon="-1.50957514">
        <ele>113.00000</ele>
        <time>2010-01-01T00:33:29Z</time>
      </trkpt>
      <trkpt lat="48.27346268" lon="-1.50931731">
        <ele>113.00000</ele>
        <time>2010-01-01T00:33:37Z</time>
      </trkpt>
      <trkpt lat="48.27346997" lon="-1.50918102">
        <ele>113.00000</ele>
        <time>2010-01-01T00:33:40Z</time>
      </trkpt>
      <trkpt lat="48.27348145" lon="-1.50907231">
        <ele>113.00000</ele>
        <time>2010-01-01T00:33:43Z</time>
      </trkpt>
      <trkpt lat="48.27350710" lon="-1.50892672">
        <ele>113.00000</ele>
        <time>2010-01-01T00:33:47Z</time>
      </trkpt>
      <trkpt lat="48.27357231" lon="-1.50847812">
        <ele>113.00000</ele>
        <time>2010-01-01T00:33:59Z</time>
      </trkpt>
      <trkpt lat="48.27358606" lon="-1.50815810">
        <ele>113.00000</ele>
        <time>2010-01-01T00:34:08Z</time>
      </trkpt>
      <trkpt lat="48.27366904" lon="-1.50781611">
        <ele>113.00000</ele>
        <time>2010-01-01T00:34:18Z</time>
      </trkpt>
      <trkpt lat="48.27369393" lon="-1.50754286">
        <ele>113.00000</ele>
        <time>2010-01-01T00:34:25Z</time>
      </trkpt>
      <trkpt lat="48.27372285" lon="-1.50727598">
        <ele>113.00000</ele>
        <time>2010-01-01T00:34:32Z</time>
      </trkpt>
      <trkpt lat="48.27374548" lon="-1.50706711">
        <ele>113.00000</ele>
        <time>2010-01-01T00:34:38Z</time>
      </trkpt>
      <trkpt lat="48.27374506" lon="-1.50682713">
        <ele>113.00000</ele>
        <time>2010-01-01T00:34:44Z</time>
      </trkpt>
      <trkpt lat="48.27376116" lon="-1.50662228">
        <ele>113.00000</ele>
        <time>2010-01-01T00:34:50Z</time>
      </trkpt>
      <trkpt lat="48.27378865" lon="-1.50650694">
        <ele>113.00000</ele>
        <time>2010-01-01T00:34:53Z</time>
      </trkpt>
      <trkpt lat="48.27382888" lon="-1.50637124">
        <ele>113.00000</ele>
        <time>2010-01-01T00:34:57Z</time>
      </trkpt>
      <trkpt lat="48.27384430" lon="-1.50627317">
        <ele>113.00000</ele>
        <time>2010-01-01T00:35:00Z</time>
      </trkpt>
      <trkpt lat="48.27384791" lon="-1.50594770">
        <ele>113.00000</ele>
        <time>2010-01-01T00:35:08Z</time>
      </trkpt>
      <trkpt lat="48.27385428" lon="-1.50591828">
        <ele>113.00000</ele>
        <time>2010-01-01T00:35:09Z</time>
      </trkpt>
      <trkpt lat="48.27386509" lon="-1.50572642">
        <ele>113.40000</ele>
        <time>2010-01-01T00:35:14Z</time>
      </trkpt>
      <trkpt lat="48.27386417" lon="-1.50568870">
        <ele>113.80000</ele>
        <time>2010-01-01T00:35:15Z</time>
      </trkpt>
      <trkpt lat="48.27386786" lon="-1.50563598">
        <ele>114.19999</ele>
        <time>2010-01-01T00:35:17Z</time>
      </trkpt>
      <trkpt lat="48.27387238" lon="-1.50558862">
        <ele>114.80000</ele>
        <time>2010-01-01T00:35:18Z</time>
      </trkpt>
      <trkpt lat="48.27387758" lon="-1.50554202">
        <ele>115.19999</ele>
        <time>2010-01-01T00:35:19Z</time>
      </trkpt>
      <trkpt lat="48.27389661" lon="-1.50536265">
        <ele>115.19999</ele>
        <time>2010-01-01T00:35:24Z</time>
      </trkpt>
      <trkpt lat="48.27386057" lon="-1.50502117">
        <ele>115.19999</ele>
        <time>2010-01-01T00:35:33Z</time>
      </trkpt>
      <trkpt lat="48.27382880" lon="-1.50464641">
        <ele>115.19999</ele>
        <time>2010-01-01T00:35:43Z</time>
      </trkpt>
      <trkpt lat="48.27381555" lon="-1.50423319">
        <ele>115.19999</ele>
        <time>2010-01-01T00:35:54Z</time>
      </trkpt>
      <trkpt lat="48.27382352" lon="-1.50395843">
        <ele>115.19999</ele>
        <time>2010-01-01T00:36:02Z</time>
      </trkpt>
      <trkpt lat="48.27380516" lon="-1.50363220">
        <ele>115.19999</ele>
        <time>2010-01-01T00:36:10Z</time>
      </trkpt>
      <trkpt lat="48.27380256" lon="-1.50346222">
        <ele>115.19999</ele>
        <time>2010-01-01T00:36:15Z</time>
      </trkpt>
      <trkpt lat="48.27378873" lon="-1.50327404">
        <ele>115.19999</ele>
        <time>2010-01-01T00:36:20Z</time>
      </trkpt>
      <trkpt lat="48.27375001" lon="-1.50304740">
        <ele>115.19999</ele>
        <time>2010-01-01T00:36:26Z</time>
      </trkpt>
      <trkpt lat="48.27375495" lon="-1.50279494">
        <ele>115.19999</ele>
        <time>2010-01-01T00:36:33Z</time>
      </trkpt>
      <trkpt lat="48.27374707" lon="-1.50237257">
        <ele>115.19999</ele>
        <time>2010-01-01T00:36:44Z</time>
      </trkpt>
      <trkpt lat="48.27374448" lon="-1.50228917">
        <ele>115.19999</ele>
        <time>2010-01-01T00:36:46Z</time>
      </trkpt>
      <trkpt lat="48.27369527" lon="-1.50202422">
        <ele>115.19999</ele>
        <time>2010-01-01T00:36:54Z</time>
      </trkpt>
      <trkpt lat="48.27367583" lon="-1.50168810">
        <ele>115.19999</ele>
        <time>2010-01-01T00:37:03Z</time>
      </trkpt>
      <trkpt lat="48.27368932" lon="-1.50144654">
        <ele>115.19999</ele>
        <time>2010-01-01T00:37:09Z</time>
      </trkpt>
      <trkpt lat="48.27369125" lon="-1.50105100">
        <ele>115.19999</ele>
        <time>2010-01-01T00:37:20Z</time>
      </trkpt>
      <trkpt lat="48.27373928" lon="-1.50085159">
        <ele>115.19999</ele>
        <time>2010-01-01T00:37:25Z</time>
      </trkpt>
      <trkpt lat="48.27376116" lon="-1.50079049">
        <ele>115.19999</ele>
        <time>2010-01-01T00:37:27Z</time>
      </trkpt>
      <trkpt lat="48.27376065" lon="-1.50077993">
        <ele>115.19999</ele>
        <time>2010-01-01T00:37:27Z</time>
      </trkpt>
      <trkpt lat="48.27380315" lon="-1.50050777">
        <ele>115.19999</ele>
        <time>2010-01-01T00:37:35Z</time>
      </trkpt>
      <trkpt lat="48.27380105" lon="-1.50049880">
        <ele>115.19999</ele>
        <time>2010-01-01T00:37:35Z</time>
      </trkpt>
      <trkpt lat="48.27385042" lon="-1.50035647">
        <ele>115.19999</ele>
        <time>2010-01-01T00:37:39Z</time>
      </trkpt>
      <trkpt lat="48.27388688" lon="-1.50006906">
        <ele>115.19999</ele>
        <time>2010-01-01T00:37:47Z</time>
      </trkpt>
      <trkpt lat="48.27390080" lon="-1.49978893">
        <ele>115.19999</ele>
        <time>2010-01-01T00:37:55Z</time>
      </trkpt>
      <trkpt lat="48.27388395" lon="-1.49956631">
        <ele>115.19999</ele>
        <time>2010-01-01T00:38:01Z</time>
      </trkpt>
      <trkpt lat="48.27394246" lon="-1.49934939">
        <ele>114.80000</ele>
        <time>2010-01-01T00:38:07Z</time>
      </trkpt>
      <trkpt lat="48.27395629" lon="-1.49929725">
        <ele>114.40000</ele>
        <time>2010-01-01T00:38:08Z</time>
      </trkpt>
      <trkpt lat="48.27396970" lon="-1.49925350">
        <ele>113.80000</ele>
        <time>2010-01-01T00:38:10Z</time>
      </trkpt>
      <trkpt lat="48.27397934" lon="-1.49922173">
        <ele>113.40000</ele>
        <time>2010-01-01T00:38:11Z</time>
      </trkpt>
      <trkpt lat="48.27398017" lon="-1.49919080">
        <ele>113.00000</ele>
        <time>2010-01-01T00:38:11Z</time>
      </trkpt>
      <trkpt lat="48.27398143" lon="-1.49910665">
        <ele>113.00000</ele>
        <time>2010-01-01T00:38:14Z</time>
      </trkpt>
      <trkpt lat="48.27399292" lon="-1.49882870">
        <ele>113.00000</ele>
        <time>2010-01-01T00:38:21Z</time>
      </trkpt>
      <trkpt lat="48.27398470" lon="-1.49855520">
        <ele>113.00000</ele>
        <time>2010-01-01T00:38:28Z</time>
      </trkpt>
      <trkpt lat="48.27399241" lon="-1.49837273">
        <ele>113.00000</ele>
        <time>2010-01-01T00:38:33Z</time>
      </trkpt>
      <trkpt lat="48.27402611" lon="-1.49796771">
        <ele>113.00000</ele>
        <time>2010-01-01T00:38:44Z</time>
      </trkpt>
      <trkpt lat="48.27391387" lon="-1.49754250">
        <ele>113.00000</ele>
        <time>2010-01-01T00:38:56Z</time>
      </trkpt>
      <trkpt lat="48.27385487" lon="-1.49716272">
        <ele>113.00000</ele>
        <time>2010-01-01T00:39:07Z</time>
      </trkpt>
      <trkpt lat="48.27385487" lon="-1.49686382">
        <ele>113.00000</ele>
        <time>2010-01-01T00:39:15Z</time>
      </trkpt>
      <trkpt lat="48.27381857" lon="-1.49653608">
        <ele>113.00000</ele>
        <time>2010-01-01T00:39:24Z</time>
      </trkpt>
      <trkpt lat="48.27378387" lon="-1.49623903">
        <ele>113.00000</ele>
        <time>2010-01-01T00:39:32Z</time>
      </trkpt>
      <trkpt lat="48.27370726" lon="-1.49583443">
        <ele>113.00000</ele>
        <time>2010-01-01T00:39:43Z</time>
      </trkpt>
      <trkpt lat="48.27362403" lon="-1.49558709">
        <ele>113.00000</ele>
        <time>2010-01-01T00:39:50Z</time>
      </trkpt>
      <trkpt lat="48.27356535" lon="-1.49521736">
        <ele>113.00000</ele>
        <time>2010-01-01T00:40:00Z</time>
      </trkpt>
      <trkpt lat="48.27354976" lon="-1.49486138">
        <ele>113.00000</ele>
        <time>2010-01-01T00:40:10Z</time>
      </trkpt>
      <trkpt lat="48.27355471" lon="-1.49454186">
        <ele>113.00000</ele>
        <time>2010-01-01T00:40:18Z</time>
      </trkpt>
      <trkpt lat="48.27355287" lon="-1.49420105">
        <ele>113.00000</ele>
        <time>2010-01-01T00:40:27Z</time>
      </trkpt>
      <trkpt lat="48.27354063" lon="-1.49387584">
        <ele>113.00000</ele>
        <time>2010-01-01T00:40:36Z</time>
      </trkpt>
      <trkpt lat="48.27355672" lon="-1.49357786">
        <ele>113.00000</ele>
        <time>2010-01-01T00:40:44Z</time>
      </trkpt>
      <trkpt lat="48.27354750" lon="-1.49336479">
        <ele>113.00000</ele>
        <time>2010-01-01T00:40:50Z</time>
      </trkpt>
      <trkpt lat="48.27356376" lon="-1.49286297">
        <ele>113.00000</ele>
        <time>2010-01-01T00:41:03Z</time>
      </trkpt>
      <trkpt lat="48.27357332" lon="-1.49249416">
        <ele>113.00000</ele>
        <time>2010-01-01T00:41:13Z</time>
      </trkpt>
      <trkpt lat="48.27356284" lon="-1.49205286">
        <ele>113.00000</ele>
        <time>2010-01-01T00:41:25Z</time>
      </trkpt>
      <trkpt lat="48.27354867" lon="-1.49181766">
        <ele>113.00000</ele>
        <time>2010-01-01T00:41:31Z</time>
      </trkpt>
      <trkpt lat="48.27352906" lon="-1.49150627">
        <ele>113.00000</ele>
        <time>2010-01-01T00:41:39Z</time>
      </trkpt>
      <trkpt lat="48.27349168" lon="-1.49120260">
        <ele>113.00000</ele>
        <time>2010-01-01T00:41:48Z</time>
      </trkpt>
      <trkpt lat="48.27352328" lon="-1.49097813">
        <ele>113.00000</ele>
        <time>2010-01-01T00:41:54Z</time>
      </trkpt>
      <trkpt lat="48.27351137" lon="-1.49074134">
        <ele>113.00000</ele>
        <time>2010-01-01T00:42:00Z</time>
      </trkpt>
      <trkpt lat="48.27350760" lon="-1.49052232">
        <ele>113.00000</ele>
        <time>2010-01-01T00:42:06Z</time>
      </trkpt>
      <trkpt lat="48.27352914" lon="-1.49026466">
        <ele>113.00000</ele>
        <time>2010-01-01T00:42:13Z</time>
      </trkpt>
      <trkpt lat="48.27352001" lon="-1.49005285">
        <ele>113.00000</ele>
        <time>2010-01-01T00:42:18Z</time>
      </trkpt>
      <trkpt lat="48.27349302" lon="-1.48972218">
        <ele>113.00000</ele>
        <time>2010-01-01T00:42:27Z</time>
      </trkpt>
      <trkpt lat="48.27344231" lon="-1.48947115">
        <ele>113.00000</ele>
        <time>2010-01-01T00:42:34Z</time>
      </trkpt>
      <trkpt lat="48.27335773" lon="-1.48940518">
        <ele>113.00000</ele>
        <time>2010-01-01T00:42:38Z</time>
      </trkpt>
      <trkpt lat="48.27324408" lon="-1.48938179">
        <ele>113.00000</ele>
        <time>2010-01-01T00:42:43Z</time>
      </trkpt>
      <trkpt lat="48.27314022" lon="-1.48931834">
        <ele>113.00000</ele>
        <time>2010-01-01T00:42:47Z</time>
      </trkpt>
      <trkpt lat="48.27296965" lon="-1.48924525">
        <ele>113.00000</ele>
        <time>2010-01-01T00:42:54Z</time>
      </trkpt>
      <trkpt lat="48.27281970" lon="-1.48916118">
        <ele>113.00000</ele>
        <time>2010-01-01T00:43:01Z</time>
      </trkpt>
      <trkpt lat="48.27268953" lon="-1.48905180">
        <ele>113.00000</ele>
        <time>2010-01-01T00:43:07Z</time>
      </trkpt>
      <trkpt lat="48.27250395" lon="-1.48898491">
        <ele>113.00000</ele>
        <time>2010-01-01T00:43:14Z</time>
      </trkpt>
      <trkpt lat="48.27243053" lon="-1.48879934">
        <ele>113.00000</ele>
        <time>2010-01-01T00:43:20Z</time>
      </trkpt>
      <trkpt lat="48.27233841" lon="-1.48850798">
        <ele>113.00000</ele>
        <time>2010-01-01T00:43:29Z</time>
      </trkpt>
      <trkpt lat="48.27227856" lon="-1.48826725">
        <ele>113.00000</ele>
        <time>2010-01-01T00:43:36Z</time>
      </trkpt>
      <trkpt lat="48.27219273" lon="-1.48799367">
        <ele>113.00000</ele>
        <time>2010-01-01T00:43:44Z</time>
      </trkpt>
      <trkpt lat="48.27208830" lon="-1.48767767">
        <ele>113.00000</ele>
        <time>2010-01-01T00:43:53Z</time>
      </trkpt>
      <trkpt lat="48.27198972" lon="-1.48748338">
        <ele>113.00000</ele>
        <time>2010-01-01T00:43:59Z</time>
      </trkpt>
      <trkpt lat="48.27179350" lon="-1.48737743">
        <ele>113.00000</ele>
        <time>2010-01-01T00:44:08Z</time>
      </trkpt>
      <trkpt lat="48.27165311" lon="-1.48745052">
        <ele>113.00000</ele>
        <time>2010-01-01T00:44:14Z</time>
      </trkpt>
      <trkpt lat="48.27161530" lon="-1.48746569">
        <ele>113.00000</ele>
        <time>2010-01-01T00:44:15Z</time>
      </trkpt>
      <trkpt lat="48.27155361" lon="-1.48747575">
        <ele>112.59999</ele>
        <time>2010-01-01T00:44:18Z</time>
      </trkpt>
      <trkpt lat="48.27152478" lon="-1.48748941">
        <ele>112.19999</ele>
        <time>2010-01-01T00:44:19Z</time>
      </trkpt>
      <trkpt lat="48.27149041" lon="-1.48750207">
        <ele>111.80000</ele>
        <time>2010-01-01T00:44:20Z</time>
      </trkpt>
      <trkpt lat="48.27145420" lon="-1.48752478">
        <ele>111.40000</ele>
        <time>2010-01-01T00:44:22Z</time>
      </trkpt>
      <trkpt lat="48.27142571" lon="-1.48754339">
        <ele>111.00000</ele>
        <time>2010-01-01T00:44:23Z</time>
      </trkpt>
      <trkpt lat="48.27126662" lon="-1.48763383">
        <ele>111.00000</ele>
        <time>2010-01-01T00:44:30Z</time>
      </trkpt>
      <trkpt lat="48.27097870" lon="-1.48777113">
        <ele>111.00000</ele>
        <time>2010-01-01T00:44:42Z</time>
      </trkpt>
      <trkpt lat="48.27085842" lon="-1.48781622">
        <ele>110.59999</ele>
        <time>2010-01-01T00:44:47Z</time>
      </trkpt>
      <trkpt lat="48.27081684" lon="-1.48783533">
        <ele>110.19999</ele>
        <time>2010-01-01T00:44:49Z</time>
      </trkpt>
      <trkpt lat="48.27077728" lon="-1.48784304">
        <ele>109.59999</ele>
        <time>2010-01-01T00:44:50Z</time>
      </trkpt>
      <trkpt lat="48.27074401" lon="-1.48783223">
        <ele>109.19999</ele>
        <time>2010-01-01T00:44:52Z</time>
      </trkpt>
      <trkpt lat="48.27071584" lon="-1.48782184">
        <ele>108.80000</ele>
        <time>2010-01-01T00:44:53Z</time>
      </trkpt>
      <trkpt lat="48.27059263" lon="-1.48770692">
        <ele>108.80000</ele>
        <time>2010-01-01T00:44:59Z</time>
      </trkpt>
      <trkpt lat="48.27057461" lon="-1.48767096">
        <ele>108.80000</ele>
        <time>2010-01-01T00:45:00Z</time>
      </trkpt>
      <trkpt lat="48.27051619" lon="-1.48761288">
        <ele>108.80000</ele>
        <time>2010-01-01T00:45:03Z</time>
      </trkpt>
      <trkpt lat="48.27033472" lon="-1.48747449">
        <ele>108.80000</ele>
        <time>2010-01-01T00:45:11Z</time>
      </trkpt>
      <trkpt lat="48.27012316" lon="-1.48723754">
        <ele>108.80000</ele>
        <time>2010-01-01T00:45:22Z</time>
      </trkpt>
      <trkpt lat="48.26991495" lon="-1.48714265">
        <ele>108.80000</ele>
        <time>2010-01-01T00:45:30Z</time>
      </trkpt>
      <trkpt lat="48.26980247" lon="-1.48717794">
        <ele>108.80000</ele>
        <time>2010-01-01T00:45:35Z</time>
      </trkpt>
      <trkpt lat="48.26961748" lon="-1.48731113">
        <ele>108.80000</ele>
        <time>2010-01-01T00:45:43Z</time>
      </trkpt>
      <trkpt lat="48.26938463" lon="-1.48749587">
        <ele>108.80000</ele>
        <time>2010-01-01T00:45:54Z</time>
      </trkpt>
      <trkpt lat="48.26919830" lon="-1.48758857">
        <ele>108.80000</ele>
        <time>2010-01-01T00:46:01Z</time>
      </trkpt>
      <trkpt lat="48.26900560" lon="-1.48766275">
        <ele>108.80000</ele>
        <time>2010-01-01T00:46:09Z</time>
      </trkpt>
      <trkpt lat="48.26892798" lon="-1.48768588">
        <ele>108.40000</ele>
        <time>2010-01-01T00:46:13Z</time>
      </trkpt>
      <trkpt lat="48.26889387" lon="-1.48769787">
        <ele>108.00000</ele>
        <time>2010-01-01T00:46:14Z</time>
      </trkpt>
      <trkpt lat="48.26886520" lon="-1.48770592">
        <ele>107.59999</ele>
        <time>2010-01-01T00:46:15Z</time>
      </trkpt>
      <trkpt lat="48.26884081" lon="-1.48771103">
        <ele>107.00000</ele>
        <time>2010-01-01T00:46:16Z</time>
      </trkpt>
      <trkpt lat="48.26882187" lon="-1.48771505">
        <ele>106.59999</ele>
        <time>2010-01-01T00:46:17Z</time>
      </trkpt>
      <trkpt lat="48.26877417" lon="-1.48787448">
        <ele>106.59999</ele>
        <time>2010-01-01T00:46:22Z</time>
      </trkpt>
      <trkpt lat="48.26873931" lon="-1.48815887">
        <ele>106.59999</ele>
        <time>2010-01-01T00:46:29Z</time>
      </trkpt>
      <trkpt lat="48.26868340" lon="-1.48855894">
        <ele>106.59999</ele>
        <time>2010-01-01T00:46:40Z</time>
      </trkpt>
      <trkpt lat="48.26867879" lon="-1.48861787">
        <ele>106.19999</ele>
        <time>2010-01-01T00:46:42Z</time>
      </trkpt>
      <trkpt lat="48.26867686" lon="-1.48869356">
        <ele>105.80000</ele>
        <time>2010-01-01T00:46:44Z</time>
      </trkpt>
      <trkpt lat="48.26867753" lon="-1.48876472">
        <ele>105.40000</ele>
        <time>2010-01-01T00:46:46Z</time>
      </trkpt>
      <trkpt lat="48.26867820" lon="-1.48883144">
        <ele>105.00000</ele>
        <time>2010-01-01T00:46:47Z</time>
      </trkpt>
      <trkpt lat="48.26868021" lon="-1.48889724">
        <ele>104.59999</ele>
        <time>2010-01-01T00:46:49Z</time>
      </trkpt>
      <trkpt lat="48.26874149" lon="-1.48941306">
        <ele>104.59999</ele>
        <time>2010-01-01T00:47:03Z</time>
      </trkpt>
      <trkpt lat="48.26882313" lon="-1.49000122">
        <ele>104.19999</ele>
        <time>2010-01-01T00:47:19Z</time>
      </trkpt>
      <trkpt lat="48.26883679" lon="-1.49011144">
        <ele>103.59999</ele>
        <time>2010-01-01T00:47:22Z</time>
      </trkpt>
      <trkpt lat="48.26885296" lon="-1.49022568">
        <ele>103.19999</ele>
        <time>2010-01-01T00:47:25Z</time>
      </trkpt>
      <trkpt lat="48.26887048" lon="-1.49034756">
        <ele>102.80000</ele>
        <time>2010-01-01T00:47:29Z</time>
      </trkpt>
      <trkpt lat="48.26888507" lon="-1.49046390">
        <ele>102.19999</ele>
        <time>2010-01-01T00:47:32Z</time>
      </trkpt>
      <trkpt lat="48.26889152" lon="-1.49059164">
        <ele>101.80000</ele>
        <time>2010-01-01T00:47:35Z</time>
      </trkpt>
      <trkpt lat="48.26888188" lon="-1.49071938">
        <ele>101.40000</ele>
        <time>2010-01-01T00:47:39Z</time>
      </trkpt>
      <trkpt lat="48.26885037" lon="-1.49084117">
        <ele>101.00000</ele>
        <time>2010-01-01T00:47:42Z</time>
      </trkpt>
      <trkpt lat="48.26880577" lon="-1.49095784">
        <ele>100.59999</ele>
        <time>2010-01-01T00:47:46Z</time>
      </trkpt>
      <trkpt lat="48.26874903" lon="-1.49107108">
        <ele>100.19999</ele>
        <time>2010-01-01T00:47:49Z</time>
      </trkpt>
      <trkpt lat="48.26869404" lon="-1.49117862">
        <ele>99.800003</ele>
        <time>2010-01-01T00:47:53Z</time>
      </trkpt>
      <trkpt lat="48.26864107" lon="-1.49128943">
        <ele>99.400001</ele>
        <time>2010-01-01T00:47:57Z</time>
      </trkpt>
      <trkpt lat="48.26859145" lon="-1.49140519">
        <ele>99.000000</ele>
        <time>2010-01-01T00:48:00Z</time>
      </trkpt>
      <trkpt lat="48.26854317" lon="-1.49152044">
        <ele>98.599998</ele>
        <time>2010-01-01T00:48:04Z</time>
      </trkpt>
      <trkpt lat="48.26849699" lon="-1.49164089">
        <ele>98.000000</ele>
        <time>2010-01-01T00:48:08Z</time>
      </trkpt>
      <trkpt lat="48.26845591" lon="-1.49176066">
        <ele>97.599998</ele>
        <time>2010-01-01T00:48:11Z</time>
      </trkpt>
      <trkpt lat="48.26842004" lon="-1.49188480">
        <ele>97.199996</ele>
        <time>2010-01-01T00:48:15Z</time>
      </trkpt>
      <trkpt lat="48.26838584" lon="-1.49200935">
        <ele>96.599998</ele>
        <time>2010-01-01T00:48:18Z</time>
      </trkpt>
      <trkpt lat="48.26835097" lon="-1.49213274">
        <ele>96.000000</ele>
        <time>2010-01-01T00:48:22Z</time>
      </trkpt>
      <trkpt lat="48.26831677" lon="-1.49225385">
        <ele>95.599998</ele>
        <time>2010-01-01T00:48:26Z</time>
      </trkpt>
      <trkpt lat="48.26828224" lon="-1.49237237">
        <ele>95.000000</ele>
        <time>2010-01-01T00:48:29Z</time>
      </trkpt>
      <trkpt lat="48.26824511" lon="-1.49249106">
        <ele>94.599998</ele>
        <time>2010-01-01T00:48:32Z</time>
      </trkpt>
      <trkpt lat="48.26820454" lon="-1.49260698">
        <ele>94.000000</ele>
        <time>2010-01-01T00:48:36Z</time>
      </trkpt>
      <trkpt lat="48.26815567" lon="-1.49271109">
        <ele>94.000000</ele>
        <time>2010-01-01T00:48:39Z</time>
      </trkpt>
      <trkpt lat="48.26810119" lon="-1.49281192">
        <ele>93.599998</ele>
        <time>2010-01-01T00:48:43Z</time>
      </trkpt>
      <trkpt lat="48.26803850" lon="-1.49290530">
        <ele>93.000000</ele>
        <time>2010-01-01T00:48:46Z</time>
      </trkpt>
      <trkpt lat="48.26797630" lon="-1.49299800">
        <ele>92.599998</ele>
        <time>2010-01-01T00:48:50Z</time>
      </trkpt>
      <trkpt lat="48.26791687" lon="-1.49308484">
        <ele>92.199996</ele>
        <time>2010-01-01T00:48:53Z</time>
      </trkpt>
      <trkpt lat="48.26785946" lon="-1.49317209">
        <ele>91.800003</ele>
        <time>2010-01-01T00:48:56Z</time>
      </trkpt>
      <trkpt lat="48.26771093" lon="-1.49343159">
        <ele>91.800003</ele>
        <time>2010-01-01T00:49:06Z</time>
      </trkpt>
      <trkpt lat="48.26751857" lon="-1.49379118">
        <ele>91.800003</ele>
        <time>2010-01-01T00:49:18Z</time>
      </trkpt>
      <trkpt lat="48.26734766" lon="-1.49413945">
        <ele>91.800003</ele>
        <time>2010-01-01T00:49:29Z</time>
      </trkpt>
      <trkpt lat="48.26730768" lon="-1.49428848">
        <ele>91.800003</ele>
        <time>2010-01-01T00:49:34Z</time>
      </trkpt>
      <trkpt lat="48.26728446" lon="-1.49443751">
        <ele>91.800003</ele>
        <time>2010-01-01T00:49:38Z</time>
      </trkpt>
      <trkpt lat="48.26726753" lon="-1.49457975">
        <ele>92.199996</ele>
        <time>2010-01-01T00:49:42Z</time>
      </trkpt>
      <trkpt lat="48.26725856" lon="-1.49464965">
        <ele>92.599998</ele>
        <time>2010-01-01T00:49:43Z</time>
      </trkpt>
      <trkpt lat="48.26725068" lon="-1.49471537">
        <ele>93.000000</ele>
        <time>2010-01-01T00:49:45Z</time>
      </trkpt>
      <trkpt lat="48.26724163" lon="-1.49478309">
        <ele>93.400001</ele>
        <time>2010-01-01T00:49:47Z</time>
      </trkpt>
      <trkpt lat="48.26723316" lon="-1.49484629">
        <ele>93.800003</ele>
        <time>2010-01-01T00:49:49Z</time>
      </trkpt>
      <trkpt lat="48.26719016" lon="-1.49519959">
        <ele>93.800003</ele>
        <time>2010-01-01T00:49:58Z</time>
      </trkpt>
      <trkpt lat="48.26716938" lon="-1.49537745">
        <ele>94.800003</ele>
        <time>2010-01-01T00:50:03Z</time>
      </trkpt>
      <trkpt lat="48.26716376" lon="-1.49543638">
        <ele>95.199996</ele>
        <time>2010-01-01T00:50:05Z</time>
      </trkpt>
      <trkpt lat="48.26715957" lon="-1.49549757">
        <ele>95.599998</ele>
        <time>2010-01-01T00:50:06Z</time>
      </trkpt>
      <trkpt lat="48.26715856" lon="-1.49555364">
        <ele>96.000000</ele>
        <time>2010-01-01T00:50:08Z</time>
      </trkpt>
      <trkpt lat="48.26713325" lon="-1.49571843">
        <ele>96.000000</ele>
        <time>2010-01-01T00:50:12Z</time>
      </trkpt>
      <trkpt lat="48.26712353" lon="-1.49577149">
        <ele>96.400001</ele>
        <time>2010-01-01T00:50:14Z</time>
      </trkpt>
      <trkpt lat="48.26711355" lon="-1.49582563">
        <ele>96.800003</ele>
        <time>2010-01-01T00:50:15Z</time>
      </trkpt>
      <trkpt lat="48.26710232" lon="-1.49588230">
        <ele>97.400001</ele>
        <time>2010-01-01T00:50:17Z</time>
      </trkpt>
      <trkpt lat="48.26709436" lon="-1.49593493">
        <ele>97.800003</ele>
        <time>2010-01-01T00:50:18Z</time>
      </trkpt>
      <trkpt lat="48.26708531" lon="-1.49598967">
        <ele>98.199996</ele>
        <time>2010-01-01T00:50:20Z</time>
      </trkpt>
      <trkpt lat="48.26704381" lon="-1.49620416">
        <ele>98.199996</ele>
        <time>2010-01-01T00:50:26Z</time>
      </trkpt>
      <trkpt lat="48.26702051" lon="-1.49630055">
        <ele>98.599998</ele>
        <time>2010-01-01T00:50:29Z</time>
      </trkpt>
      <trkpt lat="48.26701004" lon="-1.49634799">
        <ele>99.000000</ele>
        <time>2010-01-01T00:50:30Z</time>
      </trkpt>
      <trkpt lat="48.26700635" lon="-1.49639518">
        <ele>99.400001</ele>
        <time>2010-01-01T00:50:31Z</time>
      </trkpt>
      <trkpt lat="48.26700467" lon="-1.49644170">
        <ele>100.00000</ele>
        <time>2010-01-01T00:50:32Z</time>
      </trkpt>
      <trkpt lat="48.26700224" lon="-1.49649007">
        <ele>100.40000</ele>
        <time>2010-01-01T00:50:34Z</time>
      </trkpt>
      <trkpt lat="48.26699931" lon="-1.49653944">
        <ele>100.40000</ele>
        <time>2010-01-01T00:50:35Z</time>
      </trkpt>
      <trkpt lat="48.26697316" lon="-1.49675703">
        <ele>100.80000</ele>
        <time>2010-01-01T00:50:41Z</time>
      </trkpt>
      <trkpt lat="48.26696326" lon="-1.49681428">
        <ele>101.19999</ele>
        <time>2010-01-01T00:50:43Z</time>
      </trkpt>
      <trkpt lat="48.26695388" lon="-1.49686985">
        <ele>101.59999</ele>
        <time>2010-01-01T00:50:44Z</time>
      </trkpt>
      <trkpt lat="48.26694927" lon="-1.49692425">
        <ele>102.00000</ele>
        <time>2010-01-01T00:50:45Z</time>
      </trkpt>
      <trkpt lat="48.26694223" lon="-1.49698150">
        <ele>102.40000</ele>
        <time>2010-01-01T00:50:47Z</time>
      </trkpt>
      <trkpt lat="48.26688950" lon="-1.49722876">
        <ele>102.80000</ele>
        <time>2010-01-01T00:50:54Z</time>
      </trkpt>
      <trkpt lat="48.26688313" lon="-1.49727453">
        <ele>103.19999</ele>
        <time>2010-01-01T00:50:55Z</time>
      </trkpt>
      <trkpt lat="48.26687584" lon="-1.49731786">
        <ele>103.59999</ele>
        <time>2010-01-01T00:50:56Z</time>
      </trkpt>
      <trkpt lat="48.26686997" lon="-1.49735734">
        <ele>104.00000</ele>
        <time>2010-01-01T00:50:57Z</time>
      </trkpt>
      <trkpt lat="48.26685824" lon="-1.49740344">
        <ele>104.59999</ele>
        <time>2010-01-01T00:50:59Z</time>
      </trkpt>
      <trkpt lat="48.26680568" lon="-1.49767963">
        <ele>104.59999</ele>
        <time>2010-01-01T00:51:06Z</time>
      </trkpt>
      <trkpt lat="48.26675347" lon="-1.49789806">
        <ele>105.00000</ele>
        <time>2010-01-01T00:51:13Z</time>
      </trkpt>
      <trkpt lat="48.26674207" lon="-1.49794123">
        <ele>105.40000</ele>
        <time>2010-01-01T00:51:14Z</time>
      </trkpt>
      <trkpt lat="48.26673251" lon="-1.49798104">
        <ele>105.80000</ele>
        <time>2010-01-01T00:51:15Z</time>
      </trkpt>
      <trkpt lat="48.26672405" lon="-1.49801826">
        <ele>106.19999</ele>
        <time>2010-01-01T00:51:16Z</time>
      </trkpt>
      <trkpt lat="48.26671357" lon="-1.49805170">
        <ele>106.59999</ele>
        <time>2010-01-01T00:51:17Z</time>
      </trkpt>
      <trkpt lat="48.26661910" lon="-1.49822822">
        <ele>106.59999</ele>
        <time>2010-01-01T00:51:23Z</time>
      </trkpt>
      <trkpt lat="48.26661793" lon="-1.49822076">
        <ele>106.59999</ele>
        <time>2010-01-01T00:51:23Z</time>
      </trkpt>
      <trkpt lat="48.26660527" lon="-1.49823920">
        <ele>106.59999</ele>
        <time>2010-01-01T00:51:24Z</time>
      </trkpt>
      <trkpt lat="48.26657996" lon="-1.49825362">
        <ele>106.59999</ele>
        <time>2010-01-01T00:51:25Z</time>
      </trkpt>
      <trkpt lat="48.26641106" lon="-1.49836996">
        <ele>106.59999</ele>
        <time>2010-01-01T00:51:32Z</time>
      </trkpt>
      <trkpt lat="48.26618584" lon="-1.49847147">
        <ele>106.59999</ele>
        <time>2010-01-01T00:51:42Z</time>
      </trkpt>
      <trkpt lat="48.26599390" lon="-1.49847767">
        <ele>106.59999</ele>
        <time>2010-01-01T00:51:50Z</time>
      </trkpt>
      <trkpt lat="48.26583942" lon="-1.49853031">
        <ele>106.59999</ele>
        <time>2010-01-01T00:51:56Z</time>
      </trkpt>
      <trkpt lat="48.26561981" lon="-1.49866467">
        <ele>106.59999</ele>
        <time>2010-01-01T00:52:05Z</time>
      </trkpt>
      <trkpt lat="48.26536718" lon="-1.49883641">
        <ele>106.59999</ele>
        <time>2010-01-01T00:52:17Z</time>
      </trkpt>
      <trkpt lat="48.26516870" lon="-1.49901168">
        <ele>106.59999</ele>
        <time>2010-01-01T00:52:26Z</time>
      </trkpt>
      <trkpt lat="48.26497910" lon="-1.49916733">
        <ele>106.59999</ele>
        <time>2010-01-01T00:52:34Z</time>
      </trkpt>
      <trkpt lat="48.26475924" lon="-1.49934955">
        <ele>106.59999</ele>
        <time>2010-01-01T00:52:44Z</time>
      </trkpt>
      <trkpt lat="48.26462144" lon="-1.49953991">
        <ele>106.59999</ele>
        <time>2010-01-01T00:52:52Z</time>
      </trkpt>
      <trkpt lat="48.26450251" lon="-1.49972406">
        <ele>106.59999</ele>
        <time>2010-01-01T00:52:59Z</time>
      </trkpt>
      <trkpt lat="48.26442011" lon="-1.49979262">
        <ele>106.19999</ele>
        <time>2010-01-01T00:53:03Z</time>
      </trkpt>
      <trkpt lat="48.26439639" lon="-1.49980000">
        <ele>105.80000</ele>
        <time>2010-01-01T00:53:04Z</time>
      </trkpt>
      <trkpt lat="48.26437133" lon="-1.49980528">
        <ele>105.40000</ele>
        <time>2010-01-01T00:53:05Z</time>
      </trkpt>
      <trkpt lat="48.26434434" lon="-1.49980938">
        <ele>105.00000</ele>
        <time>2010-01-01T00:53:06Z</time>
      </trkpt>
      <trkpt lat="48.26431374" lon="-1.49981433">
        <ele>104.59999</ele>
        <time>2010-01-01T00:53:07Z</time>
      </trkpt>
      <trkpt lat="48.26421886" lon="-1.49980980">
        <ele>104.59999</ele>
        <time>2010-01-01T00:53:11Z</time>
      </trkpt>
      <trkpt lat="48.26416480" lon="-1.49980721">
        <ele>104.59999</ele>
        <time>2010-01-01T00:53:13Z</time>
      </trkpt>
      <trkpt lat="48.26394435" lon="-1.49980871">
        <ele>104.19999</ele>
        <time>2010-01-01T00:53:22Z</time>
      </trkpt>
      <trkpt lat="48.26391041" lon="-1.49981073">
        <ele>103.59999</ele>
        <time>2010-01-01T00:53:23Z</time>
      </trkpt>
      <trkpt lat="48.26387034" lon="-1.49981450">
        <ele>103.19999</ele>
        <time>2010-01-01T00:53:25Z</time>
      </trkpt>
      <trkpt lat="48.26382843" lon="-1.49981969">
        <ele>102.59999</ele>
        <time>2010-01-01T00:53:26Z</time>
      </trkpt>
      <trkpt lat="48.26379692" lon="-1.49980595">
        <ele>102.19999</ele>
        <time>2010-01-01T00:53:28Z</time>
      </trkpt>
      <trkpt lat="48.26370396" lon="-1.49980679">
        <ele>102.19999</ele>
        <time>2010-01-01T00:53:31Z</time>
      </trkpt>
      <trkpt lat="48.26351227" lon="-1.49982456">
        <ele>101.59999</ele>
        <time>2010-01-01T00:53:39Z</time>
      </trkpt>
      <trkpt lat="48.26344546" lon="-1.49982447">
        <ele>100.59999</ele>
        <time>2010-01-01T00:53:42Z</time>
      </trkpt>
      <trkpt lat="48.26341269" lon="-1.49982430">
        <ele>100.19999</ele>
        <time>2010-01-01T00:53:43Z</time>
      </trkpt>
      <trkpt lat="48.26336307" lon="-1.49983361">
        <ele>99.800003</ele>
        <time>2010-01-01T00:53:45Z</time>
      </trkpt>
      <trkpt lat="48.26332158" lon="-1.49983378">
        <ele>99.800003</ele>
        <time>2010-01-01T00:53:47Z</time>
      </trkpt>
      <trkpt lat="48.26306048" lon="-1.49986957">
        <ele>99.199996</ele>
        <time>2010-01-01T00:53:57Z</time>
      </trkpt>
      <trkpt lat="48.26299762" lon="-1.49986378">
        <ele>98.800003</ele>
        <time>2010-01-01T00:54:00Z</time>
      </trkpt>
      <trkpt lat="48.26294875" lon="-1.49985867">
        <ele>98.400001</ele>
        <time>2010-01-01T00:54:02Z</time>
      </trkpt>
      <trkpt lat="48.26290248" lon="-1.49985775">
        <ele>98.000000</ele>
        <time>2010-01-01T00:54:03Z</time>
      </trkpt>
      <trkpt lat="48.26286946" lon="-1.49985766">
        <ele>97.599998</ele>
        <time>2010-01-01T00:54:05Z</time>
      </trkpt>
      <trkpt lat="48.26278966" lon="-1.49984660">
        <ele>97.599998</ele>
        <time>2010-01-01T00:54:08Z</time>
      </trkpt>
      <trkpt lat="48.26278304" lon="-1.49983394">
        <ele>97.199996</ele>
        <time>2010-01-01T00:54:08Z</time>
      </trkpt>
      <trkpt lat="48.26275547" lon="-1.49982565">
        <ele>95.599998</ele>
        <time>2010-01-01T00:54:10Z</time>
      </trkpt>
      <trkpt lat="48.26272839" lon="-1.49982883">
        <ele>95.599998</ele>
        <time>2010-01-01T00:54:11Z</time>
      </trkpt>
      <trkpt lat="48.26254080" lon="-1.49982824">
        <ele>95.599998</ele>
        <time>2010-01-01T00:54:18Z</time>
      </trkpt>
      <trkpt lat="48.26251172" lon="-1.49981995">
        <ele>95.199996</ele>
        <time>2010-01-01T00:54:19Z</time>
      </trkpt>
      <trkpt lat="48.26247383" lon="-1.49981634">
        <ele>94.599998</ele>
        <time>2010-01-01T00:54:21Z</time>
      </trkpt>
      <trkpt lat="48.26244140" lon="-1.49981576">
        <ele>94.199996</ele>
        <time>2010-01-01T00:54:22Z</time>
      </trkpt>
      <trkpt lat="48.26241776" lon="-1.49981995">
        <ele>93.800003</ele>
        <time>2010-01-01T00:54:23Z</time>
      </trkpt>
      <trkpt lat="48.26239001" lon="-1.49982766">
        <ele>93.400001</ele>
        <time>2010-01-01T00:54:24Z</time>
      </trkpt>
      <trkpt lat="48.26236085" lon="-1.49983277">
        <ele>93.400001</ele>
        <time>2010-01-01T00:54:25Z</time>
      </trkpt>
      <trkpt lat="48.26218265" lon="-1.49985406">
        <ele>93.400001</ele>
        <time>2010-01-01T00:54:33Z</time>
      </trkpt>
      <trkpt lat="48.26218198" lon="-1.49985188">
        <ele>93.400001</ele>
        <time>2010-01-01T00:54:33Z</time>
      </trkpt>
      <trkpt lat="48.26205407" lon="-1.49985934">
        <ele>91.400001</ele>
        <time>2010-01-01T00:54:38Z</time>
      </trkpt>
      <trkpt lat="48.26199506" lon="-1.49986856">
        <ele>91.400001</ele>
        <time>2010-01-01T00:54:40Z</time>
      </trkpt>
      <trkpt lat="48.26174897" lon="-1.49995800">
        <ele>91.400001</ele>
        <time>2010-01-01T00:54:50Z</time>
      </trkpt>
      <trkpt lat="48.26161326" lon="-1.49999731">
        <ele>91.400001</ele>
        <time>2010-01-01T00:54:56Z</time>
      </trkpt>
      <trkpt lat="48.26155560" lon="-1.50000544">
        <ele>91.000000</ele>
        <time>2010-01-01T00:54:58Z</time>
      </trkpt>
      <trkpt lat="48.26152576" lon="-1.50001432">
        <ele>90.599998</ele>
        <time>2010-01-01T00:54:59Z</time>
      </trkpt>
      <trkpt lat="48.26149315" lon="-1.50002044">
        <ele>90.000000</ele>
        <time>2010-01-01T00:55:01Z</time>
      </trkpt>
      <trkpt lat="48.26146214" lon="-1.50002589">
        <ele>89.599998</ele>
        <time>2010-01-01T00:55:02Z</time>
      </trkpt>
      <trkpt lat="48.26143448" lon="-1.50003058">
        <ele>89.000000</ele>
        <time>2010-01-01T00:55:03Z</time>
      </trkpt>
      <trkpt lat="48.26132367" lon="-1.50005640">
        <ele>89.000000</ele>
        <time>2010-01-01T00:55:08Z</time>
      </trkpt>
      <trkpt lat="48.26127204" lon="-1.50006109">
        <ele>88.599998</ele>
        <time>2010-01-01T00:55:10Z</time>
      </trkpt>
      <trkpt lat="48.26124547" lon="-1.50006210">
        <ele>88.199996</ele>
        <time>2010-01-01T00:55:11Z</time>
      </trkpt>
      <trkpt lat="48.26121470" lon="-1.50006260">
        <ele>87.800003</ele>
        <time>2010-01-01T00:55:12Z</time>
      </trkpt>
      <trkpt lat="48.26117866" lon="-1.50006311">
        <ele>87.400001</ele>
        <time>2010-01-01T00:55:13Z</time>
      </trkpt>
      <trkpt lat="48.26114689" lon="-1.50006805">
        <ele>87.000000</ele>
        <time>2010-01-01T00:55:15Z</time>
      </trkpt>
      <trkpt lat="48.26109417" lon="-1.50007886">
        <ele>87.000000</ele>
        <time>2010-01-01T00:55:17Z</time>
      </trkpt>
      <trkpt lat="48.26083634" lon="-1.50011147">
        <ele>86.599998</ele>
        <time>2010-01-01T00:55:27Z</time>
      </trkpt>
      <trkpt lat="48.26081673" lon="-1.50011206">
        <ele>86.199996</ele>
        <time>2010-01-01T00:55:28Z</time>
      </trkpt>
      <trkpt lat="48.26080575" lon="-1.50011180">
        <ele>85.800003</ele>
        <time>2010-01-01T00:55:28Z</time>
      </trkpt>
      <trkpt lat="48.26078379" lon="-1.50012144">
        <ele>85.400001</ele>
        <time>2010-01-01T00:55:29Z</time>
      </trkpt>
      <trkpt lat="48.26075454" lon="-1.50012739">
        <ele>85.000000</ele>
        <time>2010-01-01T00:55:30Z</time>
      </trkpt>
      <trkpt lat="48.26072394" lon="-1.50013293">
        <ele>85.000000</ele>
        <time>2010-01-01T00:55:32Z</time>
      </trkpt>
      <trkpt lat="48.26057902" lon="-1.50016939">
        <ele>84.599998</ele>
        <time>2010-01-01T00:55:38Z</time>
      </trkpt>
      <trkpt lat="48.26055195" lon="-1.50017500">
        <ele>84.199996</ele>
        <time>2010-01-01T00:55:39Z</time>
      </trkpt>
      <trkpt lat="48.26052873" lon="-1.50017894">
        <ele>83.800003</ele>
        <time>2010-01-01T00:55:40Z</time>
      </trkpt>
      <trkpt lat="48.26050668" lon="-1.50018364">
        <ele>83.400001</ele>
        <time>2010-01-01T00:55:40Z</time>
      </trkpt>
      <trkpt lat="48.26048648" lon="-1.50018976">
        <ele>82.800003</ele>
        <time>2010-01-01T00:55:41Z</time>
      </trkpt>
      <trkpt lat="48.26034449" lon="-1.50023074">
        <ele>82.800003</ele>
        <time>2010-01-01T00:55:47Z</time>
      </trkpt>
      <trkpt lat="48.26018113" lon="-1.50029344">
        <ele>82.400001</ele>
        <time>2010-01-01T00:55:54Z</time>
      </trkpt>
      <trkpt lat="48.26015456" lon="-1.50030559">
        <ele>82.000000</ele>
        <time>2010-01-01T00:55:55Z</time>
      </trkpt>
      <trkpt lat="48.26013260" lon="-1.50031892">
        <ele>81.599998</ele>
        <time>2010-01-01T00:55:56Z</time>
      </trkpt>
      <trkpt lat="48.26011366" lon="-1.50033057">
        <ele>81.199996</ele>
        <time>2010-01-01T00:55:57Z</time>
      </trkpt>
      <trkpt lat="48.26009522" lon="-1.50034055">
        <ele>80.800003</ele>
        <time>2010-01-01T00:55:57Z</time>
      </trkpt>
      <trkpt lat="48.26004032" lon="-1.50042076">
        <ele>80.800003</ele>
        <time>2010-01-01T00:56:01Z</time>
      </trkpt>
      <trkpt lat="48.25994267" lon="-1.50061614">
        <ele>80.800003</ele>
        <time>2010-01-01T00:56:07Z</time>
      </trkpt>
      <trkpt lat="48.25981585" lon="-1.50097514">
        <ele>80.400001</ele>
        <time>2010-01-01T00:56:18Z</time>
      </trkpt>
      <trkpt lat="48.25978307" lon="-1.50100372">
        <ele>80.000000</ele>
        <time>2010-01-01T00:56:19Z</time>
      </trkpt>
      <trkpt lat="48.25974712" lon="-1.50103482">
        <ele>79.400001</ele>
        <time>2010-01-01T00:56:21Z</time>
      </trkpt>
      <trkpt lat="48.25970814" lon="-1.50104496">
        <ele>79.000000</ele>
        <time>2010-01-01T00:56:23Z</time>
      </trkpt>
      <trkpt lat="48.25966724" lon="-1.50105091">
        <ele>78.599998</ele>
        <time>2010-01-01T00:56:24Z</time>
      </trkpt>
      <trkpt lat="48.25952810" lon="-1.50105703">
        <ele>78.599998</ele>
        <time>2010-01-01T00:56:30Z</time>
      </trkpt>
      <trkpt lat="48.25944914" lon="-1.50105309">
        <ele>78.199996</ele>
        <time>2010-01-01T00:56:33Z</time>
      </trkpt>
      <trkpt lat="48.25941209" lon="-1.50104647">
        <ele>77.800003</ele>
        <time>2010-01-01T00:56:35Z</time>
      </trkpt>
      <trkpt lat="48.25937219" lon="-1.50104664">
        <ele>77.400001</ele>
        <time>2010-01-01T00:56:36Z</time>
      </trkpt>
      <trkpt lat="48.25933607" lon="-1.50104588">
        <ele>77.000000</ele>
        <time>2010-01-01T00:56:38Z</time>
      </trkpt>
      <trkpt lat="48.25929592" lon="-1.50105074">
        <ele>76.400001</ele>
        <time>2010-01-01T00:56:39Z</time>
      </trkpt>
      <trkpt lat="48.25918695" lon="-1.50107111">
        <ele>76.400001</ele>
        <time>2010-01-01T00:56:44Z</time>
      </trkpt>
      <trkpt lat="48.25889552" lon="-1.50105494">
        <ele>76.400001</ele>
        <time>2010-01-01T00:56:55Z</time>
      </trkpt>
      <trkpt lat="48.25868538" lon="-1.50105485">
        <ele>76.400001</ele>
        <time>2010-01-01T00:57:04Z</time>
      </trkpt>
      <trkpt lat="48.25862897" lon="-1.50119818">
        <ele>76.400001</ele>
        <time>2010-01-01T00:57:08Z</time>
      </trkpt>
      <trkpt lat="48.25867532" lon="-1.50142642">
        <ele>76.400001</ele>
        <time>2010-01-01T00:57:14Z</time>
      </trkpt>
      <trkpt lat="48.25873810" lon="-1.50184057">
        <ele>76.400001</ele>
        <time>2010-01-01T00:57:26Z</time>
      </trkpt>
      <trkpt lat="48.25881446" lon="-1.50243200">
        <ele>76.400001</ele>
        <time>2010-01-01T00:57:42Z</time>
      </trkpt>
      <trkpt lat="48.25887925" lon="-1.50282268">
        <ele>76.400001</ele>
        <time>2010-01-01T00:57:53Z</time>
      </trkpt>
      <trkpt lat="48.25895301" lon="-1.50329282">
        <ele>76.400001</ele>
        <time>2010-01-01T00:58:05Z</time>
      </trkpt>
      <trkpt lat="48.25905695" lon="-1.50398525">
        <ele>76.400001</ele>
        <time>2010-01-01T00:58:24Z</time>
      </trkpt>
      <trkpt lat="48.25917036" lon="-1.50473208">
        <ele>76.400001</ele>
        <time>2010-01-01T00:58:45Z</time>
      </trkpt>
      <trkpt lat="48.25927748" lon="-1.50541688">
        <ele>76.400001</ele>
        <time>2010-01-01T00:59:04Z</time>
      </trkpt>
      <trkpt lat="48.25937773" lon="-1.50602348">
        <ele>76.400001</ele>
        <time>2010-01-01T00:59:20Z</time>
      </trkpt>
      <trkpt lat="48.25943103" lon="-1.50639672">
        <ele>76.400001</ele>
        <time>2010-01-01T00:59:30Z</time>
      </trkpt>
      <trkpt lat="48.25946222" lon="-1.50661063">
        <ele>77.000000</ele>
        <time>2010-01-01T00:59:36Z</time>
      </trkpt>
      <trkpt lat="48.25947378" lon="-1.50667869">
        <ele>77.400001</ele>
        <time>2010-01-01T00:59:38Z</time>
      </trkpt>
      <trkpt lat="48.25948200" lon="-1.50673435">
        <ele>77.800003</ele>
        <time>2010-01-01T00:59:40Z</time>
      </trkpt>
      <trkpt lat="48.25949029" lon="-1.50678422">
        <ele>78.199996</ele>
        <time>2010-01-01T00:59:41Z</time>
      </trkpt>
      <trkpt lat="48.25949876" lon="-1.50683091">
        <ele>78.599998</ele>
        <time>2010-01-01T00:59:42Z</time>
      </trkpt>
      <trkpt lat="48.25952843" lon="-1.50705261">
        <ele>78.599998</ele>
        <time>2010-01-01T00:59:48Z</time>
      </trkpt>
      <trkpt lat="48.25957177" lon="-1.50734321">
        <ele>79.000000</ele>
        <time>2010-01-01T00:59:56Z</time>
      </trkpt>
      <trkpt lat="48.25957579" lon="-1.50738185">
        <ele>79.400001</ele>
        <time>2010-01-01T00:59:57Z</time>
      </trkpt>
      <trkpt lat="48.25958057" lon="-1.50741504">
        <ele>79.800003</ele>
        <time>2010-01-01T00:59:58Z</time>
      </trkpt>
      <trkpt lat="48.25958266" lon="-1.50744278">
        <ele>80.199996</ele>
        <time>2010-01-01T00:59:59Z</time>
      </trkpt>
      <trkpt lat="48.25958794" lon="-1.50748905">
        <ele>80.599998</ele>
        <time>2010-01-01T01:00:00Z</time>
      </trkpt>
      <trkpt lat="48.25959926" lon="-1.50754437">
        <ele>80.599998</ele>
        <time>2010-01-01T01:00:02Z</time>
      </trkpt>
      <trkpt lat="48.25967235" lon="-1.50791033">
        <ele>80.599998</ele>
        <time>2010-01-01T01:00:12Z</time>
      </trkpt>
      <trkpt lat="48.25975248" lon="-1.50836018">
        <ele>80.599998</ele>
        <time>2010-01-01T01:00:24Z</time>
      </trkpt>
      <trkpt lat="48.25979556" lon="-1.50867165">
        <ele>80.599998</ele>
        <time>2010-01-01T01:00:33Z</time>
      </trkpt>
      <trkpt lat="48.25983337" lon="-1.50892856">
        <ele>80.599998</ele>
        <time>2010-01-01T01:00:40Z</time>
      </trkpt>
      <trkpt lat="48.25989891" lon="-1.50924791">
        <ele>80.599998</ele>
        <time>2010-01-01T01:00:49Z</time>
      </trkpt>
      <trkpt lat="48.25998349" lon="-1.50977957">
        <ele>80.599998</ele>
        <time>2010-01-01T01:01:03Z</time>
      </trkpt>
      <trkpt lat="48.26005406" lon="-1.51014377">
        <ele>80.000000</ele>
        <time>2010-01-01T01:01:13Z</time>
      </trkpt>
      <trkpt lat="48.26006714" lon="-1.51025131">
        <ele>79.599998</ele>
        <time>2010-01-01T01:01:16Z</time>
      </trkpt>
      <trkpt lat="48.26008549" lon="-1.51034711">
        <ele>79.199996</ele>
        <time>2010-01-01T01:01:19Z</time>
      </trkpt>
      <trkpt lat="48.26010427" lon="-1.51043135">
        <ele>78.800003</ele>
        <time>2010-01-01T01:01:21Z</time>
      </trkpt>
      <trkpt lat="48.26012187" lon="-1.51052179">
        <ele>78.199996</ele>
        <time>2010-01-01T01:01:24Z</time>
      </trkpt>
      <trkpt lat="48.26022036" lon="-1.51103066">
        <ele>77.800003</ele>
        <time>2010-01-01T01:01:38Z</time>
      </trkpt>
      <trkpt lat="48.26023913" lon="-1.51110392">
        <ele>77.400001</ele>
        <time>2010-01-01T01:01:40Z</time>
      </trkpt>
      <trkpt lat="48.26024659" lon="-1.51117650">
        <ele>77.000000</ele>
        <time>2010-01-01T01:01:42Z</time>
      </trkpt>
      <trkpt lat="48.26026570" lon="-1.51126015">
        <ele>76.599998</ele>
        <time>2010-01-01T01:01:44Z</time>
      </trkpt>
      <trkpt lat="48.26027769" lon="-1.51134599">
        <ele>76.199996</ele>
        <time>2010-01-01T01:01:47Z</time>
      </trkpt>
      <trkpt lat="48.26031013" lon="-1.51162468">
        <ele>76.199996</ele>
        <time>2010-01-01T01:01:54Z</time>
      </trkpt>
      <trkpt lat="48.26038942" lon="-1.51226799">
        <ele>76.199996</ele>
        <time>2010-01-01T01:02:12Z</time>
      </trkpt>
      <trkpt lat="48.26045220" lon="-1.51281324">
        <ele>76.199996</ele>
        <time>2010-01-01T01:02:26Z</time>
      </trkpt>
      <trkpt lat="48.26054600" lon="-1.51365268">
        <ele>76.199996</ele>
        <time>2010-01-01T01:02:49Z</time>
      </trkpt>
      <trkpt lat="48.26064658" lon="-1.51423112">
        <ele>76.199996</ele>
        <time>2010-01-01T01:03:05Z</time>
      </trkpt>
      <trkpt lat="48.26066887" lon="-1.51441217">
        <ele>76.199996</ele>
        <time>2010-01-01T01:03:10Z</time>
      </trkpt>
      <trkpt lat="48.26056175" lon="-1.51454913">
        <ele>76.199996</ele>
        <time>2010-01-01T01:03:16Z</time>
      </trkpt>
      <trkpt lat="48.26034131" lon="-1.51469615">
        <ele>76.199996</ele>
        <time>2010-01-01T01:03:25Z</time>
      </trkpt>
      <trkpt lat="48.25996622" lon="-1.51490922">
        <ele>76.199996</ele>
        <time>2010-01-01T01:03:41Z</time>
      </trkpt>
      <trkpt lat="48.25942198" lon="-1.51520124">
        <ele>76.199996</ele>
        <time>2010-01-01T01:04:04Z</time>
      </trkpt>
      <trkpt lat="48.25931796" lon="-1.51525748">
        <ele>76.199996</ele>
        <time>2010-01-01T01:04:09Z</time>
      </trkpt>
      <trkpt lat="48.25889141" lon="-1.51548061">
        <ele>76.199996</ele>
        <time>2010-01-01T01:04:27Z</time>
      </trkpt>
      <trkpt lat="48.25839746" lon="-1.51577565">
        <ele>76.199996</ele>
        <time>2010-01-01T01:04:48Z</time>
      </trkpt>
      <trkpt lat="48.25821465" lon="-1.51586383">
        <ele>76.800003</ele>
        <time>2010-01-01T01:04:56Z</time>
      </trkpt>
      <trkpt lat="48.25817040" lon="-1.51588680">
        <ele>77.199996</ele>
        <time>2010-01-01T01:04:58Z</time>
      </trkpt>
      <trkpt lat="48.25812279" lon="-1.51590884">
        <ele>77.599998</ele>
        <time>2010-01-01T01:05:00Z</time>
      </trkpt>
      <trkpt lat="48.25807753" lon="-1.51593156">
        <ele>78.000000</ele>
        <time>2010-01-01T01:05:02Z</time>
      </trkpt>
      <trkpt lat="48.25803201" lon="-1.51595578">
        <ele>78.400001</ele>
        <time>2010-01-01T01:05:04Z</time>
      </trkpt>
      <trkpt lat="48.25798507" lon="-1.51598118">
        <ele>78.400001</ele>
        <time>2010-01-01T01:05:06Z</time>
      </trkpt>
      <trkpt lat="48.25757008" lon="-1.51617706">
        <ele>78.400001</ele>
        <time>2010-01-01T01:05:23Z</time>
      </trkpt>
      <trkpt lat="48.25704395" lon="-1.51645040">
        <ele>78.400001</ele>
        <time>2010-01-01T01:05:45Z</time>
      </trkpt>
      <trkpt lat="48.25654716" lon="-1.51672214">
        <ele>78.400001</ele>
        <time>2010-01-01T01:06:06Z</time>
      </trkpt>
      <trkpt lat="48.25617475" lon="-1.51688626">
        <ele>78.400001</ele>
        <time>2010-01-01T01:06:22Z</time>
      </trkpt>
      <trkpt lat="48.25613787" lon="-1.51690134">
        <ele>78.800003</ele>
        <time>2010-01-01T01:06:23Z</time>
      </trkpt>
      <trkpt lat="48.25609940" lon="-1.51691358">
        <ele>79.199996</ele>
        <time>2010-01-01T01:06:25Z</time>
      </trkpt>
      <trkpt lat="48.25606687" lon="-1.51692464">
        <ele>79.599998</ele>
        <time>2010-01-01T01:06:26Z</time>
      </trkpt>
      <trkpt lat="48.25603100" lon="-1.51692800">
        <ele>80.000000</ele>
        <time>2010-01-01T01:06:28Z</time>
      </trkpt>
      <trkpt lat="48.25599856" lon="-1.51690478">
        <ele>80.400001</ele>
        <time>2010-01-01T01:06:29Z</time>
      </trkpt>
      <trkpt lat="48.25598155" lon="-1.51683496">
        <ele>80.400001</ele>
        <time>2010-01-01T01:06:31Z</time>
      </trkpt>
      <trkpt lat="48.25600736" lon="-1.51664410">
        <ele>80.400001</ele>
        <time>2010-01-01T01:06:36Z</time>
      </trkpt>
      <trkpt lat="48.25601792" lon="-1.51658593">
        <ele>80.400001</ele>
        <time>2010-01-01T01:06:38Z</time>
      </trkpt>
      <trkpt lat="48.25603536" lon="-1.51631402">
        <ele>80.400001</ele>
        <time>2010-01-01T01:06:45Z</time>
      </trkpt>
      <trkpt lat="48.25597283" lon="-1.51579367">
        <ele>80.400001</ele>
        <time>2010-01-01T01:06:59Z</time>
      </trkpt>
      <trkpt lat="48.25589010" lon="-1.51554247">
        <ele>80.400001</ele>
        <time>2010-01-01T01:07:07Z</time>
      </trkpt>
      <trkpt lat="48.25583201" lon="-1.51549008">
        <ele>80.400001</ele>
        <time>2010-01-01T01:07:10Z</time>
      </trkpt>
      <trkpt lat="48.25569614" lon="-1.51529788">
        <ele>80.400001</ele>
        <time>2010-01-01T01:07:17Z</time>
      </trkpt>
      <trkpt lat="48.25563931" lon="-1.51516394">
        <ele>80.400001</ele>
        <time>2010-01-01T01:07:21Z</time>
      </trkpt>
      <trkpt lat="48.25560403" lon="-1.51512312">
        <ele>80.000000</ele>
        <time>2010-01-01T01:07:23Z</time>
      </trkpt>
      <trkpt lat="48.25556077" lon="-1.51507057">
        <ele>79.599998</ele>
        <time>2010-01-01T01:07:25Z</time>
      </trkpt>
      <trkpt lat="48.25546371" lon="-1.51497610">
        <ele>78.800003</ele>
        <time>2010-01-01T01:07:30Z</time>
      </trkpt>
      <trkpt lat="48.25541426" lon="-1.51491718">
        <ele>78.199996</ele>
        <time>2010-01-01T01:07:32Z</time>
      </trkpt>
      <trkpt lat="48.25537512" lon="-1.51485591">
        <ele>78.199996</ele>
        <time>2010-01-01T01:07:35Z</time>
      </trkpt>
      <trkpt lat="48.25504353" lon="-1.51439867">
        <ele>78.199996</ele>
        <time>2010-01-01T01:07:53Z</time>
      </trkpt>
      <trkpt lat="48.25496264" lon="-1.51409039">
        <ele>78.199996</ele>
        <time>2010-01-01T01:08:02Z</time>
      </trkpt>
      <trkpt lat="48.25487664" lon="-1.51372167">
        <ele>78.199996</ele>
        <time>2010-01-01T01:08:12Z</time>
      </trkpt>
      <trkpt lat="48.25472870" lon="-1.51312102">
        <ele>78.199996</ele>
        <time>2010-01-01T01:08:29Z</time>
      </trkpt>
      <trkpt lat="48.25471655" lon="-1.51307023">
        <ele>78.800003</ele>
        <time>2010-01-01T01:08:31Z</time>
      </trkpt>
      <trkpt lat="48.25470465" lon="-1.51301516">
        <ele>79.199996</ele>
        <time>2010-01-01T01:08:32Z</time>
      </trkpt>
      <trkpt lat="48.25469140" lon="-1.51296202">
        <ele>79.599998</ele>
        <time>2010-01-01T01:08:34Z</time>
      </trkpt>
      <trkpt lat="48.25467682" lon="-1.51290619">
        <ele>80.000000</ele>
        <time>2010-01-01T01:08:35Z</time>
      </trkpt>
      <trkpt lat="48.25466106" lon="-1.51285205">
        <ele>80.400001</ele>
        <time>2010-01-01T01:08:37Z</time>
      </trkpt>
      <trkpt lat="48.25461379" lon="-1.51269656">
        <ele>80.400001</ele>
        <time>2010-01-01T01:08:41Z</time>
      </trkpt>
      <trkpt lat="48.25450625" lon="-1.51228652">
        <ele>80.400001</ele>
        <time>2010-01-01T01:08:53Z</time>
      </trkpt>
      <trkpt lat="48.25434590" lon="-1.51166081">
        <ele>80.400001</ele>
        <time>2010-01-01T01:09:11Z</time>
      </trkpt>
      <trkpt lat="48.25414817" lon="-1.51090325">
        <ele>80.400001</ele>
        <time>2010-01-01T01:09:33Z</time>
      </trkpt>
      <trkpt lat="48.25401172" lon="-1.51035600">
        <ele>80.400001</ele>
        <time>2010-01-01T01:09:48Z</time>
      </trkpt>
      <trkpt lat="48.25383687" lon="-1.50967639">
        <ele>80.400001</ele>
        <time>2010-01-01T01:10:08Z</time>
      </trkpt>
      <trkpt lat="48.25371173" lon="-1.50903853">
        <ele>80.400001</ele>
        <time>2010-01-01T01:10:25Z</time>
      </trkpt>
      <trkpt lat="48.25363478" lon="-1.50838416">
        <ele>80.400001</ele>
        <time>2010-01-01T01:10:43Z</time>
      </trkpt>
      <trkpt lat="48.25362439" lon="-1.50830511">
        <ele>80.000000</ele>
        <time>2010-01-01T01:10:45Z</time>
      </trkpt>
      <trkpt lat="48.25361668" lon="-1.50822674">
        <ele>79.599998</ele>
        <time>2010-01-01T01:10:47Z</time>
      </trkpt>
      <trkpt lat="48.25360905" lon="-1.50815064">
        <ele>79.199996</ele>
        <time>2010-01-01T01:10:49Z</time>
      </trkpt>
      <trkpt lat="48.25360243" lon="-1.50807042">
        <ele>78.800003</ele>
        <time>2010-01-01T01:10:51Z</time>
      </trkpt>
      <trkpt lat="48.25359539" lon="-1.50799180">
        <ele>78.199996</ele>
        <time>2010-01-01T01:10:54Z</time>
      </trkpt>
      <trkpt lat="48.25355214" lon="-1.50760011">
        <ele>78.199996</ele>
        <time>2010-01-01T01:11:04Z</time>
      </trkpt>
      <trkpt lat="48.25345298" lon="-1.50675924">
        <ele>78.199996</ele>
        <time>2010-01-01T01:11:27Z</time>
      </trkpt>
      <trkpt lat="48.25342222" lon="-1.50614694">
        <ele>78.199996</ele>
        <time>2010-01-01T01:11:43Z</time>
      </trkpt>
      <trkpt lat="48.25338852" lon="-1.50594770">
        <ele>78.199996</ele>
        <time>2010-01-01T01:11:49Z</time>
      </trkpt>
      <trkpt lat="48.25334544" lon="-1.50583312">
        <ele>78.199996</ele>
        <time>2010-01-01T01:11:52Z</time>
      </trkpt>
      <trkpt lat="48.25329607" lon="-1.50572483">
        <ele>78.199996</ele>
        <time>2010-01-01T01:11:56Z</time>
      </trkpt>
      <trkpt lat="48.25318610" lon="-1.50554789">
        <ele>78.199996</ele>
        <time>2010-01-01T01:12:02Z</time>
      </trkpt>
      <trkpt lat="48.25306423" lon="-1.50533239">
        <ele>78.800003</ele>
        <time>2010-01-01T01:12:10Z</time>
      </trkpt>
      <trkpt lat="48.25303665" lon="-1.50528931">
        <ele>79.199996</ele>
        <time>2010-01-01T01:12:11Z</time>
      </trkpt>
      <trkpt lat="48.25301226" lon="-1.50524798">
        <ele>79.599998</ele>
        <time>2010-01-01T01:12:13Z</time>
      </trkpt>
      <trkpt lat="48.25298694" lon="-1.50520205">
        <ele>80.000000</ele>
        <time>2010-01-01T01:12:14Z</time>
      </trkpt>
      <trkpt lat="48.25296465" lon="-1.50515863">
        <ele>80.400001</ele>
        <time>2010-01-01T01:12:16Z</time>
      </trkpt>
      <trkpt lat="48.25287329" lon="-1.50499477">
        <ele>80.400001</ele>
        <time>2010-01-01T01:12:22Z</time>
      </trkpt>
      <trkpt lat="48.25280128" lon="-1.50488991">
        <ele>80.800003</ele>
        <time>2010-01-01T01:12:26Z</time>
      </trkpt>
      <trkpt lat="48.25277513" lon="-1.50485286">
        <ele>81.199996</ele>
        <time>2010-01-01T01:12:27Z</time>
      </trkpt>
      <trkpt lat="48.25274923" lon="-1.50481900">
        <ele>81.599998</ele>
        <time>2010-01-01T01:12:28Z</time>
      </trkpt>
      <trkpt lat="48.25272291" lon="-1.50478807">
        <ele>82.000000</ele>
        <time>2010-01-01T01:12:30Z</time>
      </trkpt>
      <trkpt lat="48.25269844" lon="-1.50475504">
        <ele>82.400001</ele>
        <time>2010-01-01T01:12:31Z</time>
      </trkpt>
      <trkpt lat="48.25259475" lon="-1.50461641">
        <ele>82.400001</ele>
        <time>2010-01-01T01:12:37Z</time>
      </trkpt>
      <trkpt lat="48.25230876" lon="-1.50431365">
        <ele>82.800003</ele>
        <time>2010-01-01T01:12:51Z</time>
      </trkpt>
      <trkpt lat="48.25227926" lon="-1.50428582">
        <ele>83.199996</ele>
        <time>2010-01-01T01:12:52Z</time>
      </trkpt>
      <trkpt lat="48.25225076" lon="-1.50425582">
        <ele>83.599998</ele>
        <time>2010-01-01T01:12:53Z</time>
      </trkpt>
      <trkpt lat="48.25222469" lon="-1.50422078">
        <ele>84.000000</ele>
        <time>2010-01-01T01:12:55Z</time>
      </trkpt>
      <trkpt lat="48.25219787" lon="-1.50419094">
        <ele>84.400001</ele>
        <time>2010-01-01T01:12:56Z</time>
      </trkpt>
      <trkpt lat="48.25189394" lon="-1.50392406">
        <ele>84.400001</ele>
        <time>2010-01-01T01:13:10Z</time>
      </trkpt>
      <trkpt lat="48.25179948" lon="-1.50384192">
        <ele>84.800003</ele>
        <time>2010-01-01T01:13:15Z</time>
      </trkpt>
      <trkpt lat="48.25176880" lon="-1.50381552">
        <ele>85.199996</ele>
        <time>2010-01-01T01:13:16Z</time>
      </trkpt>
      <trkpt lat="48.25174022" lon="-1.50378140">
        <ele>85.599998</ele>
        <time>2010-01-01T01:13:18Z</time>
      </trkpt>
      <trkpt lat="48.25171030" lon="-1.50375382">
        <ele>86.000000</ele>
        <time>2010-01-01T01:13:19Z</time>
      </trkpt>
      <trkpt lat="48.25168037" lon="-1.50372826">
        <ele>86.400001</ele>
        <time>2010-01-01T01:13:20Z</time>
      </trkpt>
      <trkpt lat="48.25162120" lon="-1.50367671">
        <ele>86.400001</ele>
        <time>2010-01-01T01:13:23Z</time>
      </trkpt>
      <trkpt lat="48.25132833" lon="-1.50343934">
        <ele>86.400001</ele>
        <time>2010-01-01T01:13:36Z</time>
      </trkpt>
      <trkpt lat="48.25104217" lon="-1.50328938">
        <ele>86.400001</ele>
        <time>2010-01-01T01:13:48Z</time>
      </trkpt>
      <trkpt lat="48.25084260" lon="-1.50315150">
        <ele>86.400001</ele>
        <time>2010-01-01T01:13:57Z</time>
      </trkpt>
      <trkpt lat="48.25077814" lon="-1.50310431">
        <ele>87.000000</ele>
        <time>2010-01-01T01:14:00Z</time>
      </trkpt>
      <trkpt lat="48.25074713" lon="-1.50308285">
        <ele>87.400001</ele>
        <time>2010-01-01T01:14:02Z</time>
      </trkpt>
      <trkpt lat="48.25071461" lon="-1.50306014">
        <ele>87.800003</ele>
        <time>2010-01-01T01:14:03Z</time>
      </trkpt>
      <trkpt lat="48.25067991" lon="-1.50303365">
        <ele>88.199996</ele>
        <time>2010-01-01T01:14:05Z</time>
      </trkpt>
      <trkpt lat="48.25064831" lon="-1.50300666">
        <ele>88.599998</ele>
        <time>2010-01-01T01:14:06Z</time>
      </trkpt>
      <trkpt lat="48.25061956" lon="-1.50297825">
        <ele>88.599998</ele>
        <time>2010-01-01T01:14:07Z</time>
      </trkpt>
      <trkpt lat="48.25029862" lon="-1.50271430">
        <ele>88.599998</ele>
        <time>2010-01-01T01:14:22Z</time>
      </trkpt>
      <trkpt lat="48.24999108" lon="-1.50246360">
        <ele>88.599998</ele>
        <time>2010-01-01T01:14:36Z</time>
      </trkpt>
      <trkpt lat="48.24994792" lon="-1.50243803">
        <ele>88.599998</ele>
        <time>2010-01-01T01:14:38Z</time>
      </trkpt>
      <trkpt lat="48.24993467" lon="-1.50242135">
        <ele>88.599998</ele>
        <time>2010-01-01T01:14:39Z</time>
      </trkpt>
      <trkpt lat="48.24997751" lon="-1.50238506">
        <ele>88.599998</ele>
        <time>2010-01-01T01:14:41Z</time>
      </trkpt>
      <trkpt lat="48.25000525" lon="-1.50234114">
        <ele>88.599998</ele>
        <time>2010-01-01T01:14:42Z</time>
      </trkpt>
      <trkpt lat="48.25004699" lon="-1.50223444">
        <ele>89.000000</ele>
        <time>2010-01-01T01:14:45Z</time>
      </trkpt>
      <trkpt lat="48.25006359" lon="-1.50218088">
        <ele>89.400001</ele>
        <time>2010-01-01T01:14:47Z</time>
      </trkpt>
      <trkpt lat="48.25008018" lon="-1.50212254">
        <ele>89.800003</ele>
        <time>2010-01-01T01:14:49Z</time>
      </trkpt>
      <trkpt lat="48.25009712" lon="-1.50206487">
        <ele>90.199996</ele>
        <time>2010-01-01T01:14:50Z</time>
      </trkpt>
      <trkpt lat="48.25011279" lon="-1.50200720">
        <ele>90.599998</ele>
        <time>2010-01-01T01:14:52Z</time>
      </trkpt>
      <trkpt lat="48.25020759" lon="-1.50156724">
        <ele>90.599998</ele>
        <time>2010-01-01T01:15:04Z</time>
      </trkpt>
      <trkpt lat="48.25030876" lon="-1.50112920">
        <ele>90.599998</ele>
        <time>2010-01-01T01:15:17Z</time>
      </trkpt>
      <trkpt lat="48.25038520" lon="-1.50093214">
        <ele>90.599998</ele>
        <time>2010-01-01T01:15:23Z</time>
      </trkpt>
      <trkpt lat="48.25040540" lon="-1.50086869">
        <ele>90.199996</ele>
        <time>2010-01-01T01:15:25Z</time>
      </trkpt>
      <trkpt lat="48.25041605" lon="-1.50083323">
        <ele>89.800003</ele>
        <time>2010-01-01T01:15:26Z</time>
      </trkpt>
      <trkpt lat="48.25042988" lon="-1.50079132">
        <ele>89.400001</ele>
        <time>2010-01-01T01:15:27Z</time>
      </trkpt>
      <trkpt lat="48.25044295" lon="-1.50075755">
        <ele>89.000000</ele>
        <time>2010-01-01T01:15:28Z</time>
      </trkpt>
      <trkpt lat="48.25045460" lon="-1.50072477">
        <ele>88.400001</ele>
        <time>2010-01-01T01:15:29Z</time>
      </trkpt>
      <trkpt lat="48.25046215" lon="-1.50069284">
        <ele>88.400001</ele>
        <time>2010-01-01T01:15:30Z</time>
      </trkpt>
      <trkpt lat="48.25054706" lon="-1.50047424">
        <ele>88.400001</ele>
        <time>2010-01-01T01:15:37Z</time>
      </trkpt>
      <trkpt lat="48.25064152" lon="-1.50016947">
        <ele>88.000000</ele>
        <time>2010-01-01T01:15:46Z</time>
      </trkpt>
      <trkpt lat="48.25065275" lon="-1.50012915">
        <ele>87.599998</ele>
        <time>2010-01-01T01:15:47Z</time>
      </trkpt>
      <trkpt lat="48.25066524" lon="-1.50008725">
        <ele>87.199996</ele>
        <time>2010-01-01T01:15:48Z</time>
      </trkpt>
      <trkpt lat="48.25067832" lon="-1.50004793">
        <ele>86.800003</ele>
        <time>2010-01-01T01:15:49Z</time>
      </trkpt>
      <trkpt lat="48.25069583" lon="-1.50000996">
        <ele>86.400001</ele>
        <time>2010-01-01T01:15:50Z</time>
      </trkpt>
      <trkpt lat="48.25073691" lon="-1.49985456">
        <ele>86.000000</ele>
        <time>2010-01-01T01:15:55Z</time>
      </trkpt>
      <trkpt lat="48.25076004" lon="-1.49979044">
        <ele>85.599998</ele>
        <time>2010-01-01T01:15:57Z</time>
      </trkpt>
      <trkpt lat="48.25078502" lon="-1.49972406">
        <ele>85.199996</ele>
        <time>2010-01-01T01:15:59Z</time>
      </trkpt>
      <trkpt lat="48.25080723" lon="-1.49965935">
        <ele>84.800003</ele>
        <time>2010-01-01T01:16:01Z</time>
      </trkpt>
      <trkpt lat="48.25083564" lon="-1.49959078">
        <ele>84.400001</ele>
        <time>2010-01-01T01:16:03Z</time>
      </trkpt>
      <trkpt lat="48.25088786" lon="-1.49946539">
        <ele>84.000000</ele>
        <time>2010-01-01T01:16:07Z</time>
      </trkpt>
      <trkpt lat="48.25090999" lon="-1.49940286">
        <ele>83.599998</ele>
        <time>2010-01-01T01:16:09Z</time>
      </trkpt>
      <trkpt lat="48.25091972" lon="-1.49936020">
        <ele>83.199996</ele>
        <time>2010-01-01T01:16:10Z</time>
      </trkpt>
      <trkpt lat="48.25093522" lon="-1.49931376">
        <ele>82.800003</ele>
        <time>2010-01-01T01:16:11Z</time>
      </trkpt>
      <trkpt lat="48.25095484" lon="-1.49927194">
        <ele>82.199996</ele>
        <time>2010-01-01T01:16:13Z</time>
      </trkpt>
      <trkpt lat="48.25104645" lon="-1.49902886">
        <ele>82.199996</ele>
        <time>2010-01-01T01:16:20Z</time>
      </trkpt>
      <trkpt lat="48.25107453" lon="-1.49895024">
        <ele>81.800003</ele>
        <time>2010-01-01T01:16:23Z</time>
      </trkpt>
      <trkpt lat="48.25108576" lon="-1.49891688">
        <ele>81.400001</ele>
        <time>2010-01-01T01:16:24Z</time>
      </trkpt>
      <trkpt lat="48.25110076" lon="-1.49888008">
        <ele>81.000000</ele>
        <time>2010-01-01T01:16:25Z</time>
      </trkpt>
      <trkpt lat="48.25110898" lon="-1.49884823">
        <ele>80.599998</ele>
        <time>2010-01-01T01:16:26Z</time>
      </trkpt>
      <trkpt lat="48.25110781" lon="-1.49882267">
        <ele>80.199996</ele>
        <time>2010-01-01T01:16:26Z</time>
      </trkpt>
      <trkpt lat="48.25108978" lon="-1.49876986">
        <ele>80.199996</ele>
        <time>2010-01-01T01:16:28Z</time>
      </trkpt>
      <trkpt lat="48.25102516" lon="-1.49868110">
        <ele>80.199996</ele>
        <time>2010-01-01T01:16:31Z</time>
      </trkpt>
      <trkpt lat="48.25100999" lon="-1.49865268">
        <ele>80.199996</ele>
        <time>2010-01-01T01:16:32Z</time>
      </trkpt>
      <trkpt lat="48.25090236" lon="-1.49844498">
        <ele>80.199996</ele>
        <time>2010-01-01T01:16:39Z</time>
      </trkpt>
      <trkpt lat="48.25075694" lon="-1.49814574">
        <ele>80.199996</ele>
        <time>2010-01-01T01:16:49Z</time>
      </trkpt>
      <trkpt lat="48.25065962" lon="-1.49793989">
        <ele>80.199996</ele>
        <time>2010-01-01T01:16:56Z</time>
      </trkpt>
      <trkpt lat="48.25063020" lon="-1.49787920">
        <ele>79.800003</ele>
        <time>2010-01-01T01:16:58Z</time>
      </trkpt>
      <trkpt lat="48.25061302" lon="-1.49783888">
        <ele>79.400001</ele>
        <time>2010-01-01T01:16:59Z</time>
      </trkpt>
      <trkpt lat="48.25059877" lon="-1.49780209">
        <ele>78.800003</ele>
        <time>2010-01-01T01:17:00Z</time>
      </trkpt>
      <trkpt lat="48.25058117" lon="-1.49776294">
        <ele>78.400001</ele>
        <time>2010-01-01T01:17:02Z</time>
      </trkpt>
      <trkpt lat="48.25056851" lon="-1.49772321">
        <ele>78.000000</ele>
        <time>2010-01-01T01:17:03Z</time>
      </trkpt>
      <trkpt lat="48.25055527" lon="-1.49768793">
        <ele>78.000000</ele>
        <time>2010-01-01T01:17:04Z</time>
      </trkpt>
      <trkpt lat="48.25044069" lon="-1.49745013">
        <ele>78.000000</ele>
        <time>2010-01-01T01:17:12Z</time>
      </trkpt>
      <trkpt lat="48.25029954" lon="-1.49720697">
        <ele>78.000000</ele>
        <time>2010-01-01T01:17:20Z</time>
      </trkpt>
      <trkpt lat="48.25029694" lon="-1.49721728">
        <ele>78.000000</ele>
        <time>2010-01-01T01:17:21Z</time>
      </trkpt>
      <trkpt lat="48.25025863" lon="-1.49724226">
        <ele>78.000000</ele>
        <time>2010-01-01T01:17:22Z</time>
      </trkpt>
      <trkpt lat="48.25023357" lon="-1.49725181">
        <ele>78.000000</ele>
        <time>2010-01-01T01:17:23Z</time>
      </trkpt>
      <trkpt lat="48.25008044" lon="-1.49734804">
        <ele>78.000000</ele>
        <time>2010-01-01T01:17:30Z</time>
      </trkpt>
      <trkpt lat="48.24990819" lon="-1.49744980">
        <ele>78.000000</ele>
        <time>2010-01-01T01:17:37Z</time>
      </trkpt>
      <trkpt lat="48.24974658" lon="-1.49747502">
        <ele>78.000000</ele>
        <time>2010-01-01T01:17:44Z</time>
      </trkpt>
      <trkpt lat="48.24957551" lon="-1.49759497">
        <ele>78.400001</ele>
        <time>2010-01-01T01:17:51Z</time>
      </trkpt>
      <trkpt lat="48.24955497" lon="-1.49761106">
        <ele>79.000000</ele>
        <time>2010-01-01T01:17:52Z</time>
      </trkpt>
      <trkpt lat="48.24953704" lon="-1.49762900">
        <ele>79.800003</ele>
        <time>2010-01-01T01:17:53Z</time>
      </trkpt>
      <trkpt lat="48.24949496" lon="-1.49766052">
        <ele>80.199996</ele>
        <time>2010-01-01T01:17:55Z</time>
      </trkpt>
      <trkpt lat="48.24935414" lon="-1.49777694">
        <ele>80.199996</ele>
        <time>2010-01-01T01:18:02Z</time>
      </trkpt>
      <trkpt lat="48.24918298" lon="-1.49791147">
        <ele>80.199996</ele>
        <time>2010-01-01T01:18:09Z</time>
      </trkpt>
      <trkpt lat="48.24906782" lon="-1.49800417">
        <ele>80.599998</ele>
        <time>2010-01-01T01:18:14Z</time>
      </trkpt>
      <trkpt lat="48.24903110" lon="-1.49803309">
        <ele>81.000000</ele>
        <time>2010-01-01T01:18:16Z</time>
      </trkpt>
      <trkpt lat="48.24901510" lon="-1.49804885">
        <ele>81.400001</ele>
        <time>2010-01-01T01:18:17Z</time>
      </trkpt>
      <trkpt lat="48.24899724" lon="-1.49806637">
        <ele>81.800003</ele>
        <time>2010-01-01T01:18:18Z</time>
      </trkpt>
      <trkpt lat="48.24898031" lon="-1.49807902">
        <ele>82.400001</ele>
        <time>2010-01-01T01:18:19Z</time>
      </trkpt>
      <trkpt lat="48.24895768" lon="-1.49809277">
        <ele>82.400001</ele>
        <time>2010-01-01T01:18:19Z</time>
      </trkpt>
      <trkpt lat="48.24884184" lon="-1.49819218">
        <ele>82.400001</ele>
        <time>2010-01-01T01:18:25Z</time>
      </trkpt>
      <trkpt lat="48.24868652" lon="-1.49832294">
        <ele>82.400001</ele>
        <time>2010-01-01T01:18:32Z</time>
      </trkpt>
      <trkpt lat="48.24853372" lon="-1.49844179">
        <ele>82.400001</ele>
        <time>2010-01-01T01:18:39Z</time>
      </trkpt>
      <trkpt lat="48.24838385" lon="-1.49858571">
        <ele>82.400001</ele>
        <time>2010-01-01T01:18:46Z</time>
      </trkpt>
      <trkpt lat="48.24829509" lon="-1.49866408">
        <ele>82.400001</ele>
        <time>2010-01-01T01:18:50Z</time>
      </trkpt>
      <trkpt lat="48.24829702" lon="-1.49866517">
        <ele>82.400001</ele>
        <time>2010-01-01T01:18:50Z</time>
      </trkpt>
      <trkpt lat="48.24812670" lon="-1.49881504">
        <ele>84.599998</ele>
        <time>2010-01-01T01:18:58Z</time>
      </trkpt>
      <trkpt lat="48.24808454" lon="-1.49883591">
        <ele>84.599998</ele>
        <time>2010-01-01T01:19:00Z</time>
      </trkpt>
      <trkpt lat="48.24798647" lon="-1.49892652">
        <ele>84.599998</ele>
        <time>2010-01-01T01:19:04Z</time>
      </trkpt>
      <trkpt lat="48.24780869" lon="-1.49909759">
        <ele>84.599998</ele>
        <time>2010-01-01T01:19:13Z</time>
      </trkpt>
      <trkpt lat="48.24770492" lon="-1.49918829">
        <ele>84.599998</ele>
        <time>2010-01-01T01:19:18Z</time>
      </trkpt>
      <trkpt lat="48.24759336" lon="-1.49927026">
        <ele>85.000000</ele>
        <time>2010-01-01T01:19:23Z</time>
      </trkpt>
      <trkpt lat="48.24757399" lon="-1.49928334">
        <ele>85.400001</ele>
        <time>2010-01-01T01:19:24Z</time>
      </trkpt>
      <trkpt lat="48.24755790" lon="-1.49929339">
        <ele>85.800003</ele>
        <time>2010-01-01T01:19:24Z</time>
      </trkpt>
      <trkpt lat="48.24753720" lon="-1.49929583">
        <ele>86.199996</ele>
        <time>2010-01-01T01:19:25Z</time>
      </trkpt>
      <trkpt lat="48.24752027" lon="-1.49929767">
        <ele>86.599998</ele>
        <time>2010-01-01T01:19:26Z</time>
      </trkpt>
      <trkpt lat="48.24740828" lon="-1.49929624">
        <ele>86.599998</ele>
        <time>2010-01-01T01:19:30Z</time>
      </trkpt>
      <trkpt lat="48.24727610" lon="-1.49932038">
        <ele>86.599998</ele>
        <time>2010-01-01T01:19:36Z</time>
      </trkpt>
      <trkpt lat="48.24713252" lon="-1.49933908">
        <ele>86.599998</ele>
        <time>2010-01-01T01:19:41Z</time>
      </trkpt>
      <trkpt lat="48.24699246" lon="-1.49936707">
        <ele>86.599998</ele>
        <time>2010-01-01T01:19:47Z</time>
      </trkpt>
      <trkpt lat="48.24697075" lon="-1.49935257">
        <ele>86.599998</ele>
        <time>2010-01-01T01:19:48Z</time>
      </trkpt>
      <trkpt lat="48.24686782" lon="-1.49918284">
        <ele>88.599998</ele>
        <time>2010-01-01T01:19:54Z</time>
      </trkpt>
      <trkpt lat="48.24686463" lon="-1.49916230">
        <ele>88.599998</ele>
        <time>2010-01-01T01:19:55Z</time>
      </trkpt>
      <trkpt lat="48.24686095" lon="-1.49898435">
        <ele>88.599998</ele>
        <time>2010-01-01T01:19:59Z</time>
      </trkpt>
      <trkpt lat="48.24675575" lon="-1.49890188">
        <ele>88.599998</ele>
        <time>2010-01-01T01:20:04Z</time>
      </trkpt>
      <trkpt lat="48.24665492" lon="-1.49892417">
        <ele>88.599998</ele>
        <time>2010-01-01T01:20:08Z</time>
      </trkpt>
      <trkpt lat="48.24663665" lon="-1.49892317">
        <ele>88.599998</ele>
        <time>2010-01-01T01:20:09Z</time>
      </trkpt>
      <trkpt lat="48.24652324" lon="-1.49893004">
        <ele>89.199996</ele>
        <time>2010-01-01T01:20:13Z</time>
      </trkpt>
      <trkpt lat="48.24650430" lon="-1.49893725">
        <ele>89.599998</ele>
        <time>2010-01-01T01:20:14Z</time>
      </trkpt>
      <trkpt lat="48.24648317" lon="-1.49894060">
        <ele>90.000000</ele>
        <time>2010-01-01T01:20:15Z</time>
      </trkpt>
      <trkpt lat="48.24646088" lon="-1.49894613">
        <ele>90.599998</ele>
        <time>2010-01-01T01:20:16Z</time>
      </trkpt>
      <trkpt lat="48.24644085" lon="-1.49895066">
        <ele>91.000000</ele>
        <time>2010-01-01T01:20:17Z</time>
      </trkpt>
      <trkpt lat="48.24626809" lon="-1.49895552">
        <ele>91.000000</ele>
        <time>2010-01-01T01:20:24Z</time>
      </trkpt>
      <trkpt lat="48.24602435" lon="-1.49900221">
        <ele>91.000000</ele>
        <time>2010-01-01T01:20:34Z</time>
      </trkpt>
      <trkpt lat="48.24592377" lon="-1.49901989">
        <ele>91.400001</ele>
        <time>2010-01-01T01:20:38Z</time>
      </trkpt>
      <trkpt lat="48.24590172" lon="-1.49902677">
        <ele>92.000000</ele>
        <time>2010-01-01T01:20:39Z</time>
      </trkpt>
      <trkpt lat="48.24587917" lon="-1.49903096">
        <ele>92.400001</ele>
        <time>2010-01-01T01:20:39Z</time>
      </trkpt>
      <trkpt lat="48.24585805" lon="-1.49903196">
        <ele>92.800003</ele>
        <time>2010-01-01T01:20:40Z</time>
      </trkpt>
      <trkpt lat="48.24583701" lon="-1.49903196">
        <ele>93.199996</ele>
        <time>2010-01-01T01:20:41Z</time>
      </trkpt>
      <trkpt lat="48.24578463" lon="-1.49903842">
        <ele>93.199996</ele>
        <time>2010-01-01T01:20:43Z</time>
      </trkpt>
      <trkpt lat="48.24562277" lon="-1.49905384">
        <ele>93.199996</ele>
        <time>2010-01-01T01:20:50Z</time>
      </trkpt>
      <trkpt lat="48.24542068" lon="-1.49910371">
        <ele>93.199996</ele>
        <time>2010-01-01T01:20:58Z</time>
      </trkpt>
      <trkpt lat="48.24529336" lon="-1.49912148">
        <ele>93.199996</ele>
        <time>2010-01-01T01:21:03Z</time>
      </trkpt>
      <trkpt lat="48.24527157" lon="-1.49912467">
        <ele>93.599998</ele>
        <time>2010-01-01T01:21:04Z</time>
      </trkpt>
      <trkpt lat="48.24525229" lon="-1.49913037">
        <ele>94.199996</ele>
        <time>2010-01-01T01:21:05Z</time>
      </trkpt>
      <trkpt lat="48.24523259" lon="-1.49913682">
        <ele>94.599998</ele>
        <time>2010-01-01T01:21:06Z</time>
      </trkpt>
      <trkpt lat="48.24522069" lon="-1.49914227">
        <ele>95.000000</ele>
        <time>2010-01-01T01:21:06Z</time>
      </trkpt>
      <trkpt lat="48.24520217" lon="-1.49914780">
        <ele>95.400001</ele>
        <time>2010-01-01T01:21:07Z</time>
      </trkpt>
      <trkpt lat="48.24511231" lon="-1.49916339">
        <ele>95.400001</ele>
        <time>2010-01-01T01:21:10Z</time>
      </trkpt>
      <trkpt lat="48.24483320" lon="-1.49921435">
        <ele>95.400001</ele>
        <time>2010-01-01T01:21:22Z</time>
      </trkpt>
      <trkpt lat="48.24460873" lon="-1.49926884">
        <ele>95.400001</ele>
        <time>2010-01-01T01:21:31Z</time>
      </trkpt>
      <trkpt lat="48.24454553" lon="-1.49920664">
        <ele>95.400001</ele>
        <time>2010-01-01T01:21:34Z</time>
      </trkpt>
      <trkpt lat="48.24448560" lon="-1.49898989">
        <ele>95.400001</ele>
        <time>2010-01-01T01:21:40Z</time>
      </trkpt>
      <trkpt lat="48.24448417" lon="-1.49888092">
        <ele>95.400001</ele>
        <time>2010-01-01T01:21:43Z</time>
      </trkpt>
      <trkpt lat="48.24446984" lon="-1.49879283">
        <ele>95.400001</ele>
        <time>2010-01-01T01:21:45Z</time>
      </trkpt>
      <trkpt lat="48.24436750" lon="-1.49865075">
        <ele>95.400001</ele>
        <time>2010-01-01T01:21:51Z</time>
      </trkpt>
      <trkpt lat="48.24429893" lon="-1.49871278">
        <ele>95.400001</ele>
        <time>2010-01-01T01:21:54Z</time>
      </trkpt>
      <trkpt lat="48.24427345" lon="-1.49872359">
        <ele>95.400001</ele>
        <time>2010-01-01T01:21:55Z</time>
      </trkpt>
      <trkpt lat="48.24409626" lon="-1.49879568">
        <ele>95.400001</ele>
        <time>2010-01-01T01:22:03Z</time>
      </trkpt>
      <trkpt lat="48.24395461" lon="-1.49879878">
        <ele>95.800003</ele>
        <time>2010-01-01T01:22:08Z</time>
      </trkpt>
      <trkpt lat="48.24392116" lon="-1.49880037">
        <ele>96.199996</ele>
        <time>2010-01-01T01:22:10Z</time>
      </trkpt>
      <trkpt lat="48.24389593" lon="-1.49879752">
        <ele>96.599998</ele>
        <time>2010-01-01T01:22:11Z</time>
      </trkpt>
      <trkpt lat="48.24386953" lon="-1.49879291">
        <ele>97.000000</ele>
        <time>2010-01-01T01:22:12Z</time>
      </trkpt>
      <trkpt lat="48.24384807" lon="-1.49879232">
        <ele>97.599998</ele>
        <time>2010-01-01T01:22:12Z</time>
      </trkpt>
      <trkpt lat="48.24368077" lon="-1.49879526">
        <ele>97.599998</ele>
        <time>2010-01-01T01:22:19Z</time>
      </trkpt>
      <trkpt lat="48.24344691" lon="-1.49889458">
        <ele>97.599998</ele>
        <time>2010-01-01T01:22:29Z</time>
      </trkpt>
      <trkpt lat="48.24339671" lon="-1.49892149">
        <ele>98.000000</ele>
        <time>2010-01-01T01:22:31Z</time>
      </trkpt>
      <trkpt lat="48.24337081" lon="-1.49893616">
        <ele>98.400001</ele>
        <time>2010-01-01T01:22:32Z</time>
      </trkpt>
      <trkpt lat="48.24335396" lon="-1.49895234">
        <ele>98.800003</ele>
        <time>2010-01-01T01:22:33Z</time>
      </trkpt>
      <trkpt lat="48.24333108" lon="-1.49896323">
        <ele>99.400001</ele>
        <time>2010-01-01T01:22:34Z</time>
      </trkpt>
      <trkpt lat="48.24331046" lon="-1.49897748">
        <ele>99.800003</ele>
        <time>2010-01-01T01:22:35Z</time>
      </trkpt>
      <trkpt lat="48.24329361" lon="-1.49899818">
        <ele>99.800003</ele>
        <time>2010-01-01T01:22:36Z</time>
      </trkpt>
      <trkpt lat="48.24312153" lon="-1.49914068">
        <ele>99.800003</ele>
        <time>2010-01-01T01:22:44Z</time>
      </trkpt>
      <trkpt lat="48.24291902" lon="-1.49931552">
        <ele>99.800003</ele>
        <time>2010-01-01T01:22:53Z</time>
      </trkpt>
      <trkpt lat="48.24286261" lon="-1.49938040">
        <ele>100.19999</ele>
        <time>2010-01-01T01:22:56Z</time>
      </trkpt>
      <trkpt lat="48.24284082" lon="-1.49939959">
        <ele>100.59999</ele>
        <time>2010-01-01T01:22:57Z</time>
      </trkpt>
      <trkpt lat="48.24281048" lon="-1.49941493">
        <ele>101.00000</ele>
        <time>2010-01-01T01:22:58Z</time>
      </trkpt>
      <trkpt lat="48.24277938" lon="-1.49942658">
        <ele>101.40000</ele>
        <time>2010-01-01T01:22:59Z</time>
      </trkpt>
      <trkpt lat="48.24275909" lon="-1.49944259">
        <ele>101.80000</ele>
        <time>2010-01-01T01:23:00Z</time>
      </trkpt>
      <trkpt lat="48.24267829" lon="-1.49951267">
        <ele>101.80000</ele>
        <time>2010-01-01T01:23:04Z</time>
      </trkpt>
      <trkpt lat="48.24255826" lon="-1.49961987">
        <ele>102.40000</ele>
        <time>2010-01-01T01:23:10Z</time>
      </trkpt>
      <trkpt lat="48.24254301" lon="-1.49963814">
        <ele>102.80000</ele>
        <time>2010-01-01T01:23:10Z</time>
      </trkpt>
      <trkpt lat="48.24252935" lon="-1.49965801">
        <ele>103.19999</ele>
        <time>2010-01-01T01:23:11Z</time>
      </trkpt>
      <trkpt lat="48.24251677" lon="-1.49967586">
        <ele>103.59999</ele>
        <time>2010-01-01T01:23:12Z</time>
      </trkpt>
      <trkpt lat="48.24250780" lon="-1.49969145">
        <ele>104.00000</ele>
        <time>2010-01-01T01:23:12Z</time>
      </trkpt>
      <trkpt lat="48.24243413" lon="-1.49978776">
        <ele>104.00000</ele>
        <time>2010-01-01T01:23:16Z</time>
      </trkpt>
      <trkpt lat="48.24236598" lon="-1.49987502">
        <ele>104.40000</ele>
        <time>2010-01-01T01:23:20Z</time>
      </trkpt>
      <trkpt lat="48.24234738" lon="-1.49989237">
        <ele>104.80000</ele>
        <time>2010-01-01T01:23:21Z</time>
      </trkpt>
      <trkpt lat="48.24232709" lon="-1.49990871">
        <ele>105.19999</ele>
        <time>2010-01-01T01:23:22Z</time>
      </trkpt>
      <trkpt lat="48.24231066" lon="-1.49992640">
        <ele>105.59999</ele>
        <time>2010-01-01T01:23:22Z</time>
      </trkpt>
      <trkpt lat="48.24229532" lon="-1.49994383">
        <ele>106.19999</ele>
        <time>2010-01-01T01:23:23Z</time>
      </trkpt>
      <trkpt lat="48.24222290" lon="-1.50003880">
        <ele>106.19999</ele>
        <time>2010-01-01T01:23:27Z</time>
      </trkpt>
      <trkpt lat="48.24216448" lon="-1.50007987">
        <ele>106.59999</ele>
        <time>2010-01-01T01:23:30Z</time>
      </trkpt>
      <trkpt lat="48.24216012" lon="-1.50008280">
        <ele>107.00000</ele>
        <time>2010-01-01T01:23:30Z</time>
      </trkpt>
      <trkpt lat="48.24215761" lon="-1.50008808">
        <ele>107.40000</ele>
        <time>2010-01-01T01:23:30Z</time>
      </trkpt>
      <trkpt lat="48.24214822" lon="-1.50009755">
        <ele>107.80000</ele>
        <time>2010-01-01T01:23:30Z</time>
      </trkpt>
      <trkpt lat="48.24213573" lon="-1.50010895">
        <ele>108.19999</ele>
        <time>2010-01-01T01:23:31Z</time>
      </trkpt>
      <trkpt lat="48.24205610" lon="-1.50016369">
        <ele>108.19999</ele>
        <time>2010-01-01T01:23:35Z</time>
      </trkpt>
      <trkpt lat="48.24197396" lon="-1.50022949">
        <ele>108.59999</ele>
        <time>2010-01-01T01:23:38Z</time>
      </trkpt>
      <trkpt lat="48.24194437" lon="-1.50024935">
        <ele>109.00000</ele>
        <time>2010-01-01T01:23:40Z</time>
      </trkpt>
      <trkpt lat="48.24191646" lon="-1.50025899">
        <ele>109.40000</ele>
        <time>2010-01-01T01:23:41Z</time>
      </trkpt>
      <trkpt lat="48.24189190" lon="-1.50026343">
        <ele>109.80000</ele>
        <time>2010-01-01T01:23:42Z</time>
      </trkpt>
      <trkpt lat="48.24185670" lon="-1.50027408">
        <ele>110.19999</ele>
        <time>2010-01-01T01:23:43Z</time>
      </trkpt>
      <trkpt lat="48.24176114" lon="-1.50030777">
        <ele>110.19999</ele>
        <time>2010-01-01T01:23:47Z</time>
      </trkpt>
      <trkpt lat="48.24171069" lon="-1.50031724">
        <ele>110.19999</ele>
        <time>2010-01-01T01:23:49Z</time>
      </trkpt>
      <trkpt lat="48.24167624" lon="-1.50032152">
        <ele>110.80000</ele>
        <time>2010-01-01T01:23:51Z</time>
      </trkpt>
      <trkpt lat="48.24164849" lon="-1.50033443">
        <ele>111.19999</ele>
        <time>2010-01-01T01:23:52Z</time>
      </trkpt>
      <trkpt lat="48.24163282" lon="-1.50035278">
        <ele>111.59999</ele>
        <time>2010-01-01T01:23:52Z</time>
      </trkpt>
      <trkpt lat="48.24161077" lon="-1.50036661">
        <ele>112.00000</ele>
        <time>2010-01-01T01:23:53Z</time>
      </trkpt>
      <trkpt lat="48.24158554" lon="-1.50037575">
        <ele>112.40000</ele>
        <time>2010-01-01T01:23:54Z</time>
      </trkpt>
      <trkpt lat="48.24146795" lon="-1.50044146">
        <ele>112.40000</ele>
        <time>2010-01-01T01:24:00Z</time>
      </trkpt>
      <trkpt lat="48.24140165" lon="-1.50047558">
        <ele>112.40000</ele>
        <time>2010-01-01T01:24:02Z</time>
      </trkpt>
      <trkpt lat="48.24135244" lon="-1.50055688">
        <ele>116.40000</ele>
        <time>2010-01-01T01:24:05Z</time>
      </trkpt>
      <trkpt lat="48.24130919" lon="-1.50060265">
        <ele>116.40000</ele>
        <time>2010-01-01T01:24:07Z</time>
      </trkpt>
      <trkpt lat="48.24129377" lon="-1.50061304">
        <ele>116.80000</ele>
        <time>2010-01-01T01:24:08Z</time>
      </trkpt>
      <trkpt lat="48.24128086" lon="-1.50062453">
        <ele>117.19999</ele>
        <time>2010-01-01T01:24:09Z</time>
      </trkpt>
      <trkpt lat="48.24126594" lon="-1.50063618">
        <ele>117.80000</ele>
        <time>2010-01-01T01:24:09Z</time>
      </trkpt>
      <trkpt lat="48.24124842" lon="-1.50065034">
        <ele>118.19999</ele>
        <time>2010-01-01T01:24:10Z</time>
      </trkpt>
      <trkpt lat="48.24123283" lon="-1.50066518">
        <ele>118.59999</ele>
        <time>2010-01-01T01:24:11Z</time>
      </trkpt>
      <trkpt lat="48.24119972" lon="-1.50068446">
        <ele>118.59999</ele>
        <time>2010-01-01T01:24:12Z</time>
      </trkpt>
      <trkpt lat="48.24118472" lon="-1.50069477">
        <ele>118.59999</ele>
        <time>2010-01-01T01:24:13Z</time>
      </trkpt>
      <trkpt lat="48.24104600" lon="-1.50078764">
        <ele>118.59999</ele>
        <time>2010-01-01T01:24:19Z</time>
      </trkpt>
      <trkpt lat="48.24097828" lon="-1.50082745">
        <ele>119.00000</ele>
        <time>2010-01-01T01:24:22Z</time>
      </trkpt>
      <trkpt lat="48.24096218" lon="-1.50083860">
        <ele>119.40000</ele>
        <time>2010-01-01T01:24:23Z</time>
      </trkpt>
      <trkpt lat="48.24094626" lon="-1.50084958">
        <ele>119.80000</ele>
        <time>2010-01-01T01:24:23Z</time>
      </trkpt>
      <trkpt lat="48.24090661" lon="-1.50086777">
        <ele>120.19999</ele>
        <time>2010-01-01T01:24:25Z</time>
      </trkpt>
      <trkpt lat="48.24088783" lon="-1.50087682">
        <ele>120.59999</ele>
        <time>2010-01-01T01:24:26Z</time>
      </trkpt>
      <trkpt lat="48.24071735" lon="-1.50098117">
        <ele>120.59999</ele>
        <time>2010-01-01T01:24:33Z</time>
      </trkpt>
      <trkpt lat="48.24062020" lon="-1.50105066">
        <ele>120.59999</ele>
        <time>2010-01-01T01:24:37Z</time>
      </trkpt>
      <trkpt lat="48.24056739" lon="-1.50109492">
        <ele>121.00000</ele>
        <time>2010-01-01T01:24:40Z</time>
      </trkpt>
      <trkpt lat="48.24054870" lon="-1.50110732">
        <ele>121.40000</ele>
        <time>2010-01-01T01:24:41Z</time>
      </trkpt>
      <trkpt lat="48.24052540" lon="-1.50112048">
        <ele>121.80000</ele>
        <time>2010-01-01T01:24:42Z</time>
      </trkpt>
      <trkpt lat="48.24050562" lon="-1.50113331">
        <ele>122.40000</ele>
        <time>2010-01-01T01:24:43Z</time>
      </trkpt>
      <trkpt lat="48.24048408" lon="-1.50114513">
        <ele>122.80000</ele>
        <time>2010-01-01T01:24:43Z</time>
      </trkpt>
      <trkpt lat="48.24044938" lon="-1.50116750">
        <ele>122.80000</ele>
        <time>2010-01-01T01:24:45Z</time>
      </trkpt>
      <trkpt lat="48.24025332" lon="-1.50127312">
        <ele>122.80000</ele>
        <time>2010-01-01T01:24:53Z</time>
      </trkpt>
      <trkpt lat="48.24021904" lon="-1.50130237">
        <ele>123.19999</ele>
        <time>2010-01-01T01:24:55Z</time>
      </trkpt>
      <trkpt lat="48.24019893" lon="-1.50131176">
        <ele>123.59999</ele>
        <time>2010-01-01T01:24:56Z</time>
      </trkpt>
      <trkpt lat="48.24018233" lon="-1.50132173">
        <ele>124.00000</ele>
        <time>2010-01-01T01:24:56Z</time>
      </trkpt>
      <trkpt lat="48.24016942" lon="-1.50133238">
        <ele>124.59999</ele>
        <time>2010-01-01T01:24:57Z</time>
      </trkpt>
      <trkpt lat="48.24015433" lon="-1.50134721">
        <ele>125.00000</ele>
        <time>2010-01-01T01:24:58Z</time>
      </trkpt>
      <trkpt lat="48.24006339" lon="-1.50141175">
        <ele>125.00000</ele>
        <time>2010-01-01T01:25:02Z</time>
      </trkpt>
      <trkpt lat="48.23990799" lon="-1.50156405">
        <ele>125.00000</ele>
        <time>2010-01-01T01:25:09Z</time>
      </trkpt>
      <trkpt lat="48.23981227" lon="-1.50163128">
        <ele>125.00000</ele>
        <time>2010-01-01T01:25:13Z</time>
      </trkpt>
      <trkpt lat="48.23970020" lon="-1.50155123">
        <ele>125.00000</ele>
        <time>2010-01-01T01:25:18Z</time>
      </trkpt>
      <trkpt lat="48.23967464" lon="-1.50152474">
        <ele>125.00000</ele>
        <time>2010-01-01T01:25:20Z</time>
      </trkpt>
      <trkpt lat="48.23945193" lon="-1.50133850">
        <ele>125.00000</ele>
        <time>2010-01-01T01:25:30Z</time>
      </trkpt>
      <trkpt lat="48.23919075" lon="-1.50104999">
        <ele>125.00000</ele>
        <time>2010-01-01T01:25:43Z</time>
      </trkpt>
      <trkpt lat="48.23884223" lon="-1.50062059">
        <ele>125.00000</ele>
        <time>2010-01-01T01:26:01Z</time>
      </trkpt>
      <trkpt lat="48.23850587" lon="-1.50025094">
        <ele>125.00000</ele>
        <time>2010-01-01T01:26:18Z</time>
      </trkpt>
      <trkpt lat="48.23822239" lon="-1.49996311">
        <ele>125.00000</ele>
        <time>2010-01-01T01:26:31Z</time>
      </trkpt>
      <trkpt lat="48.23782886" lon="-1.49963429">
        <ele>125.00000</ele>
        <time>2010-01-01T01:26:49Z</time>
      </trkpt>
      <trkpt lat="48.23749476" lon="-1.49942373">
        <ele>124.59999</ele>
        <time>2010-01-01T01:27:04Z</time>
      </trkpt>
      <trkpt lat="48.23744128" lon="-1.49939130">
        <ele>124.19999</ele>
        <time>2010-01-01T01:27:06Z</time>
      </trkpt>
      <trkpt lat="48.23738747" lon="-1.49935827">
        <ele>123.59999</ele>
        <time>2010-01-01T01:27:08Z</time>
      </trkpt>
      <trkpt lat="48.23733676" lon="-1.49932960">
        <ele>123.19999</ele>
        <time>2010-01-01T01:27:11Z</time>
      </trkpt>
      <trkpt lat="48.23728638" lon="-1.49929859">
        <ele>122.80000</ele>
        <time>2010-01-01T01:27:13Z</time>
      </trkpt>
      <trkpt lat="48.23693711" lon="-1.49911168">
        <ele>122.80000</ele>
        <time>2010-01-01T01:27:28Z</time>
      </trkpt>
      <trkpt lat="48.23674893" lon="-1.49899424">
        <ele>122.80000</ele>
        <time>2010-01-01T01:27:36Z</time>
      </trkpt>
      <trkpt lat="48.23656948" lon="-1.49888277">
        <ele>122.80000</ele>
        <time>2010-01-01T01:27:44Z</time>
      </trkpt>
      <trkpt lat="48.23617662" lon="-1.49863801">
        <ele>122.80000</ele>
        <time>2010-01-01T01:28:01Z</time>
      </trkpt>
      <trkpt lat="48.23595651" lon="-1.49853391">
        <ele>122.80000</ele>
        <time>2010-01-01T01:28:10Z</time>
      </trkpt>
      <trkpt lat="48.23588476" lon="-1.49877422">
        <ele>122.40000</ele>
        <time>2010-01-01T01:28:17Z</time>
      </trkpt>
      <trkpt lat="48.23587177" lon="-1.49883977">
        <ele>122.00000</ele>
        <time>2010-01-01T01:28:19Z</time>
      </trkpt>
      <trkpt lat="48.23585718" lon="-1.49890230">
        <ele>121.59999</ele>
        <time>2010-01-01T01:28:20Z</time>
      </trkpt>
      <trkpt lat="48.23583799" lon="-1.49896952">
        <ele>121.19999</ele>
        <time>2010-01-01T01:28:22Z</time>
      </trkpt>
      <trkpt lat="48.23582064" lon="-1.49903465">
        <ele>120.80000</ele>
        <time>2010-01-01T01:28:24Z</time>
      </trkpt>
      <trkpt lat="48.23580128" lon="-1.49910287">
        <ele>120.80000</ele>
        <time>2010-01-01T01:28:26Z</time>
      </trkpt>
      <trkpt lat="48.23575090" lon="-1.49930991">
        <ele>120.80000</ele>
        <time>2010-01-01T01:28:32Z</time>
      </trkpt>
      <trkpt lat="48.23572559" lon="-1.49945609">
        <ele>120.80000</ele>
        <time>2010-01-01T01:28:36Z</time>
      </trkpt>
      <trkpt lat="48.23571989" lon="-1.49951887">
        <ele>120.80000</ele>
        <time>2010-01-01T01:28:38Z</time>
      </trkpt>
      <trkpt lat="48.23569131" lon="-1.49965298">
        <ele>120.80000</ele>
        <time>2010-01-01T01:28:42Z</time>
      </trkpt>
      <trkpt lat="48.23563590" lon="-1.49988080">
        <ele>120.40000</ele>
        <time>2010-01-01T01:28:48Z</time>
      </trkpt>
      <trkpt lat="48.23561335" lon="-1.49993436">
        <ele>119.80000</ele>
        <time>2010-01-01T01:28:50Z</time>
      </trkpt>
      <trkpt lat="48.23559232" lon="-1.49998918">
        <ele>119.40000</ele>
        <time>2010-01-01T01:28:51Z</time>
      </trkpt>
      <trkpt lat="48.23557044" lon="-1.50004542">
        <ele>119.00000</ele>
        <time>2010-01-01T01:28:53Z</time>
      </trkpt>
      <trkpt lat="48.23554730" lon="-1.50010284">
        <ele>118.59999</ele>
        <time>2010-01-01T01:28:55Z</time>
      </trkpt>
      <trkpt lat="48.23547111" lon="-1.50028673">
        <ele>118.59999</ele>
        <time>2010-01-01T01:29:01Z</time>
      </trkpt>
      <trkpt lat="48.23542275" lon="-1.50040148">
        <ele>118.00000</ele>
        <time>2010-01-01T01:29:04Z</time>
      </trkpt>
      <trkpt lat="48.23537464" lon="-1.50047541">
        <ele>117.59999</ele>
        <time>2010-01-01T01:29:07Z</time>
      </trkpt>
      <trkpt lat="48.23534656" lon="-1.50053073">
        <ele>117.00000</ele>
        <time>2010-01-01T01:29:09Z</time>
      </trkpt>
      <trkpt lat="48.23533072" lon="-1.50058320">
        <ele>116.40000</ele>
        <time>2010-01-01T01:29:11Z</time>
      </trkpt>
      <trkpt lat="48.23531781" lon="-1.50062704">
        <ele>115.80000</ele>
        <time>2010-01-01T01:29:12Z</time>
      </trkpt>
      <trkpt lat="48.23530624" lon="-1.50068043">
        <ele>115.40000</ele>
        <time>2010-01-01T01:29:13Z</time>
      </trkpt>
      <trkpt lat="48.23529778" lon="-1.50070809">
        <ele>115.00000</ele>
        <time>2010-01-01T01:29:14Z</time>
      </trkpt>
      <trkpt lat="48.23528235" lon="-1.50073994">
        <ele>114.59999</ele>
        <time>2010-01-01T01:29:15Z</time>
      </trkpt>
      <trkpt lat="48.23525888" lon="-1.50077087">
        <ele>114.19999</ele>
        <time>2010-01-01T01:29:16Z</time>
      </trkpt>
      <trkpt lat="48.23524128" lon="-1.50080381">
        <ele>113.80000</ele>
        <time>2010-01-01T01:29:18Z</time>
      </trkpt>
      <trkpt lat="48.23518739" lon="-1.50094471">
        <ele>113.80000</ele>
        <time>2010-01-01T01:29:22Z</time>
      </trkpt>
      <trkpt lat="48.23510432" lon="-1.50121092">
        <ele>113.80000</ele>
        <time>2010-01-01T01:29:30Z</time>
      </trkpt>
      <trkpt lat="48.23497532" lon="-1.50159574">
        <ele>113.80000</ele>
        <time>2010-01-01T01:29:41Z</time>
      </trkpt>
      <trkpt lat="48.23492746" lon="-1.50171912">
        <ele>114.19999</ele>
        <time>2010-01-01T01:29:45Z</time>
      </trkpt>
      <trkpt lat="48.23491598" lon="-1.50175734">
        <ele>114.59999</ele>
        <time>2010-01-01T01:29:46Z</time>
      </trkpt>
      <trkpt lat="48.23490383" lon="-1.50179447">
        <ele>115.19999</ele>
        <time>2010-01-01T01:29:47Z</time>
      </trkpt>
      <trkpt lat="48.23489159" lon="-1.50183387">
        <ele>115.59999</ele>
        <time>2010-01-01T01:29:48Z</time>
      </trkpt>
      <trkpt lat="48.23487491" lon="-1.50186865">
        <ele>116.00000</ele>
        <time>2010-01-01T01:29:50Z</time>
      </trkpt>
      <trkpt lat="48.23481741" lon="-1.50201567">
        <ele>116.00000</ele>
        <time>2010-01-01T01:29:54Z</time>
      </trkpt>
      <trkpt lat="48.23476485" lon="-1.50213025">
        <ele>116.40000</ele>
        <time>2010-01-01T01:29:58Z</time>
      </trkpt>
      <trkpt lat="48.23475337" lon="-1.50216520">
        <ele>116.80000</ele>
        <time>2010-01-01T01:29:59Z</time>
      </trkpt>
      <trkpt lat="48.23474340" lon="-1.50220200">
        <ele>117.19999</ele>
        <time>2010-01-01T01:30:00Z</time>
      </trkpt>
      <trkpt lat="48.23473191" lon="-1.50223636">
        <ele>117.59999</ele>
        <time>2010-01-01T01:30:01Z</time>
      </trkpt>
      <trkpt lat="48.23471305" lon="-1.50227936">
        <ele>118.00000</ele>
        <time>2010-01-01T01:30:02Z</time>
      </trkpt>
      <trkpt lat="48.23466570" lon="-1.50250475">
        <ele>118.40000</ele>
        <time>2010-01-01T01:30:09Z</time>
      </trkpt>
      <trkpt lat="48.23466201" lon="-1.50255328">
        <ele>118.80000</ele>
        <time>2010-01-01T01:30:10Z</time>
      </trkpt>
      <trkpt lat="48.23465488" lon="-1.50260056">
        <ele>119.40000</ele>
        <time>2010-01-01T01:30:11Z</time>
      </trkpt>
      <trkpt lat="48.23464910" lon="-1.50264733">
        <ele>119.80000</ele>
        <time>2010-01-01T01:30:12Z</time>
      </trkpt>
      <trkpt lat="48.23461867" lon="-1.50271262">
        <ele>120.19999</ele>
        <time>2010-01-01T01:30:15Z</time>
      </trkpt>
      <trkpt lat="48.23459420" lon="-1.50311169">
        <ele>120.19999</ele>
        <time>2010-01-01T01:30:25Z</time>
      </trkpt>
      <trkpt lat="48.23459571" lon="-1.50327270">
        <ele>120.59999</ele>
        <time>2010-01-01T01:30:30Z</time>
      </trkpt>
      <trkpt lat="48.23459764" lon="-1.50331361">
        <ele>121.00000</ele>
        <time>2010-01-01T01:30:31Z</time>
      </trkpt>
      <trkpt lat="48.23459403" lon="-1.50335434">
        <ele>121.40000</ele>
        <time>2010-01-01T01:30:32Z</time>
      </trkpt>
      <trkpt lat="48.23459261" lon="-1.50339223">
        <ele>121.80000</ele>
        <time>2010-01-01T01:30:33Z</time>
      </trkpt>
      <trkpt lat="48.23459386" lon="-1.50342953">
        <ele>122.19999</ele>
        <time>2010-01-01T01:30:34Z</time>
      </trkpt>
      <trkpt lat="48.23459118" lon="-1.50378777">
        <ele>122.19999</ele>
        <time>2010-01-01T01:30:43Z</time>
      </trkpt>
      <trkpt lat="48.23458280" lon="-1.50399799">
        <ele>122.19999</ele>
        <time>2010-01-01T01:30:49Z</time>
      </trkpt>
      <trkpt lat="48.23459805" lon="-1.50406504">
        <ele>122.19999</ele>
        <time>2010-01-01T01:30:51Z</time>
      </trkpt>
      <trkpt lat="48.23459185" lon="-1.50410100">
        <ele>124.40000</ele>
        <time>2010-01-01T01:30:52Z</time>
      </trkpt>
      <trkpt lat="48.23460476" lon="-1.50429680">
        <ele>124.40000</ele>
        <time>2010-01-01T01:30:57Z</time>
      </trkpt>
      <trkpt lat="48.23462739" lon="-1.50461129">
        <ele>124.40000</ele>
        <time>2010-01-01T01:31:05Z</time>
      </trkpt>
      <trkpt lat="48.23465572" lon="-1.50488287">
        <ele>124.40000</ele>
        <time>2010-01-01T01:31:13Z</time>
      </trkpt>
      <trkpt lat="48.23465991" lon="-1.50501614">
        <ele>124.40000</ele>
        <time>2010-01-01T01:31:16Z</time>
      </trkpt>
      <trkpt lat="48.23467810" lon="-1.50524932">
        <ele>124.40000</ele>
        <time>2010-01-01T01:31:23Z</time>
      </trkpt>
      <trkpt lat="48.23467659" lon="-1.50553406">
        <ele>124.40000</ele>
        <time>2010-01-01T01:31:30Z</time>
      </trkpt>
      <trkpt lat="48.23467961" lon="-1.50590697">
        <ele>124.40000</ele>
        <time>2010-01-01T01:31:40Z</time>
      </trkpt>
      <trkpt lat="48.23468808" lon="-1.50626043">
        <ele>124.40000</ele>
        <time>2010-01-01T01:31:50Z</time>
      </trkpt>
      <trkpt lat="48.23469210" lon="-1.50673150">
        <ele>124.40000</ele>
        <time>2010-01-01T01:32:02Z</time>
      </trkpt>
      <trkpt lat="48.23468682" lon="-1.50695370">
        <ele>124.40000</ele>
        <time>2010-01-01T01:32:08Z</time>
      </trkpt>
      <trkpt lat="48.23468338" lon="-1.50731923">
        <ele>124.40000</ele>
        <time>2010-01-01T01:32:18Z</time>
      </trkpt>
      <trkpt lat="48.23469118" lon="-1.50767379">
        <ele>124.40000</ele>
        <time>2010-01-01T01:32:27Z</time>
      </trkpt>
      <trkpt lat="48.23471096" lon="-1.50788418">
        <ele>124.40000</ele>
        <time>2010-01-01T01:32:33Z</time>
      </trkpt>
      <trkpt lat="48.23476066" lon="-1.50830201">
        <ele>124.40000</ele>
        <time>2010-01-01T01:32:44Z</time>
      </trkpt>
      <trkpt lat="48.23476762" lon="-1.50837091">
        <ele>124.40000</ele>
        <time>2010-01-01T01:32:46Z</time>
      </trkpt>
      <trkpt lat="48.23481280" lon="-1.50881423">
        <ele>124.40000</ele>
        <time>2010-01-01T01:32:58Z</time>
      </trkpt>
      <trkpt lat="48.23485462" lon="-1.50928856">
        <ele>124.40000</ele>
        <time>2010-01-01T01:33:11Z</time>
      </trkpt>
      <trkpt lat="48.23490005" lon="-1.50979408">
        <ele>124.40000</ele>
        <time>2010-01-01T01:33:24Z</time>
      </trkpt>
      <trkpt lat="48.23494892" lon="-1.51026455">
        <ele>124.40000</ele>
        <time>2010-01-01T01:33:37Z</time>
      </trkpt>
      <trkpt lat="48.23492595" lon="-1.51047871">
        <ele>124.40000</ele>
        <time>2010-01-01T01:33:43Z</time>
      </trkpt>
      <trkpt lat="48.23489704" lon="-1.51056597">
        <ele>124.40000</ele>
        <time>2010-01-01T01:33:45Z</time>
      </trkpt>
      <trkpt lat="48.23486133" lon="-1.51068105">
        <ele>124.40000</ele>
        <time>2010-01-01T01:33:49Z</time>
      </trkpt>
      <trkpt lat="48.23472420" lon="-1.51066537">
        <ele>124.40000</ele>
        <time>2010-01-01T01:33:54Z</time>
      </trkpt>
      <trkpt lat="48.23451675" lon="-1.51057200">
        <ele>124.40000</ele>
        <time>2010-01-01T01:34:03Z</time>
      </trkpt>
      <trkpt lat="48.23426663" lon="-1.51043118">
        <ele>124.80000</ele>
        <time>2010-01-01T01:34:14Z</time>
      </trkpt>
      <trkpt lat="48.23422280" lon="-1.51040160">
        <ele>125.19999</ele>
        <time>2010-01-01T01:34:16Z</time>
      </trkpt>
      <trkpt lat="48.23418650" lon="-1.51037804">
        <ele>125.59999</ele>
        <time>2010-01-01T01:34:17Z</time>
      </trkpt>
      <trkpt lat="48.23415138" lon="-1.51035994">
        <ele>126.00000</ele>
        <time>2010-01-01T01:34:19Z</time>
      </trkpt>
      <trkpt lat="48.23411366" lon="-1.51033974">
        <ele>126.40000</ele>
        <time>2010-01-01T01:34:20Z</time>
      </trkpt>
      <trkpt lat="48.23402012" lon="-1.51033856">
        <ele>126.40000</ele>
        <time>2010-01-01T01:34:24Z</time>
      </trkpt>
      <trkpt lat="48.23400445" lon="-1.51037687">
        <ele>126.40000</ele>
        <time>2010-01-01T01:34:25Z</time>
      </trkpt>
      <trkpt lat="48.23400277" lon="-1.51052674">
        <ele>126.40000</ele>
        <time>2010-01-01T01:34:29Z</time>
      </trkpt>
      <trkpt lat="48.23400277" lon="-1.51058332">
        <ele>126.40000</ele>
        <time>2010-01-01T01:34:31Z</time>
      </trkpt>
      <trkpt lat="48.23403622" lon="-1.51085187">
        <ele>126.40000</ele>
        <time>2010-01-01T01:34:38Z</time>
      </trkpt>
      <trkpt lat="48.23405868" lon="-1.51123710">
        <ele>126.40000</ele>
        <time>2010-01-01T01:34:48Z</time>
      </trkpt>
      <trkpt lat="48.23408039" lon="-1.51152418">
        <ele>126.40000</ele>
        <time>2010-01-01T01:34:56Z</time>
      </trkpt>
      <trkpt lat="48.23407452" lon="-1.51171940">
        <ele>126.40000</ele>
        <time>2010-01-01T01:35:01Z</time>
      </trkpt>
      <trkpt lat="48.23409330" lon="-1.51197555">
        <ele>126.40000</ele>
        <time>2010-01-01T01:35:08Z</time>
      </trkpt>
      <trkpt lat="48.23415130" lon="-1.51238174">
        <ele>126.40000</ele>
        <time>2010-01-01T01:35:19Z</time>
      </trkpt>
      <trkpt lat="48.23419405" lon="-1.51298993">
        <ele>126.40000</ele>
        <time>2010-01-01T01:35:36Z</time>
      </trkpt>
      <trkpt lat="48.23424903" lon="-1.51341606">
        <ele>126.40000</ele>
        <time>2010-01-01T01:35:47Z</time>
      </trkpt>
      <trkpt lat="48.23431483" lon="-1.51390884">
        <ele>126.40000</ele>
        <time>2010-01-01T01:36:01Z</time>
      </trkpt>
      <trkpt lat="48.23432606" lon="-1.51397765">
        <ele>126.40000</ele>
        <time>2010-01-01T01:36:02Z</time>
      </trkpt>
      <trkpt lat="48.23434090" lon="-1.51412643">
        <ele>125.80000</ele>
        <time>2010-01-01T01:36:06Z</time>
      </trkpt>
      <trkpt lat="48.23434928" lon="-1.51420220">
        <ele>125.40000</ele>
        <time>2010-01-01T01:36:08Z</time>
      </trkpt>
      <trkpt lat="48.23436110" lon="-1.51427730">
        <ele>125.00000</ele>
        <time>2010-01-01T01:36:11Z</time>
      </trkpt>
      <trkpt lat="48.23436202" lon="-1.51435961">
        <ele>124.59999</ele>
        <time>2010-01-01T01:36:13Z</time>
      </trkpt>
      <trkpt lat="48.23437107" lon="-1.51444402">
        <ele>124.19999</ele>
        <time>2010-01-01T01:36:15Z</time>
      </trkpt>
      <trkpt lat="48.23438222" lon="-1.51453396">
        <ele>124.19999</ele>
        <time>2010-01-01T01:36:17Z</time>
      </trkpt>
      <trkpt lat="48.23439823" lon="-1.51518565">
        <ele>123.80000</ele>
        <time>2010-01-01T01:36:35Z</time>
      </trkpt>
      <trkpt lat="48.23440653" lon="-1.51526411">
        <ele>123.19999</ele>
        <time>2010-01-01T01:36:37Z</time>
      </trkpt>
      <trkpt lat="48.23441751" lon="-1.51533912">
        <ele>122.80000</ele>
        <time>2010-01-01T01:36:39Z</time>
      </trkpt>
      <trkpt lat="48.23442849" lon="-1.51542210">
        <ele>122.40000</ele>
        <time>2010-01-01T01:36:41Z</time>
      </trkpt>
      <trkpt lat="48.23443754" lon="-1.51550492">
        <ele>122.00000</ele>
        <time>2010-01-01T01:36:43Z</time>
      </trkpt>
      <trkpt lat="48.23446109" lon="-1.51574531">
        <ele>122.00000</ele>
        <time>2010-01-01T01:36:50Z</time>
      </trkpt>
      <trkpt lat="48.23450074" lon="-1.51598327">
        <ele>121.59999</ele>
        <time>2010-01-01T01:36:57Z</time>
      </trkpt>
      <trkpt lat="48.23451239" lon="-1.51600792">
        <ele>121.19999</ele>
        <time>2010-01-01T01:36:57Z</time>
      </trkpt>
      <trkpt lat="48.23452304" lon="-1.51603164">
        <ele>120.80000</ele>
        <time>2010-01-01T01:36:58Z</time>
      </trkpt>
      <trkpt lat="48.23453502" lon="-1.51604932">
        <ele>120.40000</ele>
        <time>2010-01-01T01:36:59Z</time>
      </trkpt>
      <trkpt lat="48.23454659" lon="-1.51606114">
        <ele>120.00000</ele>
        <time>2010-01-01T01:36:59Z</time>
      </trkpt>
      <trkpt lat="48.23457182" lon="-1.51607606">
        <ele>120.00000</ele>
        <time>2010-01-01T01:37:00Z</time>
      </trkpt>
      <trkpt lat="48.23465103" lon="-1.51616860">
        <ele>120.00000</ele>
        <time>2010-01-01T01:37:04Z</time>
      </trkpt>
      <trkpt lat="48.23478413" lon="-1.51635157">
        <ele>120.00000</ele>
        <time>2010-01-01T01:37:12Z</time>
      </trkpt>
      <trkpt lat="48.23479469" lon="-1.51637680">
        <ele>120.40000</ele>
        <time>2010-01-01T01:37:12Z</time>
      </trkpt>
      <trkpt lat="48.23480785" lon="-1.51640363">
        <ele>120.80000</ele>
        <time>2010-01-01T01:37:13Z</time>
      </trkpt>
      <trkpt lat="48.23481070" lon="-1.51643179">
        <ele>121.19999</ele>
        <time>2010-01-01T01:37:14Z</time>
      </trkpt>
      <trkpt lat="48.23481850" lon="-1.51645509">
        <ele>121.59999</ele>
        <time>2010-01-01T01:37:15Z</time>
      </trkpt>
      <trkpt lat="48.23484742" lon="-1.51648342">
        <ele>122.00000</ele>
        <time>2010-01-01T01:37:16Z</time>
      </trkpt>
      <trkpt lat="48.23487021" lon="-1.51651661">
        <ele>122.00000</ele>
        <time>2010-01-01T01:37:17Z</time>
      </trkpt>
      <trkpt lat="48.23497432" lon="-1.51667260">
        <ele>122.00000</ele>
        <time>2010-01-01T01:37:23Z</time>
      </trkpt>
      <trkpt lat="48.23511270" lon="-1.51681191">
        <ele>122.40000</ele>
        <time>2010-01-01T01:37:30Z</time>
      </trkpt>
      <trkpt lat="48.23513232" lon="-1.51683378">
        <ele>122.80000</ele>
        <time>2010-01-01T01:37:31Z</time>
      </trkpt>
      <trkpt lat="48.23515528" lon="-1.51685725">
        <ele>123.19999</ele>
        <time>2010-01-01T01:37:32Z</time>
      </trkpt>
      <trkpt lat="48.23517431" lon="-1.51688810">
        <ele>123.80000</ele>
        <time>2010-01-01T01:37:33Z</time>
      </trkpt>
      <trkpt lat="48.23521438" lon="-1.51693311">
        <ele>124.19999</ele>
        <time>2010-01-01T01:37:35Z</time>
      </trkpt>
      <trkpt lat="48.23529878" lon="-1.51703269">
        <ele>124.19999</ele>
        <time>2010-01-01T01:37:40Z</time>
      </trkpt>
      <trkpt lat="48.23537145" lon="-1.51712011">
        <ele>124.59999</ele>
        <time>2010-01-01T01:37:43Z</time>
      </trkpt>
      <trkpt lat="48.23540766" lon="-1.51714945">
        <ele>125.00000</ele>
        <time>2010-01-01T01:37:45Z</time>
      </trkpt>
      <trkpt lat="48.23542510" lon="-1.51716529">
        <ele>125.40000</ele>
        <time>2010-01-01T01:37:46Z</time>
      </trkpt>
      <trkpt lat="48.23544178" lon="-1.51717987">
        <ele>125.80000</ele>
        <time>2010-01-01T01:37:46Z</time>
      </trkpt>
      <trkpt lat="48.23546147" lon="-1.51719337">
        <ele>126.19999</ele>
        <time>2010-01-01T01:37:47Z</time>
      </trkpt>
      <trkpt lat="48.23559366" lon="-1.51739210">
        <ele>126.19999</ele>
        <time>2010-01-01T01:37:55Z</time>
      </trkpt>
      <trkpt lat="48.23568795" lon="-1.51757416">
        <ele>126.19999</ele>
        <time>2010-01-01T01:38:01Z</time>
      </trkpt>
      <trkpt lat="48.23586473" lon="-1.51777599">
        <ele>126.19999</ele>
        <time>2010-01-01T01:38:10Z</time>
      </trkpt>
      <trkpt lat="48.23594612" lon="-1.51786627">
        <ele>126.59999</ele>
        <time>2010-01-01T01:38:14Z</time>
      </trkpt>
      <trkpt lat="48.23597151" lon="-1.51789301">
        <ele>127.00000</ele>
        <time>2010-01-01T01:38:15Z</time>
      </trkpt>
      <trkpt lat="48.23598769" lon="-1.51791815">
        <ele>127.40000</ele>
        <time>2010-01-01T01:38:16Z</time>
      </trkpt>
      <trkpt lat="48.23600932" lon="-1.51794229">
        <ele>127.80000</ele>
        <time>2010-01-01T01:38:17Z</time>
      </trkpt>
      <trkpt lat="48.23603346" lon="-1.51796056">
        <ele>128.19999</ele>
        <time>2010-01-01T01:38:18Z</time>
      </trkpt>
      <trkpt lat="48.23620000" lon="-1.51812954">
        <ele>128.19999</ele>
        <time>2010-01-01T01:38:26Z</time>
      </trkpt>
      <trkpt lat="48.23631316" lon="-1.51831847">
        <ele>128.19999</ele>
        <time>2010-01-01T01:38:33Z</time>
      </trkpt>
      <trkpt lat="48.23649220" lon="-1.51859206">
        <ele>128.19999</ele>
        <time>2010-01-01T01:38:43Z</time>
      </trkpt>
      <trkpt lat="48.23668741" lon="-1.51883689">
        <ele>128.19999</ele>
        <time>2010-01-01T01:38:53Z</time>
      </trkpt>
      <trkpt lat="48.23693107" lon="-1.51913411">
        <ele>128.19999</ele>
        <time>2010-01-01T01:39:06Z</time>
      </trkpt>
      <trkpt lat="48.23708329" lon="-1.51932648">
        <ele>128.60000</ele>
        <time>2010-01-01T01:39:14Z</time>
      </trkpt>
      <trkpt lat="48.23710307" lon="-1.51934961">
        <ele>129.00000</ele>
        <time>2010-01-01T01:39:15Z</time>
      </trkpt>
      <trkpt lat="48.23712235" lon="-1.51937115">
        <ele>129.39999</ele>
        <time>2010-01-01T01:39:16Z</time>
      </trkpt>
      <trkpt lat="48.23714221" lon="-1.51940250">
        <ele>129.80000</ele>
        <time>2010-01-01T01:39:17Z</time>
      </trkpt>
      <trkpt lat="48.23716803" lon="-1.51944315">
        <ele>130.19999</ele>
        <time>2010-01-01T01:39:19Z</time>
      </trkpt>
      <trkpt lat="48.23724263" lon="-1.51956050">
        <ele>130.19999</ele>
        <time>2010-01-01T01:39:23Z</time>
      </trkpt>
      <trkpt lat="48.23738177" lon="-1.51972294">
        <ele>130.19999</ele>
        <time>2010-01-01T01:39:30Z</time>
      </trkpt>
      <trkpt lat="48.23751127" lon="-1.51988773">
        <ele>130.19999</ele>
        <time>2010-01-01T01:39:37Z</time>
      </trkpt>
      <trkpt lat="48.23769156" lon="-1.52011228">
        <ele>130.19999</ele>
        <time>2010-01-01T01:39:46Z</time>
      </trkpt>
      <trkpt lat="48.23786733" lon="-1.52033608">
        <ele>130.19999</ele>
        <time>2010-01-01T01:39:55Z</time>
      </trkpt>
      <trkpt lat="48.23800463" lon="-1.52052098">
        <ele>130.19999</ele>
        <time>2010-01-01T01:40:03Z</time>
      </trkpt>
      <trkpt lat="48.23824192" lon="-1.52079365">
        <ele>130.19999</ele>
        <time>2010-01-01T01:40:15Z</time>
      </trkpt>
      <trkpt lat="48.23843487" lon="-1.52107536">
        <ele>130.19999</ele>
        <time>2010-01-01T01:40:26Z</time>
      </trkpt>
      <trkpt lat="48.23857451" lon="-1.52130964">
        <ele>130.19999</ele>
        <time>2010-01-01T01:40:34Z</time>
      </trkpt>
      <trkpt lat="48.23871474" lon="-1.52149999">
        <ele>130.19999</ele>
        <time>2010-01-01T01:40:41Z</time>
      </trkpt>
      <trkpt lat="48.23884181" lon="-1.52162304">
        <ele>130.19999</ele>
        <time>2010-01-01T01:40:48Z</time>
      </trkpt>
      <trkpt lat="48.23905622" lon="-1.52171792">
        <ele>130.19999</ele>
        <time>2010-01-01T01:40:56Z</time>
      </trkpt>
      <trkpt lat="48.23929469" lon="-1.52176595">
        <ele>130.19999</ele>
        <time>2010-01-01T01:41:06Z</time>
      </trkpt>
      <trkpt lat="48.23950323" lon="-1.52181909">
        <ele>130.19999</ele>
        <time>2010-01-01T01:41:15Z</time>
      </trkpt>
      <trkpt lat="48.23957917" lon="-1.52182420">
        <ele>129.80000</ele>
        <time>2010-01-01T01:41:18Z</time>
      </trkpt>
      <trkpt lat="48.23962518" lon="-1.52182353">
        <ele>129.39999</ele>
        <time>2010-01-01T01:41:19Z</time>
      </trkpt>
      <trkpt lat="48.23966709" lon="-1.52182118">
        <ele>129.00000</ele>
        <time>2010-01-01T01:41:21Z</time>
      </trkpt>
      <trkpt lat="48.23971697" lon="-1.52181280">
        <ele>128.60000</ele>
        <time>2010-01-01T01:41:23Z</time>
      </trkpt>
      <trkpt lat="48.23975971" lon="-1.52181155">
        <ele>128.19999</ele>
        <time>2010-01-01T01:41:25Z</time>
      </trkpt>
      <trkpt lat="48.23980506" lon="-1.52180073">
        <ele>127.80000</ele>
        <time>2010-01-01T01:41:27Z</time>
      </trkpt>
      <trkpt lat="48.23984462" lon="-1.52178833">
        <ele>127.40000</ele>
        <time>2010-01-01T01:41:28Z</time>
      </trkpt>
      <trkpt lat="48.23987673" lon="-1.52177550">
        <ele>127.00000</ele>
        <time>2010-01-01T01:41:30Z</time>
      </trkpt>
      <trkpt lat="48.23992509" lon="-1.52176628">
        <ele>126.59999</ele>
        <time>2010-01-01T01:41:32Z</time>
      </trkpt>
      <trkpt lat="48.23997161" lon="-1.52175606">
        <ele>126.00000</ele>
        <time>2010-01-01T01:41:33Z</time>
      </trkpt>
      <trkpt lat="48.24002659" lon="-1.52174583">
        <ele>125.40000</ele>
        <time>2010-01-01T01:41:36Z</time>
      </trkpt>
      <trkpt lat="48.24008208" lon="-1.52173636">
        <ele>124.80000</ele>
        <time>2010-01-01T01:41:38Z</time>
      </trkpt>
      <trkpt lat="48.24013732" lon="-1.52172429">
        <ele>124.19999</ele>
        <time>2010-01-01T01:41:40Z</time>
      </trkpt>
      <trkpt lat="48.24018820" lon="-1.52170945">
        <ele>123.40000</ele>
        <time>2010-01-01T01:41:42Z</time>
      </trkpt>
      <trkpt lat="48.24022952" lon="-1.52169470">
        <ele>122.80000</ele>
        <time>2010-01-01T01:41:44Z</time>
      </trkpt>
      <trkpt lat="48.24028400" lon="-1.52168456">
        <ele>122.19999</ele>
        <time>2010-01-01T01:41:46Z</time>
      </trkpt>
      <trkpt lat="48.24033295" lon="-1.52167257">
        <ele>121.59999</ele>
        <time>2010-01-01T01:41:48Z</time>
      </trkpt>
      <trkpt lat="48.24037754" lon="-1.52166210">
        <ele>121.00000</ele>
        <time>2010-01-01T01:41:50Z</time>
      </trkpt>
      <trkpt lat="48.24041132" lon="-1.52165338">
        <ele>120.40000</ele>
        <time>2010-01-01T01:41:51Z</time>
      </trkpt>
      <trkpt lat="48.24044669" lon="-1.52164718">
        <ele>119.80000</ele>
        <time>2010-01-01T01:41:53Z</time>
      </trkpt>
      <trkpt lat="48.24047385" lon="-1.52163972">
        <ele>119.19999</ele>
        <time>2010-01-01T01:41:54Z</time>
      </trkpt>
      <trkpt lat="48.24049950" lon="-1.52162698">
        <ele>118.80000</ele>
        <time>2010-01-01T01:41:55Z</time>
      </trkpt>
      <trkpt lat="48.24052532" lon="-1.52161323">
        <ele>118.19999</ele>
        <time>2010-01-01T01:41:56Z</time>
      </trkpt>
      <trkpt lat="48.24054996" lon="-1.52160309">
        <ele>117.80000</ele>
        <time>2010-01-01T01:41:57Z</time>
      </trkpt>
      <trkpt lat="48.24056580" lon="-1.52159454">
        <ele>117.19999</ele>
        <time>2010-01-01T01:41:58Z</time>
      </trkpt>
      <trkpt lat="48.24057804" lon="-1.52158364">
        <ele>116.80000</ele>
        <time>2010-01-01T01:41:58Z</time>
      </trkpt>
      <trkpt lat="48.24061559" lon="-1.52156269">
        <ele>116.80000</ele>
        <time>2010-01-01T01:42:00Z</time>
      </trkpt>
      <trkpt lat="48.24063805" lon="-1.52156688">
        <ele>116.80000</ele>
        <time>2010-01-01T01:42:01Z</time>
      </trkpt>
      <trkpt lat="48.24075171" lon="-1.52158766">
        <ele>116.40000</ele>
        <time>2010-01-01T01:42:05Z</time>
      </trkpt>
      <trkpt lat="48.24079471" lon="-1.52158205">
        <ele>116.00000</ele>
        <time>2010-01-01T01:42:07Z</time>
      </trkpt>
      <trkpt lat="48.24082329" lon="-1.52157266">
        <ele>115.59999</ele>
        <time>2010-01-01T01:42:08Z</time>
      </trkpt>
      <trkpt lat="48.24084953" lon="-1.52156487">
        <ele>115.19999</ele>
        <time>2010-01-01T01:42:09Z</time>
      </trkpt>
      <trkpt lat="48.24087501" lon="-1.52155992">
        <ele>114.80000</ele>
        <time>2010-01-01T01:42:10Z</time>
      </trkpt>
      <trkpt lat="48.24098800" lon="-1.52154953">
        <ele>114.19999</ele>
        <time>2010-01-01T01:42:15Z</time>
      </trkpt>
      <trkpt lat="48.24100476" lon="-1.52155112">
        <ele>113.80000</ele>
        <time>2010-01-01T01:42:16Z</time>
      </trkpt>
      <trkpt lat="48.24102865" lon="-1.52154752">
        <ele>113.40000</ele>
        <time>2010-01-01T01:42:17Z</time>
      </trkpt>
      <trkpt lat="48.24104893" lon="-1.52153796">
        <ele>112.80000</ele>
        <time>2010-01-01T01:42:17Z</time>
      </trkpt>
      <trkpt lat="48.24106302" lon="-1.52153318">
        <ele>112.40000</ele>
        <time>2010-01-01T01:42:18Z</time>
      </trkpt>
      <trkpt lat="48.24109856" lon="-1.52154022">
        <ele>112.40000</ele>
        <time>2010-01-01T01:42:19Z</time>
      </trkpt>
      <trkpt lat="48.24114885" lon="-1.52153796">
        <ele>112.00000</ele>
        <time>2010-01-01T01:42:21Z</time>
      </trkpt>
      <trkpt lat="48.24118095" lon="-1.52153796">
        <ele>111.59999</ele>
        <time>2010-01-01T01:42:23Z</time>
      </trkpt>
      <trkpt lat="48.24121079" lon="-1.52153855">
        <ele>111.19999</ele>
        <time>2010-01-01T01:42:24Z</time>
      </trkpt>
      <trkpt lat="48.24124189" lon="-1.52154383">
        <ele>110.59999</ele>
        <time>2010-01-01T01:42:25Z</time>
      </trkpt>
      <trkpt lat="48.24127122" lon="-1.52155037">
        <ele>110.19999</ele>
        <time>2010-01-01T01:42:26Z</time>
      </trkpt>
      <trkpt lat="48.24133467" lon="-1.52155799">
        <ele>109.80000</ele>
        <time>2010-01-01T01:42:29Z</time>
      </trkpt>
      <trkpt lat="48.24135932" lon="-1.52155875">
        <ele>109.40000</ele>
        <time>2010-01-01T01:42:30Z</time>
      </trkpt>
      <trkpt lat="48.24138723" lon="-1.52155891">
        <ele>109.00000</ele>
        <time>2010-01-01T01:42:31Z</time>
      </trkpt>
      <trkpt lat="48.24141296" lon="-1.52156101">
        <ele>108.59999</ele>
        <time>2010-01-01T01:42:32Z</time>
      </trkpt>
      <trkpt lat="48.24145236" lon="-1.52156562">
        <ele>108.19999</ele>
        <time>2010-01-01T01:42:34Z</time>
      </trkpt>
      <trkpt lat="48.24151807" lon="-1.52156788">
        <ele>107.80000</ele>
        <time>2010-01-01T01:42:36Z</time>
      </trkpt>
      <trkpt lat="48.24154372" lon="-1.52157065">
        <ele>107.40000</ele>
        <time>2010-01-01T01:42:37Z</time>
      </trkpt>
      <trkpt lat="48.24156501" lon="-1.52157543">
        <ele>106.80000</ele>
        <time>2010-01-01T01:42:38Z</time>
      </trkpt>
      <trkpt lat="48.24159359" lon="-1.52157484">
        <ele>106.40000</ele>
        <time>2010-01-01T01:42:39Z</time>
      </trkpt>
      <trkpt lat="48.24160876" lon="-1.52157316">
        <ele>106.00000</ele>
        <time>2010-01-01T01:42:40Z</time>
      </trkpt>
      <trkpt lat="48.24163190" lon="-1.52157073">
        <ele>106.00000</ele>
        <time>2010-01-01T01:42:41Z</time>
      </trkpt>
      <trkpt lat="48.24166299" lon="-1.52156839">
        <ele>105.59999</ele>
        <time>2010-01-01T01:42:42Z</time>
      </trkpt>
      <trkpt lat="48.24168361" lon="-1.52157333">
        <ele>105.19999</ele>
        <time>2010-01-01T01:42:43Z</time>
      </trkpt>
      <trkpt lat="48.24169778" lon="-1.52157476">
        <ele>104.80000</ele>
        <time>2010-01-01T01:42:43Z</time>
      </trkpt>
      <trkpt lat="48.24171546" lon="-1.52157953">
        <ele>104.40000</ele>
        <time>2010-01-01T01:42:44Z</time>
      </trkpt>
      <trkpt lat="48.24172938" lon="-1.52158037">
        <ele>103.80000</ele>
        <time>2010-01-01T01:42:45Z</time>
      </trkpt>
      <trkpt lat="48.24174329" lon="-1.52158046">
        <ele>103.80000</ele>
        <time>2010-01-01T01:42:45Z</time>
      </trkpt>
      <trkpt lat="48.24175452" lon="-1.52158364">
        <ele>103.80000</ele>
        <time>2010-01-01T01:42:46Z</time>
      </trkpt>
      <trkpt lat="48.24189442" lon="-1.52159730">
        <ele>112.59999</ele>
        <time>2010-01-01T01:42:51Z</time>
      </trkpt>
      <trkpt lat="48.24191462" lon="-1.52160434">
        <ele>112.59999</ele>
        <time>2010-01-01T01:42:52Z</time>
      </trkpt>
      <trkpt lat="48.24192627" lon="-1.52161055">
        <ele>113.00000</ele>
        <time>2010-01-01T01:42:53Z</time>
      </trkpt>
      <trkpt lat="48.24194295" lon="-1.52160862">
        <ele>113.40000</ele>
        <time>2010-01-01T01:42:53Z</time>
      </trkpt>
      <trkpt lat="48.24195619" lon="-1.52160971">
        <ele>113.80000</ele>
        <time>2010-01-01T01:42:54Z</time>
      </trkpt>
      <trkpt lat="48.24197103" lon="-1.52161248">
        <ele>114.19999</ele>
        <time>2010-01-01T01:42:54Z</time>
      </trkpt>
      <trkpt lat="48.24199131" lon="-1.52161901">
        <ele>114.59999</ele>
        <time>2010-01-01T01:42:55Z</time>
      </trkpt>
      <trkpt lat="48.24202258" lon="-1.52163234">
        <ele>114.59999</ele>
        <time>2010-01-01T01:42:57Z</time>
      </trkpt>
      <trkpt lat="48.24206599" lon="-1.52164592">
        <ele>115.19999</ele>
        <time>2010-01-01T01:42:58Z</time>
      </trkpt>
      <trkpt lat="48.24208393" lon="-1.52165053">
        <ele>115.59999</ele>
        <time>2010-01-01T01:42:59Z</time>
      </trkpt>
      <trkpt lat="48.24209768" lon="-1.52165665">
        <ele>116.00000</ele>
        <time>2010-01-01T01:43:00Z</time>
      </trkpt>
      <trkpt lat="48.24212894" lon="-1.52166302">
        <ele>116.40000</ele>
        <time>2010-01-01T01:43:01Z</time>
      </trkpt>
      <trkpt lat="48.24215132" lon="-1.52167031">
        <ele>116.80000</ele>
        <time>2010-01-01T01:43:02Z</time>
      </trkpt>
      <trkpt lat="48.24228610" lon="-1.52167651">
        <ele>116.80000</ele>
        <time>2010-01-01T01:43:07Z</time>
      </trkpt>
      <trkpt lat="48.24230840" lon="-1.52167383">
        <ele>117.19999</ele>
        <time>2010-01-01T01:43:08Z</time>
      </trkpt>
      <trkpt lat="48.24233380" lon="-1.52167584">
        <ele>117.80000</ele>
        <time>2010-01-01T01:43:09Z</time>
      </trkpt>
      <trkpt lat="48.24235358" lon="-1.52167618">
        <ele>118.19999</ele>
        <time>2010-01-01T01:43:10Z</time>
      </trkpt>
      <trkpt lat="48.24237780" lon="-1.52167324">
        <ele>118.59999</ele>
        <time>2010-01-01T01:43:11Z</time>
      </trkpt>
      <trkpt lat="48.24240278" lon="-1.52167073">
        <ele>119.00000</ele>
        <time>2010-01-01T01:43:12Z</time>
      </trkpt>
      <trkpt lat="48.24251200" lon="-1.52166360">
        <ele>119.00000</ele>
        <time>2010-01-01T01:43:16Z</time>
      </trkpt>
      <trkpt lat="48.24262113" lon="-1.52167651">
        <ele>119.40000</ele>
        <time>2010-01-01T01:43:21Z</time>
      </trkpt>
      <trkpt lat="48.24263848" lon="-1.52168196">
        <ele>119.80000</ele>
        <time>2010-01-01T01:43:21Z</time>
      </trkpt>
      <trkpt lat="48.24266195" lon="-1.52168967">
        <ele>120.19999</ele>
        <time>2010-01-01T01:43:22Z</time>
      </trkpt>
      <trkpt lat="48.24267972" lon="-1.52169303">
        <ele>120.59999</ele>
        <time>2010-01-01T01:43:23Z</time>
      </trkpt>
      <trkpt lat="48.24269698" lon="-1.52169655">
        <ele>121.00000</ele>
        <time>2010-01-01T01:43:24Z</time>
      </trkpt>
      <trkpt lat="48.24274929" lon="-1.52170141">
        <ele>121.00000</ele>
        <time>2010-01-01T01:43:26Z</time>
      </trkpt>
      <trkpt lat="48.24283235" lon="-1.52172488">
        <ele>121.40000</ele>
        <time>2010-01-01T01:43:29Z</time>
      </trkpt>
      <trkpt lat="48.24285306" lon="-1.52172463">
        <ele>121.80000</ele>
        <time>2010-01-01T01:43:30Z</time>
      </trkpt>
      <trkpt lat="48.24287351" lon="-1.52172454">
        <ele>122.19999</ele>
        <time>2010-01-01T01:43:31Z</time>
      </trkpt>
      <trkpt lat="48.24289170" lon="-1.52172622">
        <ele>122.59999</ele>
        <time>2010-01-01T01:43:32Z</time>
      </trkpt>
      <trkpt lat="48.24290796" lon="-1.52172747">
        <ele>123.00000</ele>
        <time>2010-01-01T01:43:32Z</time>
      </trkpt>
      <trkpt lat="48.24299354" lon="-1.52174239">
        <ele>123.00000</ele>
        <time>2010-01-01T01:43:36Z</time>
      </trkpt>
      <trkpt lat="48.24301240" lon="-1.52174659">
        <ele>123.59999</ele>
        <time>2010-01-01T01:43:37Z</time>
      </trkpt>
      <trkpt lat="48.24303461" lon="-1.52174742">
        <ele>124.00000</ele>
        <time>2010-01-01T01:43:37Z</time>
      </trkpt>
      <trkpt lat="48.24305523" lon="-1.52175027">
        <ele>124.40000</ele>
        <time>2010-01-01T01:43:38Z</time>
      </trkpt>
      <trkpt lat="48.24307585" lon="-1.52175103">
        <ele>124.80000</ele>
        <time>2010-01-01T01:43:39Z</time>
      </trkpt>
      <trkpt lat="48.24309756" lon="-1.52174969">
        <ele>125.19999</ele>
        <time>2010-01-01T01:43:40Z</time>
      </trkpt>
      <trkpt lat="48.24318565" lon="-1.52175530">
        <ele>125.19999</ele>
        <time>2010-01-01T01:43:43Z</time>
      </trkpt>
      <trkpt lat="48.24335639" lon="-1.52180467">
        <ele>125.19999</ele>
        <time>2010-01-01T01:43:50Z</time>
      </trkpt>
      <trkpt lat="48.24343342" lon="-1.52185630">
        <ele>125.19999</ele>
        <time>2010-01-01T01:43:54Z</time>
      </trkpt>
      <trkpt lat="48.24345798" lon="-1.52189084">
        <ele>125.19999</ele>
        <time>2010-01-01T01:43:55Z</time>
      </trkpt>
      <trkpt lat="48.24348974" lon="-1.52175840">
        <ele>125.19999</ele>
        <time>2010-01-01T01:43:59Z</time>
      </trkpt>
      <trkpt lat="48.24350902" lon="-1.52175882">
        <ele>125.19999</ele>
        <time>2010-01-01T01:44:00Z</time>
      </trkpt>
      <trkpt lat="48.24351933" lon="-1.52177835">
        <ele>125.19999</ele>
        <time>2010-01-01T01:44:00Z</time>
      </trkpt>
      <trkpt lat="48.24353417" lon="-1.52181766">
        <ele>125.19999</ele>
        <time>2010-01-01T01:44:02Z</time>
      </trkpt>
      <trkpt lat="48.24361422" lon="-1.52192948">
        <ele>125.19999</ele>
        <time>2010-01-01T01:44:06Z</time>
      </trkpt>
      <trkpt lat="48.24363651" lon="-1.52200349">
        <ele>125.19999</ele>
        <time>2010-01-01T01:44:08Z</time>
      </trkpt>
      <trkpt lat="48.24372486" lon="-1.52222310">
        <ele>125.19999</ele>
        <time>2010-01-01T01:44:15Z</time>
      </trkpt>
      <trkpt lat="48.24385679" lon="-1.52238361">
        <ele>125.19999</ele>
        <time>2010-01-01T01:44:22Z</time>
      </trkpt>
      <trkpt lat="48.24397078" lon="-1.52241471">
        <ele>125.19999</ele>
        <time>2010-01-01T01:44:26Z</time>
      </trkpt>
      <trkpt lat="48.24409475" lon="-1.52242351">
        <ele>125.19999</ele>
        <time>2010-01-01T01:44:31Z</time>
      </trkpt>
      <trkpt lat="48.24415946" lon="-1.52247237">
        <ele>125.19999</ele>
        <time>2010-01-01T01:44:34Z</time>
      </trkpt>
      <trkpt lat="48.24437144" lon="-1.52262090">
        <ele>125.19999</ele>
        <time>2010-01-01T01:44:44Z</time>
      </trkpt>
      <trkpt lat="48.24439281" lon="-1.52263959">
        <ele>125.59999</ele>
        <time>2010-01-01T01:44:45Z</time>
      </trkpt>
      <trkpt lat="48.24441201" lon="-1.52266868">
        <ele>126.00000</ele>
        <time>2010-01-01T01:44:46Z</time>
      </trkpt>
      <trkpt lat="48.24443564" lon="-1.52270162">
        <ele>126.40000</ele>
        <time>2010-01-01T01:44:47Z</time>
      </trkpt>
      <trkpt lat="48.24445660" lon="-1.52273858">
        <ele>126.80000</ele>
        <time>2010-01-01T01:44:48Z</time>
      </trkpt>
      <trkpt lat="48.24447638" lon="-1.52277882">
        <ele>127.19999</ele>
        <time>2010-01-01T01:44:50Z</time>
      </trkpt>
      <trkpt lat="48.24456338" lon="-1.52304343">
        <ele>127.19999</ele>
        <time>2010-01-01T01:44:57Z</time>
      </trkpt>
      <trkpt lat="48.24469691" lon="-1.52329875">
        <ele>127.19999</ele>
        <time>2010-01-01T01:45:06Z</time>
      </trkpt>
      <trkpt lat="48.24477394" lon="-1.52355297">
        <ele>127.19999</ele>
        <time>2010-01-01T01:45:14Z</time>
      </trkpt>
      <trkpt lat="48.24487485" lon="-1.52356940">
        <ele>127.19999</ele>
        <time>2010-01-01T01:45:18Z</time>
      </trkpt>
      <trkpt lat="48.24489564" lon="-1.52358138">
        <ele>126.80000</ele>
        <time>2010-01-01T01:45:18Z</time>
      </trkpt>
      <trkpt lat="48.24492674" lon="-1.52359412">
        <ele>126.40000</ele>
        <time>2010-01-01T01:45:20Z</time>
      </trkpt>
      <trkpt lat="48.24494761" lon="-1.52360158">
        <ele>126.00000</ele>
        <time>2010-01-01T01:45:21Z</time>
      </trkpt>
      <trkpt lat="48.24497426" lon="-1.52360544">
        <ele>126.00000</ele>
        <time>2010-01-01T01:45:22Z</time>
      </trkpt>
      <trkpt lat="48.24500360" lon="-1.52360552">
        <ele>125.19999</ele>
        <time>2010-01-01T01:45:23Z</time>
      </trkpt>
      <trkpt lat="48.24503168" lon="-1.52360343">
        <ele>125.19999</ele>
        <time>2010-01-01T01:45:24Z</time>
      </trkpt>
      <trkpt lat="48.24509287" lon="-1.52359454">
        <ele>125.19999</ele>
        <time>2010-01-01T01:45:26Z</time>
      </trkpt>
      <trkpt lat="48.24527459" lon="-1.52358616">
        <ele>124.59999</ele>
        <time>2010-01-01T01:45:34Z</time>
      </trkpt>
      <trkpt lat="48.24531323" lon="-1.52357585">
        <ele>124.19999</ele>
        <time>2010-01-01T01:45:35Z</time>
      </trkpt>
      <trkpt lat="48.24534173" lon="-1.52357661">
        <ele>123.80000</ele>
        <time>2010-01-01T01:45:36Z</time>
      </trkpt>
      <trkpt lat="48.24537333" lon="-1.52357200">
        <ele>123.40000</ele>
        <time>2010-01-01T01:45:38Z</time>
      </trkpt>
      <trkpt lat="48.24540266" lon="-1.52356705">
        <ele>123.00000</ele>
        <time>2010-01-01T01:45:39Z</time>
      </trkpt>
      <trkpt lat="48.24544231" lon="-1.52356152">
        <ele>123.00000</ele>
        <time>2010-01-01T01:45:41Z</time>
      </trkpt>
      <trkpt lat="48.24565923" lon="-1.52355666">
        <ele>122.59999</ele>
        <time>2010-01-01T01:45:49Z</time>
      </trkpt>
      <trkpt lat="48.24571137" lon="-1.52355465">
        <ele>122.00000</ele>
        <time>2010-01-01T01:45:51Z</time>
      </trkpt>
      <trkpt lat="48.24576367" lon="-1.52355515">
        <ele>121.59999</ele>
        <time>2010-01-01T01:45:53Z</time>
      </trkpt>
      <trkpt lat="48.24581405" lon="-1.52355582">
        <ele>121.00000</ele>
        <time>2010-01-01T01:45:55Z</time>
      </trkpt>
      <trkpt lat="48.24585855" lon="-1.52355406">
        <ele>120.59999</ele>
        <time>2010-01-01T01:45:57Z</time>
      </trkpt>
      <trkpt lat="48.24590390" lon="-1.52354283">
        <ele>120.19999</ele>
        <time>2010-01-01T01:45:59Z</time>
      </trkpt>
      <trkpt lat="48.24594707" lon="-1.52353051">
        <ele>119.80000</ele>
        <time>2010-01-01T01:46:01Z</time>
      </trkpt>
      <trkpt lat="48.24599124" lon="-1.52352087">
        <ele>119.40000</ele>
        <time>2010-01-01T01:46:03Z</time>
      </trkpt>
      <trkpt lat="48.24608277" lon="-1.52348767">
        <ele>118.59999</ele>
        <time>2010-01-01T01:46:06Z</time>
      </trkpt>
      <trkpt lat="48.24628570" lon="-1.52342758">
        <ele>118.19999</ele>
        <time>2010-01-01T01:46:15Z</time>
      </trkpt>
      <trkpt lat="48.24633129" lon="-1.52341484">
        <ele>117.59999</ele>
        <time>2010-01-01T01:46:16Z</time>
      </trkpt>
      <trkpt lat="48.24637530" lon="-1.52340503">
        <ele>117.19999</ele>
        <time>2010-01-01T01:46:18Z</time>
      </trkpt>
      <trkpt lat="48.24641888" lon="-1.52339598">
        <ele>116.80000</ele>
        <time>2010-01-01T01:46:20Z</time>
      </trkpt>
      <trkpt lat="48.24646398" lon="-1.52338642">
        <ele>116.40000</ele>
        <time>2010-01-01T01:46:22Z</time>
      </trkpt>
      <trkpt lat="48.24654168" lon="-1.52336840">
        <ele>115.80000</ele>
        <time>2010-01-01T01:46:25Z</time>
      </trkpt>
      <trkpt lat="48.24658267" lon="-1.52335566">
        <ele>115.40000</ele>
        <time>2010-01-01T01:46:27Z</time>
      </trkpt>
      <trkpt lat="48.24661921" lon="-1.52335180">
        <ele>115.00000</ele>
        <time>2010-01-01T01:46:28Z</time>
      </trkpt>
      <trkpt lat="48.24665643" lon="-1.52335264">
        <ele>114.40000</ele>
        <time>2010-01-01T01:46:30Z</time>
      </trkpt>
      <trkpt lat="48.24672617" lon="-1.52335155">
        <ele>114.00000</ele>
        <time>2010-01-01T01:46:32Z</time>
      </trkpt>
      <trkpt lat="48.24679984" lon="-1.52332054">
        <ele>113.59999</ele>
        <time>2010-01-01T01:46:35Z</time>
      </trkpt>
      <trkpt lat="48.24683664" lon="-1.52330629">
        <ele>113.19999</ele>
        <time>2010-01-01T01:46:37Z</time>
      </trkpt>
      <trkpt lat="48.24686815" lon="-1.52329145">
        <ele>112.80000</ele>
        <time>2010-01-01T01:46:38Z</time>
      </trkpt>
      <trkpt lat="48.24689858" lon="-1.52328106">
        <ele>112.40000</ele>
        <time>2010-01-01T01:46:40Z</time>
      </trkpt>
      <trkpt lat="48.24693982" lon="-1.52326589">
        <ele>112.00000</ele>
        <time>2010-01-01T01:46:41Z</time>
      </trkpt>
      <trkpt lat="48.24700914" lon="-1.52325055">
        <ele>111.59999</ele>
        <time>2010-01-01T01:46:44Z</time>
      </trkpt>
      <trkpt lat="48.24704091" lon="-1.52324804">
        <ele>111.00000</ele>
        <time>2010-01-01T01:46:45Z</time>
      </trkpt>
      <trkpt lat="48.24708214" lon="-1.52324267">
        <ele>110.59999</ele>
        <time>2010-01-01T01:46:47Z</time>
      </trkpt>
      <trkpt lat="48.24712280" lon="-1.52324225">
        <ele>110.19999</ele>
        <time>2010-01-01T01:46:49Z</time>
      </trkpt>
      <trkpt lat="48.24715909" lon="-1.52325114">
        <ele>109.80000</ele>
        <time>2010-01-01T01:46:50Z</time>
      </trkpt>
      <trkpt lat="48.24718424" lon="-1.52326111">
        <ele>109.80000</ele>
        <time>2010-01-01T01:46:51Z</time>
      </trkpt>
      <trkpt lat="48.24722455" lon="-1.52327972">
        <ele>109.80000</ele>
        <time>2010-01-01T01:46:53Z</time>
      </trkpt>
      <trkpt lat="48.24726311" lon="-1.52328844">
        <ele>109.40000</ele>
        <time>2010-01-01T01:46:54Z</time>
      </trkpt>
      <trkpt lat="48.24728172" lon="-1.52325382">
        <ele>109.40000</ele>
        <time>2010-01-01T01:46:56Z</time>
      </trkpt>
      <trkpt lat="48.24730955" lon="-1.52323161">
        <ele>109.00000</ele>
        <time>2010-01-01T01:46:57Z</time>
      </trkpt>
      <trkpt lat="48.24735246" lon="-1.52320235">
        <ele>108.19999</ele>
        <time>2010-01-01T01:46:59Z</time>
      </trkpt>
      <trkpt lat="48.24741155" lon="-1.52312809">
        <ele>107.59999</ele>
        <time>2010-01-01T01:47:02Z</time>
      </trkpt>
      <trkpt lat="48.24758003" lon="-1.52289206">
        <ele>107.19999</ele>
        <time>2010-01-01T01:47:11Z</time>
      </trkpt>
      <trkpt lat="48.24762077" lon="-1.52286741">
        <ele>106.80000</ele>
        <time>2010-01-01T01:47:13Z</time>
      </trkpt>
      <trkpt lat="48.24765832" lon="-1.52285652">
        <ele>106.40000</ele>
        <time>2010-01-01T01:47:14Z</time>
      </trkpt>
      <trkpt lat="48.24769084" lon="-1.52284445">
        <ele>106.00000</ele>
        <time>2010-01-01T01:47:16Z</time>
      </trkpt>
      <trkpt lat="48.24772202" lon="-1.52282525">
        <ele>105.40000</ele>
        <time>2010-01-01T01:47:17Z</time>
      </trkpt>
      <trkpt lat="48.24782939" lon="-1.52273942">
        <ele>105.40000</ele>
        <time>2010-01-01T01:47:22Z</time>
      </trkpt>
      <trkpt lat="48.24812678" lon="-1.52247581">
        <ele>105.40000</ele>
        <time>2010-01-01T01:47:36Z</time>
      </trkpt>
      <trkpt lat="48.24821043" lon="-1.52242502">
        <ele>105.00000</ele>
        <time>2010-01-01T01:47:39Z</time>
      </trkpt>
      <trkpt lat="48.24825385" lon="-1.52239358">
        <ele>104.59999</ele>
        <time>2010-01-01T01:47:41Z</time>
      </trkpt>
      <trkpt lat="48.24829626" lon="-1.52236743">
        <ele>104.19999</ele>
        <time>2010-01-01T01:47:43Z</time>
      </trkpt>
      <trkpt lat="48.24834111" lon="-1.52234547">
        <ele>103.80000</ele>
        <time>2010-01-01T01:47:45Z</time>
      </trkpt>
      <trkpt lat="48.24838536" lon="-1.52232058">
        <ele>103.19999</ele>
        <time>2010-01-01T01:47:47Z</time>
      </trkpt>
      <trkpt lat="48.24842141" lon="-1.52230088">
        <ele>103.19999</ele>
        <time>2010-01-01T01:47:48Z</time>
      </trkpt>
      <trkpt lat="48.24863615" lon="-1.52223265">
        <ele>103.19999</ele>
        <time>2010-01-01T01:47:57Z</time>
      </trkpt>
      <trkpt lat="48.24884184" lon="-1.52217817">
        <ele>103.19999</ele>
        <time>2010-01-01T01:48:06Z</time>
      </trkpt>
      <trkpt lat="48.24893781" lon="-1.52213852">
        <ele>102.80000</ele>
        <time>2010-01-01T01:48:10Z</time>
      </trkpt>
      <trkpt lat="48.24896774" lon="-1.52213182">
        <ele>102.40000</ele>
        <time>2010-01-01T01:48:11Z</time>
      </trkpt>
      <trkpt lat="48.24899909" lon="-1.52212771">
        <ele>102.00000</ele>
        <time>2010-01-01T01:48:12Z</time>
      </trkpt>
      <trkpt lat="48.24903295" lon="-1.52212704">
        <ele>101.59999</ele>
        <time>2010-01-01T01:48:13Z</time>
      </trkpt>
      <trkpt lat="48.24906438" lon="-1.52212352">
        <ele>101.19999</ele>
        <time>2010-01-01T01:48:15Z</time>
      </trkpt>
      <trkpt lat="48.24923831" lon="-1.52212545">
        <ele>101.19999</ele>
        <time>2010-01-01T01:48:22Z</time>
      </trkpt>
      <trkpt lat="48.24945481" lon="-1.52215981">
        <ele>101.19999</ele>
        <time>2010-01-01T01:48:30Z</time>
      </trkpt>
      <trkpt lat="48.24965246" lon="-1.52212704">
        <ele>101.19999</ele>
        <time>2010-01-01T01:48:38Z</time>
      </trkpt>
      <trkpt lat="48.24991481" lon="-1.52204414">
        <ele>101.19999</ele>
        <time>2010-01-01T01:48:49Z</time>
      </trkpt>
      <trkpt lat="48.25007230" lon="-1.52203283">
        <ele>100.80000</ele>
        <time>2010-01-01T01:48:55Z</time>
      </trkpt>
      <trkpt lat="48.25009980" lon="-1.52202922">
        <ele>100.40000</ele>
        <time>2010-01-01T01:48:56Z</time>
      </trkpt>
      <trkpt lat="48.25012997" lon="-1.52202160">
        <ele>100.00000</ele>
        <time>2010-01-01T01:48:58Z</time>
      </trkpt>
      <trkpt lat="48.25016543" lon="-1.52201665">
        <ele>99.599998</ele>
        <time>2010-01-01T01:48:59Z</time>
      </trkpt>
      <trkpt lat="48.25020298" lon="-1.52201606">
        <ele>99.199996</ele>
        <time>2010-01-01T01:49:01Z</time>
      </trkpt>
      <trkpt lat="48.25024212" lon="-1.52201715">
        <ele>99.199996</ele>
        <time>2010-01-01T01:49:02Z</time>
      </trkpt>
      <trkpt lat="48.25052845" lon="-1.52201372">
        <ele>99.199996</ele>
        <time>2010-01-01T01:49:14Z</time>
      </trkpt>
      <trkpt lat="48.25056969" lon="-1.52199050">
        <ele>99.199996</ele>
        <time>2010-01-01T01:49:15Z</time>
      </trkpt>
      <trkpt lat="48.25080639" lon="-1.52186184">
        <ele>99.199996</ele>
        <time>2010-01-01T01:49:25Z</time>
      </trkpt>
      <trkpt lat="48.25085744" lon="-1.52185295">
        <ele>99.199996</ele>
        <time>2010-01-01T01:49:27Z</time>
      </trkpt>
      <trkpt lat="48.25105399" lon="-1.52184759">
        <ele>99.199996</ele>
        <time>2010-01-01T01:49:35Z</time>
      </trkpt>
      <trkpt lat="48.25115600" lon="-1.52185161">
        <ele>99.199996</ele>
        <time>2010-01-01T01:49:39Z</time>
      </trkpt>
      <trkpt lat="48.25141081" lon="-1.52184281">
        <ele>98.800003</ele>
        <time>2010-01-01T01:49:50Z</time>
      </trkpt>
      <trkpt lat="48.25145415" lon="-1.52183560">
        <ele>98.400001</ele>
        <time>2010-01-01T01:49:51Z</time>
      </trkpt>
      <trkpt lat="48.25149639" lon="-1.52182613">
        <ele>98.000000</ele>
        <time>2010-01-01T01:49:53Z</time>
      </trkpt>
      <trkpt lat="48.25153847" lon="-1.52181356">
        <ele>97.599998</ele>
        <time>2010-01-01T01:49:55Z</time>
      </trkpt>
      <trkpt lat="48.25158348" lon="-1.52179939">
        <ele>97.000000</ele>
        <time>2010-01-01T01:49:57Z</time>
      </trkpt>
      <trkpt lat="48.25167526" lon="-1.52175262">
        <ele>97.000000</ele>
        <time>2010-01-01T01:50:01Z</time>
      </trkpt>
      <trkpt lat="48.25175916" lon="-1.52168800">
        <ele>97.000000</ele>
        <time>2010-01-01T01:50:04Z</time>
      </trkpt>
      <trkpt lat="48.25232863" lon="-1.52154458">
        <ele>97.000000</ele>
        <time>2010-01-01T01:50:27Z</time>
      </trkpt>
      <trkpt lat="48.25245000" lon="-1.52124526">
        <ele>96.599998</ele>
        <time>2010-01-01T01:50:37Z</time>
      </trkpt>
      <trkpt lat="48.25246366" lon="-1.52118114">
        <ele>96.199996</ele>
        <time>2010-01-01T01:50:39Z</time>
      </trkpt>
      <trkpt lat="48.25248093" lon="-1.52111769">
        <ele>95.800003</ele>
        <time>2010-01-01T01:50:40Z</time>
      </trkpt>
      <trkpt lat="48.25249392" lon="-1.52105307">
        <ele>95.400001</ele>
        <time>2010-01-01T01:50:42Z</time>
      </trkpt>
      <trkpt lat="48.25250381" lon="-1.52099314">
        <ele>95.000000</ele>
        <time>2010-01-01T01:50:44Z</time>
      </trkpt>
      <trkpt lat="48.25252636" lon="-1.52075760">
        <ele>95.000000</ele>
        <time>2010-01-01T01:50:50Z</time>
      </trkpt>
      <trkpt lat="48.25257087" lon="-1.52041487">
        <ele>94.599998</ele>
        <time>2010-01-01T01:50:59Z</time>
      </trkpt>
      <trkpt lat="48.25259056" lon="-1.52039752">
        <ele>94.199996</ele>
        <time>2010-01-01T01:51:00Z</time>
      </trkpt>
      <trkpt lat="48.25261194" lon="-1.52038117">
        <ele>93.800003</ele>
        <time>2010-01-01T01:51:01Z</time>
      </trkpt>
      <trkpt lat="48.25263608" lon="-1.52036961">
        <ele>93.400001</ele>
        <time>2010-01-01T01:51:02Z</time>
      </trkpt>
      <trkpt lat="48.25266240" lon="-1.52036567">
        <ele>93.000000</ele>
        <time>2010-01-01T01:51:03Z</time>
      </trkpt>
      <trkpt lat="48.25271369" lon="-1.52037044">
        <ele>93.000000</ele>
        <time>2010-01-01T01:51:05Z</time>
      </trkpt>
      <trkpt lat="48.25284864" lon="-1.52034044">
        <ele>93.000000</ele>
        <time>2010-01-01T01:51:11Z</time>
      </trkpt>
      <trkpt lat="48.25305073" lon="-1.52030155">
        <ele>93.000000</ele>
        <time>2010-01-01T01:51:19Z</time>
      </trkpt>
      <trkpt lat="48.25326078" lon="-1.52023726">
        <ele>93.000000</ele>
        <time>2010-01-01T01:51:28Z</time>
      </trkpt>
      <trkpt lat="48.25330412" lon="-1.52019308">
        <ele>93.000000</ele>
        <time>2010-01-01T01:51:30Z</time>
      </trkpt>
      <trkpt lat="48.25330856" lon="-1.52015352">
        <ele>93.000000</ele>
        <time>2010-01-01T01:51:31Z</time>
      </trkpt>
      <trkpt lat="48.25329842" lon="-1.51996065">
        <ele>93.000000</ele>
        <time>2010-01-01T01:51:36Z</time>
      </trkpt>
      <trkpt lat="48.25331526" lon="-1.51950535">
        <ele>93.000000</ele>
        <time>2010-01-01T01:51:48Z</time>
      </trkpt>
      <trkpt lat="48.25331283" lon="-1.51919497">
        <ele>92.599998</ele>
        <time>2010-01-01T01:51:56Z</time>
      </trkpt>
      <trkpt lat="48.25331040" lon="-1.51915004">
        <ele>92.000000</ele>
        <time>2010-01-01T01:51:58Z</time>
      </trkpt>
      <trkpt lat="48.25330663" lon="-1.51910377">
        <ele>91.599998</ele>
        <time>2010-01-01T01:51:59Z</time>
      </trkpt>
      <trkpt lat="48.25330152" lon="-1.51905633">
        <ele>91.199996</ele>
        <time>2010-01-01T01:52:00Z</time>
      </trkpt>
      <trkpt lat="48.25328995" lon="-1.51901618">
        <ele>90.800003</ele>
        <time>2010-01-01T01:52:01Z</time>
      </trkpt>
      <trkpt lat="48.25326128" lon="-1.51886824">
        <ele>90.800003</ele>
        <time>2010-01-01T01:52:05Z</time>
      </trkpt>
      <trkpt lat="48.25329313" lon="-1.51872005">
        <ele>90.800003</ele>
        <time>2010-01-01T01:52:10Z</time>
      </trkpt>
      <trkpt lat="48.25340948" lon="-1.51860773">
        <ele>90.800003</ele>
        <time>2010-01-01T01:52:15Z</time>
      </trkpt>
      <trkpt lat="48.25357896" lon="-1.51854654">
        <ele>90.800003</ele>
        <time>2010-01-01T01:52:22Z</time>
      </trkpt>
      <trkpt lat="48.25386537" lon="-1.51843900">
        <ele>90.800003</ele>
        <time>2010-01-01T01:52:34Z</time>
      </trkpt>
      <trkpt lat="48.25413141" lon="-1.51835812">
        <ele>90.800003</ele>
        <time>2010-01-01T01:52:45Z</time>
      </trkpt>
      <trkpt lat="48.25431791" lon="-1.51829601">
        <ele>90.800003</ele>
        <time>2010-01-01T01:52:52Z</time>
      </trkpt>
      <trkpt lat="48.25458831" lon="-1.51827589">
        <ele>90.800003</ele>
        <time>2010-01-01T01:53:03Z</time>
      </trkpt>
      <trkpt lat="48.25487555" lon="-1.51823289">
        <ele>90.800003</ele>
        <time>2010-01-01T01:53:15Z</time>
      </trkpt>
      <trkpt lat="48.25507144" lon="-1.51817413">
        <ele>90.800003</ele>
        <time>2010-01-01T01:53:23Z</time>
      </trkpt>
      <trkpt lat="48.25526883" lon="-1.51814052">
        <ele>90.800003</ele>
        <time>2010-01-01T01:53:31Z</time>
      </trkpt>
      <trkpt lat="48.25547168" lon="-1.51802502">
        <ele>90.800003</ele>
        <time>2010-01-01T01:53:39Z</time>
      </trkpt>
      <trkpt lat="48.25550755" lon="-1.51798035">
        <ele>90.800003</ele>
        <time>2010-01-01T01:53:41Z</time>
      </trkpt>
      <trkpt lat="48.25559087" lon="-1.51781212">
        <ele>90.400001</ele>
        <time>2010-01-01T01:53:47Z</time>
      </trkpt>
      <trkpt lat="48.25561702" lon="-1.51775831">
        <ele>90.000000</ele>
        <time>2010-01-01T01:53:49Z</time>
      </trkpt>
      <trkpt lat="48.25565323" lon="-1.51770710">
        <ele>89.599998</ele>
        <time>2010-01-01T01:53:51Z</time>
      </trkpt>
      <trkpt lat="48.25569430" lon="-1.51766217">
        <ele>89.199996</ele>
        <time>2010-01-01T01:53:53Z</time>
      </trkpt>
      <trkpt lat="48.25573436" lon="-1.51761909">
        <ele>88.800003</ele>
        <time>2010-01-01T01:53:55Z</time>
      </trkpt>
      <trkpt lat="48.25581584" lon="-1.51754574">
        <ele>88.800003</ele>
        <time>2010-01-01T01:53:58Z</time>
      </trkpt>
      <trkpt lat="48.25586873" lon="-1.51730527">
        <ele>88.800003</ele>
        <time>2010-01-01T01:54:05Z</time>
      </trkpt>
      <trkpt lat="48.25587644" lon="-1.51710527">
        <ele>88.800003</ele>
        <time>2010-01-01T01:54:11Z</time>
      </trkpt>
      <trkpt lat="48.25589278" lon="-1.51700536">
        <ele>88.800003</ele>
        <time>2010-01-01T01:54:13Z</time>
      </trkpt>
      <trkpt lat="48.25591055" lon="-1.51693856">
        <ele>88.800003</ele>
        <time>2010-01-01T01:54:15Z</time>
      </trkpt>
    </trkseg>
  </trk>
</gpx>

