<?xml version="1.0" encoding="UTF-8" standalone="no" ?>
<gpx creator="CompeGPS" version="1.1" xsi:schemaLocation="http://www.topografix.com/GPX/1/1 http://www.topografix.com/GPX/1/1/gpx.xsd http://www.garmin.com/xmlschemas/WaypointExtension/v1 http://www8.garmin.com/xmlschemas/WaypointExtensionv1.xsd http://www.garmin.com/xmlschemas/TrackPointExtension/v1 http://www.garmin.com/xmlschemas/TrackPointExtensionv1.xsd http://www.garmin.com/xmlschemas/GpxExtensions/v3 http://www8.garmin.com/xmlschemas/GpxExtensionsv3.xsd http://www.garmin.com/xmlschemas/ActivityExtension/v1 http://www8.garmin.com/xmlschemas/ActivityExtensionv1.xsd http://www.garmin.com/xmlschemas/AdventuresExtensions/v1 http://www8.garmin.com/xmlschemas/AdventuresExtensionv1.xsd http://www.garmin.com/xmlschemas/PressureExtension/v1 http://www.garmin.com/xmlschemas/PressureExtensionv1.xsd http://www.garmin.com/xmlschemas/TripExtensions/v1 http://www.garmin.com/xmlschemas/TripExtensionsv1.xsd http://www.garmin.com/xmlschemas/TripMetaDataExtensions/v1 http://www.garmin.com/xmlschemas/TripMetaDataExtensionsv1.xsd http://www.garmin.com/xmlschemas/ViaPointTransportationModeExtensions/v1 http://www.garmin.com/xmlschemas/ViaPointTransportationModeExtensionsv1.xsd http://www.garmin.com/xmlschemas/CreationTimeExtension/v1 http://www.garmin.com/xmlschemas/CreationTimeExtensionsv1.xsd http://www.garmin.com/xmlschemas/AccelerationExtension/v1 http://www.garmin.com/xmlschemas/AccelerationExtensionv1.xsd http://www.garmin.com/xmlschemas/PowerExtension/v1 http://www.garmin.com/xmlschemas/PowerExtensionv1.xsd http://www.garmin.com/xmlschemas/VideoExtension/v1 http://www.garmin.com/xmlschemas/VideoExtensionv1.xsd" xmlns="http://www.topografix.com/GPX/1/1" xmlns:xsi="http://www.w3.org/2001/XMLSchema-instance" xmlns:wptx1="http://www.garmin.com/xmlschemas/WaypointExtension/v1" xmlns:gpxtrx="http://www.garmin.com/xmlschemas/GpxExtensions/v3" xmlns:gpxtpx="http://www.garmin.com/xmlschemas/TrackPointExtension/v1" xmlns:gpxx="http://www.garmin.com/xmlschemas/GpxExtensions/v3" xmlns:trp="http://www.garmin.com/xmlschemas/TripExtensions/v1" xmlns:adv="http://www.garmin.com/xmlschemas/AdventuresExtensions/v1" xmlns:prs="http://www.garmin.com/xmlschemas/PressureExtension/v1" xmlns:tmd="http://www.garmin.com/xmlschemas/TripMetaDataExtensions/v1" xmlns:vptm="http://www.garmin.com/xmlschemas/ViaPointTransportationModeExtensions/v1" xmlns:ctx="http://www.garmin.com/xmlschemas/CreationTimeExtension/v1" xmlns:gpxacc="http://www.garmin.com/xmlschemas/AccelerationExtension/v1" xmlns:gpxpx="http://www.garmin.com/xmlschemas/PowerExtension/v1" xmlns:vidx1="http://www.garmin.com/xmlschemas/VideoExtension/v1" xmlns:twonav="http://twonav.com/twonav">
  <metadata>
    <author>
      <email id="" domain=""/>
    </author>
    <copyright author="">
      <license>0145-M9M7-2D6T-0347</license>
    </copyright>
    <link href="http://www.compegps.com">
      <text>CompeGPS TEAM, SL</text>
    </link>
    <time>2024-04-25T14:04:00.100Z</time>
    <bounds maxlat="48.321958" maxlon="-1.403835" minlat="48.274828" minlon="-1.485563"/>
  </metadata>
  <trk>
    <name>circuit 24 Mézières sur Couesnon_définitif</name>
    <extensions>
      <line xmlns="http://www.topografix.com/GPX/gpx_style/0/2">
        <width>3</width>
      </line>
      <gpxx:TrackExtension>
        <gpxx:DisplayColor>Black</gpxx:DisplayColor>
      </gpxx:TrackExtension>
      <twonav:TwoNavExtension>
        <twonav:activity>1</twonav:activity>
        <twonav:terrain>0</twonav:terrain>
      </twonav:TwoNavExtension>
    </extensions>
    <trkseg>
      <trkpt lat="48.298562" lon="-1.431808">
        <ele>73.1</ele>
        <time>2024-04-25T11:28:18.000Z</time>
        <sat>13</sat>
      </trkpt>
      <trkpt lat="48.298343" lon="-1.432017">
        <ele>81.9</ele>
        <time>2024-04-25T11:28:19.000Z</time>
        <sat>14</sat>
      </trkpt>
      <trkpt lat="48.298268" lon="-1.432140">
        <ele>82.4</ele>
        <time>2024-04-25T11:28:28.000Z</time>
        <sat>16</sat>
      </trkpt>
      <trkpt lat="48.298173" lon="-1.432175">
        <ele>82.5</ele>
        <time>2024-04-25T11:28:31.000Z</time>
        <sat>15</sat>
      </trkpt>
      <trkpt lat="48.298078" lon="-1.432187">
        <ele>82.7</ele>
        <time>2024-04-25T11:28:34.000Z</time>
        <sat>14</sat>
      </trkpt>
      <trkpt lat="48.298078" lon="-1.432187">
        <ele>82.7</ele>
        <time>2024-04-25T11:28:34.000Z</time>
        <sat>14</sat>
      </trkpt>
      <trkpt lat="48.297982" lon="-1.432205">
        <ele>82.9</ele>
        <time>2024-04-25T11:28:37.000Z</time>
        <sat>14</sat>
      </trkpt>
      <trkpt lat="48.297883" lon="-1.432220">
        <ele>83.2</ele>
        <time>2024-04-25T11:28:40.000Z</time>
        <sat>15</sat>
      </trkpt>
      <trkpt lat="48.297783" lon="-1.432238">
        <ele>83.6</ele>
        <time>2024-04-25T11:28:43.000Z</time>
        <sat>13</sat>
      </trkpt>
      <trkpt lat="48.297682" lon="-1.432253">
        <ele>84.0</ele>
        <time>2024-04-25T11:28:46.000Z</time>
        <sat>12</sat>
      </trkpt>
      <trkpt lat="48.297585" lon="-1.432268">
        <ele>84.5</ele>
        <time>2024-04-25T11:28:49.000Z</time>
        <sat>14</sat>
      </trkpt>
      <trkpt lat="48.297487" lon="-1.432280">
        <ele>85.1</ele>
        <time>2024-04-25T11:28:52.000Z</time>
        <sat>15</sat>
      </trkpt>
      <trkpt lat="48.297392" lon="-1.432297">
        <ele>85.7</ele>
        <time>2024-04-25T11:28:55.000Z</time>
        <sat>15</sat>
      </trkpt>
      <trkpt lat="48.297298" lon="-1.432305">
        <ele>86.1</ele>
        <time>2024-04-25T11:28:58.000Z</time>
        <sat>13</sat>
      </trkpt>
      <trkpt lat="48.297203" lon="-1.432317">
        <ele>86.6</ele>
        <time>2024-04-25T11:29:01.000Z</time>
        <sat>13</sat>
      </trkpt>
      <trkpt lat="48.297107" lon="-1.432333">
        <ele>87.2</ele>
        <time>2024-04-25T11:29:04.000Z</time>
        <sat>13</sat>
      </trkpt>
      <trkpt lat="48.297012" lon="-1.432350">
        <ele>87.9</ele>
        <time>2024-04-25T11:29:07.000Z</time>
        <sat>12</sat>
      </trkpt>
      <trkpt lat="48.296913" lon="-1.432360">
        <ele>88.4</ele>
        <time>2024-04-25T11:29:10.000Z</time>
        <sat>12</sat>
      </trkpt>
      <trkpt lat="48.296810" lon="-1.432368">
        <ele>89.1</ele>
        <time>2024-04-25T11:29:13.000Z</time>
        <sat>11</sat>
      </trkpt>
      <trkpt lat="48.296707" lon="-1.432380">
        <ele>89.7</ele>
        <time>2024-04-25T11:29:16.000Z</time>
        <sat>12</sat>
      </trkpt>
      <trkpt lat="48.296607" lon="-1.432398">
        <ele>90.2</ele>
        <time>2024-04-25T11:29:19.000Z</time>
        <sat>10</sat>
      </trkpt>
      <trkpt lat="48.296512" lon="-1.432418">
        <ele>90.8</ele>
        <time>2024-04-25T11:29:22.000Z</time>
        <sat>10</sat>
      </trkpt>
      <trkpt lat="48.296413" lon="-1.432430">
        <ele>91.3</ele>
        <time>2024-04-25T11:29:25.000Z</time>
        <sat>12</sat>
      </trkpt>
      <trkpt lat="48.296312" lon="-1.432435">
        <ele>91.4</ele>
        <time>2024-04-25T11:29:28.000Z</time>
        <sat>10</sat>
      </trkpt>
      <trkpt lat="48.296212" lon="-1.432430">
        <ele>91.8</ele>
        <time>2024-04-25T11:29:31.000Z</time>
        <sat>11</sat>
      </trkpt>
      <trkpt lat="48.296118" lon="-1.432388">
        <ele>92.3</ele>
        <time>2024-04-25T11:29:34.000Z</time>
        <sat>12</sat>
      </trkpt>
      <trkpt lat="48.296077" lon="-1.432253">
        <ele>92.8</ele>
        <time>2024-04-25T11:29:37.000Z</time>
        <sat>12</sat>
      </trkpt>
      <trkpt lat="48.296078" lon="-1.432088">
        <ele>93.3</ele>
        <time>2024-04-25T11:29:40.000Z</time>
        <sat>11</sat>
      </trkpt>
      <trkpt lat="48.296088" lon="-1.431925">
        <ele>93.6</ele>
        <time>2024-04-25T11:29:43.000Z</time>
        <sat>10</sat>
      </trkpt>
      <trkpt lat="48.296093" lon="-1.431747">
        <ele>93.7</ele>
        <time>2024-04-25T11:29:46.000Z</time>
        <sat>13</sat>
      </trkpt>
      <trkpt lat="48.296097" lon="-1.431558">
        <ele>93.8</ele>
        <time>2024-04-25T11:29:49.000Z</time>
        <sat>12</sat>
      </trkpt>
      <trkpt lat="48.296087" lon="-1.431358">
        <ele>93.8</ele>
        <time>2024-04-25T11:29:52.000Z</time>
        <sat>11</sat>
      </trkpt>
      <trkpt lat="48.296078" lon="-1.431155">
        <ele>93.9</ele>
        <time>2024-04-25T11:29:55.000Z</time>
        <sat>12</sat>
      </trkpt>
      <trkpt lat="48.296065" lon="-1.431013">
        <ele>93.9</ele>
        <time>2024-04-25T11:29:57.000Z</time>
        <sat>14</sat>
      </trkpt>
      <trkpt lat="48.296043" lon="-1.430868">
        <ele>93.9</ele>
        <time>2024-04-25T11:29:59.000Z</time>
        <sat>14</sat>
      </trkpt>
      <trkpt lat="48.296015" lon="-1.430722">
        <ele>93.8</ele>
        <time>2024-04-25T11:30:01.000Z</time>
        <sat>13</sat>
      </trkpt>
      <trkpt lat="48.295983" lon="-1.430567">
        <ele>93.8</ele>
        <time>2024-04-25T11:30:03.000Z</time>
        <sat>11</sat>
      </trkpt>
      <trkpt lat="48.295955" lon="-1.430400">
        <ele>93.6</ele>
        <time>2024-04-25T11:30:05.000Z</time>
        <sat>10</sat>
      </trkpt>
      <trkpt lat="48.295923" lon="-1.430227">
        <ele>93.4</ele>
        <time>2024-04-25T11:30:07.000Z</time>
        <sat>12</sat>
      </trkpt>
      <trkpt lat="48.295895" lon="-1.430048">
        <ele>93.1</ele>
        <time>2024-04-25T11:30:09.000Z</time>
        <sat>11</sat>
      </trkpt>
      <trkpt lat="48.295862" lon="-1.429862">
        <ele>92.7</ele>
        <time>2024-04-25T11:30:11.000Z</time>
        <sat>12</sat>
      </trkpt>
      <trkpt lat="48.295820" lon="-1.429667">
        <ele>92.1</ele>
        <time>2024-04-25T11:30:13.000Z</time>
        <sat>11</sat>
      </trkpt>
      <trkpt lat="48.295765" lon="-1.429455">
        <ele>91.3</ele>
        <time>2024-04-25T11:30:15.000Z</time>
        <sat>14</sat>
      </trkpt>
      <trkpt lat="48.295705" lon="-1.429227">
        <ele>90.1</ele>
        <time>2024-04-25T11:30:17.000Z</time>
        <sat>12</sat>
      </trkpt>
      <trkpt lat="48.295648" lon="-1.428988">
        <ele>89.1</ele>
        <time>2024-04-25T11:30:19.000Z</time>
        <sat>12</sat>
      </trkpt>
      <trkpt lat="48.295597" lon="-1.428728">
        <ele>87.4</ele>
        <time>2024-04-25T11:30:21.000Z</time>
        <sat>14</sat>
      </trkpt>
      <trkpt lat="48.295575" lon="-1.428588">
        <ele>86.6</ele>
        <time>2024-04-25T11:30:22.000Z</time>
        <sat>13</sat>
      </trkpt>
      <trkpt lat="48.295557" lon="-1.428443">
        <ele>85.8</ele>
        <time>2024-04-25T11:30:23.000Z</time>
        <sat>14</sat>
      </trkpt>
      <trkpt lat="48.295538" lon="-1.428293">
        <ele>85.1</ele>
        <time>2024-04-25T11:30:24.000Z</time>
        <sat>14</sat>
      </trkpt>
      <trkpt lat="48.295522" lon="-1.428140">
        <ele>84.3</ele>
        <time>2024-04-25T11:30:25.000Z</time>
        <sat>14</sat>
      </trkpt>
      <trkpt lat="48.295510" lon="-1.427977">
        <ele>83.4</ele>
        <time>2024-04-25T11:30:26.000Z</time>
        <sat>14</sat>
      </trkpt>
      <trkpt lat="48.295498" lon="-1.427808">
        <ele>82.4</ele>
        <time>2024-04-25T11:30:27.000Z</time>
        <sat>13</sat>
      </trkpt>
      <trkpt lat="48.295487" lon="-1.427637">
        <ele>81.3</ele>
        <time>2024-04-25T11:30:28.000Z</time>
        <sat>13</sat>
      </trkpt>
      <trkpt lat="48.295470" lon="-1.427462">
        <ele>80.1</ele>
        <time>2024-04-25T11:30:29.000Z</time>
        <sat>13</sat>
      </trkpt>
      <trkpt lat="48.295450" lon="-1.427283">
        <ele>78.7</ele>
        <time>2024-04-25T11:30:30.000Z</time>
        <sat>15</sat>
      </trkpt>
      <trkpt lat="48.295427" lon="-1.427102">
        <ele>77.5</ele>
        <time>2024-04-25T11:30:31.000Z</time>
        <sat>14</sat>
      </trkpt>
      <trkpt lat="48.295397" lon="-1.426922">
        <ele>76.5</ele>
        <time>2024-04-25T11:30:32.000Z</time>
        <sat>14</sat>
      </trkpt>
      <trkpt lat="48.295362" lon="-1.426740">
        <ele>75.7</ele>
        <time>2024-04-25T11:30:33.000Z</time>
        <sat>15</sat>
      </trkpt>
      <trkpt lat="48.295323" lon="-1.426563">
        <ele>74.6</ele>
        <time>2024-04-25T11:30:34.000Z</time>
        <sat>15</sat>
      </trkpt>
      <trkpt lat="48.295282" lon="-1.426390">
        <ele>73.7</ele>
        <time>2024-04-25T11:30:35.000Z</time>
        <sat>15</sat>
      </trkpt>
      <trkpt lat="48.295238" lon="-1.426222">
        <ele>73.0</ele>
        <time>2024-04-25T11:30:36.000Z</time>
        <sat>15</sat>
      </trkpt>
      <trkpt lat="48.295193" lon="-1.426058">
        <ele>72.5</ele>
        <time>2024-04-25T11:30:37.000Z</time>
        <sat>16</sat>
      </trkpt>
      <trkpt lat="48.295150" lon="-1.425902">
        <ele>72.1</ele>
        <time>2024-04-25T11:30:38.000Z</time>
        <sat>15</sat>
      </trkpt>
      <trkpt lat="48.295107" lon="-1.425753">
        <ele>71.9</ele>
        <time>2024-04-25T11:30:39.000Z</time>
        <sat>14</sat>
      </trkpt>
      <trkpt lat="48.295067" lon="-1.425612">
        <ele>71.8</ele>
        <time>2024-04-25T11:30:40.000Z</time>
        <sat>16</sat>
      </trkpt>
      <trkpt lat="48.295028" lon="-1.425478">
        <ele>71.8</ele>
        <time>2024-04-25T11:30:41.000Z</time>
        <sat>16</sat>
      </trkpt>
      <trkpt lat="48.294993" lon="-1.425353">
        <ele>71.9</ele>
        <time>2024-04-25T11:30:42.000Z</time>
        <sat>16</sat>
      </trkpt>
      <trkpt lat="48.294940" lon="-1.425125">
        <ele>72.4</ele>
        <time>2024-04-25T11:30:44.000Z</time>
        <sat>14</sat>
      </trkpt>
      <trkpt lat="48.294903" lon="-1.424950">
        <ele>73.2</ele>
        <time>2024-04-25T11:30:46.000Z</time>
        <sat>13</sat>
      </trkpt>
      <trkpt lat="48.294870" lon="-1.424805">
        <ele>73.9</ele>
        <time>2024-04-25T11:30:48.000Z</time>
        <sat>14</sat>
      </trkpt>
      <trkpt lat="48.294842" lon="-1.424670">
        <ele>74.9</ele>
        <time>2024-04-25T11:30:50.000Z</time>
        <sat>13</sat>
      </trkpt>
      <trkpt lat="48.294817" lon="-1.424537">
        <ele>75.9</ele>
        <time>2024-04-25T11:30:52.000Z</time>
        <sat>14</sat>
      </trkpt>
      <trkpt lat="48.294785" lon="-1.424343">
        <ele>77.1</ele>
        <time>2024-04-25T11:30:55.000Z</time>
        <sat>14</sat>
      </trkpt>
      <trkpt lat="48.294757" lon="-1.424148">
        <ele>78.0</ele>
        <time>2024-04-25T11:30:58.000Z</time>
        <sat>14</sat>
      </trkpt>
      <trkpt lat="48.294732" lon="-1.423955">
        <ele>78.6</ele>
        <time>2024-04-25T11:31:01.000Z</time>
        <sat>14</sat>
      </trkpt>
      <trkpt lat="48.294715" lon="-1.423790">
        <ele>78.9</ele>
        <time>2024-04-25T11:31:04.000Z</time>
        <sat>15</sat>
      </trkpt>
      <trkpt lat="48.294608" lon="-1.423803">
        <ele>79.4</ele>
        <time>2024-04-25T11:31:10.000Z</time>
        <sat>14</sat>
      </trkpt>
      <trkpt lat="48.294542" lon="-1.423918">
        <ele>79.5</ele>
        <time>2024-04-25T11:31:13.000Z</time>
        <sat>12</sat>
      </trkpt>
      <trkpt lat="48.294473" lon="-1.424030">
        <ele>79.8</ele>
        <time>2024-04-25T11:31:16.000Z</time>
        <sat>12</sat>
      </trkpt>
      <trkpt lat="48.294408" lon="-1.424158">
        <ele>80.6</ele>
        <time>2024-04-25T11:31:20.000Z</time>
        <sat>12</sat>
      </trkpt>
      <trkpt lat="48.294327" lon="-1.424275">
        <ele>81.9</ele>
        <time>2024-04-25T11:31:24.000Z</time>
        <sat>14</sat>
      </trkpt>
      <trkpt lat="48.294230" lon="-1.424373">
        <ele>82.3</ele>
        <time>2024-04-25T11:31:27.000Z</time>
        <sat>14</sat>
      </trkpt>
      <trkpt lat="48.294135" lon="-1.424452">
        <ele>82.9</ele>
        <time>2024-04-25T11:31:30.000Z</time>
        <sat>13</sat>
      </trkpt>
      <trkpt lat="48.294023" lon="-1.424525">
        <ele>83.1</ele>
        <time>2024-04-25T11:31:33.000Z</time>
        <sat>13</sat>
      </trkpt>
      <trkpt lat="48.293937" lon="-1.424577">
        <ele>83.2</ele>
        <time>2024-04-25T11:31:35.000Z</time>
        <sat>13</sat>
      </trkpt>
      <trkpt lat="48.293822" lon="-1.424628">
        <ele>83.5</ele>
        <time>2024-04-25T11:31:38.000Z</time>
        <sat>13</sat>
      </trkpt>
      <trkpt lat="48.293710" lon="-1.424685">
        <ele>84.0</ele>
        <time>2024-04-25T11:31:41.000Z</time>
        <sat>13</sat>
      </trkpt>
      <trkpt lat="48.293610" lon="-1.424760">
        <ele>84.5</ele>
        <time>2024-04-25T11:31:44.000Z</time>
        <sat>12</sat>
      </trkpt>
      <trkpt lat="48.293515" lon="-1.424830">
        <ele>84.9</ele>
        <time>2024-04-25T11:31:47.000Z</time>
        <sat>12</sat>
      </trkpt>
      <trkpt lat="48.293422" lon="-1.424892">
        <ele>85.3</ele>
        <time>2024-04-25T11:31:51.000Z</time>
        <sat>12</sat>
      </trkpt>
      <trkpt lat="48.293325" lon="-1.424967">
        <ele>85.3</ele>
        <time>2024-04-25T11:31:55.000Z</time>
        <sat>12</sat>
      </trkpt>
      <trkpt lat="48.293223" lon="-1.425055">
        <ele>85.5</ele>
        <time>2024-04-25T11:31:59.000Z</time>
        <sat>12</sat>
      </trkpt>
      <trkpt lat="48.293137" lon="-1.425122">
        <ele>85.6</ele>
        <time>2024-04-25T11:32:02.000Z</time>
        <sat>13</sat>
      </trkpt>
      <trkpt lat="48.293048" lon="-1.425173">
        <ele>85.9</ele>
        <time>2024-04-25T11:32:05.000Z</time>
        <sat>12</sat>
      </trkpt>
      <trkpt lat="48.292952" lon="-1.425212">
        <ele>86.0</ele>
        <time>2024-04-25T11:32:08.000Z</time>
        <sat>12</sat>
      </trkpt>
      <trkpt lat="48.292847" lon="-1.425245">
        <ele>86.2</ele>
        <time>2024-04-25T11:32:11.000Z</time>
        <sat>13</sat>
      </trkpt>
      <trkpt lat="48.292743" lon="-1.425272">
        <ele>86.4</ele>
        <time>2024-04-25T11:32:14.000Z</time>
        <sat>13</sat>
      </trkpt>
      <trkpt lat="48.292645" lon="-1.425307">
        <ele>86.3</ele>
        <time>2024-04-25T11:32:17.000Z</time>
        <sat>13</sat>
      </trkpt>
      <trkpt lat="48.292535" lon="-1.425353">
        <ele>86.0</ele>
        <time>2024-04-25T11:32:20.000Z</time>
        <sat>14</sat>
      </trkpt>
      <trkpt lat="48.292418" lon="-1.425413">
        <ele>86.2</ele>
        <time>2024-04-25T11:32:23.000Z</time>
        <sat>13</sat>
      </trkpt>
      <trkpt lat="48.292308" lon="-1.425480">
        <ele>86.3</ele>
        <time>2024-04-25T11:32:26.000Z</time>
        <sat>13</sat>
      </trkpt>
      <trkpt lat="48.292208" lon="-1.425565">
        <ele>86.4</ele>
        <time>2024-04-25T11:32:29.000Z</time>
        <sat>12</sat>
      </trkpt>
      <trkpt lat="48.292117" lon="-1.425642">
        <ele>86.5</ele>
        <time>2024-04-25T11:32:32.000Z</time>
        <sat>13</sat>
      </trkpt>
      <trkpt lat="48.292033" lon="-1.425727">
        <ele>86.5</ele>
        <time>2024-04-25T11:32:35.000Z</time>
        <sat>13</sat>
      </trkpt>
      <trkpt lat="48.291937" lon="-1.425830">
        <ele>86.6</ele>
        <time>2024-04-25T11:32:39.000Z</time>
        <sat>13</sat>
      </trkpt>
      <trkpt lat="48.291845" lon="-1.425928">
        <ele>86.7</ele>
        <time>2024-04-25T11:32:42.000Z</time>
        <sat>13</sat>
      </trkpt>
      <trkpt lat="48.291765" lon="-1.425995">
        <ele>86.9</ele>
        <time>2024-04-25T11:32:44.000Z</time>
        <sat>13</sat>
      </trkpt>
      <trkpt lat="48.291673" lon="-1.426000">
        <ele>87.1</ele>
        <time>2024-04-25T11:32:47.000Z</time>
        <sat>13</sat>
      </trkpt>
      <trkpt lat="48.291600" lon="-1.425878">
        <ele>87.6</ele>
        <time>2024-04-25T11:32:51.000Z</time>
        <sat>13</sat>
      </trkpt>
      <trkpt lat="48.291548" lon="-1.425753">
        <ele>87.9</ele>
        <time>2024-04-25T11:32:54.000Z</time>
        <sat>11</sat>
      </trkpt>
      <trkpt lat="48.291485" lon="-1.425617">
        <ele>88.2</ele>
        <time>2024-04-25T11:32:57.000Z</time>
        <sat>12</sat>
      </trkpt>
      <trkpt lat="48.291425" lon="-1.425473">
        <ele>88.6</ele>
        <time>2024-04-25T11:33:00.000Z</time>
        <sat>12</sat>
      </trkpt>
      <trkpt lat="48.291360" lon="-1.425333">
        <ele>89.4</ele>
        <time>2024-04-25T11:33:03.000Z</time>
        <sat>12</sat>
      </trkpt>
      <trkpt lat="48.291297" lon="-1.425190">
        <ele>89.9</ele>
        <time>2024-04-25T11:33:06.000Z</time>
        <sat>12</sat>
      </trkpt>
      <trkpt lat="48.291240" lon="-1.425033">
        <ele>90.1</ele>
        <time>2024-04-25T11:33:09.000Z</time>
        <sat>12</sat>
      </trkpt>
      <trkpt lat="48.291193" lon="-1.424880">
        <ele>90.1</ele>
        <time>2024-04-25T11:33:12.000Z</time>
        <sat>13</sat>
      </trkpt>
      <trkpt lat="48.291137" lon="-1.424753">
        <ele>90.3</ele>
        <time>2024-04-25T11:33:15.000Z</time>
        <sat>14</sat>
      </trkpt>
      <trkpt lat="48.291082" lon="-1.424622">
        <ele>90.3</ele>
        <time>2024-04-25T11:33:18.000Z</time>
        <sat>14</sat>
      </trkpt>
      <trkpt lat="48.291005" lon="-1.424477">
        <ele>90.3</ele>
        <time>2024-04-25T11:33:21.000Z</time>
        <sat>14</sat>
      </trkpt>
      <trkpt lat="48.290935" lon="-1.424352">
        <ele>90.4</ele>
        <time>2024-04-25T11:33:24.000Z</time>
        <sat>14</sat>
      </trkpt>
      <trkpt lat="48.290855" lon="-1.424225">
        <ele>90.7</ele>
        <time>2024-04-25T11:33:27.000Z</time>
        <sat>12</sat>
      </trkpt>
      <trkpt lat="48.290780" lon="-1.424103">
        <ele>90.8</ele>
        <time>2024-04-25T11:33:30.000Z</time>
        <sat>13</sat>
      </trkpt>
      <trkpt lat="48.290718" lon="-1.423988">
        <ele>91.0</ele>
        <time>2024-04-25T11:33:33.000Z</time>
        <sat>11</sat>
      </trkpt>
      <trkpt lat="48.290645" lon="-1.423857">
        <ele>91.1</ele>
        <time>2024-04-25T11:33:38.000Z</time>
        <sat>13</sat>
      </trkpt>
      <trkpt lat="48.290577" lon="-1.423740">
        <ele>91.1</ele>
        <time>2024-04-25T11:33:42.000Z</time>
        <sat>13</sat>
      </trkpt>
      <trkpt lat="48.290510" lon="-1.423643">
        <ele>90.9</ele>
        <time>2024-04-25T11:33:45.000Z</time>
        <sat>13</sat>
      </trkpt>
      <trkpt lat="48.290433" lon="-1.423515">
        <ele>90.8</ele>
        <time>2024-04-25T11:33:48.000Z</time>
        <sat>13</sat>
      </trkpt>
      <trkpt lat="48.290360" lon="-1.423393">
        <ele>90.6</ele>
        <time>2024-04-25T11:33:51.000Z</time>
        <sat>13</sat>
      </trkpt>
      <trkpt lat="48.290297" lon="-1.423275">
        <ele>90.4</ele>
        <time>2024-04-25T11:33:54.000Z</time>
        <sat>13</sat>
      </trkpt>
      <trkpt lat="48.290228" lon="-1.423130">
        <ele>90.0</ele>
        <time>2024-04-25T11:33:57.000Z</time>
        <sat>13</sat>
      </trkpt>
      <trkpt lat="48.290175" lon="-1.422983">
        <ele>89.6</ele>
        <time>2024-04-25T11:34:00.000Z</time>
        <sat>14</sat>
      </trkpt>
      <trkpt lat="48.290115" lon="-1.422872">
        <ele>89.1</ele>
        <time>2024-04-25T11:34:03.000Z</time>
        <sat>13</sat>
      </trkpt>
      <trkpt lat="48.290043" lon="-1.422743">
        <ele>88.7</ele>
        <time>2024-04-25T11:34:07.000Z</time>
        <sat>13</sat>
      </trkpt>
      <trkpt lat="48.289975" lon="-1.422618">
        <ele>88.4</ele>
        <time>2024-04-25T11:34:11.000Z</time>
        <sat>15</sat>
      </trkpt>
      <trkpt lat="48.289917" lon="-1.422502">
        <ele>87.9</ele>
        <time>2024-04-25T11:34:16.000Z</time>
        <sat>12</sat>
      </trkpt>
      <trkpt lat="48.289850" lon="-1.422365">
        <ele>87.3</ele>
        <time>2024-04-25T11:34:21.000Z</time>
        <sat>15</sat>
      </trkpt>
      <trkpt lat="48.289782" lon="-1.422240">
        <ele>86.7</ele>
        <time>2024-04-25T11:34:26.000Z</time>
        <sat>14</sat>
      </trkpt>
      <trkpt lat="48.289718" lon="-1.422130">
        <ele>86.2</ele>
        <time>2024-04-25T11:34:31.000Z</time>
        <sat>12</sat>
      </trkpt>
      <trkpt lat="48.289647" lon="-1.422047">
        <ele>85.6</ele>
        <time>2024-04-25T11:34:35.000Z</time>
        <sat>14</sat>
      </trkpt>
      <trkpt lat="48.289570" lon="-1.421972">
        <ele>84.8</ele>
        <time>2024-04-25T11:34:40.000Z</time>
        <sat>14</sat>
      </trkpt>
      <trkpt lat="48.289485" lon="-1.421913">
        <ele>84.2</ele>
        <time>2024-04-25T11:34:46.000Z</time>
        <sat>14</sat>
      </trkpt>
      <trkpt lat="48.289397" lon="-1.421880">
        <ele>84.0</ele>
        <time>2024-04-25T11:34:52.000Z</time>
        <sat>14</sat>
      </trkpt>
      <trkpt lat="48.289307" lon="-1.421818">
        <ele>83.6</ele>
        <time>2024-04-25T11:34:57.000Z</time>
        <sat>14</sat>
      </trkpt>
      <trkpt lat="48.289217" lon="-1.421752">
        <ele>83.6</ele>
        <time>2024-04-25T11:35:00.000Z</time>
        <sat>14</sat>
      </trkpt>
      <trkpt lat="48.289133" lon="-1.421688">
        <ele>83.4</ele>
        <time>2024-04-25T11:35:03.000Z</time>
        <sat>14</sat>
      </trkpt>
      <trkpt lat="48.289043" lon="-1.421627">
        <ele>83.1</ele>
        <time>2024-04-25T11:35:06.000Z</time>
        <sat>16</sat>
      </trkpt>
      <trkpt lat="48.288948" lon="-1.421598">
        <ele>83.1</ele>
        <time>2024-04-25T11:35:09.000Z</time>
        <sat>15</sat>
      </trkpt>
      <trkpt lat="48.288852" lon="-1.421645">
        <ele>83.1</ele>
        <time>2024-04-25T11:35:12.000Z</time>
        <sat>14</sat>
      </trkpt>
      <trkpt lat="48.288767" lon="-1.421718">
        <ele>83.2</ele>
        <time>2024-04-25T11:35:15.000Z</time>
        <sat>13</sat>
      </trkpt>
      <trkpt lat="48.288680" lon="-1.421797">
        <ele>83.6</ele>
        <time>2024-04-25T11:35:18.000Z</time>
        <sat>14</sat>
      </trkpt>
      <trkpt lat="48.288573" lon="-1.421792">
        <ele>84.0</ele>
        <time>2024-04-25T11:35:22.000Z</time>
        <sat>15</sat>
      </trkpt>
      <trkpt lat="48.288522" lon="-1.421642">
        <ele>84.4</ele>
        <time>2024-04-25T11:35:26.000Z</time>
        <sat>15</sat>
      </trkpt>
      <trkpt lat="48.288470" lon="-1.421508">
        <ele>84.7</ele>
        <time>2024-04-25T11:35:29.000Z</time>
        <sat>14</sat>
      </trkpt>
      <trkpt lat="48.288413" lon="-1.421367">
        <ele>84.9</ele>
        <time>2024-04-25T11:35:32.000Z</time>
        <sat>14</sat>
      </trkpt>
      <trkpt lat="48.288357" lon="-1.421220">
        <ele>85.1</ele>
        <time>2024-04-25T11:35:35.000Z</time>
        <sat>16</sat>
      </trkpt>
      <trkpt lat="48.288297" lon="-1.421073">
        <ele>85.2</ele>
        <time>2024-04-25T11:35:38.000Z</time>
        <sat>14</sat>
      </trkpt>
      <trkpt lat="48.288238" lon="-1.420922">
        <ele>85.5</ele>
        <time>2024-04-25T11:35:41.000Z</time>
        <sat>14</sat>
      </trkpt>
      <trkpt lat="48.288180" lon="-1.420773">
        <ele>86.1</ele>
        <time>2024-04-25T11:35:44.000Z</time>
        <sat>15</sat>
      </trkpt>
      <trkpt lat="48.288122" lon="-1.420625">
        <ele>86.8</ele>
        <time>2024-04-25T11:35:47.000Z</time>
        <sat>15</sat>
      </trkpt>
      <trkpt lat="48.288072" lon="-1.420475">
        <ele>87.8</ele>
        <time>2024-04-25T11:35:50.000Z</time>
        <sat>15</sat>
      </trkpt>
      <trkpt lat="48.288023" lon="-1.420328">
        <ele>89.0</ele>
        <time>2024-04-25T11:35:53.000Z</time>
        <sat>15</sat>
      </trkpt>
      <trkpt lat="48.287973" lon="-1.420185">
        <ele>89.9</ele>
        <time>2024-04-25T11:35:56.000Z</time>
        <sat>15</sat>
      </trkpt>
      <trkpt lat="48.287920" lon="-1.420045">
        <ele>90.6</ele>
        <time>2024-04-25T11:35:59.000Z</time>
        <sat>16</sat>
      </trkpt>
      <trkpt lat="48.287863" lon="-1.419908">
        <ele>91.3</ele>
        <time>2024-04-25T11:36:02.000Z</time>
        <sat>16</sat>
      </trkpt>
      <trkpt lat="48.287827" lon="-1.419760">
        <ele>92.0</ele>
        <time>2024-04-25T11:36:05.000Z</time>
        <sat>17</sat>
      </trkpt>
      <trkpt lat="48.287792" lon="-1.419623">
        <ele>92.7</ele>
        <time>2024-04-25T11:36:08.000Z</time>
        <sat>17</sat>
      </trkpt>
      <trkpt lat="48.287732" lon="-1.419493">
        <ele>93.1</ele>
        <time>2024-04-25T11:36:11.000Z</time>
        <sat>14</sat>
      </trkpt>
      <trkpt lat="48.287665" lon="-1.419367">
        <ele>94.1</ele>
        <time>2024-04-25T11:36:14.000Z</time>
        <sat>15</sat>
      </trkpt>
      <trkpt lat="48.287592" lon="-1.419243">
        <ele>95.4</ele>
        <time>2024-04-25T11:36:18.000Z</time>
        <sat>16</sat>
      </trkpt>
      <trkpt lat="48.287500" lon="-1.419120">
        <ele>95.6</ele>
        <time>2024-04-25T11:36:22.000Z</time>
        <sat>16</sat>
      </trkpt>
      <trkpt lat="48.287417" lon="-1.419010">
        <ele>95.7</ele>
        <time>2024-04-25T11:36:25.000Z</time>
        <sat>14</sat>
      </trkpt>
      <trkpt lat="48.287340" lon="-1.418880">
        <ele>96.2</ele>
        <time>2024-04-25T11:36:28.000Z</time>
        <sat>14</sat>
      </trkpt>
      <trkpt lat="48.287263" lon="-1.418747">
        <ele>96.6</ele>
        <time>2024-04-25T11:36:31.000Z</time>
        <sat>14</sat>
      </trkpt>
      <trkpt lat="48.287203" lon="-1.418637">
        <ele>97.3</ele>
        <time>2024-04-25T11:36:34.000Z</time>
        <sat>14</sat>
      </trkpt>
      <trkpt lat="48.287133" lon="-1.418508">
        <ele>98.1</ele>
        <time>2024-04-25T11:36:37.000Z</time>
        <sat>14</sat>
      </trkpt>
      <trkpt lat="48.287067" lon="-1.418390">
        <ele>99.1</ele>
        <time>2024-04-25T11:36:40.000Z</time>
        <sat>14</sat>
      </trkpt>
      <trkpt lat="48.287003" lon="-1.418270">
        <ele>100.0</ele>
        <time>2024-04-25T11:36:43.000Z</time>
        <sat>15</sat>
      </trkpt>
      <trkpt lat="48.286930" lon="-1.418135">
        <ele>100.7</ele>
        <time>2024-04-25T11:36:46.000Z</time>
        <sat>15</sat>
      </trkpt>
      <trkpt lat="48.286867" lon="-1.417993">
        <ele>101.8</ele>
        <time>2024-04-25T11:36:49.000Z</time>
        <sat>15</sat>
      </trkpt>
      <trkpt lat="48.286820" lon="-1.417848">
        <ele>102.1</ele>
        <time>2024-04-25T11:36:52.000Z</time>
        <sat>15</sat>
      </trkpt>
      <trkpt lat="48.286792" lon="-1.417708">
        <ele>102.6</ele>
        <time>2024-04-25T11:36:55.000Z</time>
        <sat>15</sat>
      </trkpt>
      <trkpt lat="48.286747" lon="-1.417550">
        <ele>103.0</ele>
        <time>2024-04-25T11:36:58.000Z</time>
        <sat>14</sat>
      </trkpt>
      <trkpt lat="48.286685" lon="-1.417413">
        <ele>103.3</ele>
        <time>2024-04-25T11:37:01.000Z</time>
        <sat>15</sat>
      </trkpt>
      <trkpt lat="48.286620" lon="-1.417277">
        <ele>103.6</ele>
        <time>2024-04-25T11:37:04.000Z</time>
        <sat>15</sat>
      </trkpt>
      <trkpt lat="48.286558" lon="-1.417130">
        <ele>104.1</ele>
        <time>2024-04-25T11:37:07.000Z</time>
        <sat>16</sat>
      </trkpt>
      <trkpt lat="48.286507" lon="-1.417000">
        <ele>104.6</ele>
        <time>2024-04-25T11:37:10.000Z</time>
        <sat>16</sat>
      </trkpt>
      <trkpt lat="48.286463" lon="-1.416862">
        <ele>105.1</ele>
        <time>2024-04-25T11:37:13.000Z</time>
        <sat>15</sat>
      </trkpt>
      <trkpt lat="48.286437" lon="-1.416700">
        <ele>106.2</ele>
        <time>2024-04-25T11:37:17.000Z</time>
        <sat>15</sat>
      </trkpt>
      <trkpt lat="48.286507" lon="-1.416595">
        <ele>106.8</ele>
        <time>2024-04-25T11:37:21.000Z</time>
        <sat>14</sat>
      </trkpt>
      <trkpt lat="48.286627" lon="-1.416558">
        <ele>107.1</ele>
        <time>2024-04-25T11:37:24.000Z</time>
        <sat>13</sat>
      </trkpt>
      <trkpt lat="48.286713" lon="-1.416518">
        <ele>107.2</ele>
        <time>2024-04-25T11:37:26.000Z</time>
        <sat>14</sat>
      </trkpt>
      <trkpt lat="48.286805" lon="-1.416467">
        <ele>107.3</ele>
        <time>2024-04-25T11:37:28.000Z</time>
        <sat>13</sat>
      </trkpt>
      <trkpt lat="48.286900" lon="-1.416422">
        <ele>107.3</ele>
        <time>2024-04-25T11:37:30.000Z</time>
        <sat>14</sat>
      </trkpt>
      <trkpt lat="48.286997" lon="-1.416380">
        <ele>107.3</ele>
        <time>2024-04-25T11:37:32.000Z</time>
        <sat>13</sat>
      </trkpt>
      <trkpt lat="48.287093" lon="-1.416340">
        <ele>107.4</ele>
        <time>2024-04-25T11:37:34.000Z</time>
        <sat>13</sat>
      </trkpt>
      <trkpt lat="48.287190" lon="-1.416295">
        <ele>107.4</ele>
        <time>2024-04-25T11:37:36.000Z</time>
        <sat>14</sat>
      </trkpt>
      <trkpt lat="48.287287" lon="-1.416253">
        <ele>107.3</ele>
        <time>2024-04-25T11:37:38.000Z</time>
        <sat>15</sat>
      </trkpt>
      <trkpt lat="48.287390" lon="-1.416213">
        <ele>107.3</ele>
        <time>2024-04-25T11:37:40.000Z</time>
        <sat>15</sat>
      </trkpt>
      <trkpt lat="48.287493" lon="-1.416167">
        <ele>107.2</ele>
        <time>2024-04-25T11:37:42.000Z</time>
        <sat>15</sat>
      </trkpt>
      <trkpt lat="48.287595" lon="-1.416097">
        <ele>107.1</ele>
        <time>2024-04-25T11:37:44.000Z</time>
        <sat>15</sat>
      </trkpt>
      <trkpt lat="48.287692" lon="-1.415998">
        <ele>106.9</ele>
        <time>2024-04-25T11:37:46.000Z</time>
        <sat>15</sat>
      </trkpt>
      <trkpt lat="48.287778" lon="-1.415867">
        <ele>106.6</ele>
        <time>2024-04-25T11:37:48.000Z</time>
        <sat>15</sat>
      </trkpt>
      <trkpt lat="48.287868" lon="-1.415727">
        <ele>105.9</ele>
        <time>2024-04-25T11:37:50.000Z</time>
        <sat>16</sat>
      </trkpt>
      <trkpt lat="48.287968" lon="-1.415602">
        <ele>105.0</ele>
        <time>2024-04-25T11:37:52.000Z</time>
        <sat>15</sat>
      </trkpt>
      <trkpt lat="48.288075" lon="-1.415508">
        <ele>104.2</ele>
        <time>2024-04-25T11:37:54.000Z</time>
        <sat>15</sat>
      </trkpt>
      <trkpt lat="48.288185" lon="-1.415427">
        <ele>103.5</ele>
        <time>2024-04-25T11:37:56.000Z</time>
        <sat>15</sat>
      </trkpt>
      <trkpt lat="48.288285" lon="-1.415355">
        <ele>102.5</ele>
        <time>2024-04-25T11:37:58.000Z</time>
        <sat>15</sat>
      </trkpt>
      <trkpt lat="48.288395" lon="-1.415290">
        <ele>101.7</ele>
        <time>2024-04-25T11:38:01.000Z</time>
        <sat>12</sat>
      </trkpt>
      <trkpt lat="48.288428" lon="-1.415163">
        <ele>101.2</ele>
        <time>2024-04-25T11:38:06.000Z</time>
        <sat>13</sat>
      </trkpt>
      <trkpt lat="48.288398" lon="-1.414972">
        <ele>100.8</ele>
        <time>2024-04-25T11:38:09.000Z</time>
        <sat>12</sat>
      </trkpt>
      <trkpt lat="48.288385" lon="-1.414805">
        <ele>100.3</ele>
        <time>2024-04-25T11:38:11.000Z</time>
        <sat>12</sat>
      </trkpt>
      <trkpt lat="48.288378" lon="-1.414630">
        <ele>99.8</ele>
        <time>2024-04-25T11:38:13.000Z</time>
        <sat>13</sat>
      </trkpt>
      <trkpt lat="48.288372" lon="-1.414465">
        <ele>99.1</ele>
        <time>2024-04-25T11:38:15.000Z</time>
        <sat>12</sat>
      </trkpt>
      <trkpt lat="48.288365" lon="-1.414322">
        <ele>98.2</ele>
        <time>2024-04-25T11:38:17.000Z</time>
        <sat>14</sat>
      </trkpt>
      <trkpt lat="48.288342" lon="-1.414167">
        <ele>97.3</ele>
        <time>2024-04-25T11:38:20.000Z</time>
        <sat>17</sat>
      </trkpt>
      <trkpt lat="48.288290" lon="-1.414022">
        <ele>96.9</ele>
        <time>2024-04-25T11:38:24.000Z</time>
        <sat>12</sat>
      </trkpt>
      <trkpt lat="48.288250" lon="-1.413863">
        <ele>98.3</ele>
        <time>2024-04-25T11:38:28.000Z</time>
        <sat>12</sat>
      </trkpt>
      <trkpt lat="48.288270" lon="-1.413712">
        <ele>98.4</ele>
        <time>2024-04-25T11:38:32.000Z</time>
        <sat>11</sat>
      </trkpt>
      <trkpt lat="48.288310" lon="-1.413563">
        <ele>98.8</ele>
        <time>2024-04-25T11:38:36.000Z</time>
        <sat>12</sat>
      </trkpt>
      <trkpt lat="48.288358" lon="-1.413432">
        <ele>99.1</ele>
        <time>2024-04-25T11:38:39.000Z</time>
        <sat>11</sat>
      </trkpt>
      <trkpt lat="48.288427" lon="-1.413257">
        <ele>99.2</ele>
        <time>2024-04-25T11:38:42.000Z</time>
        <sat>12</sat>
      </trkpt>
      <trkpt lat="48.288470" lon="-1.413115">
        <ele>99.2</ele>
        <time>2024-04-25T11:38:45.000Z</time>
        <sat>12</sat>
      </trkpt>
      <trkpt lat="48.288475" lon="-1.412965">
        <ele>99.6</ele>
        <time>2024-04-25T11:38:48.000Z</time>
        <sat>11</sat>
      </trkpt>
      <trkpt lat="48.288452" lon="-1.412815">
        <ele>100.0</ele>
        <time>2024-04-25T11:38:51.000Z</time>
        <sat>12</sat>
      </trkpt>
      <trkpt lat="48.288452" lon="-1.412663">
        <ele>101.4</ele>
        <time>2024-04-25T11:38:55.000Z</time>
        <sat>13</sat>
      </trkpt>
      <trkpt lat="48.288433" lon="-1.412525">
        <ele>102.3</ele>
        <time>2024-04-25T11:38:59.000Z</time>
        <sat>14</sat>
      </trkpt>
      <trkpt lat="48.288445" lon="-1.412378">
        <ele>104.1</ele>
        <time>2024-04-25T11:39:03.000Z</time>
        <sat>14</sat>
      </trkpt>
      <trkpt lat="48.288450" lon="-1.412208">
        <ele>105.2</ele>
        <time>2024-04-25T11:39:07.000Z</time>
        <sat>11</sat>
      </trkpt>
      <trkpt lat="48.288420" lon="-1.412072">
        <ele>106.7</ele>
        <time>2024-04-25T11:39:10.000Z</time>
        <sat>12</sat>
      </trkpt>
      <trkpt lat="48.288392" lon="-1.411902">
        <ele>107.6</ele>
        <time>2024-04-25T11:39:14.000Z</time>
        <sat>14</sat>
      </trkpt>
      <trkpt lat="48.288368" lon="-1.411758">
        <ele>108.3</ele>
        <time>2024-04-25T11:39:17.000Z</time>
        <sat>14</sat>
      </trkpt>
      <trkpt lat="48.288343" lon="-1.411600">
        <ele>108.5</ele>
        <time>2024-04-25T11:39:21.000Z</time>
        <sat>13</sat>
      </trkpt>
      <trkpt lat="48.288308" lon="-1.411452">
        <ele>108.9</ele>
        <time>2024-04-25T11:39:24.000Z</time>
        <sat>13</sat>
      </trkpt>
      <trkpt lat="48.288277" lon="-1.411300">
        <ele>109.2</ele>
        <time>2024-04-25T11:39:27.000Z</time>
        <sat>13</sat>
      </trkpt>
      <trkpt lat="48.288253" lon="-1.411155">
        <ele>109.3</ele>
        <time>2024-04-25T11:39:31.000Z</time>
        <sat>14</sat>
      </trkpt>
      <trkpt lat="48.288237" lon="-1.410992">
        <ele>109.3</ele>
        <time>2024-04-25T11:39:36.000Z</time>
        <sat>14</sat>
      </trkpt>
      <trkpt lat="48.288285" lon="-1.410843">
        <ele>109.1</ele>
        <time>2024-04-25T11:39:41.000Z</time>
        <sat>14</sat>
      </trkpt>
      <trkpt lat="48.288363" lon="-1.410727">
        <ele>109.0</ele>
        <time>2024-04-25T11:39:45.000Z</time>
        <sat>12</sat>
      </trkpt>
      <trkpt lat="48.288440" lon="-1.410650">
        <ele>108.8</ele>
        <time>2024-04-25T11:39:48.000Z</time>
        <sat>14</sat>
      </trkpt>
      <trkpt lat="48.288528" lon="-1.410562">
        <ele>108.6</ele>
        <time>2024-04-25T11:39:51.000Z</time>
        <sat>15</sat>
      </trkpt>
      <trkpt lat="48.288608" lon="-1.410447">
        <ele>108.5</ele>
        <time>2024-04-25T11:39:54.000Z</time>
        <sat>15</sat>
      </trkpt>
      <trkpt lat="48.288687" lon="-1.410332">
        <ele>108.0</ele>
        <time>2024-04-25T11:39:57.000Z</time>
        <sat>15</sat>
      </trkpt>
      <trkpt lat="48.288760" lon="-1.410227">
        <ele>106.9</ele>
        <time>2024-04-25T11:40:00.000Z</time>
        <sat>14</sat>
      </trkpt>
      <trkpt lat="48.288837" lon="-1.410107">
        <ele>105.8</ele>
        <time>2024-04-25T11:40:05.000Z</time>
        <sat>15</sat>
      </trkpt>
      <trkpt lat="48.288922" lon="-1.410000">
        <ele>105.2</ele>
        <time>2024-04-25T11:40:09.000Z</time>
        <sat>12</sat>
      </trkpt>
      <trkpt lat="48.289015" lon="-1.409897">
        <ele>104.3</ele>
        <time>2024-04-25T11:40:13.000Z</time>
        <sat>12</sat>
      </trkpt>
      <trkpt lat="48.289095" lon="-1.409823">
        <ele>104.2</ele>
        <time>2024-04-25T11:40:16.000Z</time>
        <sat>15</sat>
      </trkpt>
      <trkpt lat="48.289193" lon="-1.409723">
        <ele>103.9</ele>
        <time>2024-04-25T11:40:19.000Z</time>
        <sat>14</sat>
      </trkpt>
      <trkpt lat="48.289280" lon="-1.409633">
        <ele>103.8</ele>
        <time>2024-04-25T11:40:22.000Z</time>
        <sat>15</sat>
      </trkpt>
      <trkpt lat="48.289358" lon="-1.409520">
        <ele>103.4</ele>
        <time>2024-04-25T11:40:25.000Z</time>
        <sat>15</sat>
      </trkpt>
      <trkpt lat="48.289433" lon="-1.409408">
        <ele>103.4</ele>
        <time>2024-04-25T11:40:28.000Z</time>
        <sat>15</sat>
      </trkpt>
      <trkpt lat="48.289502" lon="-1.409313">
        <ele>103.7</ele>
        <time>2024-04-25T11:40:31.000Z</time>
        <sat>15</sat>
      </trkpt>
      <trkpt lat="48.289562" lon="-1.409172">
        <ele>103.5</ele>
        <time>2024-04-25T11:40:35.000Z</time>
        <sat>15</sat>
      </trkpt>
      <trkpt lat="48.289623" lon="-1.409063">
        <ele>103.9</ele>
        <time>2024-04-25T11:40:38.000Z</time>
        <sat>15</sat>
      </trkpt>
      <trkpt lat="48.289693" lon="-1.408950">
        <ele>104.0</ele>
        <time>2024-04-25T11:40:41.000Z</time>
        <sat>15</sat>
      </trkpt>
      <trkpt lat="48.289758" lon="-1.408832">
        <ele>104.0</ele>
        <time>2024-04-25T11:40:44.000Z</time>
        <sat>14</sat>
      </trkpt>
      <trkpt lat="48.289827" lon="-1.408692">
        <ele>104.1</ele>
        <time>2024-04-25T11:40:48.000Z</time>
        <sat>14</sat>
      </trkpt>
      <trkpt lat="48.289892" lon="-1.408558">
        <ele>104.3</ele>
        <time>2024-04-25T11:40:52.000Z</time>
        <sat>13</sat>
      </trkpt>
      <trkpt lat="48.289968" lon="-1.408470">
        <ele>104.4</ele>
        <time>2024-04-25T11:40:55.000Z</time>
        <sat>15</sat>
      </trkpt>
      <trkpt lat="48.290062" lon="-1.408392">
        <ele>104.6</ele>
        <time>2024-04-25T11:40:58.000Z</time>
        <sat>15</sat>
      </trkpt>
      <trkpt lat="48.290152" lon="-1.408322">
        <ele>104.7</ele>
        <time>2024-04-25T11:41:01.000Z</time>
        <sat>15</sat>
      </trkpt>
      <trkpt lat="48.290237" lon="-1.408263">
        <ele>104.7</ele>
        <time>2024-04-25T11:41:04.000Z</time>
        <sat>14</sat>
      </trkpt>
      <trkpt lat="48.290333" lon="-1.408215">
        <ele>105.2</ele>
        <time>2024-04-25T11:41:07.000Z</time>
        <sat>14</sat>
      </trkpt>
      <trkpt lat="48.290447" lon="-1.408165">
        <ele>105.7</ele>
        <time>2024-04-25T11:41:10.000Z</time>
        <sat>14</sat>
      </trkpt>
      <trkpt lat="48.290552" lon="-1.408095">
        <ele>105.9</ele>
        <time>2024-04-25T11:41:13.000Z</time>
        <sat>15</sat>
      </trkpt>
      <trkpt lat="48.290662" lon="-1.408020">
        <ele>105.6</ele>
        <time>2024-04-25T11:41:16.000Z</time>
        <sat>15</sat>
      </trkpt>
      <trkpt lat="48.290762" lon="-1.407958">
        <ele>105.7</ele>
        <time>2024-04-25T11:41:19.000Z</time>
        <sat>15</sat>
      </trkpt>
      <trkpt lat="48.290865" lon="-1.407880">
        <ele>106.0</ele>
        <time>2024-04-25T11:41:22.000Z</time>
        <sat>16</sat>
      </trkpt>
      <trkpt lat="48.290955" lon="-1.407790">
        <ele>106.3</ele>
        <time>2024-04-25T11:41:25.000Z</time>
        <sat>14</sat>
      </trkpt>
      <trkpt lat="48.291047" lon="-1.407698">
        <ele>106.6</ele>
        <time>2024-04-25T11:41:28.000Z</time>
        <sat>15</sat>
      </trkpt>
      <trkpt lat="48.291133" lon="-1.407603">
        <ele>106.7</ele>
        <time>2024-04-25T11:41:31.000Z</time>
        <sat>14</sat>
      </trkpt>
      <trkpt lat="48.291228" lon="-1.407510">
        <ele>106.8</ele>
        <time>2024-04-25T11:41:34.000Z</time>
        <sat>14</sat>
      </trkpt>
      <trkpt lat="48.291312" lon="-1.407423">
        <ele>107.0</ele>
        <time>2024-04-25T11:41:37.000Z</time>
        <sat>14</sat>
      </trkpt>
      <trkpt lat="48.291402" lon="-1.407318">
        <ele>107.1</ele>
        <time>2024-04-25T11:41:40.000Z</time>
        <sat>15</sat>
      </trkpt>
      <trkpt lat="48.291485" lon="-1.407232">
        <ele>107.2</ele>
        <time>2024-04-25T11:41:43.000Z</time>
        <sat>15</sat>
      </trkpt>
      <trkpt lat="48.291567" lon="-1.407148">
        <ele>107.1</ele>
        <time>2024-04-25T11:41:46.000Z</time>
        <sat>15</sat>
      </trkpt>
      <trkpt lat="48.291652" lon="-1.407085">
        <ele>106.6</ele>
        <time>2024-04-25T11:41:49.000Z</time>
        <sat>14</sat>
      </trkpt>
      <trkpt lat="48.291748" lon="-1.407023">
        <ele>106.5</ele>
        <time>2024-04-25T11:41:52.000Z</time>
        <sat>14</sat>
      </trkpt>
      <trkpt lat="48.291832" lon="-1.406963">
        <ele>106.6</ele>
        <time>2024-04-25T11:41:55.000Z</time>
        <sat>13</sat>
      </trkpt>
      <trkpt lat="48.291913" lon="-1.406897">
        <ele>106.4</ele>
        <time>2024-04-25T11:41:58.000Z</time>
        <sat>13</sat>
      </trkpt>
      <trkpt lat="48.291998" lon="-1.406800">
        <ele>105.8</ele>
        <time>2024-04-25T11:42:01.000Z</time>
        <sat>12</sat>
      </trkpt>
      <trkpt lat="48.292093" lon="-1.406728">
        <ele>105.4</ele>
        <time>2024-04-25T11:42:04.000Z</time>
        <sat>12</sat>
      </trkpt>
      <trkpt lat="48.292182" lon="-1.406690">
        <ele>104.9</ele>
        <time>2024-04-25T11:42:08.000Z</time>
        <sat>12</sat>
      </trkpt>
      <trkpt lat="48.292228" lon="-1.406738">
        <ele>104.7</ele>
        <time>2024-04-25T11:42:18.000Z</time>
        <sat>12</sat>
      </trkpt>
      <trkpt lat="48.292230" lon="-1.406738">
        <ele>104.7</ele>
        <time>2024-04-25T11:42:19.000Z</time>
        <sat>11</sat>
      </trkpt>
      <trkpt lat="48.292242" lon="-1.406743">
        <ele>104.4</ele>
        <time>2024-04-25T11:42:38.000Z</time>
        <sat>13</sat>
      </trkpt>
      <trkpt lat="48.292242" lon="-1.406737">
        <ele>104.4</ele>
        <time>2024-04-25T11:42:39.000Z</time>
        <sat>10</sat>
      </trkpt>
      <trkpt lat="48.292330" lon="-1.406683">
        <ele>104.2</ele>
        <time>2024-04-25T11:42:48.000Z</time>
        <sat>12</sat>
      </trkpt>
      <trkpt lat="48.292423" lon="-1.406600">
        <ele>103.9</ele>
        <time>2024-04-25T11:43:03.000Z</time>
        <sat>14</sat>
      </trkpt>
      <trkpt lat="48.292510" lon="-1.406538">
        <ele>103.8</ele>
        <time>2024-04-25T11:43:06.000Z</time>
        <sat>14</sat>
      </trkpt>
      <trkpt lat="48.292605" lon="-1.406478">
        <ele>103.8</ele>
        <time>2024-04-25T11:43:09.000Z</time>
        <sat>14</sat>
      </trkpt>
      <trkpt lat="48.292702" lon="-1.406412">
        <ele>103.6</ele>
        <time>2024-04-25T11:43:13.000Z</time>
        <sat>14</sat>
      </trkpt>
      <trkpt lat="48.292800" lon="-1.406353">
        <ele>103.4</ele>
        <time>2024-04-25T11:43:18.000Z</time>
        <sat>15</sat>
      </trkpt>
      <trkpt lat="48.292907" lon="-1.406268">
        <ele>103.2</ele>
        <time>2024-04-25T11:43:24.000Z</time>
        <sat>13</sat>
      </trkpt>
      <trkpt lat="48.292992" lon="-1.406192">
        <ele>103.1</ele>
        <time>2024-04-25T11:43:27.000Z</time>
        <sat>13</sat>
      </trkpt>
      <trkpt lat="48.293088" lon="-1.406127">
        <ele>102.9</ele>
        <time>2024-04-25T11:43:31.000Z</time>
        <sat>15</sat>
      </trkpt>
      <trkpt lat="48.293178" lon="-1.406065">
        <ele>102.8</ele>
        <time>2024-04-25T11:43:34.000Z</time>
        <sat>16</sat>
      </trkpt>
      <trkpt lat="48.293263" lon="-1.405987">
        <ele>102.7</ele>
        <time>2024-04-25T11:43:37.000Z</time>
        <sat>15</sat>
      </trkpt>
      <trkpt lat="48.293352" lon="-1.405905">
        <ele>102.3</ele>
        <time>2024-04-25T11:43:41.000Z</time>
        <sat>14</sat>
      </trkpt>
      <trkpt lat="48.293452" lon="-1.405820">
        <ele>101.9</ele>
        <time>2024-04-25T11:43:45.000Z</time>
        <sat>15</sat>
      </trkpt>
      <trkpt lat="48.293542" lon="-1.405752">
        <ele>102.0</ele>
        <time>2024-04-25T11:43:48.000Z</time>
        <sat>15</sat>
      </trkpt>
      <trkpt lat="48.293642" lon="-1.405678">
        <ele>102.0</ele>
        <time>2024-04-25T11:43:51.000Z</time>
        <sat>15</sat>
      </trkpt>
      <trkpt lat="48.293747" lon="-1.405613">
        <ele>101.9</ele>
        <time>2024-04-25T11:43:54.000Z</time>
        <sat>15</sat>
      </trkpt>
      <trkpt lat="48.293843" lon="-1.405547">
        <ele>101.8</ele>
        <time>2024-04-25T11:43:57.000Z</time>
        <sat>15</sat>
      </trkpt>
      <trkpt lat="48.293945" lon="-1.405473">
        <ele>101.6</ele>
        <time>2024-04-25T11:44:00.000Z</time>
        <sat>15</sat>
      </trkpt>
      <trkpt lat="48.294033" lon="-1.405405">
        <ele>101.5</ele>
        <time>2024-04-25T11:44:03.000Z</time>
        <sat>15</sat>
      </trkpt>
      <trkpt lat="48.294130" lon="-1.405327">
        <ele>101.4</ele>
        <time>2024-04-25T11:44:06.000Z</time>
        <sat>15</sat>
      </trkpt>
      <trkpt lat="48.294208" lon="-1.405252">
        <ele>101.4</ele>
        <time>2024-04-25T11:44:09.000Z</time>
        <sat>15</sat>
      </trkpt>
      <trkpt lat="48.294298" lon="-1.405217">
        <ele>101.2</ele>
        <time>2024-04-25T11:44:12.000Z</time>
        <sat>15</sat>
      </trkpt>
      <trkpt lat="48.294395" lon="-1.405155">
        <ele>101.0</ele>
        <time>2024-04-25T11:44:15.000Z</time>
        <sat>15</sat>
      </trkpt>
      <trkpt lat="48.294492" lon="-1.405100">
        <ele>101.1</ele>
        <time>2024-04-25T11:44:18.000Z</time>
        <sat>15</sat>
      </trkpt>
      <trkpt lat="48.294585" lon="-1.405023">
        <ele>100.9</ele>
        <time>2024-04-25T11:44:21.000Z</time>
        <sat>15</sat>
      </trkpt>
      <trkpt lat="48.294673" lon="-1.404965">
        <ele>100.7</ele>
        <time>2024-04-25T11:44:24.000Z</time>
        <sat>15</sat>
      </trkpt>
      <trkpt lat="48.294757" lon="-1.404912">
        <ele>100.4</ele>
        <time>2024-04-25T11:44:27.000Z</time>
        <sat>15</sat>
      </trkpt>
      <trkpt lat="48.294852" lon="-1.404843">
        <ele>100.5</ele>
        <time>2024-04-25T11:44:31.000Z</time>
        <sat>16</sat>
      </trkpt>
      <trkpt lat="48.294938" lon="-1.404763">
        <ele>100.4</ele>
        <time>2024-04-25T11:44:37.000Z</time>
        <sat>14</sat>
      </trkpt>
      <trkpt lat="48.295022" lon="-1.404682">
        <ele>100.3</ele>
        <time>2024-04-25T11:44:42.000Z</time>
        <sat>15</sat>
      </trkpt>
      <trkpt lat="48.295015" lon="-1.404530">
        <ele>100.3</ele>
        <time>2024-04-25T11:44:46.000Z</time>
        <sat>16</sat>
      </trkpt>
      <trkpt lat="48.294985" lon="-1.404373">
        <ele>100.3</ele>
        <time>2024-04-25T11:44:49.000Z</time>
        <sat>15</sat>
      </trkpt>
      <trkpt lat="48.294955" lon="-1.404213">
        <ele>100.4</ele>
        <time>2024-04-25T11:44:52.000Z</time>
        <sat>15</sat>
      </trkpt>
      <trkpt lat="48.294920" lon="-1.404072">
        <ele>100.5</ele>
        <time>2024-04-25T11:44:55.000Z</time>
        <sat>15</sat>
      </trkpt>
      <trkpt lat="48.294878" lon="-1.403925">
        <ele>100.8</ele>
        <time>2024-04-25T11:44:59.000Z</time>
        <sat>14</sat>
      </trkpt>
      <trkpt lat="48.294965" lon="-1.403835">
        <ele>101.1</ele>
        <time>2024-04-25T11:45:05.000Z</time>
        <sat>17</sat>
      </trkpt>
      <trkpt lat="48.295078" lon="-1.403853">
        <ele>101.2</ele>
        <time>2024-04-25T11:45:08.000Z</time>
        <sat>16</sat>
      </trkpt>
      <trkpt lat="48.295213" lon="-1.403873">
        <ele>101.6</ele>
        <time>2024-04-25T11:45:11.000Z</time>
        <sat>15</sat>
      </trkpt>
      <trkpt lat="48.295312" lon="-1.403892">
        <ele>101.7</ele>
        <time>2024-04-25T11:45:13.000Z</time>
        <sat>15</sat>
      </trkpt>
      <trkpt lat="48.295415" lon="-1.403908">
        <ele>101.7</ele>
        <time>2024-04-25T11:45:15.000Z</time>
        <sat>13</sat>
      </trkpt>
      <trkpt lat="48.295513" lon="-1.403938">
        <ele>101.7</ele>
        <time>2024-04-25T11:45:17.000Z</time>
        <sat>15</sat>
      </trkpt>
      <trkpt lat="48.295613" lon="-1.403973">
        <ele>101.5</ele>
        <time>2024-04-25T11:45:19.000Z</time>
        <sat>16</sat>
      </trkpt>
      <trkpt lat="48.295712" lon="-1.404008">
        <ele>101.4</ele>
        <time>2024-04-25T11:45:21.000Z</time>
        <sat>16</sat>
      </trkpt>
      <trkpt lat="48.295812" lon="-1.404038">
        <ele>101.0</ele>
        <time>2024-04-25T11:45:23.000Z</time>
        <sat>16</sat>
      </trkpt>
      <trkpt lat="48.295917" lon="-1.404058">
        <ele>100.9</ele>
        <time>2024-04-25T11:45:25.000Z</time>
        <sat>17</sat>
      </trkpt>
      <trkpt lat="48.296023" lon="-1.404075">
        <ele>100.7</ele>
        <time>2024-04-25T11:45:27.000Z</time>
        <sat>17</sat>
      </trkpt>
      <trkpt lat="48.296137" lon="-1.404093">
        <ele>100.5</ele>
        <time>2024-04-25T11:45:29.000Z</time>
        <sat>17</sat>
      </trkpt>
      <trkpt lat="48.296250" lon="-1.404110">
        <ele>100.3</ele>
        <time>2024-04-25T11:45:31.000Z</time>
        <sat>17</sat>
      </trkpt>
      <trkpt lat="48.296357" lon="-1.404128">
        <ele>99.9</ele>
        <time>2024-04-25T11:45:33.000Z</time>
        <sat>17</sat>
      </trkpt>
      <trkpt lat="48.296453" lon="-1.404143">
        <ele>99.9</ele>
        <time>2024-04-25T11:45:35.000Z</time>
        <sat>17</sat>
      </trkpt>
      <trkpt lat="48.296548" lon="-1.404153">
        <ele>99.8</ele>
        <time>2024-04-25T11:45:37.000Z</time>
        <sat>17</sat>
      </trkpt>
      <trkpt lat="48.296650" lon="-1.404163">
        <ele>99.7</ele>
        <time>2024-04-25T11:45:39.000Z</time>
        <sat>16</sat>
      </trkpt>
      <trkpt lat="48.296752" lon="-1.404175">
        <ele>99.6</ele>
        <time>2024-04-25T11:45:41.000Z</time>
        <sat>16</sat>
      </trkpt>
      <trkpt lat="48.296847" lon="-1.404190">
        <ele>99.7</ele>
        <time>2024-04-25T11:45:43.000Z</time>
        <sat>15</sat>
      </trkpt>
      <trkpt lat="48.296937" lon="-1.404205">
        <ele>99.6</ele>
        <time>2024-04-25T11:45:45.000Z</time>
        <sat>16</sat>
      </trkpt>
      <trkpt lat="48.297057" lon="-1.404227">
        <ele>99.5</ele>
        <time>2024-04-25T11:45:48.000Z</time>
        <sat>16</sat>
      </trkpt>
      <trkpt lat="48.297162" lon="-1.404248">
        <ele>99.5</ele>
        <time>2024-04-25T11:45:52.000Z</time>
        <sat>16</sat>
      </trkpt>
      <trkpt lat="48.297257" lon="-1.404280">
        <ele>99.4</ele>
        <time>2024-04-25T11:45:55.000Z</time>
        <sat>15</sat>
      </trkpt>
      <trkpt lat="48.297347" lon="-1.404293">
        <ele>99.5</ele>
        <time>2024-04-25T11:45:57.000Z</time>
        <sat>15</sat>
      </trkpt>
      <trkpt lat="48.297448" lon="-1.404310">
        <ele>99.4</ele>
        <time>2024-04-25T11:45:59.000Z</time>
        <sat>16</sat>
      </trkpt>
      <trkpt lat="48.297558" lon="-1.404328">
        <ele>99.3</ele>
        <time>2024-04-25T11:46:01.000Z</time>
        <sat>15</sat>
      </trkpt>
      <trkpt lat="48.297672" lon="-1.404347">
        <ele>99.1</ele>
        <time>2024-04-25T11:46:03.000Z</time>
        <sat>16</sat>
      </trkpt>
      <trkpt lat="48.297783" lon="-1.404358">
        <ele>99.1</ele>
        <time>2024-04-25T11:46:05.000Z</time>
        <sat>16</sat>
      </trkpt>
      <trkpt lat="48.297895" lon="-1.404372">
        <ele>99.0</ele>
        <time>2024-04-25T11:46:07.000Z</time>
        <sat>16</sat>
      </trkpt>
      <trkpt lat="48.298005" lon="-1.404390">
        <ele>98.9</ele>
        <time>2024-04-25T11:46:09.000Z</time>
        <sat>16</sat>
      </trkpt>
      <trkpt lat="48.298117" lon="-1.404405">
        <ele>98.8</ele>
        <time>2024-04-25T11:46:11.000Z</time>
        <sat>16</sat>
      </trkpt>
      <trkpt lat="48.298225" lon="-1.404422">
        <ele>98.6</ele>
        <time>2024-04-25T11:46:13.000Z</time>
        <sat>16</sat>
      </trkpt>
      <trkpt lat="48.298335" lon="-1.404438">
        <ele>98.4</ele>
        <time>2024-04-25T11:46:15.000Z</time>
        <sat>16</sat>
      </trkpt>
      <trkpt lat="48.298443" lon="-1.404455">
        <ele>98.1</ele>
        <time>2024-04-25T11:46:17.000Z</time>
        <sat>16</sat>
      </trkpt>
      <trkpt lat="48.298552" lon="-1.404475">
        <ele>97.8</ele>
        <time>2024-04-25T11:46:19.000Z</time>
        <sat>16</sat>
      </trkpt>
      <trkpt lat="48.298658" lon="-1.404497">
        <ele>97.6</ele>
        <time>2024-04-25T11:46:21.000Z</time>
        <sat>16</sat>
      </trkpt>
      <trkpt lat="48.298765" lon="-1.404520">
        <ele>97.5</ele>
        <time>2024-04-25T11:46:23.000Z</time>
        <sat>16</sat>
      </trkpt>
      <trkpt lat="48.298863" lon="-1.404550">
        <ele>97.5</ele>
        <time>2024-04-25T11:46:25.000Z</time>
        <sat>15</sat>
      </trkpt>
      <trkpt lat="48.298955" lon="-1.404593">
        <ele>97.4</ele>
        <time>2024-04-25T11:46:27.000Z</time>
        <sat>15</sat>
      </trkpt>
      <trkpt lat="48.299043" lon="-1.404665">
        <ele>97.4</ele>
        <time>2024-04-25T11:46:29.000Z</time>
        <sat>16</sat>
      </trkpt>
      <trkpt lat="48.299122" lon="-1.404763">
        <ele>97.2</ele>
        <time>2024-04-25T11:46:31.000Z</time>
        <sat>14</sat>
      </trkpt>
      <trkpt lat="48.299198" lon="-1.404877">
        <ele>97.0</ele>
        <time>2024-04-25T11:46:33.000Z</time>
        <sat>14</sat>
      </trkpt>
      <trkpt lat="48.299288" lon="-1.404955">
        <ele>96.6</ele>
        <time>2024-04-25T11:46:35.000Z</time>
        <sat>15</sat>
      </trkpt>
      <trkpt lat="48.299387" lon="-1.404973">
        <ele>96.4</ele>
        <time>2024-04-25T11:46:37.000Z</time>
        <sat>16</sat>
      </trkpt>
      <trkpt lat="48.299480" lon="-1.404933">
        <ele>96.1</ele>
        <time>2024-04-25T11:46:39.000Z</time>
        <sat>16</sat>
      </trkpt>
      <trkpt lat="48.299572" lon="-1.404890">
        <ele>95.9</ele>
        <time>2024-04-25T11:46:41.000Z</time>
        <sat>16</sat>
      </trkpt>
      <trkpt lat="48.299663" lon="-1.404853">
        <ele>95.7</ele>
        <time>2024-04-25T11:46:43.000Z</time>
        <sat>16</sat>
      </trkpt>
      <trkpt lat="48.299757" lon="-1.404818">
        <ele>95.5</ele>
        <time>2024-04-25T11:46:45.000Z</time>
        <sat>16</sat>
      </trkpt>
      <trkpt lat="48.299855" lon="-1.404787">
        <ele>95.3</ele>
        <time>2024-04-25T11:46:47.000Z</time>
        <sat>16</sat>
      </trkpt>
      <trkpt lat="48.299962" lon="-1.404760">
        <ele>94.9</ele>
        <time>2024-04-25T11:46:49.000Z</time>
        <sat>16</sat>
      </trkpt>
      <trkpt lat="48.300083" lon="-1.404725">
        <ele>94.2</ele>
        <time>2024-04-25T11:46:51.000Z</time>
        <sat>17</sat>
      </trkpt>
      <trkpt lat="48.300208" lon="-1.404693">
        <ele>93.5</ele>
        <time>2024-04-25T11:46:53.000Z</time>
        <sat>16</sat>
      </trkpt>
      <trkpt lat="48.300338" lon="-1.404658">
        <ele>93.0</ele>
        <time>2024-04-25T11:46:55.000Z</time>
        <sat>15</sat>
      </trkpt>
      <trkpt lat="48.300478" lon="-1.404623">
        <ele>92.2</ele>
        <time>2024-04-25T11:46:57.000Z</time>
        <sat>16</sat>
      </trkpt>
      <trkpt lat="48.300617" lon="-1.404585">
        <ele>91.5</ele>
        <time>2024-04-25T11:46:59.000Z</time>
        <sat>16</sat>
      </trkpt>
      <trkpt lat="48.300735" lon="-1.404557">
        <ele>90.9</ele>
        <time>2024-04-25T11:47:01.000Z</time>
        <sat>16</sat>
      </trkpt>
      <trkpt lat="48.300843" lon="-1.404530">
        <ele>89.9</ele>
        <time>2024-04-25T11:47:03.000Z</time>
        <sat>16</sat>
      </trkpt>
      <trkpt lat="48.300940" lon="-1.404510">
        <ele>88.9</ele>
        <time>2024-04-25T11:47:05.000Z</time>
        <sat>14</sat>
      </trkpt>
      <trkpt lat="48.301043" lon="-1.404483">
        <ele>87.5</ele>
        <time>2024-04-25T11:47:08.000Z</time>
        <sat>14</sat>
      </trkpt>
      <trkpt lat="48.301145" lon="-1.404487">
        <ele>86.6</ele>
        <time>2024-04-25T11:47:12.000Z</time>
        <sat>14</sat>
      </trkpt>
      <trkpt lat="48.301203" lon="-1.404607">
        <ele>86.0</ele>
        <time>2024-04-25T11:47:16.000Z</time>
        <sat>15</sat>
      </trkpt>
      <trkpt lat="48.301253" lon="-1.404733">
        <ele>86.0</ele>
        <time>2024-04-25T11:47:20.000Z</time>
        <sat>14</sat>
      </trkpt>
      <trkpt lat="48.301315" lon="-1.404878">
        <ele>86.1</ele>
        <time>2024-04-25T11:47:24.000Z</time>
        <sat>13</sat>
      </trkpt>
      <trkpt lat="48.301360" lon="-1.405023">
        <ele>86.0</ele>
        <time>2024-04-25T11:47:27.000Z</time>
        <sat>13</sat>
      </trkpt>
      <trkpt lat="48.301397" lon="-1.405185">
        <ele>86.1</ele>
        <time>2024-04-25T11:47:30.000Z</time>
        <sat>14</sat>
      </trkpt>
      <trkpt lat="48.301437" lon="-1.405340">
        <ele>86.2</ele>
        <time>2024-04-25T11:47:33.000Z</time>
        <sat>14</sat>
      </trkpt>
      <trkpt lat="48.301498" lon="-1.405477">
        <ele>86.4</ele>
        <time>2024-04-25T11:47:36.000Z</time>
        <sat>13</sat>
      </trkpt>
      <trkpt lat="48.301577" lon="-1.405600">
        <ele>86.5</ele>
        <time>2024-04-25T11:47:39.000Z</time>
        <sat>12</sat>
      </trkpt>
      <trkpt lat="48.301670" lon="-1.405680">
        <ele>86.5</ele>
        <time>2024-04-25T11:47:42.000Z</time>
        <sat>15</sat>
      </trkpt>
      <trkpt lat="48.301768" lon="-1.405762">
        <ele>86.7</ele>
        <time>2024-04-25T11:47:45.000Z</time>
        <sat>16</sat>
      </trkpt>
      <trkpt lat="48.301845" lon="-1.405855">
        <ele>86.6</ele>
        <time>2024-04-25T11:47:48.000Z</time>
        <sat>14</sat>
      </trkpt>
      <trkpt lat="48.301917" lon="-1.405957">
        <ele>86.5</ele>
        <time>2024-04-25T11:47:51.000Z</time>
        <sat>12</sat>
      </trkpt>
      <trkpt lat="48.301983" lon="-1.406075">
        <ele>86.5</ele>
        <time>2024-04-25T11:47:54.000Z</time>
        <sat>13</sat>
      </trkpt>
      <trkpt lat="48.302055" lon="-1.406192">
        <ele>86.8</ele>
        <time>2024-04-25T11:47:57.000Z</time>
        <sat>13</sat>
      </trkpt>
      <trkpt lat="48.302142" lon="-1.406318">
        <ele>87.1</ele>
        <time>2024-04-25T11:48:00.000Z</time>
        <sat>14</sat>
      </trkpt>
      <trkpt lat="48.302205" lon="-1.406460">
        <ele>87.3</ele>
        <time>2024-04-25T11:48:03.000Z</time>
        <sat>13</sat>
      </trkpt>
      <trkpt lat="48.302292" lon="-1.406568">
        <ele>87.7</ele>
        <time>2024-04-25T11:48:06.000Z</time>
        <sat>11</sat>
      </trkpt>
      <trkpt lat="48.302373" lon="-1.406703">
        <ele>88.1</ele>
        <time>2024-04-25T11:48:09.000Z</time>
        <sat>12</sat>
      </trkpt>
      <trkpt lat="48.302447" lon="-1.406790">
        <ele>88.1</ele>
        <time>2024-04-25T11:48:11.000Z</time>
        <sat>12</sat>
      </trkpt>
      <trkpt lat="48.302523" lon="-1.406870">
        <ele>88.1</ele>
        <time>2024-04-25T11:48:13.000Z</time>
        <sat>12</sat>
      </trkpt>
      <trkpt lat="48.302622" lon="-1.406987">
        <ele>88.2</ele>
        <time>2024-04-25T11:48:16.000Z</time>
        <sat>12</sat>
      </trkpt>
      <trkpt lat="48.302708" lon="-1.407110">
        <ele>88.3</ele>
        <time>2024-04-25T11:48:19.000Z</time>
        <sat>11</sat>
      </trkpt>
      <trkpt lat="48.302797" lon="-1.407253">
        <ele>88.3</ele>
        <time>2024-04-25T11:48:22.000Z</time>
        <sat>11</sat>
      </trkpt>
      <trkpt lat="48.302890" lon="-1.407382">
        <ele>88.3</ele>
        <time>2024-04-25T11:48:25.000Z</time>
        <sat>13</sat>
      </trkpt>
      <trkpt lat="48.302980" lon="-1.407440">
        <ele>88.1</ele>
        <time>2024-04-25T11:48:28.000Z</time>
        <sat>14</sat>
      </trkpt>
      <trkpt lat="48.303063" lon="-1.407545">
        <ele>88.1</ele>
        <time>2024-04-25T11:48:31.000Z</time>
        <sat>15</sat>
      </trkpt>
      <trkpt lat="48.303183" lon="-1.407612">
        <ele>88.0</ele>
        <time>2024-04-25T11:48:34.000Z</time>
        <sat>15</sat>
      </trkpt>
      <trkpt lat="48.303313" lon="-1.407658">
        <ele>87.8</ele>
        <time>2024-04-25T11:48:37.000Z</time>
        <sat>14</sat>
      </trkpt>
      <trkpt lat="48.303422" lon="-1.407705">
        <ele>87.3</ele>
        <time>2024-04-25T11:48:40.000Z</time>
        <sat>14</sat>
      </trkpt>
      <trkpt lat="48.303545" lon="-1.407783">
        <ele>87.1</ele>
        <time>2024-04-25T11:48:43.000Z</time>
        <sat>15</sat>
      </trkpt>
      <trkpt lat="48.303635" lon="-1.407842">
        <ele>86.4</ele>
        <time>2024-04-25T11:48:46.000Z</time>
        <sat>11</sat>
      </trkpt>
      <trkpt lat="48.303735" lon="-1.407947">
        <ele>85.2</ele>
        <time>2024-04-25T11:48:50.000Z</time>
        <sat>12</sat>
      </trkpt>
      <trkpt lat="48.303790" lon="-1.408087">
        <ele>84.2</ele>
        <time>2024-04-25T11:48:53.000Z</time>
        <sat>13</sat>
      </trkpt>
      <trkpt lat="48.303823" lon="-1.408218">
        <ele>83.8</ele>
        <time>2024-04-25T11:48:55.000Z</time>
        <sat>12</sat>
      </trkpt>
      <trkpt lat="48.303853" lon="-1.408347">
        <ele>82.9</ele>
        <time>2024-04-25T11:48:57.000Z</time>
        <sat>13</sat>
      </trkpt>
      <trkpt lat="48.303903" lon="-1.408523">
        <ele>82.5</ele>
        <time>2024-04-25T11:49:00.000Z</time>
        <sat>13</sat>
      </trkpt>
      <trkpt lat="48.303967" lon="-1.408683">
        <ele>82.3</ele>
        <time>2024-04-25T11:49:03.000Z</time>
        <sat>11</sat>
      </trkpt>
      <trkpt lat="48.304037" lon="-1.408833">
        <ele>81.9</ele>
        <time>2024-04-25T11:49:06.000Z</time>
        <sat>12</sat>
      </trkpt>
      <trkpt lat="48.304097" lon="-1.409012">
        <ele>81.5</ele>
        <time>2024-04-25T11:49:09.000Z</time>
        <sat>12</sat>
      </trkpt>
      <trkpt lat="48.304108" lon="-1.409157">
        <ele>81.4</ele>
        <time>2024-04-25T11:49:11.000Z</time>
        <sat>11</sat>
      </trkpt>
      <trkpt lat="48.304137" lon="-1.409323">
        <ele>81.5</ele>
        <time>2024-04-25T11:49:14.000Z</time>
        <sat>11</sat>
      </trkpt>
      <trkpt lat="48.304182" lon="-1.409453">
        <ele>81.3</ele>
        <time>2024-04-25T11:49:17.000Z</time>
        <sat>11</sat>
      </trkpt>
      <trkpt lat="48.304263" lon="-1.409537">
        <ele>81.0</ele>
        <time>2024-04-25T11:49:20.000Z</time>
        <sat>13</sat>
      </trkpt>
      <trkpt lat="48.304367" lon="-1.409600">
        <ele>80.7</ele>
        <time>2024-04-25T11:49:23.000Z</time>
        <sat>11</sat>
      </trkpt>
      <trkpt lat="48.304477" lon="-1.409685">
        <ele>80.3</ele>
        <time>2024-04-25T11:49:26.000Z</time>
        <sat>11</sat>
      </trkpt>
      <trkpt lat="48.304572" lon="-1.409777">
        <ele>80.0</ele>
        <time>2024-04-25T11:49:29.000Z</time>
        <sat>11</sat>
      </trkpt>
      <trkpt lat="48.304668" lon="-1.409887">
        <ele>79.8</ele>
        <time>2024-04-25T11:49:32.000Z</time>
        <sat>11</sat>
      </trkpt>
      <trkpt lat="48.304755" lon="-1.409985">
        <ele>79.7</ele>
        <time>2024-04-25T11:49:35.000Z</time>
        <sat>11</sat>
      </trkpt>
      <trkpt lat="48.304843" lon="-1.410090">
        <ele>79.6</ele>
        <time>2024-04-25T11:49:38.000Z</time>
        <sat>11</sat>
      </trkpt>
      <trkpt lat="48.304925" lon="-1.410200">
        <ele>79.6</ele>
        <time>2024-04-25T11:49:41.000Z</time>
        <sat>11</sat>
      </trkpt>
      <trkpt lat="48.305015" lon="-1.410287">
        <ele>79.7</ele>
        <time>2024-04-25T11:49:45.000Z</time>
        <sat>12</sat>
      </trkpt>
      <trkpt lat="48.305115" lon="-1.410375">
        <ele>79.7</ele>
        <time>2024-04-25T11:49:48.000Z</time>
        <sat>11</sat>
      </trkpt>
      <trkpt lat="48.305218" lon="-1.410483">
        <ele>79.7</ele>
        <time>2024-04-25T11:49:51.000Z</time>
        <sat>12</sat>
      </trkpt>
      <trkpt lat="48.305317" lon="-1.410587">
        <ele>79.7</ele>
        <time>2024-04-25T11:49:54.000Z</time>
        <sat>12</sat>
      </trkpt>
      <trkpt lat="48.305393" lon="-1.410688">
        <ele>79.8</ele>
        <time>2024-04-25T11:49:56.000Z</time>
        <sat>14</sat>
      </trkpt>
      <trkpt lat="48.305470" lon="-1.410807">
        <ele>79.8</ele>
        <time>2024-04-25T11:49:58.000Z</time>
        <sat>13</sat>
      </trkpt>
      <trkpt lat="48.305537" lon="-1.410915">
        <ele>79.7</ele>
        <time>2024-04-25T11:50:00.000Z</time>
        <sat>11</sat>
      </trkpt>
      <trkpt lat="48.305623" lon="-1.411008">
        <ele>79.5</ele>
        <time>2024-04-25T11:50:03.000Z</time>
        <sat>12</sat>
      </trkpt>
      <trkpt lat="48.305685" lon="-1.411112">
        <ele>79.4</ele>
        <time>2024-04-25T11:50:06.000Z</time>
        <sat>12</sat>
      </trkpt>
      <trkpt lat="48.305752" lon="-1.411233">
        <ele>79.3</ele>
        <time>2024-04-25T11:50:09.000Z</time>
        <sat>11</sat>
      </trkpt>
      <trkpt lat="48.305828" lon="-1.411373">
        <ele>79.2</ele>
        <time>2024-04-25T11:50:12.000Z</time>
        <sat>11</sat>
      </trkpt>
      <trkpt lat="48.305932" lon="-1.411477">
        <ele>79.3</ele>
        <time>2024-04-25T11:50:15.000Z</time>
        <sat>12</sat>
      </trkpt>
      <trkpt lat="48.306050" lon="-1.411557">
        <ele>79.2</ele>
        <time>2024-04-25T11:50:18.000Z</time>
        <sat>12</sat>
      </trkpt>
      <trkpt lat="48.306178" lon="-1.411625">
        <ele>79.1</ele>
        <time>2024-04-25T11:50:21.000Z</time>
        <sat>13</sat>
      </trkpt>
      <trkpt lat="48.306262" lon="-1.411693">
        <ele>79.1</ele>
        <time>2024-04-25T11:50:23.000Z</time>
        <sat>12</sat>
      </trkpt>
      <trkpt lat="48.306337" lon="-1.411785">
        <ele>79.1</ele>
        <time>2024-04-25T11:50:25.000Z</time>
        <sat>13</sat>
      </trkpt>
      <trkpt lat="48.306400" lon="-1.411887">
        <ele>78.9</ele>
        <time>2024-04-25T11:50:27.000Z</time>
        <sat>13</sat>
      </trkpt>
      <trkpt lat="48.306453" lon="-1.412065">
        <ele>78.6</ele>
        <time>2024-04-25T11:50:30.000Z</time>
        <sat>13</sat>
      </trkpt>
      <trkpt lat="48.306488" lon="-1.412192">
        <ele>78.3</ele>
        <time>2024-04-25T11:50:32.000Z</time>
        <sat>13</sat>
      </trkpt>
      <trkpt lat="48.306535" lon="-1.412382">
        <ele>78.1</ele>
        <time>2024-04-25T11:50:35.000Z</time>
        <sat>14</sat>
      </trkpt>
      <trkpt lat="48.306562" lon="-1.412513">
        <ele>77.9</ele>
        <time>2024-04-25T11:50:37.000Z</time>
        <sat>14</sat>
      </trkpt>
      <trkpt lat="48.306608" lon="-1.412697">
        <ele>77.9</ele>
        <time>2024-04-25T11:50:40.000Z</time>
        <sat>15</sat>
      </trkpt>
      <trkpt lat="48.306652" lon="-1.412853">
        <ele>77.9</ele>
        <time>2024-04-25T11:50:43.000Z</time>
        <sat>15</sat>
      </trkpt>
      <trkpt lat="48.306690" lon="-1.412992">
        <ele>77.9</ele>
        <time>2024-04-25T11:50:46.000Z</time>
        <sat>15</sat>
      </trkpt>
      <trkpt lat="48.306780" lon="-1.412998">
        <ele>77.9</ele>
        <time>2024-04-25T11:50:50.000Z</time>
        <sat>15</sat>
      </trkpt>
      <trkpt lat="48.306873" lon="-1.412897">
        <ele>78.0</ele>
        <time>2024-04-25T11:50:53.000Z</time>
        <sat>15</sat>
      </trkpt>
      <trkpt lat="48.307002" lon="-1.412832">
        <ele>78.0</ele>
        <time>2024-04-25T11:50:56.000Z</time>
        <sat>16</sat>
      </trkpt>
      <trkpt lat="48.307095" lon="-1.412812">
        <ele>78.0</ele>
        <time>2024-04-25T11:50:58.000Z</time>
        <sat>13</sat>
      </trkpt>
      <trkpt lat="48.307190" lon="-1.412810">
        <ele>77.9</ele>
        <time>2024-04-25T11:51:00.000Z</time>
        <sat>13</sat>
      </trkpt>
      <trkpt lat="48.307282" lon="-1.412835">
        <ele>77.8</ele>
        <time>2024-04-25T11:51:02.000Z</time>
        <sat>16</sat>
      </trkpt>
      <trkpt lat="48.307367" lon="-1.412883">
        <ele>77.8</ele>
        <time>2024-04-25T11:51:04.000Z</time>
        <sat>15</sat>
      </trkpt>
      <trkpt lat="48.307487" lon="-1.412960">
        <ele>77.7</ele>
        <time>2024-04-25T11:51:07.000Z</time>
        <sat>15</sat>
      </trkpt>
      <trkpt lat="48.307575" lon="-1.412998">
        <ele>77.5</ele>
        <time>2024-04-25T11:51:09.000Z</time>
        <sat>15</sat>
      </trkpt>
      <trkpt lat="48.307667" lon="-1.413022">
        <ele>77.4</ele>
        <time>2024-04-25T11:51:11.000Z</time>
        <sat>15</sat>
      </trkpt>
      <trkpt lat="48.307760" lon="-1.413027">
        <ele>77.3</ele>
        <time>2024-04-25T11:51:13.000Z</time>
        <sat>15</sat>
      </trkpt>
      <trkpt lat="48.307863" lon="-1.413020">
        <ele>77.0</ele>
        <time>2024-04-25T11:51:15.000Z</time>
        <sat>15</sat>
      </trkpt>
      <trkpt lat="48.307963" lon="-1.413008">
        <ele>76.9</ele>
        <time>2024-04-25T11:51:17.000Z</time>
        <sat>15</sat>
      </trkpt>
      <trkpt lat="48.308067" lon="-1.412992">
        <ele>77.0</ele>
        <time>2024-04-25T11:51:19.000Z</time>
        <sat>16</sat>
      </trkpt>
      <trkpt lat="48.308170" lon="-1.412975">
        <ele>76.8</ele>
        <time>2024-04-25T11:51:21.000Z</time>
        <sat>17</sat>
      </trkpt>
      <trkpt lat="48.308278" lon="-1.412963">
        <ele>76.3</ele>
        <time>2024-04-25T11:51:23.000Z</time>
        <sat>17</sat>
      </trkpt>
      <trkpt lat="48.308382" lon="-1.412953">
        <ele>75.8</ele>
        <time>2024-04-25T11:51:25.000Z</time>
        <sat>16</sat>
      </trkpt>
      <trkpt lat="48.308477" lon="-1.412945">
        <ele>75.7</ele>
        <time>2024-04-25T11:51:27.000Z</time>
        <sat>18</sat>
      </trkpt>
      <trkpt lat="48.308593" lon="-1.412928">
        <ele>75.4</ele>
        <time>2024-04-25T11:51:30.000Z</time>
        <sat>15</sat>
      </trkpt>
      <trkpt lat="48.308697" lon="-1.412905">
        <ele>73.9</ele>
        <time>2024-04-25T11:51:33.000Z</time>
        <sat>16</sat>
      </trkpt>
      <trkpt lat="48.308808" lon="-1.412828">
        <ele>72.0</ele>
        <time>2024-04-25T11:51:36.000Z</time>
        <sat>14</sat>
      </trkpt>
      <trkpt lat="48.308915" lon="-1.412733">
        <ele>71.1</ele>
        <time>2024-04-25T11:51:39.000Z</time>
        <sat>14</sat>
      </trkpt>
      <trkpt lat="48.309025" lon="-1.412670">
        <ele>70.7</ele>
        <time>2024-04-25T11:51:42.000Z</time>
        <sat>12</sat>
      </trkpt>
      <trkpt lat="48.309155" lon="-1.412593">
        <ele>69.5</ele>
        <time>2024-04-25T11:51:45.000Z</time>
        <sat>13</sat>
      </trkpt>
      <trkpt lat="48.309265" lon="-1.412533">
        <ele>68.6</ele>
        <time>2024-04-25T11:51:47.000Z</time>
        <sat>15</sat>
      </trkpt>
      <trkpt lat="48.309383" lon="-1.412503">
        <ele>68.2</ele>
        <time>2024-04-25T11:51:49.000Z</time>
        <sat>15</sat>
      </trkpt>
      <trkpt lat="48.309502" lon="-1.412472">
        <ele>67.5</ele>
        <time>2024-04-25T11:51:51.000Z</time>
        <sat>14</sat>
      </trkpt>
      <trkpt lat="48.309612" lon="-1.412460">
        <ele>66.7</ele>
        <time>2024-04-25T11:51:53.000Z</time>
        <sat>13</sat>
      </trkpt>
      <trkpt lat="48.309708" lon="-1.412473">
        <ele>65.6</ele>
        <time>2024-04-25T11:51:55.000Z</time>
        <sat>13</sat>
      </trkpt>
      <trkpt lat="48.309798" lon="-1.412462">
        <ele>64.3</ele>
        <time>2024-04-25T11:51:57.000Z</time>
        <sat>13</sat>
      </trkpt>
      <trkpt lat="48.309915" lon="-1.412442">
        <ele>64.4</ele>
        <time>2024-04-25T11:51:59.000Z</time>
        <sat>14</sat>
      </trkpt>
      <trkpt lat="48.310048" lon="-1.412410">
        <ele>63.8</ele>
        <time>2024-04-25T11:52:01.000Z</time>
        <sat>15</sat>
      </trkpt>
      <trkpt lat="48.310152" lon="-1.412415">
        <ele>62.9</ele>
        <time>2024-04-25T11:52:03.000Z</time>
        <sat>15</sat>
      </trkpt>
      <trkpt lat="48.310250" lon="-1.412413">
        <ele>63.2</ele>
        <time>2024-04-25T11:52:05.000Z</time>
        <sat>14</sat>
      </trkpt>
      <trkpt lat="48.310342" lon="-1.412435">
        <ele>62.6</ele>
        <time>2024-04-25T11:52:07.000Z</time>
        <sat>15</sat>
      </trkpt>
      <trkpt lat="48.310433" lon="-1.412458">
        <ele>61.9</ele>
        <time>2024-04-25T11:52:09.000Z</time>
        <sat>15</sat>
      </trkpt>
      <trkpt lat="48.310515" lon="-1.412542">
        <ele>61.2</ele>
        <time>2024-04-25T11:52:12.000Z</time>
        <sat>13</sat>
      </trkpt>
      <trkpt lat="48.310572" lon="-1.412677">
        <ele>60.0</ele>
        <time>2024-04-25T11:52:15.000Z</time>
        <sat>11</sat>
      </trkpt>
      <trkpt lat="48.310603" lon="-1.412820">
        <ele>58.3</ele>
        <time>2024-04-25T11:52:19.000Z</time>
        <sat>13</sat>
      </trkpt>
      <trkpt lat="48.310612" lon="-1.412982">
        <ele>56.0</ele>
        <time>2024-04-25T11:52:22.000Z</time>
        <sat>11</sat>
      </trkpt>
      <trkpt lat="48.310618" lon="-1.413125">
        <ele>55.0</ele>
        <time>2024-04-25T11:52:24.000Z</time>
        <sat>11</sat>
      </trkpt>
      <trkpt lat="48.310633" lon="-1.413260">
        <ele>54.3</ele>
        <time>2024-04-25T11:52:26.000Z</time>
        <sat>11</sat>
      </trkpt>
      <trkpt lat="48.310687" lon="-1.413377">
        <ele>53.7</ele>
        <time>2024-04-25T11:52:29.000Z</time>
        <sat>11</sat>
      </trkpt>
      <trkpt lat="48.310787" lon="-1.413437">
        <ele>52.6</ele>
        <time>2024-04-25T11:52:33.000Z</time>
        <sat>11</sat>
      </trkpt>
      <trkpt lat="48.310878" lon="-1.413463">
        <ele>51.7</ele>
        <time>2024-04-25T11:52:36.000Z</time>
        <sat>11</sat>
      </trkpt>
      <trkpt lat="48.310992" lon="-1.413498">
        <ele>51.2</ele>
        <time>2024-04-25T11:52:39.000Z</time>
        <sat>11</sat>
      </trkpt>
      <trkpt lat="48.311082" lon="-1.413527">
        <ele>50.6</ele>
        <time>2024-04-25T11:52:44.000Z</time>
        <sat>12</sat>
      </trkpt>
      <trkpt lat="48.311177" lon="-1.413620">
        <ele>50.5</ele>
        <time>2024-04-25T11:52:50.000Z</time>
        <sat>12</sat>
      </trkpt>
      <trkpt lat="48.311155" lon="-1.413785">
        <ele>50.3</ele>
        <time>2024-04-25T11:52:54.000Z</time>
        <sat>12</sat>
      </trkpt>
      <trkpt lat="48.311088" lon="-1.413903">
        <ele>50.3</ele>
        <time>2024-04-25T11:52:56.000Z</time>
        <sat>12</sat>
      </trkpt>
      <trkpt lat="48.311028" lon="-1.414005">
        <ele>50.4</ele>
        <time>2024-04-25T11:52:58.000Z</time>
        <sat>12</sat>
      </trkpt>
      <trkpt lat="48.310938" lon="-1.414147">
        <ele>50.4</ele>
        <time>2024-04-25T11:53:01.000Z</time>
        <sat>12</sat>
      </trkpt>
      <trkpt lat="48.310850" lon="-1.414285">
        <ele>50.4</ele>
        <time>2024-04-25T11:53:04.000Z</time>
        <sat>12</sat>
      </trkpt>
      <trkpt lat="48.310753" lon="-1.414417">
        <ele>50.5</ele>
        <time>2024-04-25T11:53:07.000Z</time>
        <sat>11</sat>
      </trkpt>
      <trkpt lat="48.310672" lon="-1.414550">
        <ele>50.6</ele>
        <time>2024-04-25T11:53:10.000Z</time>
        <sat>11</sat>
      </trkpt>
      <trkpt lat="48.310582" lon="-1.414682">
        <ele>50.9</ele>
        <time>2024-04-25T11:53:13.000Z</time>
        <sat>11</sat>
      </trkpt>
      <trkpt lat="48.310497" lon="-1.414805">
        <ele>51.1</ele>
        <time>2024-04-25T11:53:16.000Z</time>
        <sat>12</sat>
      </trkpt>
      <trkpt lat="48.310403" lon="-1.414942">
        <ele>51.4</ele>
        <time>2024-04-25T11:53:19.000Z</time>
        <sat>11</sat>
      </trkpt>
      <trkpt lat="48.310308" lon="-1.415072">
        <ele>51.6</ele>
        <time>2024-04-25T11:53:22.000Z</time>
        <sat>11</sat>
      </trkpt>
      <trkpt lat="48.310212" lon="-1.415193">
        <ele>51.9</ele>
        <time>2024-04-25T11:53:25.000Z</time>
        <sat>11</sat>
      </trkpt>
      <trkpt lat="48.310115" lon="-1.415328">
        <ele>52.3</ele>
        <time>2024-04-25T11:53:28.000Z</time>
        <sat>11</sat>
      </trkpt>
      <trkpt lat="48.310027" lon="-1.415457">
        <ele>52.6</ele>
        <time>2024-04-25T11:53:31.000Z</time>
        <sat>11</sat>
      </trkpt>
      <trkpt lat="48.309928" lon="-1.415583">
        <ele>52.8</ele>
        <time>2024-04-25T11:53:34.000Z</time>
        <sat>12</sat>
      </trkpt>
      <trkpt lat="48.309830" lon="-1.415713">
        <ele>53.2</ele>
        <time>2024-04-25T11:53:37.000Z</time>
        <sat>12</sat>
      </trkpt>
      <trkpt lat="48.309747" lon="-1.415852">
        <ele>53.8</ele>
        <time>2024-04-25T11:53:40.000Z</time>
        <sat>11</sat>
      </trkpt>
      <trkpt lat="48.309653" lon="-1.415968">
        <ele>54.8</ele>
        <time>2024-04-25T11:53:43.000Z</time>
        <sat>12</sat>
      </trkpt>
      <trkpt lat="48.309570" lon="-1.416053">
        <ele>56.1</ele>
        <time>2024-04-25T11:53:46.000Z</time>
        <sat>12</sat>
      </trkpt>
      <trkpt lat="48.309467" lon="-1.416082">
        <ele>57.4</ele>
        <time>2024-04-25T11:53:50.000Z</time>
        <sat>12</sat>
      </trkpt>
      <trkpt lat="48.309437" lon="-1.416210">
        <ele>57.5</ele>
        <time>2024-04-25T11:53:53.000Z</time>
        <sat>14</sat>
      </trkpt>
      <trkpt lat="48.309478" lon="-1.416360">
        <ele>57.8</ele>
        <time>2024-04-25T11:53:56.000Z</time>
        <sat>13</sat>
      </trkpt>
      <trkpt lat="48.309485" lon="-1.416528">
        <ele>58.3</ele>
        <time>2024-04-25T11:53:59.000Z</time>
        <sat>11</sat>
      </trkpt>
      <trkpt lat="48.309452" lon="-1.416678">
        <ele>58.9</ele>
        <time>2024-04-25T11:54:02.000Z</time>
        <sat>11</sat>
      </trkpt>
      <trkpt lat="48.309422" lon="-1.416815">
        <ele>59.5</ele>
        <time>2024-04-25T11:54:05.000Z</time>
        <sat>12</sat>
      </trkpt>
      <trkpt lat="48.309525" lon="-1.416857">
        <ele>59.5</ele>
        <time>2024-04-25T11:54:11.000Z</time>
        <sat>11</sat>
      </trkpt>
      <trkpt lat="48.309645" lon="-1.416895">
        <ele>58.9</ele>
        <time>2024-04-25T11:54:14.000Z</time>
        <sat>11</sat>
      </trkpt>
      <trkpt lat="48.309770" lon="-1.416945">
        <ele>57.7</ele>
        <time>2024-04-25T11:54:17.000Z</time>
        <sat>12</sat>
      </trkpt>
      <trkpt lat="48.309862" lon="-1.416995">
        <ele>55.9</ele>
        <time>2024-04-25T11:54:19.000Z</time>
        <sat>13</sat>
      </trkpt>
      <trkpt lat="48.309935" lon="-1.417130">
        <ele>54.0</ele>
        <time>2024-04-25T11:54:22.000Z</time>
        <sat>11</sat>
      </trkpt>
      <trkpt lat="48.310005" lon="-1.417300">
        <ele>52.2</ele>
        <time>2024-04-25T11:54:25.000Z</time>
        <sat>10</sat>
      </trkpt>
      <trkpt lat="48.310067" lon="-1.417447">
        <ele>51.4</ele>
        <time>2024-04-25T11:54:27.000Z</time>
        <sat>11</sat>
      </trkpt>
      <trkpt lat="48.310105" lon="-1.417580">
        <ele>50.2</ele>
        <time>2024-04-25T11:54:29.000Z</time>
        <sat>11</sat>
      </trkpt>
      <trkpt lat="48.310137" lon="-1.417757">
        <ele>49.4</ele>
        <time>2024-04-25T11:54:32.000Z</time>
        <sat>11</sat>
      </trkpt>
      <trkpt lat="48.310125" lon="-1.417925">
        <ele>49.1</ele>
        <time>2024-04-25T11:54:35.000Z</time>
        <sat>11</sat>
      </trkpt>
      <trkpt lat="48.310137" lon="-1.418078">
        <ele>49.0</ele>
        <time>2024-04-25T11:54:38.000Z</time>
        <sat>11</sat>
      </trkpt>
      <trkpt lat="48.310168" lon="-1.418267">
        <ele>49.0</ele>
        <time>2024-04-25T11:54:41.000Z</time>
        <sat>11</sat>
      </trkpt>
      <trkpt lat="48.310187" lon="-1.418407">
        <ele>48.9</ele>
        <time>2024-04-25T11:54:43.000Z</time>
        <sat>11</sat>
      </trkpt>
      <trkpt lat="48.310220" lon="-1.418563">
        <ele>48.7</ele>
        <time>2024-04-25T11:54:46.000Z</time>
        <sat>10</sat>
      </trkpt>
      <trkpt lat="48.310210" lon="-1.418702">
        <ele>48.7</ele>
        <time>2024-04-25T11:54:48.000Z</time>
        <sat>11</sat>
      </trkpt>
      <trkpt lat="48.310233" lon="-1.418890">
        <ele>48.5</ele>
        <time>2024-04-25T11:54:51.000Z</time>
        <sat>11</sat>
      </trkpt>
      <trkpt lat="48.310253" lon="-1.419025">
        <ele>48.4</ele>
        <time>2024-04-25T11:54:53.000Z</time>
        <sat>11</sat>
      </trkpt>
      <trkpt lat="48.310283" lon="-1.419175">
        <ele>48.3</ele>
        <time>2024-04-25T11:54:55.000Z</time>
        <sat>11</sat>
      </trkpt>
      <trkpt lat="48.310310" lon="-1.419327">
        <ele>48.3</ele>
        <time>2024-04-25T11:54:57.000Z</time>
        <sat>11</sat>
      </trkpt>
      <trkpt lat="48.310327" lon="-1.419510">
        <ele>48.3</ele>
        <time>2024-04-25T11:54:59.000Z</time>
        <sat>11</sat>
      </trkpt>
      <trkpt lat="48.310360" lon="-1.419672">
        <ele>48.2</ele>
        <time>2024-04-25T11:55:01.000Z</time>
        <sat>11</sat>
      </trkpt>
      <trkpt lat="48.310393" lon="-1.419812">
        <ele>48.2</ele>
        <time>2024-04-25T11:55:03.000Z</time>
        <sat>11</sat>
      </trkpt>
      <trkpt lat="48.310427" lon="-1.420002">
        <ele>48.1</ele>
        <time>2024-04-25T11:55:06.000Z</time>
        <sat>11</sat>
      </trkpt>
      <trkpt lat="48.310453" lon="-1.420202">
        <ele>48.0</ele>
        <time>2024-04-25T11:55:09.000Z</time>
        <sat>12</sat>
      </trkpt>
      <trkpt lat="48.310467" lon="-1.420355">
        <ele>48.0</ele>
        <time>2024-04-25T11:55:11.000Z</time>
        <sat>12</sat>
      </trkpt>
      <trkpt lat="48.310467" lon="-1.420510">
        <ele>48.1</ele>
        <time>2024-04-25T11:55:13.000Z</time>
        <sat>12</sat>
      </trkpt>
      <trkpt lat="48.310485" lon="-1.420700">
        <ele>48.2</ele>
        <time>2024-04-25T11:55:16.000Z</time>
        <sat>12</sat>
      </trkpt>
      <trkpt lat="48.310480" lon="-1.420880">
        <ele>48.3</ele>
        <time>2024-04-25T11:55:19.000Z</time>
        <sat>12</sat>
      </trkpt>
      <trkpt lat="48.310462" lon="-1.421023">
        <ele>48.2</ele>
        <time>2024-04-25T11:55:22.000Z</time>
        <sat>11</sat>
      </trkpt>
      <trkpt lat="48.310438" lon="-1.421175">
        <ele>48.2</ele>
        <time>2024-04-25T11:55:25.000Z</time>
        <sat>12</sat>
      </trkpt>
      <trkpt lat="48.310450" lon="-1.421327">
        <ele>48.3</ele>
        <time>2024-04-25T11:55:28.000Z</time>
        <sat>12</sat>
      </trkpt>
      <trkpt lat="48.310482" lon="-1.421495">
        <ele>48.4</ele>
        <time>2024-04-25T11:55:31.000Z</time>
        <sat>12</sat>
      </trkpt>
      <trkpt lat="48.310520" lon="-1.421652">
        <ele>48.4</ele>
        <time>2024-04-25T11:55:34.000Z</time>
        <sat>12</sat>
      </trkpt>
      <trkpt lat="48.310583" lon="-1.421813">
        <ele>48.3</ele>
        <time>2024-04-25T11:55:37.000Z</time>
        <sat>12</sat>
      </trkpt>
      <trkpt lat="48.310625" lon="-1.421950">
        <ele>48.3</ele>
        <time>2024-04-25T11:55:39.000Z</time>
        <sat>12</sat>
      </trkpt>
      <trkpt lat="48.310663" lon="-1.422080">
        <ele>48.3</ele>
        <time>2024-04-25T11:55:41.000Z</time>
        <sat>12</sat>
      </trkpt>
      <trkpt lat="48.310697" lon="-1.422213">
        <ele>48.3</ele>
        <time>2024-04-25T11:55:43.000Z</time>
        <sat>11</sat>
      </trkpt>
      <trkpt lat="48.310742" lon="-1.422390">
        <ele>48.2</ele>
        <time>2024-04-25T11:55:46.000Z</time>
        <sat>12</sat>
      </trkpt>
      <trkpt lat="48.310767" lon="-1.422530">
        <ele>48.2</ele>
        <time>2024-04-25T11:55:48.000Z</time>
        <sat>12</sat>
      </trkpt>
      <trkpt lat="48.310802" lon="-1.422655">
        <ele>48.2</ele>
        <time>2024-04-25T11:55:50.000Z</time>
        <sat>12</sat>
      </trkpt>
      <trkpt lat="48.310848" lon="-1.422830">
        <ele>48.2</ele>
        <time>2024-04-25T11:55:53.000Z</time>
        <sat>12</sat>
      </trkpt>
      <trkpt lat="48.310880" lon="-1.422997">
        <ele>48.1</ele>
        <time>2024-04-25T11:55:56.000Z</time>
        <sat>12</sat>
      </trkpt>
      <trkpt lat="48.310905" lon="-1.423168">
        <ele>48.0</ele>
        <time>2024-04-25T11:55:59.000Z</time>
        <sat>12</sat>
      </trkpt>
      <trkpt lat="48.310923" lon="-1.423325">
        <ele>48.0</ele>
        <time>2024-04-25T11:56:02.000Z</time>
        <sat>12</sat>
      </trkpt>
      <trkpt lat="48.310923" lon="-1.423467">
        <ele>48.0</ele>
        <time>2024-04-25T11:56:04.000Z</time>
        <sat>12</sat>
      </trkpt>
      <trkpt lat="48.310943" lon="-1.423605">
        <ele>48.1</ele>
        <time>2024-04-25T11:56:06.000Z</time>
        <sat>11</sat>
      </trkpt>
      <trkpt lat="48.310977" lon="-1.423798">
        <ele>48.1</ele>
        <time>2024-04-25T11:56:09.000Z</time>
        <sat>12</sat>
      </trkpt>
      <trkpt lat="48.310998" lon="-1.423967">
        <ele>48.1</ele>
        <time>2024-04-25T11:56:12.000Z</time>
        <sat>12</sat>
      </trkpt>
      <trkpt lat="48.311028" lon="-1.424128">
        <ele>48.1</ele>
        <time>2024-04-25T11:56:15.000Z</time>
        <sat>11</sat>
      </trkpt>
      <trkpt lat="48.311072" lon="-1.424280">
        <ele>48.2</ele>
        <time>2024-04-25T11:56:18.000Z</time>
        <sat>11</sat>
      </trkpt>
      <trkpt lat="48.311052" lon="-1.424455">
        <ele>48.3</ele>
        <time>2024-04-25T11:56:21.000Z</time>
        <sat>11</sat>
      </trkpt>
      <trkpt lat="48.311007" lon="-1.424577">
        <ele>48.6</ele>
        <time>2024-04-25T11:56:24.000Z</time>
        <sat>11</sat>
      </trkpt>
      <trkpt lat="48.310938" lon="-1.424683">
        <ele>49.3</ele>
        <time>2024-04-25T11:56:27.000Z</time>
        <sat>11</sat>
      </trkpt>
      <trkpt lat="48.310847" lon="-1.424753">
        <ele>50.6</ele>
        <time>2024-04-25T11:56:30.000Z</time>
        <sat>11</sat>
      </trkpt>
      <trkpt lat="48.310768" lon="-1.424850">
        <ele>54.4</ele>
        <time>2024-04-25T11:56:36.000Z</time>
        <sat>12</sat>
      </trkpt>
      <trkpt lat="48.310787" lon="-1.425007">
        <ele>55.3</ele>
        <time>2024-04-25T11:56:41.000Z</time>
        <sat>11</sat>
      </trkpt>
      <trkpt lat="48.310803" lon="-1.425185">
        <ele>55.6</ele>
        <time>2024-04-25T11:56:45.000Z</time>
        <sat>11</sat>
      </trkpt>
      <trkpt lat="48.310807" lon="-1.425342">
        <ele>55.2</ele>
        <time>2024-04-25T11:56:48.000Z</time>
        <sat>13</sat>
      </trkpt>
      <trkpt lat="48.310805" lon="-1.425525">
        <ele>55.2</ele>
        <time>2024-04-25T11:56:51.000Z</time>
        <sat>13</sat>
      </trkpt>
      <trkpt lat="48.310817" lon="-1.425715">
        <ele>54.9</ele>
        <time>2024-04-25T11:56:54.000Z</time>
        <sat>12</sat>
      </trkpt>
      <trkpt lat="48.310840" lon="-1.425888">
        <ele>54.4</ele>
        <time>2024-04-25T11:56:57.000Z</time>
        <sat>12</sat>
      </trkpt>
      <trkpt lat="48.310853" lon="-1.426023">
        <ele>54.1</ele>
        <time>2024-04-25T11:57:00.000Z</time>
        <sat>11</sat>
      </trkpt>
      <trkpt lat="48.310842" lon="-1.426185">
        <ele>54.2</ele>
        <time>2024-04-25T11:57:03.000Z</time>
        <sat>11</sat>
      </trkpt>
      <trkpt lat="48.310850" lon="-1.426348">
        <ele>54.2</ele>
        <time>2024-04-25T11:57:06.000Z</time>
        <sat>12</sat>
      </trkpt>
      <trkpt lat="48.310872" lon="-1.426493">
        <ele>54.2</ele>
        <time>2024-04-25T11:57:09.000Z</time>
        <sat>12</sat>
      </trkpt>
      <trkpt lat="48.310907" lon="-1.426693">
        <ele>54.0</ele>
        <time>2024-04-25T11:57:12.000Z</time>
        <sat>12</sat>
      </trkpt>
      <trkpt lat="48.310958" lon="-1.426878">
        <ele>53.8</ele>
        <time>2024-04-25T11:57:15.000Z</time>
        <sat>11</sat>
      </trkpt>
      <trkpt lat="48.311000" lon="-1.427045">
        <ele>53.5</ele>
        <time>2024-04-25T11:57:18.000Z</time>
        <sat>11</sat>
      </trkpt>
      <trkpt lat="48.311028" lon="-1.427175">
        <ele>53.3</ele>
        <time>2024-04-25T11:57:20.000Z</time>
        <sat>11</sat>
      </trkpt>
      <trkpt lat="48.311052" lon="-1.427307">
        <ele>53.1</ele>
        <time>2024-04-25T11:57:22.000Z</time>
        <sat>12</sat>
      </trkpt>
      <trkpt lat="48.311105" lon="-1.427468">
        <ele>52.8</ele>
        <time>2024-04-25T11:57:25.000Z</time>
        <sat>12</sat>
      </trkpt>
      <trkpt lat="48.311148" lon="-1.427613">
        <ele>52.4</ele>
        <time>2024-04-25T11:57:28.000Z</time>
        <sat>12</sat>
      </trkpt>
      <trkpt lat="48.311178" lon="-1.427757">
        <ele>52.3</ele>
        <time>2024-04-25T11:57:31.000Z</time>
        <sat>12</sat>
      </trkpt>
      <trkpt lat="48.311218" lon="-1.427902">
        <ele>52.1</ele>
        <time>2024-04-25T11:57:34.000Z</time>
        <sat>12</sat>
      </trkpt>
      <trkpt lat="48.311292" lon="-1.428055">
        <ele>51.9</ele>
        <time>2024-04-25T11:57:37.000Z</time>
        <sat>11</sat>
      </trkpt>
      <trkpt lat="48.311337" lon="-1.428190">
        <ele>51.7</ele>
        <time>2024-04-25T11:57:39.000Z</time>
        <sat>12</sat>
      </trkpt>
      <trkpt lat="48.311373" lon="-1.428330">
        <ele>51.4</ele>
        <time>2024-04-25T11:57:41.000Z</time>
        <sat>11</sat>
      </trkpt>
      <trkpt lat="48.311407" lon="-1.428493">
        <ele>50.8</ele>
        <time>2024-04-25T11:57:44.000Z</time>
        <sat>12</sat>
      </trkpt>
      <trkpt lat="48.311463" lon="-1.428650">
        <ele>50.0</ele>
        <time>2024-04-25T11:57:47.000Z</time>
        <sat>11</sat>
      </trkpt>
      <trkpt lat="48.311493" lon="-1.428802">
        <ele>49.1</ele>
        <time>2024-04-25T11:57:50.000Z</time>
        <sat>11</sat>
      </trkpt>
      <trkpt lat="48.311532" lon="-1.428938">
        <ele>48.7</ele>
        <time>2024-04-25T11:57:53.000Z</time>
        <sat>12</sat>
      </trkpt>
      <trkpt lat="48.311578" lon="-1.429060">
        <ele>48.5</ele>
        <time>2024-04-25T11:57:56.000Z</time>
        <sat>11</sat>
      </trkpt>
      <trkpt lat="48.311597" lon="-1.429193">
        <ele>48.5</ele>
        <time>2024-04-25T11:57:58.000Z</time>
        <sat>11</sat>
      </trkpt>
      <trkpt lat="48.311642" lon="-1.429367">
        <ele>48.6</ele>
        <time>2024-04-25T11:58:01.000Z</time>
        <sat>11</sat>
      </trkpt>
      <trkpt lat="48.311695" lon="-1.429498">
        <ele>48.7</ele>
        <time>2024-04-25T11:58:04.000Z</time>
        <sat>13</sat>
      </trkpt>
      <trkpt lat="48.311760" lon="-1.429622">
        <ele>48.7</ele>
        <time>2024-04-25T11:58:07.000Z</time>
        <sat>11</sat>
      </trkpt>
      <trkpt lat="48.311800" lon="-1.429753">
        <ele>48.8</ele>
        <time>2024-04-25T11:58:10.000Z</time>
        <sat>11</sat>
      </trkpt>
      <trkpt lat="48.311848" lon="-1.429872">
        <ele>49.1</ele>
        <time>2024-04-25T11:58:13.000Z</time>
        <sat>11</sat>
      </trkpt>
      <trkpt lat="48.311858" lon="-1.430007">
        <ele>49.2</ele>
        <time>2024-04-25T11:58:16.000Z</time>
        <sat>11</sat>
      </trkpt>
      <trkpt lat="48.311888" lon="-1.430167">
        <ele>49.2</ele>
        <time>2024-04-25T11:58:20.000Z</time>
        <sat>11</sat>
      </trkpt>
      <trkpt lat="48.311972" lon="-1.430285">
        <ele>49.6</ele>
        <time>2024-04-25T11:58:32.000Z</time>
        <sat>12</sat>
      </trkpt>
      <trkpt lat="48.311938" lon="-1.430407">
        <ele>50.0</ele>
        <time>2024-04-25T11:58:40.000Z</time>
        <sat>12</sat>
      </trkpt>
      <trkpt lat="48.311938" lon="-1.430407">
        <ele>50.0</ele>
        <time>2024-04-25T11:58:41.000Z</time>
        <sat>12</sat>
      </trkpt>
      <trkpt lat="48.311938" lon="-1.430407">
        <ele>50.0</ele>
        <time>2024-04-25T11:58:42.000Z</time>
        <sat>13</sat>
      </trkpt>
      <trkpt lat="48.311930" lon="-1.430420">
        <ele>50.2</ele>
        <time>2024-04-25T11:59:03.000Z</time>
        <sat>12</sat>
      </trkpt>
      <trkpt lat="48.311932" lon="-1.430418">
        <ele>50.2</ele>
        <time>2024-04-25T11:59:04.000Z</time>
        <sat>11</sat>
      </trkpt>
      <trkpt lat="48.311937" lon="-1.430413">
        <ele>50.2</ele>
        <time>2024-04-25T11:59:05.000Z</time>
        <sat>11</sat>
      </trkpt>
      <trkpt lat="48.312035" lon="-1.430373">
        <ele>50.0</ele>
        <time>2024-04-25T11:59:20.000Z</time>
        <sat>13</sat>
      </trkpt>
      <trkpt lat="48.312125" lon="-1.430373">
        <ele>49.9</ele>
        <time>2024-04-25T11:59:23.000Z</time>
        <sat>13</sat>
      </trkpt>
      <trkpt lat="48.312218" lon="-1.430367">
        <ele>49.8</ele>
        <time>2024-04-25T11:59:26.000Z</time>
        <sat>13</sat>
      </trkpt>
      <trkpt lat="48.312310" lon="-1.430358">
        <ele>49.7</ele>
        <time>2024-04-25T11:59:29.000Z</time>
        <sat>13</sat>
      </trkpt>
      <trkpt lat="48.312397" lon="-1.430418">
        <ele>49.1</ele>
        <time>2024-04-25T11:59:35.000Z</time>
        <sat>11</sat>
      </trkpt>
      <trkpt lat="48.312428" lon="-1.430575">
        <ele>48.3</ele>
        <time>2024-04-25T11:59:43.000Z</time>
        <sat>10</sat>
      </trkpt>
      <trkpt lat="48.312478" lon="-1.430688">
        <ele>48.3</ele>
        <time>2024-04-25T11:59:55.000Z</time>
        <sat>11</sat>
      </trkpt>
      <trkpt lat="48.312562" lon="-1.430610">
        <ele>48.3</ele>
        <time>2024-04-25T12:00:04.000Z</time>
        <sat>12</sat>
      </trkpt>
      <trkpt lat="48.312650" lon="-1.430507">
        <ele>48.3</ele>
        <time>2024-04-25T12:00:08.000Z</time>
        <sat>12</sat>
      </trkpt>
      <trkpt lat="48.312725" lon="-1.430422">
        <ele>48.3</ele>
        <time>2024-04-25T12:00:12.000Z</time>
        <sat>12</sat>
      </trkpt>
      <trkpt lat="48.312817" lon="-1.430303">
        <ele>48.5</ele>
        <time>2024-04-25T12:00:16.000Z</time>
        <sat>12</sat>
      </trkpt>
      <trkpt lat="48.312887" lon="-1.430208">
        <ele>48.5</ele>
        <time>2024-04-25T12:00:19.000Z</time>
        <sat>12</sat>
      </trkpt>
      <trkpt lat="48.312952" lon="-1.430082">
        <ele>48.9</ele>
        <time>2024-04-25T12:00:23.000Z</time>
        <sat>12</sat>
      </trkpt>
      <trkpt lat="48.313003" lon="-1.429938">
        <ele>49.5</ele>
        <time>2024-04-25T12:00:27.000Z</time>
        <sat>13</sat>
      </trkpt>
      <trkpt lat="48.313022" lon="-1.429780">
        <ele>50.6</ele>
        <time>2024-04-25T12:00:31.000Z</time>
        <sat>12</sat>
      </trkpt>
      <trkpt lat="48.313023" lon="-1.429625">
        <ele>51.3</ele>
        <time>2024-04-25T12:00:35.000Z</time>
        <sat>12</sat>
      </trkpt>
      <trkpt lat="48.313003" lon="-1.429478">
        <ele>52.3</ele>
        <time>2024-04-25T12:00:39.000Z</time>
        <sat>12</sat>
      </trkpt>
      <trkpt lat="48.313103" lon="-1.429533">
        <ele>53.7</ele>
        <time>2024-04-25T12:00:46.000Z</time>
        <sat>12</sat>
      </trkpt>
      <trkpt lat="48.313162" lon="-1.429678">
        <ele>53.6</ele>
        <time>2024-04-25T12:00:49.000Z</time>
        <sat>13</sat>
      </trkpt>
      <trkpt lat="48.313193" lon="-1.429877">
        <ele>53.2</ele>
        <time>2024-04-25T12:00:52.000Z</time>
        <sat>13</sat>
      </trkpt>
      <trkpt lat="48.313207" lon="-1.430023">
        <ele>52.9</ele>
        <time>2024-04-25T12:00:54.000Z</time>
        <sat>13</sat>
      </trkpt>
      <trkpt lat="48.313225" lon="-1.430175">
        <ele>52.6</ele>
        <time>2024-04-25T12:00:56.000Z</time>
        <sat>13</sat>
      </trkpt>
      <trkpt lat="48.313257" lon="-1.430320">
        <ele>52.4</ele>
        <time>2024-04-25T12:00:58.000Z</time>
        <sat>13</sat>
      </trkpt>
      <trkpt lat="48.313312" lon="-1.430455">
        <ele>52.0</ele>
        <time>2024-04-25T12:01:00.000Z</time>
        <sat>13</sat>
      </trkpt>
      <trkpt lat="48.313377" lon="-1.430593">
        <ele>51.7</ele>
        <time>2024-04-25T12:01:02.000Z</time>
        <sat>13</sat>
      </trkpt>
      <trkpt lat="48.313445" lon="-1.430728">
        <ele>51.5</ele>
        <time>2024-04-25T12:01:04.000Z</time>
        <sat>13</sat>
      </trkpt>
      <trkpt lat="48.313505" lon="-1.430858">
        <ele>51.2</ele>
        <time>2024-04-25T12:01:06.000Z</time>
        <sat>12</sat>
      </trkpt>
      <trkpt lat="48.313560" lon="-1.430973">
        <ele>50.8</ele>
        <time>2024-04-25T12:01:08.000Z</time>
        <sat>11</sat>
      </trkpt>
      <trkpt lat="48.313620" lon="-1.431077">
        <ele>50.2</ele>
        <time>2024-04-25T12:01:10.000Z</time>
        <sat>11</sat>
      </trkpt>
      <trkpt lat="48.313687" lon="-1.431173">
        <ele>50.0</ele>
        <time>2024-04-25T12:01:12.000Z</time>
        <sat>11</sat>
      </trkpt>
      <trkpt lat="48.313765" lon="-1.431252">
        <ele>49.7</ele>
        <time>2024-04-25T12:01:14.000Z</time>
        <sat>11</sat>
      </trkpt>
      <trkpt lat="48.313887" lon="-1.431343">
        <ele>49.3</ele>
        <time>2024-04-25T12:01:17.000Z</time>
        <sat>11</sat>
      </trkpt>
      <trkpt lat="48.313998" lon="-1.431425">
        <ele>49.0</ele>
        <time>2024-04-25T12:01:20.000Z</time>
        <sat>11</sat>
      </trkpt>
      <trkpt lat="48.314108" lon="-1.431480">
        <ele>48.8</ele>
        <time>2024-04-25T12:01:23.000Z</time>
        <sat>12</sat>
      </trkpt>
      <trkpt lat="48.314230" lon="-1.431593">
        <ele>48.7</ele>
        <time>2024-04-25T12:01:26.000Z</time>
        <sat>12</sat>
      </trkpt>
      <trkpt lat="48.314307" lon="-1.431698">
        <ele>48.4</ele>
        <time>2024-04-25T12:01:28.000Z</time>
        <sat>12</sat>
      </trkpt>
      <trkpt lat="48.314363" lon="-1.431835">
        <ele>48.1</ele>
        <time>2024-04-25T12:01:30.000Z</time>
        <sat>12</sat>
      </trkpt>
      <trkpt lat="48.314392" lon="-1.431992">
        <ele>47.8</ele>
        <time>2024-04-25T12:01:32.000Z</time>
        <sat>12</sat>
      </trkpt>
      <trkpt lat="48.314417" lon="-1.432123">
        <ele>47.8</ele>
        <time>2024-04-25T12:01:34.000Z</time>
        <sat>12</sat>
      </trkpt>
      <trkpt lat="48.314432" lon="-1.432260">
        <ele>47.7</ele>
        <time>2024-04-25T12:01:36.000Z</time>
        <sat>11</sat>
      </trkpt>
      <trkpt lat="48.314437" lon="-1.432457">
        <ele>47.6</ele>
        <time>2024-04-25T12:01:39.000Z</time>
        <sat>10</sat>
      </trkpt>
      <trkpt lat="48.314445" lon="-1.432648">
        <ele>47.4</ele>
        <time>2024-04-25T12:01:42.000Z</time>
        <sat>10</sat>
      </trkpt>
      <trkpt lat="48.314453" lon="-1.432820">
        <ele>47.6</ele>
        <time>2024-04-25T12:01:45.000Z</time>
        <sat>11</sat>
      </trkpt>
      <trkpt lat="48.314432" lon="-1.432968">
        <ele>47.7</ele>
        <time>2024-04-25T12:01:48.000Z</time>
        <sat>9</sat>
      </trkpt>
      <trkpt lat="48.314417" lon="-1.433148">
        <ele>47.7</ele>
        <time>2024-04-25T12:01:51.000Z</time>
        <sat>9</sat>
      </trkpt>
      <trkpt lat="48.314433" lon="-1.433327">
        <ele>47.7</ele>
        <time>2024-04-25T12:01:54.000Z</time>
        <sat>9</sat>
      </trkpt>
      <trkpt lat="48.314403" lon="-1.433507">
        <ele>47.8</ele>
        <time>2024-04-25T12:01:57.000Z</time>
        <sat>9</sat>
      </trkpt>
      <trkpt lat="48.314403" lon="-1.433685">
        <ele>47.7</ele>
        <time>2024-04-25T12:02:00.000Z</time>
        <sat>9</sat>
      </trkpt>
      <trkpt lat="48.314392" lon="-1.433845">
        <ele>47.8</ele>
        <time>2024-04-25T12:02:03.000Z</time>
        <sat>9</sat>
      </trkpt>
      <trkpt lat="48.314388" lon="-1.434002">
        <ele>47.8</ele>
        <time>2024-04-25T12:02:05.000Z</time>
        <sat>11</sat>
      </trkpt>
      <trkpt lat="48.314410" lon="-1.434135">
        <ele>47.9</ele>
        <time>2024-04-25T12:02:07.000Z</time>
        <sat>11</sat>
      </trkpt>
      <trkpt lat="48.314430" lon="-1.434293">
        <ele>47.7</ele>
        <time>2024-04-25T12:02:10.000Z</time>
        <sat>10</sat>
      </trkpt>
      <trkpt lat="48.314443" lon="-1.434447">
        <ele>47.9</ele>
        <time>2024-04-25T12:02:14.000Z</time>
        <sat>10</sat>
      </trkpt>
      <trkpt lat="48.314432" lon="-1.434623">
        <ele>47.9</ele>
        <time>2024-04-25T12:02:19.000Z</time>
        <sat>10</sat>
      </trkpt>
      <trkpt lat="48.314413" lon="-1.434772">
        <ele>47.9</ele>
        <time>2024-04-25T12:02:21.000Z</time>
        <sat>11</sat>
      </trkpt>
      <trkpt lat="48.314415" lon="-1.434932">
        <ele>48.0</ele>
        <time>2024-04-25T12:02:24.000Z</time>
        <sat>11</sat>
      </trkpt>
      <trkpt lat="48.314460" lon="-1.435125">
        <ele>48.1</ele>
        <time>2024-04-25T12:02:27.000Z</time>
        <sat>10</sat>
      </trkpt>
      <trkpt lat="48.314482" lon="-1.435267">
        <ele>48.2</ele>
        <time>2024-04-25T12:02:29.000Z</time>
        <sat>9</sat>
      </trkpt>
      <trkpt lat="48.314497" lon="-1.435468">
        <ele>48.3</ele>
        <time>2024-04-25T12:02:31.000Z</time>
        <sat>10</sat>
      </trkpt>
      <trkpt lat="48.314498" lon="-1.435677">
        <ele>48.4</ele>
        <time>2024-04-25T12:02:34.000Z</time>
        <sat>11</sat>
      </trkpt>
      <trkpt lat="48.314513" lon="-1.435852">
        <ele>48.5</ele>
        <time>2024-04-25T12:02:37.000Z</time>
        <sat>11</sat>
      </trkpt>
      <trkpt lat="48.314490" lon="-1.436000">
        <ele>48.5</ele>
        <time>2024-04-25T12:02:39.000Z</time>
        <sat>10</sat>
      </trkpt>
      <trkpt lat="48.314500" lon="-1.436197">
        <ele>48.3</ele>
        <time>2024-04-25T12:02:42.000Z</time>
        <sat>10</sat>
      </trkpt>
      <trkpt lat="48.314505" lon="-1.436348">
        <ele>48.3</ele>
        <time>2024-04-25T12:02:44.000Z</time>
        <sat>10</sat>
      </trkpt>
      <trkpt lat="48.314512" lon="-1.436528">
        <ele>48.4</ele>
        <time>2024-04-25T12:02:47.000Z</time>
        <sat>11</sat>
      </trkpt>
      <trkpt lat="48.314510" lon="-1.436693">
        <ele>48.5</ele>
        <time>2024-04-25T12:02:50.000Z</time>
        <sat>11</sat>
      </trkpt>
      <trkpt lat="48.314505" lon="-1.436840">
        <ele>48.6</ele>
        <time>2024-04-25T12:02:54.000Z</time>
        <sat>11</sat>
      </trkpt>
      <trkpt lat="48.314520" lon="-1.436983">
        <ele>48.7</ele>
        <time>2024-04-25T12:02:57.000Z</time>
        <sat>11</sat>
      </trkpt>
      <trkpt lat="48.314535" lon="-1.437190">
        <ele>48.7</ele>
        <time>2024-04-25T12:03:00.000Z</time>
        <sat>11</sat>
      </trkpt>
      <trkpt lat="48.314557" lon="-1.437340">
        <ele>48.8</ele>
        <time>2024-04-25T12:03:02.000Z</time>
        <sat>10</sat>
      </trkpt>
      <trkpt lat="48.314582" lon="-1.437480">
        <ele>48.9</ele>
        <time>2024-04-25T12:03:04.000Z</time>
        <sat>10</sat>
      </trkpt>
      <trkpt lat="48.314615" lon="-1.437623">
        <ele>49.0</ele>
        <time>2024-04-25T12:03:06.000Z</time>
        <sat>11</sat>
      </trkpt>
      <trkpt lat="48.314648" lon="-1.437777">
        <ele>49.3</ele>
        <time>2024-04-25T12:03:08.000Z</time>
        <sat>12</sat>
      </trkpt>
      <trkpt lat="48.314687" lon="-1.437912">
        <ele>49.5</ele>
        <time>2024-04-25T12:03:10.000Z</time>
        <sat>12</sat>
      </trkpt>
      <trkpt lat="48.314732" lon="-1.438042">
        <ele>49.8</ele>
        <time>2024-04-25T12:03:12.000Z</time>
        <sat>11</sat>
      </trkpt>
      <trkpt lat="48.314820" lon="-1.438190">
        <ele>50.2</ele>
        <time>2024-04-25T12:03:15.000Z</time>
        <sat>11</sat>
      </trkpt>
      <trkpt lat="48.314918" lon="-1.438310">
        <ele>50.7</ele>
        <time>2024-04-25T12:03:18.000Z</time>
        <sat>11</sat>
      </trkpt>
      <trkpt lat="48.315012" lon="-1.438410">
        <ele>51.6</ele>
        <time>2024-04-25T12:03:21.000Z</time>
        <sat>11</sat>
      </trkpt>
      <trkpt lat="48.315123" lon="-1.438535">
        <ele>52.9</ele>
        <time>2024-04-25T12:03:24.000Z</time>
        <sat>11</sat>
      </trkpt>
      <trkpt lat="48.315213" lon="-1.438610">
        <ele>53.3</ele>
        <time>2024-04-25T12:03:26.000Z</time>
        <sat>11</sat>
      </trkpt>
      <trkpt lat="48.315312" lon="-1.438672">
        <ele>53.1</ele>
        <time>2024-04-25T12:03:28.000Z</time>
        <sat>11</sat>
      </trkpt>
      <trkpt lat="48.315403" lon="-1.438707">
        <ele>53.1</ele>
        <time>2024-04-25T12:03:31.000Z</time>
        <sat>11</sat>
      </trkpt>
      <trkpt lat="48.315495" lon="-1.438690">
        <ele>54.4</ele>
        <time>2024-04-25T12:03:36.000Z</time>
        <sat>11</sat>
      </trkpt>
      <trkpt lat="48.315545" lon="-1.438853">
        <ele>54.9</ele>
        <time>2024-04-25T12:03:40.000Z</time>
        <sat>11</sat>
      </trkpt>
      <trkpt lat="48.315582" lon="-1.438993">
        <ele>54.8</ele>
        <time>2024-04-25T12:03:44.000Z</time>
        <sat>11</sat>
      </trkpt>
      <trkpt lat="48.315653" lon="-1.439123">
        <ele>54.3</ele>
        <time>2024-04-25T12:03:47.000Z</time>
        <sat>11</sat>
      </trkpt>
      <trkpt lat="48.315740" lon="-1.439253">
        <ele>53.4</ele>
        <time>2024-04-25T12:03:50.000Z</time>
        <sat>10</sat>
      </trkpt>
      <trkpt lat="48.315818" lon="-1.439367">
        <ele>52.7</ele>
        <time>2024-04-25T12:03:53.000Z</time>
        <sat>11</sat>
      </trkpt>
      <trkpt lat="48.315907" lon="-1.439488">
        <ele>52.1</ele>
        <time>2024-04-25T12:03:56.000Z</time>
        <sat>11</sat>
      </trkpt>
      <trkpt lat="48.315980" lon="-1.439587">
        <ele>51.5</ele>
        <time>2024-04-25T12:03:58.000Z</time>
        <sat>11</sat>
      </trkpt>
      <trkpt lat="48.316043" lon="-1.439687">
        <ele>51.2</ele>
        <time>2024-04-25T12:04:00.000Z</time>
        <sat>11</sat>
      </trkpt>
      <trkpt lat="48.316152" lon="-1.439798">
        <ele>50.1</ele>
        <time>2024-04-25T12:04:03.000Z</time>
        <sat>11</sat>
      </trkpt>
      <trkpt lat="48.316220" lon="-1.439892">
        <ele>49.8</ele>
        <time>2024-04-25T12:04:05.000Z</time>
        <sat>11</sat>
      </trkpt>
      <trkpt lat="48.316278" lon="-1.439995">
        <ele>50.0</ele>
        <time>2024-04-25T12:04:07.000Z</time>
        <sat>11</sat>
      </trkpt>
      <trkpt lat="48.316332" lon="-1.440118">
        <ele>49.9</ele>
        <time>2024-04-25T12:04:09.000Z</time>
        <sat>10</sat>
      </trkpt>
      <trkpt lat="48.316373" lon="-1.440258">
        <ele>49.6</ele>
        <time>2024-04-25T12:04:11.000Z</time>
        <sat>11</sat>
      </trkpt>
      <trkpt lat="48.316418" lon="-1.440380">
        <ele>49.0</ele>
        <time>2024-04-25T12:04:13.000Z</time>
        <sat>10</sat>
      </trkpt>
      <trkpt lat="48.316478" lon="-1.440498">
        <ele>48.5</ele>
        <time>2024-04-25T12:04:16.000Z</time>
        <sat>10</sat>
      </trkpt>
      <trkpt lat="48.316532" lon="-1.440618">
        <ele>48.4</ele>
        <time>2024-04-25T12:04:18.000Z</time>
        <sat>10</sat>
      </trkpt>
      <trkpt lat="48.316607" lon="-1.440780">
        <ele>48.5</ele>
        <time>2024-04-25T12:04:21.000Z</time>
        <sat>11</sat>
      </trkpt>
      <trkpt lat="48.316653" lon="-1.440907">
        <ele>48.6</ele>
        <time>2024-04-25T12:04:24.000Z</time>
        <sat>10</sat>
      </trkpt>
      <trkpt lat="48.316700" lon="-1.441028">
        <ele>48.6</ele>
        <time>2024-04-25T12:04:26.000Z</time>
        <sat>10</sat>
      </trkpt>
      <trkpt lat="48.316757" lon="-1.441192">
        <ele>48.3</ele>
        <time>2024-04-25T12:04:28.000Z</time>
        <sat>10</sat>
      </trkpt>
      <trkpt lat="48.316792" lon="-1.441340">
        <ele>48.2</ele>
        <time>2024-04-25T12:04:30.000Z</time>
        <sat>10</sat>
      </trkpt>
      <trkpt lat="48.316822" lon="-1.441523">
        <ele>48.2</ele>
        <time>2024-04-25T12:04:33.000Z</time>
        <sat>10</sat>
      </trkpt>
      <trkpt lat="48.316842" lon="-1.441722">
        <ele>48.0</ele>
        <time>2024-04-25T12:04:36.000Z</time>
        <sat>11</sat>
      </trkpt>
      <trkpt lat="48.316857" lon="-1.441867">
        <ele>47.9</ele>
        <time>2024-04-25T12:04:38.000Z</time>
        <sat>11</sat>
      </trkpt>
      <trkpt lat="48.316872" lon="-1.442018">
        <ele>47.8</ele>
        <time>2024-04-25T12:04:40.000Z</time>
        <sat>10</sat>
      </trkpt>
      <trkpt lat="48.316892" lon="-1.442167">
        <ele>47.7</ele>
        <time>2024-04-25T12:04:42.000Z</time>
        <sat>11</sat>
      </trkpt>
      <trkpt lat="48.316903" lon="-1.442313">
        <ele>47.6</ele>
        <time>2024-04-25T12:04:44.000Z</time>
        <sat>11</sat>
      </trkpt>
      <trkpt lat="48.316937" lon="-1.442445">
        <ele>47.4</ele>
        <time>2024-04-25T12:04:46.000Z</time>
        <sat>10</sat>
      </trkpt>
      <trkpt lat="48.316978" lon="-1.442578">
        <ele>47.3</ele>
        <time>2024-04-25T12:04:48.000Z</time>
        <sat>11</sat>
      </trkpt>
      <trkpt lat="48.317010" lon="-1.442740">
        <ele>47.4</ele>
        <time>2024-04-25T12:04:50.000Z</time>
        <sat>11</sat>
      </trkpt>
      <trkpt lat="48.317043" lon="-1.442905">
        <ele>47.3</ele>
        <time>2024-04-25T12:04:52.000Z</time>
        <sat>11</sat>
      </trkpt>
      <trkpt lat="48.317110" lon="-1.443065">
        <ele>47.2</ele>
        <time>2024-04-25T12:04:55.000Z</time>
        <sat>11</sat>
      </trkpt>
      <trkpt lat="48.317200" lon="-1.443123">
        <ele>47.9</ele>
        <time>2024-04-25T12:04:59.000Z</time>
        <sat>10</sat>
      </trkpt>
      <trkpt lat="48.317257" lon="-1.443263">
        <ele>49.1</ele>
        <time>2024-04-25T12:05:03.000Z</time>
        <sat>11</sat>
      </trkpt>
      <trkpt lat="48.317270" lon="-1.443427">
        <ele>49.0</ele>
        <time>2024-04-25T12:05:06.000Z</time>
        <sat>11</sat>
      </trkpt>
      <trkpt lat="48.317323" lon="-1.443543">
        <ele>49.2</ele>
        <time>2024-04-25T12:05:11.000Z</time>
        <sat>11</sat>
      </trkpt>
      <trkpt lat="48.317398" lon="-1.443527">
        <ele>50.3</ele>
        <time>2024-04-25T12:05:23.000Z</time>
        <sat>10</sat>
      </trkpt>
      <trkpt lat="48.317398" lon="-1.443527">
        <ele>50.4</ele>
        <time>2024-04-25T12:05:24.000Z</time>
        <sat>10</sat>
      </trkpt>
      <trkpt lat="48.317415" lon="-1.443552">
        <ele>50.6</ele>
        <time>2024-04-25T12:05:27.000Z</time>
        <sat>11</sat>
      </trkpt>
      <trkpt lat="48.317423" lon="-1.443570">
        <ele>50.7</ele>
        <time>2024-04-25T12:05:28.000Z</time>
        <sat>11</sat>
      </trkpt>
      <trkpt lat="48.317430" lon="-1.443587">
        <ele>50.8</ele>
        <time>2024-04-25T12:05:29.000Z</time>
        <sat>11</sat>
      </trkpt>
      <trkpt lat="48.317487" lon="-1.443708">
        <ele>50.8</ele>
        <time>2024-04-25T12:05:33.000Z</time>
        <sat>12</sat>
      </trkpt>
      <trkpt lat="48.317533" lon="-1.443833">
        <ele>50.8</ele>
        <time>2024-04-25T12:05:36.000Z</time>
        <sat>12</sat>
      </trkpt>
      <trkpt lat="48.317570" lon="-1.443987">
        <ele>50.7</ele>
        <time>2024-04-25T12:05:40.000Z</time>
        <sat>12</sat>
      </trkpt>
      <trkpt lat="48.317568" lon="-1.444172">
        <ele>50.4</ele>
        <time>2024-04-25T12:05:45.000Z</time>
        <sat>11</sat>
      </trkpt>
      <trkpt lat="48.317618" lon="-1.444290">
        <ele>49.9</ele>
        <time>2024-04-25T12:05:48.000Z</time>
        <sat>11</sat>
      </trkpt>
      <trkpt lat="48.317663" lon="-1.444447">
        <ele>49.4</ele>
        <time>2024-04-25T12:05:51.000Z</time>
        <sat>11</sat>
      </trkpt>
      <trkpt lat="48.317677" lon="-1.444615">
        <ele>49.1</ele>
        <time>2024-04-25T12:05:54.000Z</time>
        <sat>11</sat>
      </trkpt>
      <trkpt lat="48.317705" lon="-1.444760">
        <ele>48.4</ele>
        <time>2024-04-25T12:05:57.000Z</time>
        <sat>12</sat>
      </trkpt>
      <trkpt lat="48.317762" lon="-1.444893">
        <ele>48.0</ele>
        <time>2024-04-25T12:06:00.000Z</time>
        <sat>12</sat>
      </trkpt>
      <trkpt lat="48.317797" lon="-1.445023">
        <ele>47.9</ele>
        <time>2024-04-25T12:06:03.000Z</time>
        <sat>12</sat>
      </trkpt>
      <trkpt lat="48.317827" lon="-1.445198">
        <ele>47.7</ele>
        <time>2024-04-25T12:06:06.000Z</time>
        <sat>11</sat>
      </trkpt>
      <trkpt lat="48.317868" lon="-1.445322">
        <ele>47.6</ele>
        <time>2024-04-25T12:06:08.000Z</time>
        <sat>11</sat>
      </trkpt>
      <trkpt lat="48.317920" lon="-1.445493">
        <ele>47.6</ele>
        <time>2024-04-25T12:06:11.000Z</time>
        <sat>11</sat>
      </trkpt>
      <trkpt lat="48.317988" lon="-1.445653">
        <ele>47.9</ele>
        <time>2024-04-25T12:06:14.000Z</time>
        <sat>11</sat>
      </trkpt>
      <trkpt lat="48.318047" lon="-1.445798">
        <ele>48.0</ele>
        <time>2024-04-25T12:06:17.000Z</time>
        <sat>11</sat>
      </trkpt>
      <trkpt lat="48.318098" lon="-1.445997">
        <ele>48.1</ele>
        <time>2024-04-25T12:06:20.000Z</time>
        <sat>11</sat>
      </trkpt>
      <trkpt lat="48.318135" lon="-1.446127">
        <ele>48.1</ele>
        <time>2024-04-25T12:06:22.000Z</time>
        <sat>11</sat>
      </trkpt>
      <trkpt lat="48.318210" lon="-1.446265">
        <ele>48.4</ele>
        <time>2024-04-25T12:06:25.000Z</time>
        <sat>10</sat>
      </trkpt>
      <trkpt lat="48.318263" lon="-1.446377">
        <ele>49.1</ele>
        <time>2024-04-25T12:06:28.000Z</time>
        <sat>11</sat>
      </trkpt>
      <trkpt lat="48.318335" lon="-1.446477">
        <ele>50.2</ele>
        <time>2024-04-25T12:06:32.000Z</time>
        <sat>10</sat>
      </trkpt>
      <trkpt lat="48.318270" lon="-1.446595">
        <ele>49.8</ele>
        <time>2024-04-25T12:06:38.000Z</time>
        <sat>11</sat>
      </trkpt>
      <trkpt lat="48.318265" lon="-1.446777">
        <ele>49.0</ele>
        <time>2024-04-25T12:06:41.000Z</time>
        <sat>11</sat>
      </trkpt>
      <trkpt lat="48.318292" lon="-1.446938">
        <ele>48.3</ele>
        <time>2024-04-25T12:06:43.000Z</time>
        <sat>11</sat>
      </trkpt>
      <trkpt lat="48.318325" lon="-1.447068">
        <ele>47.4</ele>
        <time>2024-04-25T12:06:45.000Z</time>
        <sat>11</sat>
      </trkpt>
      <trkpt lat="48.318372" lon="-1.447257">
        <ele>47.1</ele>
        <time>2024-04-25T12:06:48.000Z</time>
        <sat>11</sat>
      </trkpt>
      <trkpt lat="48.318420" lon="-1.447423">
        <ele>47.0</ele>
        <time>2024-04-25T12:06:51.000Z</time>
        <sat>10</sat>
      </trkpt>
      <trkpt lat="48.318470" lon="-1.447595">
        <ele>46.8</ele>
        <time>2024-04-25T12:06:54.000Z</time>
        <sat>11</sat>
      </trkpt>
      <trkpt lat="48.318537" lon="-1.447783">
        <ele>46.6</ele>
        <time>2024-04-25T12:06:57.000Z</time>
        <sat>10</sat>
      </trkpt>
      <trkpt lat="48.318573" lon="-1.447910">
        <ele>46.6</ele>
        <time>2024-04-25T12:06:59.000Z</time>
        <sat>10</sat>
      </trkpt>
      <trkpt lat="48.318615" lon="-1.448050">
        <ele>46.5</ele>
        <time>2024-04-25T12:07:01.000Z</time>
        <sat>10</sat>
      </trkpt>
      <trkpt lat="48.318670" lon="-1.448160">
        <ele>46.4</ele>
        <time>2024-04-25T12:07:03.000Z</time>
        <sat>11</sat>
      </trkpt>
      <trkpt lat="48.318725" lon="-1.448270">
        <ele>46.5</ele>
        <time>2024-04-25T12:07:05.000Z</time>
        <sat>11</sat>
      </trkpt>
      <trkpt lat="48.318767" lon="-1.448390">
        <ele>46.5</ele>
        <time>2024-04-25T12:07:07.000Z</time>
        <sat>10</sat>
      </trkpt>
      <trkpt lat="48.318828" lon="-1.448550">
        <ele>46.5</ele>
        <time>2024-04-25T12:07:10.000Z</time>
        <sat>11</sat>
      </trkpt>
      <trkpt lat="48.318868" lon="-1.448705">
        <ele>46.5</ele>
        <time>2024-04-25T12:07:13.000Z</time>
        <sat>11</sat>
      </trkpt>
      <trkpt lat="48.318835" lon="-1.448838">
        <ele>46.7</ele>
        <time>2024-04-25T12:07:17.000Z</time>
        <sat>11</sat>
      </trkpt>
      <trkpt lat="48.318863" lon="-1.449015">
        <ele>46.8</ele>
        <time>2024-04-25T12:07:23.000Z</time>
        <sat>11</sat>
      </trkpt>
      <trkpt lat="48.318878" lon="-1.449195">
        <ele>46.7</ele>
        <time>2024-04-25T12:07:26.000Z</time>
        <sat>11</sat>
      </trkpt>
      <trkpt lat="48.318920" lon="-1.449360">
        <ele>46.6</ele>
        <time>2024-04-25T12:07:29.000Z</time>
        <sat>11</sat>
      </trkpt>
      <trkpt lat="48.318977" lon="-1.449525">
        <ele>46.6</ele>
        <time>2024-04-25T12:07:32.000Z</time>
        <sat>11</sat>
      </trkpt>
      <trkpt lat="48.319015" lon="-1.449652">
        <ele>46.5</ele>
        <time>2024-04-25T12:07:34.000Z</time>
        <sat>11</sat>
      </trkpt>
      <trkpt lat="48.319062" lon="-1.449823">
        <ele>46.5</ele>
        <time>2024-04-25T12:07:37.000Z</time>
        <sat>11</sat>
      </trkpt>
      <trkpt lat="48.319100" lon="-1.449985">
        <ele>46.3</ele>
        <time>2024-04-25T12:07:40.000Z</time>
        <sat>11</sat>
      </trkpt>
      <trkpt lat="48.319142" lon="-1.450133">
        <ele>46.3</ele>
        <time>2024-04-25T12:07:43.000Z</time>
        <sat>11</sat>
      </trkpt>
      <trkpt lat="48.319178" lon="-1.450293">
        <ele>46.4</ele>
        <time>2024-04-25T12:07:46.000Z</time>
        <sat>11</sat>
      </trkpt>
      <trkpt lat="48.319200" lon="-1.450453">
        <ele>46.4</ele>
        <time>2024-04-25T12:07:49.000Z</time>
        <sat>11</sat>
      </trkpt>
      <trkpt lat="48.319227" lon="-1.450617">
        <ele>46.3</ele>
        <time>2024-04-25T12:07:52.000Z</time>
        <sat>11</sat>
      </trkpt>
      <trkpt lat="48.319233" lon="-1.450782">
        <ele>46.4</ele>
        <time>2024-04-25T12:07:55.000Z</time>
        <sat>12</sat>
      </trkpt>
      <trkpt lat="48.319248" lon="-1.450932">
        <ele>46.4</ele>
        <time>2024-04-25T12:08:00.000Z</time>
        <sat>12</sat>
      </trkpt>
      <trkpt lat="48.319285" lon="-1.451068">
        <ele>46.4</ele>
        <time>2024-04-25T12:08:03.000Z</time>
        <sat>12</sat>
      </trkpt>
      <trkpt lat="48.319342" lon="-1.451190">
        <ele>46.4</ele>
        <time>2024-04-25T12:08:06.000Z</time>
        <sat>12</sat>
      </trkpt>
      <trkpt lat="48.319413" lon="-1.451310">
        <ele>46.5</ele>
        <time>2024-04-25T12:08:13.000Z</time>
        <sat>11</sat>
      </trkpt>
      <trkpt lat="48.319423" lon="-1.451328">
        <ele>46.5</ele>
        <time>2024-04-25T12:08:15.000Z</time>
        <sat>11</sat>
      </trkpt>
      <trkpt lat="48.319422" lon="-1.451330">
        <ele>46.6</ele>
        <time>2024-04-25T12:08:16.000Z</time>
        <sat>11</sat>
      </trkpt>
      <trkpt lat="48.319415" lon="-1.451350">
        <ele>46.6</ele>
        <time>2024-04-25T12:08:20.000Z</time>
        <sat>12</sat>
      </trkpt>
      <trkpt lat="48.319410" lon="-1.451365">
        <ele>46.6</ele>
        <time>2024-04-25T12:08:21.000Z</time>
        <sat>12</sat>
      </trkpt>
      <trkpt lat="48.319412" lon="-1.451372">
        <ele>46.6</ele>
        <time>2024-04-25T12:08:22.000Z</time>
        <sat>12</sat>
      </trkpt>
      <trkpt lat="48.319403" lon="-1.451523">
        <ele>48.1</ele>
        <time>2024-04-25T12:08:39.000Z</time>
        <sat>11</sat>
      </trkpt>
      <trkpt lat="48.319437" lon="-1.451682">
        <ele>48.5</ele>
        <time>2024-04-25T12:08:44.000Z</time>
        <sat>12</sat>
      </trkpt>
      <trkpt lat="48.319472" lon="-1.451832">
        <ele>48.7</ele>
        <time>2024-04-25T12:08:50.000Z</time>
        <sat>12</sat>
      </trkpt>
      <trkpt lat="48.319500" lon="-1.451992">
        <ele>48.8</ele>
        <time>2024-04-25T12:08:55.000Z</time>
        <sat>11</sat>
      </trkpt>
      <trkpt lat="48.319500" lon="-1.452003">
        <ele>48.8</ele>
        <time>2024-04-25T12:08:58.000Z</time>
        <sat>11</sat>
      </trkpt>
      <trkpt lat="48.319497" lon="-1.452005">
        <ele>48.9</ele>
        <time>2024-04-25T12:08:59.000Z</time>
        <sat>11</sat>
      </trkpt>
      <trkpt lat="48.319472" lon="-1.452078">
        <ele>48.8</ele>
        <time>2024-04-25T12:09:05.000Z</time>
        <sat>12</sat>
      </trkpt>
      <trkpt lat="48.319477" lon="-1.452103">
        <ele>48.8</ele>
        <time>2024-04-25T12:09:06.000Z</time>
        <sat>12</sat>
      </trkpt>
      <trkpt lat="48.319508" lon="-1.452270">
        <ele>48.4</ele>
        <time>2024-04-25T12:09:11.000Z</time>
        <sat>12</sat>
      </trkpt>
      <trkpt lat="48.319548" lon="-1.452403">
        <ele>48.0</ele>
        <time>2024-04-25T12:09:16.000Z</time>
        <sat>12</sat>
      </trkpt>
      <trkpt lat="48.319550" lon="-1.452545">
        <ele>47.8</ele>
        <time>2024-04-25T12:09:25.000Z</time>
        <sat>12</sat>
      </trkpt>
      <trkpt lat="48.319592" lon="-1.452668">
        <ele>47.8</ele>
        <time>2024-04-25T12:09:30.000Z</time>
        <sat>12</sat>
      </trkpt>
      <trkpt lat="48.319655" lon="-1.452780">
        <ele>47.9</ele>
        <time>2024-04-25T12:09:36.000Z</time>
        <sat>12</sat>
      </trkpt>
      <trkpt lat="48.319725" lon="-1.452872">
        <ele>48.1</ele>
        <time>2024-04-25T12:09:40.000Z</time>
        <sat>12</sat>
      </trkpt>
      <trkpt lat="48.319800" lon="-1.452978">
        <ele>48.3</ele>
        <time>2024-04-25T12:09:44.000Z</time>
        <sat>12</sat>
      </trkpt>
      <trkpt lat="48.319863" lon="-1.453105">
        <ele>48.7</ele>
        <time>2024-04-25T12:09:49.000Z</time>
        <sat>11</sat>
      </trkpt>
      <trkpt lat="48.319945" lon="-1.453218">
        <ele>49.1</ele>
        <time>2024-04-25T12:09:54.000Z</time>
        <sat>12</sat>
      </trkpt>
      <trkpt lat="48.320015" lon="-1.453352">
        <ele>49.4</ele>
        <time>2024-04-25T12:09:58.000Z</time>
        <sat>12</sat>
      </trkpt>
      <trkpt lat="48.320072" lon="-1.453468">
        <ele>49.5</ele>
        <time>2024-04-25T12:10:01.000Z</time>
        <sat>12</sat>
      </trkpt>
      <trkpt lat="48.320145" lon="-1.453587">
        <ele>50.0</ele>
        <time>2024-04-25T12:10:05.000Z</time>
        <sat>12</sat>
      </trkpt>
      <trkpt lat="48.320222" lon="-1.453663">
        <ele>51.2</ele>
        <time>2024-04-25T12:10:09.000Z</time>
        <sat>12</sat>
      </trkpt>
      <trkpt lat="48.320310" lon="-1.453775">
        <ele>53.7</ele>
        <time>2024-04-25T12:10:15.000Z</time>
        <sat>12</sat>
      </trkpt>
      <trkpt lat="48.320382" lon="-1.453865">
        <ele>54.4</ele>
        <time>2024-04-25T12:10:19.000Z</time>
        <sat>12</sat>
      </trkpt>
      <trkpt lat="48.320448" lon="-1.453992">
        <ele>56.2</ele>
        <time>2024-04-25T12:10:30.000Z</time>
        <sat>12</sat>
      </trkpt>
      <trkpt lat="48.320478" lon="-1.454130">
        <ele>56.9</ele>
        <time>2024-04-25T12:10:34.000Z</time>
        <sat>12</sat>
      </trkpt>
      <trkpt lat="48.320500" lon="-1.454280">
        <ele>57.0</ele>
        <time>2024-04-25T12:10:39.000Z</time>
        <sat>11</sat>
      </trkpt>
      <trkpt lat="48.320503" lon="-1.454425">
        <ele>56.3</ele>
        <time>2024-04-25T12:10:43.000Z</time>
        <sat>12</sat>
      </trkpt>
      <trkpt lat="48.320497" lon="-1.454582">
        <ele>55.2</ele>
        <time>2024-04-25T12:10:47.000Z</time>
        <sat>12</sat>
      </trkpt>
      <trkpt lat="48.320513" lon="-1.454730">
        <ele>54.2</ele>
        <time>2024-04-25T12:10:51.000Z</time>
        <sat>12</sat>
      </trkpt>
      <trkpt lat="48.320533" lon="-1.454895">
        <ele>53.5</ele>
        <time>2024-04-25T12:10:55.000Z</time>
        <sat>11</sat>
      </trkpt>
      <trkpt lat="48.320555" lon="-1.455065">
        <ele>52.7</ele>
        <time>2024-04-25T12:10:58.000Z</time>
        <sat>12</sat>
      </trkpt>
      <trkpt lat="48.320557" lon="-1.455248">
        <ele>52.7</ele>
        <time>2024-04-25T12:11:01.000Z</time>
        <sat>12</sat>
      </trkpt>
      <trkpt lat="48.320600" lon="-1.455368">
        <ele>53.3</ele>
        <time>2024-04-25T12:11:08.000Z</time>
        <sat>12</sat>
      </trkpt>
      <trkpt lat="48.320587" lon="-1.455507">
        <ele>53.6</ele>
        <time>2024-04-25T12:11:16.000Z</time>
        <sat>11</sat>
      </trkpt>
      <trkpt lat="48.320585" lon="-1.455668">
        <ele>53.5</ele>
        <time>2024-04-25T12:11:28.000Z</time>
        <sat>11</sat>
      </trkpt>
      <trkpt lat="48.320607" lon="-1.455823">
        <ele>53.4</ele>
        <time>2024-04-25T12:11:33.000Z</time>
        <sat>12</sat>
      </trkpt>
      <trkpt lat="48.320622" lon="-1.455987">
        <ele>53.3</ele>
        <time>2024-04-25T12:11:37.000Z</time>
        <sat>12</sat>
      </trkpt>
      <trkpt lat="48.320610" lon="-1.456127">
        <ele>52.5</ele>
        <time>2024-04-25T12:11:44.000Z</time>
        <sat>12</sat>
      </trkpt>
      <trkpt lat="48.320593" lon="-1.456267">
        <ele>49.7</ele>
        <time>2024-04-25T12:11:57.000Z</time>
        <sat>12</sat>
      </trkpt>
      <trkpt lat="48.320592" lon="-1.456282">
        <ele>49.6</ele>
        <time>2024-04-25T12:12:00.000Z</time>
        <sat>11</sat>
      </trkpt>
      <trkpt lat="48.320592" lon="-1.456282">
        <ele>49.5</ele>
        <time>2024-04-25T12:12:01.000Z</time>
        <sat>11</sat>
      </trkpt>
      <trkpt lat="48.320592" lon="-1.456287">
        <ele>48.9</ele>
        <time>2024-04-25T12:13:21.000Z</time>
        <sat>11</sat>
      </trkpt>
      <trkpt lat="48.320595" lon="-1.456288">
        <ele>48.9</ele>
        <time>2024-04-25T12:13:22.000Z</time>
        <sat>11</sat>
      </trkpt>
      <trkpt lat="48.320602" lon="-1.456295">
        <ele>48.9</ele>
        <time>2024-04-25T12:13:23.000Z</time>
        <sat>10</sat>
      </trkpt>
      <trkpt lat="48.320603" lon="-1.456300">
        <ele>48.9</ele>
        <time>2024-04-25T12:13:24.000Z</time>
        <sat>11</sat>
      </trkpt>
      <trkpt lat="48.320602" lon="-1.456302">
        <ele>48.9</ele>
        <time>2024-04-25T12:13:25.000Z</time>
        <sat>12</sat>
      </trkpt>
      <trkpt lat="48.320602" lon="-1.456307">
        <ele>48.9</ele>
        <time>2024-04-25T12:13:26.000Z</time>
        <sat>12</sat>
      </trkpt>
      <trkpt lat="48.320603" lon="-1.456315">
        <ele>48.9</ele>
        <time>2024-04-25T12:13:27.000Z</time>
        <sat>12</sat>
      </trkpt>
      <trkpt lat="48.320695" lon="-1.456320">
        <ele>49.3</ele>
        <time>2024-04-25T12:13:40.000Z</time>
        <sat>12</sat>
      </trkpt>
      <trkpt lat="48.320662" lon="-1.456447">
        <ele>50.7</ele>
        <time>2024-04-25T12:13:57.000Z</time>
        <sat>10</sat>
      </trkpt>
      <trkpt lat="48.320725" lon="-1.456573">
        <ele>51.4</ele>
        <time>2024-04-25T12:14:06.000Z</time>
        <sat>11</sat>
      </trkpt>
      <trkpt lat="48.320753" lon="-1.456685">
        <ele>52.0</ele>
        <time>2024-04-25T12:14:13.000Z</time>
        <sat>11</sat>
      </trkpt>
      <trkpt lat="48.320753" lon="-1.456685">
        <ele>52.1</ele>
        <time>2024-04-25T12:14:14.000Z</time>
        <sat>12</sat>
      </trkpt>
      <trkpt lat="48.320752" lon="-1.456687">
        <ele>52.2</ele>
        <time>2024-04-25T12:14:15.000Z</time>
        <sat>11</sat>
      </trkpt>
      <trkpt lat="48.320757" lon="-1.456710">
        <ele>52.4</ele>
        <time>2024-04-25T12:14:20.000Z</time>
        <sat>12</sat>
      </trkpt>
      <trkpt lat="48.320758" lon="-1.456715">
        <ele>52.4</ele>
        <time>2024-04-25T12:14:21.000Z</time>
        <sat>10</sat>
      </trkpt>
      <trkpt lat="48.320763" lon="-1.456723">
        <ele>52.5</ele>
        <time>2024-04-25T12:14:22.000Z</time>
        <sat>11</sat>
      </trkpt>
      <trkpt lat="48.320808" lon="-1.456845">
        <ele>53.8</ele>
        <time>2024-04-25T12:14:33.000Z</time>
        <sat>12</sat>
      </trkpt>
      <trkpt lat="48.320840" lon="-1.456975">
        <ele>56.2</ele>
        <time>2024-04-25T12:14:45.000Z</time>
        <sat>12</sat>
      </trkpt>
      <trkpt lat="48.320908" lon="-1.457030">
        <ele>59.7</ele>
        <time>2024-04-25T12:15:02.000Z</time>
        <sat>11</sat>
      </trkpt>
      <trkpt lat="48.320910" lon="-1.457032">
        <ele>59.8</ele>
        <time>2024-04-25T12:15:03.000Z</time>
        <sat>12</sat>
      </trkpt>
      <trkpt lat="48.320912" lon="-1.457032">
        <ele>59.8</ele>
        <time>2024-04-25T12:15:04.000Z</time>
        <sat>11</sat>
      </trkpt>
      <trkpt lat="48.320910" lon="-1.457037">
        <ele>59.9</ele>
        <time>2024-04-25T12:15:05.000Z</time>
        <sat>11</sat>
      </trkpt>
      <trkpt lat="48.320912" lon="-1.457037">
        <ele>60.0</ele>
        <time>2024-04-25T12:15:06.000Z</time>
        <sat>12</sat>
      </trkpt>
      <trkpt lat="48.320918" lon="-1.457042">
        <ele>60.2</ele>
        <time>2024-04-25T12:15:10.000Z</time>
        <sat>11</sat>
      </trkpt>
      <trkpt lat="48.320920" lon="-1.457035">
        <ele>60.3</ele>
        <time>2024-04-25T12:15:11.000Z</time>
        <sat>11</sat>
      </trkpt>
      <trkpt lat="48.320932" lon="-1.457013">
        <ele>60.4</ele>
        <time>2024-04-25T12:15:27.000Z</time>
        <sat>11</sat>
      </trkpt>
      <trkpt lat="48.320933" lon="-1.457025">
        <ele>60.4</ele>
        <time>2024-04-25T12:15:28.000Z</time>
        <sat>12</sat>
      </trkpt>
      <trkpt lat="48.320938" lon="-1.457040">
        <ele>60.4</ele>
        <time>2024-04-25T12:15:29.000Z</time>
        <sat>12</sat>
      </trkpt>
      <trkpt lat="48.321003" lon="-1.457145">
        <ele>62.0</ele>
        <time>2024-04-25T12:15:37.000Z</time>
        <sat>12</sat>
      </trkpt>
      <trkpt lat="48.321008" lon="-1.457243">
        <ele>65.8</ele>
        <time>2024-04-25T12:15:53.000Z</time>
        <sat>11</sat>
      </trkpt>
      <trkpt lat="48.321008" lon="-1.457243">
        <ele>65.9</ele>
        <time>2024-04-25T12:15:54.000Z</time>
        <sat>11</sat>
      </trkpt>
      <trkpt lat="48.321008" lon="-1.457243">
        <ele>66.0</ele>
        <time>2024-04-25T12:15:58.000Z</time>
        <sat>11</sat>
      </trkpt>
      <trkpt lat="48.321030" lon="-1.457385">
        <ele>65.5</ele>
        <time>2024-04-25T12:16:07.000Z</time>
        <sat>11</sat>
      </trkpt>
      <trkpt lat="48.321028" lon="-1.457522">
        <ele>65.2</ele>
        <time>2024-04-25T12:16:12.000Z</time>
        <sat>11</sat>
      </trkpt>
      <trkpt lat="48.320972" lon="-1.457663">
        <ele>64.4</ele>
        <time>2024-04-25T12:16:18.000Z</time>
        <sat>12</sat>
      </trkpt>
      <trkpt lat="48.320973" lon="-1.457822">
        <ele>63.3</ele>
        <time>2024-04-25T12:16:23.000Z</time>
        <sat>12</sat>
      </trkpt>
      <trkpt lat="48.320962" lon="-1.457978">
        <ele>63.0</ele>
        <time>2024-04-25T12:16:27.000Z</time>
        <sat>12</sat>
      </trkpt>
      <trkpt lat="48.320975" lon="-1.458123">
        <ele>62.8</ele>
        <time>2024-04-25T12:16:31.000Z</time>
        <sat>13</sat>
      </trkpt>
      <trkpt lat="48.321013" lon="-1.458260">
        <ele>62.0</ele>
        <time>2024-04-25T12:16:36.000Z</time>
        <sat>13</sat>
      </trkpt>
      <trkpt lat="48.321097" lon="-1.458368">
        <ele>59.0</ele>
        <time>2024-04-25T12:16:41.000Z</time>
        <sat>13</sat>
      </trkpt>
      <trkpt lat="48.321112" lon="-1.458503">
        <ele>57.4</ele>
        <time>2024-04-25T12:16:45.000Z</time>
        <sat>12</sat>
      </trkpt>
      <trkpt lat="48.321112" lon="-1.458513">
        <ele>56.9</ele>
        <time>2024-04-25T12:16:51.000Z</time>
        <sat>13</sat>
      </trkpt>
      <trkpt lat="48.321112" lon="-1.458513">
        <ele>56.9</ele>
        <time>2024-04-25T12:16:52.000Z</time>
        <sat>13</sat>
      </trkpt>
      <trkpt lat="48.321110" lon="-1.458565">
        <ele>56.9</ele>
        <time>2024-04-25T12:17:01.000Z</time>
        <sat>13</sat>
      </trkpt>
      <trkpt lat="48.321110" lon="-1.458580">
        <ele>56.9</ele>
        <time>2024-04-25T12:17:02.000Z</time>
        <sat>13</sat>
      </trkpt>
      <trkpt lat="48.321102" lon="-1.458718">
        <ele>59.8</ele>
        <time>2024-04-25T12:17:20.000Z</time>
        <sat>13</sat>
      </trkpt>
      <trkpt lat="48.321092" lon="-1.458740">
        <ele>61.6</ele>
        <time>2024-04-25T12:17:27.000Z</time>
        <sat>13</sat>
      </trkpt>
      <trkpt lat="48.321092" lon="-1.458742">
        <ele>61.7</ele>
        <time>2024-04-25T12:17:28.000Z</time>
        <sat>12</sat>
      </trkpt>
      <trkpt lat="48.321092" lon="-1.458742">
        <ele>61.8</ele>
        <time>2024-04-25T12:17:29.000Z</time>
        <sat>12</sat>
      </trkpt>
      <trkpt lat="48.321083" lon="-1.458740">
        <ele>62.1</ele>
        <time>2024-04-25T12:17:38.000Z</time>
        <sat>12</sat>
      </trkpt>
      <trkpt lat="48.321077" lon="-1.458748">
        <ele>62.1</ele>
        <time>2024-04-25T12:17:39.000Z</time>
        <sat>12</sat>
      </trkpt>
      <trkpt lat="48.321072" lon="-1.458760">
        <ele>62.2</ele>
        <time>2024-04-25T12:17:40.000Z</time>
        <sat>12</sat>
      </trkpt>
      <trkpt lat="48.321020" lon="-1.458883">
        <ele>62.1</ele>
        <time>2024-04-25T12:17:48.000Z</time>
        <sat>13</sat>
      </trkpt>
      <trkpt lat="48.321012" lon="-1.459025">
        <ele>61.7</ele>
        <time>2024-04-25T12:17:52.000Z</time>
        <sat>12</sat>
      </trkpt>
      <trkpt lat="48.321017" lon="-1.459193">
        <ele>61.6</ele>
        <time>2024-04-25T12:17:56.000Z</time>
        <sat>12</sat>
      </trkpt>
      <trkpt lat="48.321025" lon="-1.459365">
        <ele>61.8</ele>
        <time>2024-04-25T12:18:01.000Z</time>
        <sat>12</sat>
      </trkpt>
      <trkpt lat="48.321033" lon="-1.459517">
        <ele>61.7</ele>
        <time>2024-04-25T12:18:05.000Z</time>
        <sat>12</sat>
      </trkpt>
      <trkpt lat="48.321030" lon="-1.459657">
        <ele>61.3</ele>
        <time>2024-04-25T12:18:10.000Z</time>
        <sat>12</sat>
      </trkpt>
      <trkpt lat="48.321025" lon="-1.459805">
        <ele>61.0</ele>
        <time>2024-04-25T12:18:14.000Z</time>
        <sat>13</sat>
      </trkpt>
      <trkpt lat="48.321013" lon="-1.459942">
        <ele>60.7</ele>
        <time>2024-04-25T12:18:17.000Z</time>
        <sat>13</sat>
      </trkpt>
      <trkpt lat="48.321002" lon="-1.460087">
        <ele>60.4</ele>
        <time>2024-04-25T12:18:20.000Z</time>
        <sat>13</sat>
      </trkpt>
      <trkpt lat="48.321023" lon="-1.460238">
        <ele>60.0</ele>
        <time>2024-04-25T12:18:23.000Z</time>
        <sat>13</sat>
      </trkpt>
      <trkpt lat="48.321018" lon="-1.460377">
        <ele>59.0</ele>
        <time>2024-04-25T12:18:26.000Z</time>
        <sat>13</sat>
      </trkpt>
      <trkpt lat="48.321010" lon="-1.460555">
        <ele>57.7</ele>
        <time>2024-04-25T12:18:29.000Z</time>
        <sat>13</sat>
      </trkpt>
      <trkpt lat="48.321003" lon="-1.460698">
        <ele>56.7</ele>
        <time>2024-04-25T12:18:31.000Z</time>
        <sat>13</sat>
      </trkpt>
      <trkpt lat="48.321002" lon="-1.460838">
        <ele>55.4</ele>
        <time>2024-04-25T12:18:34.000Z</time>
        <sat>12</sat>
      </trkpt>
      <trkpt lat="48.320982" lon="-1.460972">
        <ele>53.8</ele>
        <time>2024-04-25T12:18:36.000Z</time>
        <sat>13</sat>
      </trkpt>
      <trkpt lat="48.320987" lon="-1.461145">
        <ele>52.6</ele>
        <time>2024-04-25T12:18:40.000Z</time>
        <sat>13</sat>
      </trkpt>
      <trkpt lat="48.320977" lon="-1.461313">
        <ele>51.2</ele>
        <time>2024-04-25T12:18:43.000Z</time>
        <sat>13</sat>
      </trkpt>
      <trkpt lat="48.320967" lon="-1.461415">
        <ele>50.6</ele>
        <time>2024-04-25T12:18:48.000Z</time>
        <sat>11</sat>
      </trkpt>
      <trkpt lat="48.320967" lon="-1.461415">
        <ele>50.5</ele>
        <time>2024-04-25T12:18:49.000Z</time>
        <sat>11</sat>
      </trkpt>
      <trkpt lat="48.320965" lon="-1.461457">
        <ele>50.5</ele>
        <time>2024-04-25T12:18:53.000Z</time>
        <sat>12</sat>
      </trkpt>
      <trkpt lat="48.320957" lon="-1.461477">
        <ele>50.6</ele>
        <time>2024-04-25T12:18:54.000Z</time>
        <sat>12</sat>
      </trkpt>
      <trkpt lat="48.320953" lon="-1.461485">
        <ele>50.6</ele>
        <time>2024-04-25T12:18:55.000Z</time>
        <sat>13</sat>
      </trkpt>
      <trkpt lat="48.321045" lon="-1.461512">
        <ele>53.1</ele>
        <time>2024-04-25T12:19:14.000Z</time>
        <sat>13</sat>
      </trkpt>
      <trkpt lat="48.321130" lon="-1.461583">
        <ele>53.9</ele>
        <time>2024-04-25T12:19:19.000Z</time>
        <sat>14</sat>
      </trkpt>
      <trkpt lat="48.321233" lon="-1.461650">
        <ele>55.0</ele>
        <time>2024-04-25T12:19:24.000Z</time>
        <sat>13</sat>
      </trkpt>
      <trkpt lat="48.321333" lon="-1.461712">
        <ele>55.9</ele>
        <time>2024-04-25T12:19:28.000Z</time>
        <sat>13</sat>
      </trkpt>
      <trkpt lat="48.321422" lon="-1.461772">
        <ele>56.5</ele>
        <time>2024-04-25T12:19:33.000Z</time>
        <sat>13</sat>
      </trkpt>
      <trkpt lat="48.321478" lon="-1.461663">
        <ele>57.1</ele>
        <time>2024-04-25T12:19:38.000Z</time>
        <sat>13</sat>
      </trkpt>
      <trkpt lat="48.321527" lon="-1.461528">
        <ele>58.0</ele>
        <time>2024-04-25T12:19:42.000Z</time>
        <sat>13</sat>
      </trkpt>
      <trkpt lat="48.321603" lon="-1.461410">
        <ele>60.2</ele>
        <time>2024-04-25T12:19:47.000Z</time>
        <sat>13</sat>
      </trkpt>
      <trkpt lat="48.321700" lon="-1.461313">
        <ele>60.4</ele>
        <time>2024-04-25T12:19:51.000Z</time>
        <sat>12</sat>
      </trkpt>
      <trkpt lat="48.321810" lon="-1.461288">
        <ele>61.4</ele>
        <time>2024-04-25T12:19:55.000Z</time>
        <sat>15</sat>
      </trkpt>
      <trkpt lat="48.321912" lon="-1.461327">
        <ele>62.3</ele>
        <time>2024-04-25T12:19:59.000Z</time>
        <sat>15</sat>
      </trkpt>
      <trkpt lat="48.321958" lon="-1.461465">
        <ele>62.9</ele>
        <time>2024-04-25T12:20:03.000Z</time>
        <sat>14</sat>
      </trkpt>
      <trkpt lat="48.321945" lon="-1.461650">
        <ele>62.9</ele>
        <time>2024-04-25T12:20:07.000Z</time>
        <sat>14</sat>
      </trkpt>
      <trkpt lat="48.321942" lon="-1.461810">
        <ele>63.0</ele>
        <time>2024-04-25T12:20:10.000Z</time>
        <sat>14</sat>
      </trkpt>
      <trkpt lat="48.321923" lon="-1.461988">
        <ele>62.9</ele>
        <time>2024-04-25T12:20:13.000Z</time>
        <sat>14</sat>
      </trkpt>
      <trkpt lat="48.321907" lon="-1.462170">
        <ele>62.5</ele>
        <time>2024-04-25T12:20:16.000Z</time>
        <sat>14</sat>
      </trkpt>
      <trkpt lat="48.321890" lon="-1.462308">
        <ele>62.3</ele>
        <time>2024-04-25T12:20:18.000Z</time>
        <sat>14</sat>
      </trkpt>
      <trkpt lat="48.321882" lon="-1.462453">
        <ele>61.9</ele>
        <time>2024-04-25T12:20:20.000Z</time>
        <sat>13</sat>
      </trkpt>
      <trkpt lat="48.321870" lon="-1.462600">
        <ele>61.5</ele>
        <time>2024-04-25T12:20:22.000Z</time>
        <sat>13</sat>
      </trkpt>
      <trkpt lat="48.321858" lon="-1.462747">
        <ele>61.3</ele>
        <time>2024-04-25T12:20:24.000Z</time>
        <sat>13</sat>
      </trkpt>
      <trkpt lat="48.321850" lon="-1.462892">
        <ele>60.9</ele>
        <time>2024-04-25T12:20:26.000Z</time>
        <sat>13</sat>
      </trkpt>
      <trkpt lat="48.321847" lon="-1.463093">
        <ele>60.3</ele>
        <time>2024-04-25T12:20:29.000Z</time>
        <sat>13</sat>
      </trkpt>
      <trkpt lat="48.321840" lon="-1.463240">
        <ele>59.9</ele>
        <time>2024-04-25T12:20:31.000Z</time>
        <sat>13</sat>
      </trkpt>
      <trkpt lat="48.321838" lon="-1.463382">
        <ele>59.6</ele>
        <time>2024-04-25T12:20:33.000Z</time>
        <sat>13</sat>
      </trkpt>
      <trkpt lat="48.321833" lon="-1.463518">
        <ele>59.4</ele>
        <time>2024-04-25T12:20:35.000Z</time>
        <sat>13</sat>
      </trkpt>
      <trkpt lat="48.321832" lon="-1.463720">
        <ele>59.4</ele>
        <time>2024-04-25T12:20:38.000Z</time>
        <sat>13</sat>
      </trkpt>
      <trkpt lat="48.321822" lon="-1.463915">
        <ele>59.2</ele>
        <time>2024-04-25T12:20:41.000Z</time>
        <sat>12</sat>
      </trkpt>
      <trkpt lat="48.321817" lon="-1.464112">
        <ele>59.0</ele>
        <time>2024-04-25T12:20:44.000Z</time>
        <sat>13</sat>
      </trkpt>
      <trkpt lat="48.321810" lon="-1.464300">
        <ele>59.0</ele>
        <time>2024-04-25T12:20:47.000Z</time>
        <sat>13</sat>
      </trkpt>
      <trkpt lat="48.321805" lon="-1.464508">
        <ele>58.7</ele>
        <time>2024-04-25T12:20:50.000Z</time>
        <sat>12</sat>
      </trkpt>
      <trkpt lat="48.321802" lon="-1.464645">
        <ele>58.7</ele>
        <time>2024-04-25T12:20:52.000Z</time>
        <sat>13</sat>
      </trkpt>
      <trkpt lat="48.321798" lon="-1.464790">
        <ele>58.5</ele>
        <time>2024-04-25T12:20:54.000Z</time>
        <sat>12</sat>
      </trkpt>
      <trkpt lat="48.321780" lon="-1.464943">
        <ele>58.3</ele>
        <time>2024-04-25T12:20:56.000Z</time>
        <sat>11</sat>
      </trkpt>
      <trkpt lat="48.321775" lon="-1.465092">
        <ele>58.2</ele>
        <time>2024-04-25T12:20:58.000Z</time>
        <sat>12</sat>
      </trkpt>
      <trkpt lat="48.321755" lon="-1.465228">
        <ele>58.3</ele>
        <time>2024-04-25T12:21:00.000Z</time>
        <sat>11</sat>
      </trkpt>
      <trkpt lat="48.321715" lon="-1.465358">
        <ele>57.8</ele>
        <time>2024-04-25T12:21:02.000Z</time>
        <sat>12</sat>
      </trkpt>
      <trkpt lat="48.321683" lon="-1.465492">
        <ele>57.3</ele>
        <time>2024-04-25T12:21:04.000Z</time>
        <sat>12</sat>
      </trkpt>
      <trkpt lat="48.321658" lon="-1.465637">
        <ele>56.2</ele>
        <time>2024-04-25T12:21:06.000Z</time>
        <sat>13</sat>
      </trkpt>
      <trkpt lat="48.321648" lon="-1.465793">
        <ele>55.0</ele>
        <time>2024-04-25T12:21:08.000Z</time>
        <sat>13</sat>
      </trkpt>
      <trkpt lat="48.321632" lon="-1.465973">
        <ele>54.1</ele>
        <time>2024-04-25T12:21:10.000Z</time>
        <sat>12</sat>
      </trkpt>
      <trkpt lat="48.321617" lon="-1.466123">
        <ele>51.7</ele>
        <time>2024-04-25T12:21:12.000Z</time>
        <sat>12</sat>
      </trkpt>
      <trkpt lat="48.321600" lon="-1.466278">
        <ele>50.0</ele>
        <time>2024-04-25T12:21:15.000Z</time>
        <sat>12</sat>
      </trkpt>
      <trkpt lat="48.321577" lon="-1.466437">
        <ele>49.2</ele>
        <time>2024-04-25T12:21:19.000Z</time>
        <sat>12</sat>
      </trkpt>
      <trkpt lat="48.321550" lon="-1.466600">
        <ele>48.4</ele>
        <time>2024-04-25T12:21:23.000Z</time>
        <sat>12</sat>
      </trkpt>
      <trkpt lat="48.321492" lon="-1.466752">
        <ele>47.8</ele>
        <time>2024-04-25T12:21:27.000Z</time>
        <sat>11</sat>
      </trkpt>
      <trkpt lat="48.321433" lon="-1.466868">
        <ele>47.2</ele>
        <time>2024-04-25T12:21:30.000Z</time>
        <sat>11</sat>
      </trkpt>
      <trkpt lat="48.321423" lon="-1.467042">
        <ele>46.6</ele>
        <time>2024-04-25T12:21:35.000Z</time>
        <sat>11</sat>
      </trkpt>
      <trkpt lat="48.321397" lon="-1.467182">
        <ele>45.7</ele>
        <time>2024-04-25T12:21:40.000Z</time>
        <sat>11</sat>
      </trkpt>
      <trkpt lat="48.321352" lon="-1.467315">
        <ele>46.1</ele>
        <time>2024-04-25T12:21:45.000Z</time>
        <sat>11</sat>
      </trkpt>
      <trkpt lat="48.321277" lon="-1.467410">
        <ele>46.0</ele>
        <time>2024-04-25T12:21:48.000Z</time>
        <sat>11</sat>
      </trkpt>
      <trkpt lat="48.321200" lon="-1.467527">
        <ele>46.2</ele>
        <time>2024-04-25T12:21:52.000Z</time>
        <sat>12</sat>
      </trkpt>
      <trkpt lat="48.321163" lon="-1.467665">
        <ele>46.7</ele>
        <time>2024-04-25T12:21:56.000Z</time>
        <sat>12</sat>
      </trkpt>
      <trkpt lat="48.321092" lon="-1.467757">
        <ele>47.1</ele>
        <time>2024-04-25T12:22:00.000Z</time>
        <sat>11</sat>
      </trkpt>
      <trkpt lat="48.321037" lon="-1.467805">
        <ele>47.0</ele>
        <time>2024-04-25T12:22:08.000Z</time>
        <sat>10</sat>
      </trkpt>
      <trkpt lat="48.321035" lon="-1.467805">
        <ele>47.0</ele>
        <time>2024-04-25T12:22:09.000Z</time>
        <sat>11</sat>
      </trkpt>
      <trkpt lat="48.321035" lon="-1.467805">
        <ele>47.0</ele>
        <time>2024-04-25T12:22:10.000Z</time>
        <sat>11</sat>
      </trkpt>
      <trkpt lat="48.321035" lon="-1.467805">
        <ele>47.0</ele>
        <time>2024-04-25T12:22:11.000Z</time>
        <sat>10</sat>
      </trkpt>
      <trkpt lat="48.321035" lon="-1.467805">
        <ele>47.0</ele>
        <time>2024-04-25T12:22:12.000Z</time>
        <sat>11</sat>
      </trkpt>
      <trkpt lat="48.321030" lon="-1.467807">
        <ele>47.0</ele>
        <time>2024-04-25T12:22:13.000Z</time>
        <sat>11</sat>
      </trkpt>
      <trkpt lat="48.321017" lon="-1.467810">
        <ele>47.0</ele>
        <time>2024-04-25T12:22:14.000Z</time>
        <sat>12</sat>
      </trkpt>
      <trkpt lat="48.321017" lon="-1.467810">
        <ele>46.9</ele>
        <time>2024-04-25T12:22:15.000Z</time>
        <sat>12</sat>
      </trkpt>
      <trkpt lat="48.321017" lon="-1.467810">
        <ele>46.9</ele>
        <time>2024-04-25T12:22:16.000Z</time>
        <sat>11</sat>
      </trkpt>
      <trkpt lat="48.321015" lon="-1.467807">
        <ele>46.8</ele>
        <time>2024-04-25T12:22:20.000Z</time>
        <sat>12</sat>
      </trkpt>
      <trkpt lat="48.321015" lon="-1.467807">
        <ele>46.8</ele>
        <time>2024-04-25T12:22:21.000Z</time>
        <sat>13</sat>
      </trkpt>
      <trkpt lat="48.321012" lon="-1.467813">
        <ele>46.4</ele>
        <time>2024-04-25T12:22:57.000Z</time>
        <sat>12</sat>
      </trkpt>
      <trkpt lat="48.321007" lon="-1.467813">
        <ele>46.4</ele>
        <time>2024-04-25T12:22:58.000Z</time>
        <sat>11</sat>
      </trkpt>
      <trkpt lat="48.321002" lon="-1.467815">
        <ele>46.4</ele>
        <time>2024-04-25T12:22:59.000Z</time>
        <sat>11</sat>
      </trkpt>
      <trkpt lat="48.320917" lon="-1.467905">
        <ele>46.2</ele>
        <time>2024-04-25T12:23:22.000Z</time>
        <sat>11</sat>
      </trkpt>
      <trkpt lat="48.320865" lon="-1.468020">
        <ele>46.2</ele>
        <time>2024-04-25T12:23:27.000Z</time>
        <sat>11</sat>
      </trkpt>
      <trkpt lat="48.320798" lon="-1.468153">
        <ele>46.2</ele>
        <time>2024-04-25T12:23:32.000Z</time>
        <sat>12</sat>
      </trkpt>
      <trkpt lat="48.320725" lon="-1.468290">
        <ele>46.2</ele>
        <time>2024-04-25T12:23:36.000Z</time>
        <sat>13</sat>
      </trkpt>
      <trkpt lat="48.320682" lon="-1.468412">
        <ele>46.2</ele>
        <time>2024-04-25T12:23:39.000Z</time>
        <sat>14</sat>
      </trkpt>
      <trkpt lat="48.320628" lon="-1.468548">
        <ele>46.2</ele>
        <time>2024-04-25T12:23:43.000Z</time>
        <sat>13</sat>
      </trkpt>
      <trkpt lat="48.320547" lon="-1.468653">
        <ele>46.1</ele>
        <time>2024-04-25T12:23:47.000Z</time>
        <sat>14</sat>
      </trkpt>
      <trkpt lat="48.320458" lon="-1.468697">
        <ele>45.9</ele>
        <time>2024-04-25T12:23:50.000Z</time>
        <sat>13</sat>
      </trkpt>
      <trkpt lat="48.320382" lon="-1.468778">
        <ele>45.6</ele>
        <time>2024-04-25T12:23:53.000Z</time>
        <sat>13</sat>
      </trkpt>
      <trkpt lat="48.320310" lon="-1.468877">
        <ele>45.3</ele>
        <time>2024-04-25T12:23:59.000Z</time>
        <sat>13</sat>
      </trkpt>
      <trkpt lat="48.320212" lon="-1.468867">
        <ele>45.3</ele>
        <time>2024-04-25T12:24:07.000Z</time>
        <sat>13</sat>
      </trkpt>
      <trkpt lat="48.320152" lon="-1.468765">
        <ele>45.3</ele>
        <time>2024-04-25T12:24:28.000Z</time>
        <sat>12</sat>
      </trkpt>
      <trkpt lat="48.320148" lon="-1.468613">
        <ele>45.3</ele>
        <time>2024-04-25T12:24:41.000Z</time>
        <sat>13</sat>
      </trkpt>
      <trkpt lat="48.320180" lon="-1.468483">
        <ele>45.3</ele>
        <time>2024-04-25T12:24:45.000Z</time>
        <sat>10</sat>
      </trkpt>
      <trkpt lat="48.320197" lon="-1.468345">
        <ele>45.3</ele>
        <time>2024-04-25T12:24:50.000Z</time>
        <sat>11</sat>
      </trkpt>
      <trkpt lat="48.320190" lon="-1.468210">
        <ele>45.8</ele>
        <time>2024-04-25T12:24:57.000Z</time>
        <sat>11</sat>
      </trkpt>
      <trkpt lat="48.320155" lon="-1.468082">
        <ele>48.6</ele>
        <time>2024-04-25T12:25:04.000Z</time>
        <sat>10</sat>
      </trkpt>
      <trkpt lat="48.320130" lon="-1.467945">
        <ele>52.0</ele>
        <time>2024-04-25T12:25:08.000Z</time>
        <sat>11</sat>
      </trkpt>
      <trkpt lat="48.320110" lon="-1.467800">
        <ele>54.3</ele>
        <time>2024-04-25T12:25:13.000Z</time>
        <sat>11</sat>
      </trkpt>
      <trkpt lat="48.320057" lon="-1.467690">
        <ele>55.3</ele>
        <time>2024-04-25T12:25:18.000Z</time>
        <sat>12</sat>
      </trkpt>
      <trkpt lat="48.320017" lon="-1.467555">
        <ele>57.3</ele>
        <time>2024-04-25T12:25:28.000Z</time>
        <sat>13</sat>
      </trkpt>
      <trkpt lat="48.319967" lon="-1.467507">
        <ele>58.5</ele>
        <time>2024-04-25T12:25:38.000Z</time>
        <sat>11</sat>
      </trkpt>
      <trkpt lat="48.319962" lon="-1.467500">
        <ele>58.6</ele>
        <time>2024-04-25T12:25:39.000Z</time>
        <sat>11</sat>
      </trkpt>
      <trkpt lat="48.319950" lon="-1.467493">
        <ele>58.7</ele>
        <time>2024-04-25T12:25:40.000Z</time>
        <sat>11</sat>
      </trkpt>
      <trkpt lat="48.319940" lon="-1.467485">
        <ele>58.7</ele>
        <time>2024-04-25T12:25:41.000Z</time>
        <sat>12</sat>
      </trkpt>
      <trkpt lat="48.319932" lon="-1.467477">
        <ele>58.8</ele>
        <time>2024-04-25T12:25:42.000Z</time>
        <sat>12</sat>
      </trkpt>
      <trkpt lat="48.319878" lon="-1.467358">
        <ele>59.6</ele>
        <time>2024-04-25T12:25:51.000Z</time>
        <sat>12</sat>
      </trkpt>
      <trkpt lat="48.319933" lon="-1.467268">
        <ele>60.7</ele>
        <time>2024-04-25T12:31:18.000Z</time>
        <sat>13</sat>
      </trkpt>
      <trkpt lat="48.320000" lon="-1.467173">
        <ele>60.8</ele>
        <time>2024-04-25T12:31:22.000Z</time>
        <sat>13</sat>
      </trkpt>
      <trkpt lat="48.320082" lon="-1.467080">
        <ele>61.1</ele>
        <time>2024-04-25T12:31:26.000Z</time>
        <sat>14</sat>
      </trkpt>
      <trkpt lat="48.320145" lon="-1.466957">
        <ele>61.6</ele>
        <time>2024-04-25T12:31:30.000Z</time>
        <sat>13</sat>
      </trkpt>
      <trkpt lat="48.320198" lon="-1.466812">
        <ele>62.6</ele>
        <time>2024-04-25T12:31:34.000Z</time>
        <sat>14</sat>
      </trkpt>
      <trkpt lat="48.320220" lon="-1.466655">
        <ele>63.8</ele>
        <time>2024-04-25T12:31:38.000Z</time>
        <sat>14</sat>
      </trkpt>
      <trkpt lat="48.320233" lon="-1.466495">
        <ele>64.8</ele>
        <time>2024-04-25T12:31:42.000Z</time>
        <sat>13</sat>
      </trkpt>
      <trkpt lat="48.320258" lon="-1.466330">
        <ele>65.7</ele>
        <time>2024-04-25T12:31:46.000Z</time>
        <sat>14</sat>
      </trkpt>
      <trkpt lat="48.320275" lon="-1.466195">
        <ele>66.2</ele>
        <time>2024-04-25T12:31:49.000Z</time>
        <sat>14</sat>
      </trkpt>
      <trkpt lat="48.320300" lon="-1.466063">
        <ele>67.0</ele>
        <time>2024-04-25T12:31:52.000Z</time>
        <sat>14</sat>
      </trkpt>
      <trkpt lat="48.320332" lon="-1.465928">
        <ele>67.8</ele>
        <time>2024-04-25T12:31:55.000Z</time>
        <sat>14</sat>
      </trkpt>
      <trkpt lat="48.320347" lon="-1.465793">
        <ele>68.3</ele>
        <time>2024-04-25T12:31:58.000Z</time>
        <sat>14</sat>
      </trkpt>
      <trkpt lat="48.320362" lon="-1.465652">
        <ele>69.0</ele>
        <time>2024-04-25T12:32:01.000Z</time>
        <sat>14</sat>
      </trkpt>
      <trkpt lat="48.320370" lon="-1.465472">
        <ele>70.1</ele>
        <time>2024-04-25T12:32:05.000Z</time>
        <sat>14</sat>
      </trkpt>
      <trkpt lat="48.320350" lon="-1.465298">
        <ele>71.1</ele>
        <time>2024-04-25T12:32:09.000Z</time>
        <sat>13</sat>
      </trkpt>
      <trkpt lat="48.320328" lon="-1.465123">
        <ele>71.8</ele>
        <time>2024-04-25T12:32:13.000Z</time>
        <sat>13</sat>
      </trkpt>
      <trkpt lat="48.320297" lon="-1.464950">
        <ele>72.9</ele>
        <time>2024-04-25T12:32:17.000Z</time>
        <sat>13</sat>
      </trkpt>
      <trkpt lat="48.320252" lon="-1.464790">
        <ele>74.1</ele>
        <time>2024-04-25T12:32:21.000Z</time>
        <sat>13</sat>
      </trkpt>
      <trkpt lat="48.320197" lon="-1.464642">
        <ele>75.3</ele>
        <time>2024-04-25T12:32:25.000Z</time>
        <sat>13</sat>
      </trkpt>
      <trkpt lat="48.320152" lon="-1.464517">
        <ele>76.3</ele>
        <time>2024-04-25T12:32:30.000Z</time>
        <sat>14</sat>
      </trkpt>
      <trkpt lat="48.320175" lon="-1.464527">
        <ele>77.1</ele>
        <time>2024-04-25T12:32:43.000Z</time>
        <sat>12</sat>
      </trkpt>
      <trkpt lat="48.320172" lon="-1.464528">
        <ele>77.1</ele>
        <time>2024-04-25T12:32:44.000Z</time>
        <sat>12</sat>
      </trkpt>
      <trkpt lat="48.320130" lon="-1.464412">
        <ele>76.7</ele>
        <time>2024-04-25T12:35:07.000Z</time>
        <sat>14</sat>
      </trkpt>
      <trkpt lat="48.320107" lon="-1.464262">
        <ele>76.8</ele>
        <time>2024-04-25T12:35:11.000Z</time>
        <sat>14</sat>
      </trkpt>
      <trkpt lat="48.320068" lon="-1.464088">
        <ele>76.8</ele>
        <time>2024-04-25T12:35:15.000Z</time>
        <sat>14</sat>
      </trkpt>
      <trkpt lat="48.320043" lon="-1.463953">
        <ele>76.8</ele>
        <time>2024-04-25T12:35:18.000Z</time>
        <sat>14</sat>
      </trkpt>
      <trkpt lat="48.320007" lon="-1.463787">
        <ele>76.9</ele>
        <time>2024-04-25T12:35:22.000Z</time>
        <sat>14</sat>
      </trkpt>
      <trkpt lat="48.320002" lon="-1.463608">
        <ele>76.9</ele>
        <time>2024-04-25T12:35:26.000Z</time>
        <sat>14</sat>
      </trkpt>
      <trkpt lat="48.320042" lon="-1.463478">
        <ele>76.8</ele>
        <time>2024-04-25T12:35:29.000Z</time>
        <sat>14</sat>
      </trkpt>
      <trkpt lat="48.320050" lon="-1.463343">
        <ele>76.7</ele>
        <time>2024-04-25T12:35:32.000Z</time>
        <sat>14</sat>
      </trkpt>
      <trkpt lat="48.320075" lon="-1.463212">
        <ele>76.3</ele>
        <time>2024-04-25T12:35:36.000Z</time>
        <sat>12</sat>
      </trkpt>
      <trkpt lat="48.320077" lon="-1.463038">
        <ele>75.4</ele>
        <time>2024-04-25T12:35:40.000Z</time>
        <sat>13</sat>
      </trkpt>
      <trkpt lat="48.320045" lon="-1.462907">
        <ele>74.5</ele>
        <time>2024-04-25T12:35:43.000Z</time>
        <sat>14</sat>
      </trkpt>
      <trkpt lat="48.319977" lon="-1.462808">
        <ele>73.4</ele>
        <time>2024-04-25T12:35:47.000Z</time>
        <sat>14</sat>
      </trkpt>
      <trkpt lat="48.319883" lon="-1.462782">
        <ele>72.7</ele>
        <time>2024-04-25T12:35:51.000Z</time>
        <sat>14</sat>
      </trkpt>
      <trkpt lat="48.319797" lon="-1.462732">
        <ele>71.7</ele>
        <time>2024-04-25T12:35:55.000Z</time>
        <sat>12</sat>
      </trkpt>
      <trkpt lat="48.319783" lon="-1.462672">
        <ele>70.1</ele>
        <time>2024-04-25T12:36:03.000Z</time>
        <sat>14</sat>
      </trkpt>
      <trkpt lat="48.319783" lon="-1.462672">
        <ele>69.9</ele>
        <time>2024-04-25T12:36:04.000Z</time>
        <sat>14</sat>
      </trkpt>
      <trkpt lat="48.319785" lon="-1.462670">
        <ele>69.8</ele>
        <time>2024-04-25T12:36:05.000Z</time>
        <sat>14</sat>
      </trkpt>
      <trkpt lat="48.319785" lon="-1.462660">
        <ele>69.7</ele>
        <time>2024-04-25T12:36:06.000Z</time>
        <sat>14</sat>
      </trkpt>
      <trkpt lat="48.319785" lon="-1.462660">
        <ele>69.6</ele>
        <time>2024-04-25T12:36:07.000Z</time>
        <sat>14</sat>
      </trkpt>
      <trkpt lat="48.319810" lon="-1.462520">
        <ele>68.1</ele>
        <time>2024-04-25T12:36:16.000Z</time>
        <sat>12</sat>
      </trkpt>
      <trkpt lat="48.319762" lon="-1.462397">
        <ele>64.1</ele>
        <time>2024-04-25T12:36:21.000Z</time>
        <sat>11</sat>
      </trkpt>
      <trkpt lat="48.319683" lon="-1.462292">
        <ele>60.9</ele>
        <time>2024-04-25T12:36:25.000Z</time>
        <sat>13</sat>
      </trkpt>
      <trkpt lat="48.319617" lon="-1.462153">
        <ele>59.7</ele>
        <time>2024-04-25T12:36:30.000Z</time>
        <sat>13</sat>
      </trkpt>
      <trkpt lat="48.319607" lon="-1.462057">
        <ele>58.5</ele>
        <time>2024-04-25T12:36:40.000Z</time>
        <sat>13</sat>
      </trkpt>
      <trkpt lat="48.319613" lon="-1.462058">
        <ele>58.5</ele>
        <time>2024-04-25T12:36:41.000Z</time>
        <sat>13</sat>
      </trkpt>
      <trkpt lat="48.319627" lon="-1.462057">
        <ele>58.5</ele>
        <time>2024-04-25T12:36:42.000Z</time>
        <sat>12</sat>
      </trkpt>
      <trkpt lat="48.319630" lon="-1.462048">
        <ele>58.6</ele>
        <time>2024-04-25T12:36:43.000Z</time>
        <sat>11</sat>
      </trkpt>
      <trkpt lat="48.319633" lon="-1.462040">
        <ele>58.6</ele>
        <time>2024-04-25T12:36:44.000Z</time>
        <sat>12</sat>
      </trkpt>
      <trkpt lat="48.319640" lon="-1.462032">
        <ele>58.6</ele>
        <time>2024-04-25T12:36:45.000Z</time>
        <sat>13</sat>
      </trkpt>
      <trkpt lat="48.319715" lon="-1.461953">
        <ele>60.3</ele>
        <time>2024-04-25T12:37:00.000Z</time>
        <sat>12</sat>
      </trkpt>
      <trkpt lat="48.319737" lon="-1.461823">
        <ele>65.0</ele>
        <time>2024-04-25T12:37:22.000Z</time>
        <sat>13</sat>
      </trkpt>
      <trkpt lat="48.319737" lon="-1.461823">
        <ele>65.2</ele>
        <time>2024-04-25T12:37:23.000Z</time>
        <sat>13</sat>
      </trkpt>
      <trkpt lat="48.319737" lon="-1.461823">
        <ele>65.4</ele>
        <time>2024-04-25T12:37:24.000Z</time>
        <sat>13</sat>
      </trkpt>
      <trkpt lat="48.319742" lon="-1.461817">
        <ele>66.3</ele>
        <time>2024-04-25T12:38:07.000Z</time>
        <sat>14</sat>
      </trkpt>
      <trkpt lat="48.319745" lon="-1.461808">
        <ele>66.3</ele>
        <time>2024-04-25T12:38:08.000Z</time>
        <sat>14</sat>
      </trkpt>
      <trkpt lat="48.319748" lon="-1.461797">
        <ele>66.3</ele>
        <time>2024-04-25T12:38:09.000Z</time>
        <sat>14</sat>
      </trkpt>
      <trkpt lat="48.319738" lon="-1.461658">
        <ele>69.3</ele>
        <time>2024-04-25T12:38:28.000Z</time>
        <sat>12</sat>
      </trkpt>
      <trkpt lat="48.319750" lon="-1.461643">
        <ele>70.9</ele>
        <time>2024-04-25T12:38:35.000Z</time>
        <sat>13</sat>
      </trkpt>
      <trkpt lat="48.319750" lon="-1.461643">
        <ele>71.0</ele>
        <time>2024-04-25T12:38:36.000Z</time>
        <sat>13</sat>
      </trkpt>
      <trkpt lat="48.319757" lon="-1.461632">
        <ele>71.5</ele>
        <time>2024-04-25T12:38:47.000Z</time>
        <sat>12</sat>
      </trkpt>
      <trkpt lat="48.319757" lon="-1.461632">
        <ele>71.5</ele>
        <time>2024-04-25T12:38:48.000Z</time>
        <sat>11</sat>
      </trkpt>
      <trkpt lat="48.319757" lon="-1.461632">
        <ele>71.6</ele>
        <time>2024-04-25T12:38:49.000Z</time>
        <sat>12</sat>
      </trkpt>
      <trkpt lat="48.319760" lon="-1.461632">
        <ele>71.6</ele>
        <time>2024-04-25T12:38:53.000Z</time>
        <sat>11</sat>
      </trkpt>
      <trkpt lat="48.319760" lon="-1.461632">
        <ele>71.6</ele>
        <time>2024-04-25T12:38:54.000Z</time>
        <sat>12</sat>
      </trkpt>
      <trkpt lat="48.319763" lon="-1.461628">
        <ele>71.6</ele>
        <time>2024-04-25T12:39:13.000Z</time>
        <sat>14</sat>
      </trkpt>
      <trkpt lat="48.319763" lon="-1.461620">
        <ele>71.6</ele>
        <time>2024-04-25T12:39:14.000Z</time>
        <sat>14</sat>
      </trkpt>
      <trkpt lat="48.319758" lon="-1.461457">
        <ele>71.9</ele>
        <time>2024-04-25T12:39:21.000Z</time>
        <sat>14</sat>
      </trkpt>
      <trkpt lat="48.319748" lon="-1.461312">
        <ele>73.8</ele>
        <time>2024-04-25T12:39:32.000Z</time>
        <sat>14</sat>
      </trkpt>
      <trkpt lat="48.319723" lon="-1.461172">
        <ele>75.2</ele>
        <time>2024-04-25T12:39:40.000Z</time>
        <sat>14</sat>
      </trkpt>
      <trkpt lat="48.319725" lon="-1.461103">
        <ele>76.0</ele>
        <time>2024-04-25T12:39:48.000Z</time>
        <sat>14</sat>
      </trkpt>
      <trkpt lat="48.319725" lon="-1.461103">
        <ele>76.1</ele>
        <time>2024-04-25T12:39:49.000Z</time>
        <sat>13</sat>
      </trkpt>
      <trkpt lat="48.319722" lon="-1.461097">
        <ele>76.2</ele>
        <time>2024-04-25T12:39:50.000Z</time>
        <sat>13</sat>
      </trkpt>
      <trkpt lat="48.319718" lon="-1.461075">
        <ele>76.2</ele>
        <time>2024-04-25T12:39:51.000Z</time>
        <sat>14</sat>
      </trkpt>
      <trkpt lat="48.319715" lon="-1.461048">
        <ele>76.2</ele>
        <time>2024-04-25T12:39:52.000Z</time>
        <sat>14</sat>
      </trkpt>
      <trkpt lat="48.319683" lon="-1.460888">
        <ele>76.3</ele>
        <time>2024-04-25T12:39:57.000Z</time>
        <sat>14</sat>
      </trkpt>
      <trkpt lat="48.319657" lon="-1.460757">
        <ele>76.6</ele>
        <time>2024-04-25T12:40:01.000Z</time>
        <sat>14</sat>
      </trkpt>
      <trkpt lat="48.319633" lon="-1.460602">
        <ele>78.1</ele>
        <time>2024-04-25T12:40:06.000Z</time>
        <sat>13</sat>
      </trkpt>
      <trkpt lat="48.319625" lon="-1.460453">
        <ele>79.5</ele>
        <time>2024-04-25T12:40:19.000Z</time>
        <sat>14</sat>
      </trkpt>
      <trkpt lat="48.319587" lon="-1.460330">
        <ele>80.1</ele>
        <time>2024-04-25T12:40:29.000Z</time>
        <sat>14</sat>
      </trkpt>
      <trkpt lat="48.319533" lon="-1.460207">
        <ele>81.0</ele>
        <time>2024-04-25T12:40:43.000Z</time>
        <sat>14</sat>
      </trkpt>
      <trkpt lat="48.319520" lon="-1.460047">
        <ele>81.3</ele>
        <time>2024-04-25T12:40:48.000Z</time>
        <sat>14</sat>
      </trkpt>
      <trkpt lat="48.319510" lon="-1.459898">
        <ele>81.4</ele>
        <time>2024-04-25T12:40:51.000Z</time>
        <sat>13</sat>
      </trkpt>
      <trkpt lat="48.319510" lon="-1.459755">
        <ele>81.3</ele>
        <time>2024-04-25T12:40:54.000Z</time>
        <sat>14</sat>
      </trkpt>
      <trkpt lat="48.319497" lon="-1.459607">
        <ele>81.1</ele>
        <time>2024-04-25T12:40:58.000Z</time>
        <sat>14</sat>
      </trkpt>
      <trkpt lat="48.319472" lon="-1.459455">
        <ele>80.4</ele>
        <time>2024-04-25T12:41:01.000Z</time>
        <sat>13</sat>
      </trkpt>
      <trkpt lat="48.319428" lon="-1.459310">
        <ele>79.3</ele>
        <time>2024-04-25T12:41:04.000Z</time>
        <sat>13</sat>
      </trkpt>
      <trkpt lat="48.319392" lon="-1.459155">
        <ele>77.5</ele>
        <time>2024-04-25T12:41:08.000Z</time>
        <sat>14</sat>
      </trkpt>
      <trkpt lat="48.319325" lon="-1.459022">
        <ele>75.1</ele>
        <time>2024-04-25T12:41:12.000Z</time>
        <sat>14</sat>
      </trkpt>
      <trkpt lat="48.319237" lon="-1.458948">
        <ele>74.2</ele>
        <time>2024-04-25T12:41:17.000Z</time>
        <sat>14</sat>
      </trkpt>
      <trkpt lat="48.319143" lon="-1.458853">
        <ele>71.6</ele>
        <time>2024-04-25T12:41:23.000Z</time>
        <sat>13</sat>
      </trkpt>
      <trkpt lat="48.319068" lon="-1.458745">
        <ele>69.5</ele>
        <time>2024-04-25T12:41:27.000Z</time>
        <sat>12</sat>
      </trkpt>
      <trkpt lat="48.318990" lon="-1.458625">
        <ele>68.6</ele>
        <time>2024-04-25T12:41:30.000Z</time>
        <sat>12</sat>
      </trkpt>
      <trkpt lat="48.318923" lon="-1.458462">
        <ele>67.5</ele>
        <time>2024-04-25T12:41:33.000Z</time>
        <sat>12</sat>
      </trkpt>
      <trkpt lat="48.318902" lon="-1.458330">
        <ele>67.4</ele>
        <time>2024-04-25T12:41:35.000Z</time>
        <sat>12</sat>
      </trkpt>
      <trkpt lat="48.318890" lon="-1.458183">
        <ele>67.7</ele>
        <time>2024-04-25T12:41:38.000Z</time>
        <sat>12</sat>
      </trkpt>
      <trkpt lat="48.318902" lon="-1.458043">
        <ele>70.3</ele>
        <time>2024-04-25T12:41:53.000Z</time>
        <sat>13</sat>
      </trkpt>
      <trkpt lat="48.318993" lon="-1.457998">
        <ele>71.4</ele>
        <time>2024-04-25T12:42:04.000Z</time>
        <sat>13</sat>
      </trkpt>
      <trkpt lat="48.319103" lon="-1.457975">
        <ele>70.9</ele>
        <time>2024-04-25T12:42:08.000Z</time>
        <sat>13</sat>
      </trkpt>
      <trkpt lat="48.319207" lon="-1.457985">
        <ele>69.9</ele>
        <time>2024-04-25T12:42:12.000Z</time>
        <sat>13</sat>
      </trkpt>
      <trkpt lat="48.319278" lon="-1.457892">
        <ele>69.9</ele>
        <time>2024-04-25T12:42:22.000Z</time>
        <sat>13</sat>
      </trkpt>
      <trkpt lat="48.319295" lon="-1.457860">
        <ele>70.3</ele>
        <time>2024-04-25T12:42:30.000Z</time>
        <sat>14</sat>
      </trkpt>
      <trkpt lat="48.319295" lon="-1.457860">
        <ele>70.3</ele>
        <time>2024-04-25T12:42:31.000Z</time>
        <sat>14</sat>
      </trkpt>
      <trkpt lat="48.319295" lon="-1.457860">
        <ele>70.3</ele>
        <time>2024-04-25T12:42:32.000Z</time>
        <sat>14</sat>
      </trkpt>
      <trkpt lat="48.319295" lon="-1.457860">
        <ele>70.5</ele>
        <time>2024-04-25T12:42:38.000Z</time>
        <sat>14</sat>
      </trkpt>
      <trkpt lat="48.319297" lon="-1.457860">
        <ele>70.6</ele>
        <time>2024-04-25T12:42:39.000Z</time>
        <sat>14</sat>
      </trkpt>
      <trkpt lat="48.319297" lon="-1.457860">
        <ele>70.6</ele>
        <time>2024-04-25T12:42:40.000Z</time>
        <sat>14</sat>
      </trkpt>
      <trkpt lat="48.319297" lon="-1.457860">
        <ele>70.6</ele>
        <time>2024-04-25T12:42:41.000Z</time>
        <sat>14</sat>
      </trkpt>
      <trkpt lat="48.319297" lon="-1.457860">
        <ele>70.6</ele>
        <time>2024-04-25T12:42:42.000Z</time>
        <sat>13</sat>
      </trkpt>
      <trkpt lat="48.319310" lon="-1.457840">
        <ele>70.7</ele>
        <time>2024-04-25T12:42:46.000Z</time>
        <sat>14</sat>
      </trkpt>
      <trkpt lat="48.319313" lon="-1.457832">
        <ele>70.7</ele>
        <time>2024-04-25T12:42:47.000Z</time>
        <sat>14</sat>
      </trkpt>
      <trkpt lat="48.319318" lon="-1.457825">
        <ele>71.0</ele>
        <time>2024-04-25T12:42:52.000Z</time>
        <sat>12</sat>
      </trkpt>
      <trkpt lat="48.319318" lon="-1.457825">
        <ele>71.1</ele>
        <time>2024-04-25T12:42:53.000Z</time>
        <sat>12</sat>
      </trkpt>
      <trkpt lat="48.319318" lon="-1.457825">
        <ele>71.1</ele>
        <time>2024-04-25T12:42:54.000Z</time>
        <sat>11</sat>
      </trkpt>
      <trkpt lat="48.319318" lon="-1.457825">
        <ele>71.2</ele>
        <time>2024-04-25T12:42:55.000Z</time>
        <sat>11</sat>
      </trkpt>
      <trkpt lat="48.319318" lon="-1.457825">
        <ele>71.2</ele>
        <time>2024-04-25T12:42:56.000Z</time>
        <sat>11</sat>
      </trkpt>
      <trkpt lat="48.319317" lon="-1.457823">
        <ele>71.2</ele>
        <time>2024-04-25T12:42:57.000Z</time>
        <sat>12</sat>
      </trkpt>
      <trkpt lat="48.319358" lon="-1.457678">
        <ele>72.5</ele>
        <time>2024-04-25T12:43:12.000Z</time>
        <sat>14</sat>
      </trkpt>
      <trkpt lat="48.319320" lon="-1.457550">
        <ele>73.8</ele>
        <time>2024-04-25T12:43:17.000Z</time>
        <sat>14</sat>
      </trkpt>
      <trkpt lat="48.319280" lon="-1.457415">
        <ele>75.7</ele>
        <time>2024-04-25T12:43:22.000Z</time>
        <sat>14</sat>
      </trkpt>
      <trkpt lat="48.319233" lon="-1.457293">
        <ele>77.0</ele>
        <time>2024-04-25T12:43:27.000Z</time>
        <sat>13</sat>
      </trkpt>
      <trkpt lat="48.319205" lon="-1.457162">
        <ele>77.4</ele>
        <time>2024-04-25T12:43:31.000Z</time>
        <sat>14</sat>
      </trkpt>
      <trkpt lat="48.319223" lon="-1.457027">
        <ele>77.5</ele>
        <time>2024-04-25T12:43:34.000Z</time>
        <sat>13</sat>
      </trkpt>
      <trkpt lat="48.319195" lon="-1.456865">
        <ele>77.6</ele>
        <time>2024-04-25T12:43:37.000Z</time>
        <sat>14</sat>
      </trkpt>
      <trkpt lat="48.319185" lon="-1.456717">
        <ele>78.0</ele>
        <time>2024-04-25T12:43:42.000Z</time>
        <sat>14</sat>
      </trkpt>
      <trkpt lat="48.319127" lon="-1.456607">
        <ele>78.1</ele>
        <time>2024-04-25T12:43:46.000Z</time>
        <sat>14</sat>
      </trkpt>
      <trkpt lat="48.319057" lon="-1.456505">
        <ele>79.4</ele>
        <time>2024-04-25T12:43:50.000Z</time>
        <sat>14</sat>
      </trkpt>
      <trkpt lat="48.319028" lon="-1.456360">
        <ele>81.4</ele>
        <time>2024-04-25T12:43:54.000Z</time>
        <sat>13</sat>
      </trkpt>
      <trkpt lat="48.319005" lon="-1.456205">
        <ele>83.1</ele>
        <time>2024-04-25T12:43:58.000Z</time>
        <sat>13</sat>
      </trkpt>
      <trkpt lat="48.318982" lon="-1.456055">
        <ele>84.1</ele>
        <time>2024-04-25T12:44:02.000Z</time>
        <sat>13</sat>
      </trkpt>
      <trkpt lat="48.318960" lon="-1.455907">
        <ele>84.6</ele>
        <time>2024-04-25T12:44:06.000Z</time>
        <sat>13</sat>
      </trkpt>
      <trkpt lat="48.318943" lon="-1.455737">
        <ele>84.9</ele>
        <time>2024-04-25T12:44:10.000Z</time>
        <sat>13</sat>
      </trkpt>
      <trkpt lat="48.318955" lon="-1.455595">
        <ele>85.3</ele>
        <time>2024-04-25T12:44:14.000Z</time>
        <sat>13</sat>
      </trkpt>
      <trkpt lat="48.319013" lon="-1.455483">
        <ele>85.5</ele>
        <time>2024-04-25T12:44:18.000Z</time>
        <sat>14</sat>
      </trkpt>
      <trkpt lat="48.319068" lon="-1.455327">
        <ele>85.3</ele>
        <time>2024-04-25T12:44:22.000Z</time>
        <sat>15</sat>
      </trkpt>
      <trkpt lat="48.319068" lon="-1.455253">
        <ele>84.2</ele>
        <time>2024-04-25T12:44:30.000Z</time>
        <sat>14</sat>
      </trkpt>
      <trkpt lat="48.319068" lon="-1.455253">
        <ele>84.1</ele>
        <time>2024-04-25T12:44:31.000Z</time>
        <sat>14</sat>
      </trkpt>
      <trkpt lat="48.319072" lon="-1.455220">
        <ele>83.8</ele>
        <time>2024-04-25T12:44:45.000Z</time>
        <sat>14</sat>
      </trkpt>
      <trkpt lat="48.319077" lon="-1.455187">
        <ele>83.7</ele>
        <time>2024-04-25T12:44:46.000Z</time>
        <sat>14</sat>
      </trkpt>
      <trkpt lat="48.319083" lon="-1.455148">
        <ele>83.7</ele>
        <time>2024-04-25T12:44:47.000Z</time>
        <sat>14</sat>
      </trkpt>
      <trkpt lat="48.319083" lon="-1.455003">
        <ele>83.9</ele>
        <time>2024-04-25T12:44:51.000Z</time>
        <sat>14</sat>
      </trkpt>
      <trkpt lat="48.319087" lon="-1.454985">
        <ele>84.6</ele>
        <time>2024-04-25T12:44:58.000Z</time>
        <sat>12</sat>
      </trkpt>
      <trkpt lat="48.319087" lon="-1.454985">
        <ele>84.6</ele>
        <time>2024-04-25T12:44:59.000Z</time>
        <sat>12</sat>
      </trkpt>
      <trkpt lat="48.319090" lon="-1.454937">
        <ele>84.8</ele>
        <time>2024-04-25T12:45:03.000Z</time>
        <sat>16</sat>
      </trkpt>
      <trkpt lat="48.319087" lon="-1.454920">
        <ele>84.8</ele>
        <time>2024-04-25T12:45:04.000Z</time>
        <sat>16</sat>
      </trkpt>
      <trkpt lat="48.319053" lon="-1.454790">
        <ele>84.7</ele>
        <time>2024-04-25T12:45:12.000Z</time>
        <sat>15</sat>
      </trkpt>
      <trkpt lat="48.319037" lon="-1.454630">
        <ele>84.5</ele>
        <time>2024-04-25T12:45:16.000Z</time>
        <sat>15</sat>
      </trkpt>
      <trkpt lat="48.319022" lon="-1.454490">
        <ele>84.3</ele>
        <time>2024-04-25T12:45:20.000Z</time>
        <sat>14</sat>
      </trkpt>
      <trkpt lat="48.319030" lon="-1.454340">
        <ele>83.6</ele>
        <time>2024-04-25T12:45:24.000Z</time>
        <sat>15</sat>
      </trkpt>
      <trkpt lat="48.319065" lon="-1.454203">
        <ele>81.8</ele>
        <time>2024-04-25T12:45:28.000Z</time>
        <sat>15</sat>
      </trkpt>
      <trkpt lat="48.319107" lon="-1.454073">
        <ele>78.9</ele>
        <time>2024-04-25T12:45:31.000Z</time>
        <sat>14</sat>
      </trkpt>
      <trkpt lat="48.319137" lon="-1.453930">
        <ele>75.7</ele>
        <time>2024-04-25T12:45:34.000Z</time>
        <sat>13</sat>
      </trkpt>
      <trkpt lat="48.319105" lon="-1.453772">
        <ele>73.8</ele>
        <time>2024-04-25T12:45:39.000Z</time>
        <sat>13</sat>
      </trkpt>
      <trkpt lat="48.319018" lon="-1.453728">
        <ele>73.6</ele>
        <time>2024-04-25T12:45:42.000Z</time>
        <sat>13</sat>
      </trkpt>
      <trkpt lat="48.318927" lon="-1.453598">
        <ele>72.1</ele>
        <time>2024-04-25T12:45:45.000Z</time>
        <sat>13</sat>
      </trkpt>
      <trkpt lat="48.318913" lon="-1.453440">
        <ele>72.7</ele>
        <time>2024-04-25T12:45:49.000Z</time>
        <sat>13</sat>
      </trkpt>
      <trkpt lat="48.318873" lon="-1.453288">
        <ele>73.5</ele>
        <time>2024-04-25T12:45:53.000Z</time>
        <sat>14</sat>
      </trkpt>
      <trkpt lat="48.318782" lon="-1.453180">
        <ele>77.5</ele>
        <time>2024-04-25T12:45:59.000Z</time>
        <sat>14</sat>
      </trkpt>
      <trkpt lat="48.318712" lon="-1.453095">
        <ele>79.9</ele>
        <time>2024-04-25T12:46:03.000Z</time>
        <sat>14</sat>
      </trkpt>
      <trkpt lat="48.318620" lon="-1.453005">
        <ele>82.9</ele>
        <time>2024-04-25T12:46:09.000Z</time>
        <sat>14</sat>
      </trkpt>
      <trkpt lat="48.318552" lon="-1.452897">
        <ele>85.2</ele>
        <time>2024-04-25T12:46:14.000Z</time>
        <sat>14</sat>
      </trkpt>
      <trkpt lat="48.318477" lon="-1.452812">
        <ele>87.1</ele>
        <time>2024-04-25T12:46:19.000Z</time>
        <sat>14</sat>
      </trkpt>
      <trkpt lat="48.318385" lon="-1.452775">
        <ele>88.5</ele>
        <time>2024-04-25T12:46:23.000Z</time>
        <sat>15</sat>
      </trkpt>
      <trkpt lat="48.318333" lon="-1.452745">
        <ele>91.0</ele>
        <time>2024-04-25T12:46:31.000Z</time>
        <sat>13</sat>
      </trkpt>
      <trkpt lat="48.318333" lon="-1.452745">
        <ele>91.2</ele>
        <time>2024-04-25T12:46:32.000Z</time>
        <sat>15</sat>
      </trkpt>
      <trkpt lat="48.318328" lon="-1.452742">
        <ele>91.8</ele>
        <time>2024-04-25T12:46:51.000Z</time>
        <sat>14</sat>
      </trkpt>
      <trkpt lat="48.318328" lon="-1.452737">
        <ele>91.8</ele>
        <time>2024-04-25T12:46:52.000Z</time>
        <sat>14</sat>
      </trkpt>
      <trkpt lat="48.318300" lon="-1.452597">
        <ele>91.5</ele>
        <time>2024-04-25T12:47:00.000Z</time>
        <sat>15</sat>
      </trkpt>
      <trkpt lat="48.318242" lon="-1.452418">
        <ele>91.0</ele>
        <time>2024-04-25T12:47:04.000Z</time>
        <sat>14</sat>
      </trkpt>
      <trkpt lat="48.318187" lon="-1.452265">
        <ele>90.6</ele>
        <time>2024-04-25T12:47:06.000Z</time>
        <sat>14</sat>
      </trkpt>
      <trkpt lat="48.318145" lon="-1.452123">
        <ele>90.5</ele>
        <time>2024-04-25T12:47:08.000Z</time>
        <sat>14</sat>
      </trkpt>
      <trkpt lat="48.318117" lon="-1.451982">
        <ele>89.8</ele>
        <time>2024-04-25T12:47:11.000Z</time>
        <sat>14</sat>
      </trkpt>
      <trkpt lat="48.318107" lon="-1.451792">
        <ele>88.7</ele>
        <time>2024-04-25T12:47:14.000Z</time>
        <sat>14</sat>
      </trkpt>
      <trkpt lat="48.318068" lon="-1.451622">
        <ele>87.2</ele>
        <time>2024-04-25T12:47:16.000Z</time>
        <sat>14</sat>
      </trkpt>
      <trkpt lat="48.318043" lon="-1.451480">
        <ele>86.0</ele>
        <time>2024-04-25T12:47:18.000Z</time>
        <sat>14</sat>
      </trkpt>
      <trkpt lat="48.318017" lon="-1.451307">
        <ele>85.2</ele>
        <time>2024-04-25T12:47:21.000Z</time>
        <sat>14</sat>
      </trkpt>
      <trkpt lat="48.317962" lon="-1.451157">
        <ele>84.7</ele>
        <time>2024-04-25T12:47:24.000Z</time>
        <sat>14</sat>
      </trkpt>
      <trkpt lat="48.317922" lon="-1.450982">
        <ele>84.0</ele>
        <time>2024-04-25T12:47:28.000Z</time>
        <sat>15</sat>
      </trkpt>
      <trkpt lat="48.317828" lon="-1.450867">
        <ele>83.1</ele>
        <time>2024-04-25T12:47:31.000Z</time>
        <sat>13</sat>
      </trkpt>
      <trkpt lat="48.317762" lon="-1.450773">
        <ele>82.3</ele>
        <time>2024-04-25T12:47:34.000Z</time>
        <sat>12</sat>
      </trkpt>
      <trkpt lat="48.317725" lon="-1.450617">
        <ele>81.3</ele>
        <time>2024-04-25T12:47:37.000Z</time>
        <sat>12</sat>
      </trkpt>
      <trkpt lat="48.317723" lon="-1.450472">
        <ele>80.7</ele>
        <time>2024-04-25T12:47:39.000Z</time>
        <sat>14</sat>
      </trkpt>
      <trkpt lat="48.317720" lon="-1.450315">
        <ele>80.5</ele>
        <time>2024-04-25T12:47:41.000Z</time>
        <sat>14</sat>
      </trkpt>
      <trkpt lat="48.317745" lon="-1.450183">
        <ele>80.5</ele>
        <time>2024-04-25T12:47:43.000Z</time>
        <sat>14</sat>
      </trkpt>
      <trkpt lat="48.317783" lon="-1.450012">
        <ele>79.8</ele>
        <time>2024-04-25T12:47:45.000Z</time>
        <sat>14</sat>
      </trkpt>
      <trkpt lat="48.317793" lon="-1.449837">
        <ele>78.4</ele>
        <time>2024-04-25T12:47:47.000Z</time>
        <sat>14</sat>
      </trkpt>
      <trkpt lat="48.317803" lon="-1.449682">
        <ele>75.9</ele>
        <time>2024-04-25T12:47:50.000Z</time>
        <sat>14</sat>
      </trkpt>
      <trkpt lat="48.317798" lon="-1.449512">
        <ele>72.3</ele>
        <time>2024-04-25T12:47:56.000Z</time>
        <sat>13</sat>
      </trkpt>
      <trkpt lat="48.317727" lon="-1.449393">
        <ele>70.4</ele>
        <time>2024-04-25T12:48:02.000Z</time>
        <sat>13</sat>
      </trkpt>
      <trkpt lat="48.317632" lon="-1.449402">
        <ele>70.8</ele>
        <time>2024-04-25T12:48:05.000Z</time>
        <sat>13</sat>
      </trkpt>
      <trkpt lat="48.317523" lon="-1.449455">
        <ele>71.8</ele>
        <time>2024-04-25T12:48:09.000Z</time>
        <sat>13</sat>
      </trkpt>
      <trkpt lat="48.317413" lon="-1.449507">
        <ele>72.1</ele>
        <time>2024-04-25T12:48:12.000Z</time>
        <sat>13</sat>
      </trkpt>
      <trkpt lat="48.317323" lon="-1.449543">
        <ele>72.1</ele>
        <time>2024-04-25T12:48:14.000Z</time>
        <sat>13</sat>
      </trkpt>
      <trkpt lat="48.317210" lon="-1.449603">
        <ele>72.3</ele>
        <time>2024-04-25T12:48:17.000Z</time>
        <sat>14</sat>
      </trkpt>
      <trkpt lat="48.317113" lon="-1.449672">
        <ele>72.9</ele>
        <time>2024-04-25T12:48:21.000Z</time>
        <sat>14</sat>
      </trkpt>
      <trkpt lat="48.317033" lon="-1.449605">
        <ele>74.0</ele>
        <time>2024-04-25T12:48:26.000Z</time>
        <sat>14</sat>
      </trkpt>
      <trkpt lat="48.317008" lon="-1.449463">
        <ele>75.0</ele>
        <time>2024-04-25T12:48:29.000Z</time>
        <sat>14</sat>
      </trkpt>
      <trkpt lat="48.316972" lon="-1.449327">
        <ele>76.3</ele>
        <time>2024-04-25T12:48:32.000Z</time>
        <sat>12</sat>
      </trkpt>
      <trkpt lat="48.316915" lon="-1.449203">
        <ele>77.4</ele>
        <time>2024-04-25T12:48:35.000Z</time>
        <sat>14</sat>
      </trkpt>
      <trkpt lat="48.316885" lon="-1.449055">
        <ele>78.0</ele>
        <time>2024-04-25T12:48:38.000Z</time>
        <sat>13</sat>
      </trkpt>
      <trkpt lat="48.316898" lon="-1.448913">
        <ele>78.4</ele>
        <time>2024-04-25T12:48:40.000Z</time>
        <sat>14</sat>
      </trkpt>
      <trkpt lat="48.316912" lon="-1.448755">
        <ele>78.2</ele>
        <time>2024-04-25T12:48:42.000Z</time>
        <sat>15</sat>
      </trkpt>
      <trkpt lat="48.316913" lon="-1.448605">
        <ele>78.0</ele>
        <time>2024-04-25T12:48:44.000Z</time>
        <sat>13</sat>
      </trkpt>
      <trkpt lat="48.316912" lon="-1.448420">
        <ele>77.5</ele>
        <time>2024-04-25T12:48:47.000Z</time>
        <sat>14</sat>
      </trkpt>
      <trkpt lat="48.316830" lon="-1.448338">
        <ele>77.1</ele>
        <time>2024-04-25T12:48:50.000Z</time>
        <sat>14</sat>
      </trkpt>
      <trkpt lat="48.316730" lon="-1.448285">
        <ele>76.9</ele>
        <time>2024-04-25T12:48:53.000Z</time>
        <sat>15</sat>
      </trkpt>
      <trkpt lat="48.316680" lon="-1.448137">
        <ele>76.4</ele>
        <time>2024-04-25T12:48:56.000Z</time>
        <sat>14</sat>
      </trkpt>
      <trkpt lat="48.316648" lon="-1.447963">
        <ele>75.3</ele>
        <time>2024-04-25T12:48:59.000Z</time>
        <sat>14</sat>
      </trkpt>
      <trkpt lat="48.316645" lon="-1.447803">
        <ele>74.3</ele>
        <time>2024-04-25T12:49:01.000Z</time>
        <sat>14</sat>
      </trkpt>
      <trkpt lat="48.316642" lon="-1.447618">
        <ele>73.4</ele>
        <time>2024-04-25T12:49:03.000Z</time>
        <sat>13</sat>
      </trkpt>
      <trkpt lat="48.316675" lon="-1.447438">
        <ele>72.7</ele>
        <time>2024-04-25T12:49:05.000Z</time>
        <sat>13</sat>
      </trkpt>
      <trkpt lat="48.316737" lon="-1.447278">
        <ele>72.1</ele>
        <time>2024-04-25T12:49:07.000Z</time>
        <sat>14</sat>
      </trkpt>
      <trkpt lat="48.316790" lon="-1.447130">
        <ele>70.9</ele>
        <time>2024-04-25T12:49:09.000Z</time>
        <sat>15</sat>
      </trkpt>
      <trkpt lat="48.316837" lon="-1.447013">
        <ele>70.9</ele>
        <time>2024-04-25T12:49:11.000Z</time>
        <sat>14</sat>
      </trkpt>
      <trkpt lat="48.316878" lon="-1.446837">
        <ele>71.0</ele>
        <time>2024-04-25T12:49:14.000Z</time>
        <sat>16</sat>
      </trkpt>
      <trkpt lat="48.316878" lon="-1.446655">
        <ele>70.9</ele>
        <time>2024-04-25T12:49:17.000Z</time>
        <sat>14</sat>
      </trkpt>
      <trkpt lat="48.316853" lon="-1.446473">
        <ele>71.0</ele>
        <time>2024-04-25T12:49:20.000Z</time>
        <sat>13</sat>
      </trkpt>
      <trkpt lat="48.316837" lon="-1.446337">
        <ele>71.1</ele>
        <time>2024-04-25T12:49:22.000Z</time>
        <sat>13</sat>
      </trkpt>
      <trkpt lat="48.316810" lon="-1.446203">
        <ele>71.4</ele>
        <time>2024-04-25T12:49:24.000Z</time>
        <sat>14</sat>
      </trkpt>
      <trkpt lat="48.316783" lon="-1.446073">
        <ele>71.6</ele>
        <time>2024-04-25T12:49:26.000Z</time>
        <sat>15</sat>
      </trkpt>
      <trkpt lat="48.316743" lon="-1.445893">
        <ele>72.2</ele>
        <time>2024-04-25T12:49:29.000Z</time>
        <sat>15</sat>
      </trkpt>
      <trkpt lat="48.316698" lon="-1.445725">
        <ele>72.5</ele>
        <time>2024-04-25T12:49:32.000Z</time>
        <sat>14</sat>
      </trkpt>
      <trkpt lat="48.316655" lon="-1.445563">
        <ele>73.3</ele>
        <time>2024-04-25T12:49:35.000Z</time>
        <sat>14</sat>
      </trkpt>
      <trkpt lat="48.316608" lon="-1.445395">
        <ele>74.0</ele>
        <time>2024-04-25T12:49:38.000Z</time>
        <sat>14</sat>
      </trkpt>
      <trkpt lat="48.316582" lon="-1.445202">
        <ele>75.1</ele>
        <time>2024-04-25T12:49:41.000Z</time>
        <sat>14</sat>
      </trkpt>
      <trkpt lat="48.316557" lon="-1.445013">
        <ele>75.9</ele>
        <time>2024-04-25T12:49:44.000Z</time>
        <sat>15</sat>
      </trkpt>
      <trkpt lat="48.316537" lon="-1.444823">
        <ele>76.3</ele>
        <time>2024-04-25T12:49:47.000Z</time>
        <sat>15</sat>
      </trkpt>
      <trkpt lat="48.316513" lon="-1.444635">
        <ele>77.3</ele>
        <time>2024-04-25T12:49:50.000Z</time>
        <sat>15</sat>
      </trkpt>
      <trkpt lat="48.316475" lon="-1.444452">
        <ele>78.2</ele>
        <time>2024-04-25T12:49:53.000Z</time>
        <sat>15</sat>
      </trkpt>
      <trkpt lat="48.316423" lon="-1.444293">
        <ele>78.9</ele>
        <time>2024-04-25T12:49:56.000Z</time>
        <sat>15</sat>
      </trkpt>
      <trkpt lat="48.316335" lon="-1.444195">
        <ele>79.8</ele>
        <time>2024-04-25T12:50:00.000Z</time>
        <sat>15</sat>
      </trkpt>
      <trkpt lat="48.316242" lon="-1.444195">
        <ele>81.1</ele>
        <time>2024-04-25T12:50:04.000Z</time>
        <sat>13</sat>
      </trkpt>
      <trkpt lat="48.316132" lon="-1.444147">
        <ele>82.5</ele>
        <time>2024-04-25T12:50:08.000Z</time>
        <sat>14</sat>
      </trkpt>
      <trkpt lat="48.316078" lon="-1.444015">
        <ele>83.9</ele>
        <time>2024-04-25T12:50:11.000Z</time>
        <sat>14</sat>
      </trkpt>
      <trkpt lat="48.316032" lon="-1.443845">
        <ele>86.4</ele>
        <time>2024-04-25T12:50:15.000Z</time>
        <sat>14</sat>
      </trkpt>
      <trkpt lat="48.315997" lon="-1.443668">
        <ele>88.5</ele>
        <time>2024-04-25T12:50:19.000Z</time>
        <sat>14</sat>
      </trkpt>
      <trkpt lat="48.315965" lon="-1.443542">
        <ele>89.8</ele>
        <time>2024-04-25T12:50:22.000Z</time>
        <sat>13</sat>
      </trkpt>
      <trkpt lat="48.315922" lon="-1.443383">
        <ele>90.7</ele>
        <time>2024-04-25T12:50:25.000Z</time>
        <sat>14</sat>
      </trkpt>
      <trkpt lat="48.315890" lon="-1.443212">
        <ele>91.3</ele>
        <time>2024-04-25T12:50:28.000Z</time>
        <sat>15</sat>
      </trkpt>
      <trkpt lat="48.315880" lon="-1.443020">
        <ele>91.5</ele>
        <time>2024-04-25T12:50:31.000Z</time>
        <sat>15</sat>
      </trkpt>
      <trkpt lat="48.315875" lon="-1.442848">
        <ele>91.4</ele>
        <time>2024-04-25T12:50:34.000Z</time>
        <sat>15</sat>
      </trkpt>
      <trkpt lat="48.315870" lon="-1.442697">
        <ele>91.6</ele>
        <time>2024-04-25T12:50:37.000Z</time>
        <sat>14</sat>
      </trkpt>
      <trkpt lat="48.315850" lon="-1.442555">
        <ele>92.0</ele>
        <time>2024-04-25T12:50:40.000Z</time>
        <sat>13</sat>
      </trkpt>
      <trkpt lat="48.315842" lon="-1.442377">
        <ele>92.1</ele>
        <time>2024-04-25T12:50:43.000Z</time>
        <sat>14</sat>
      </trkpt>
      <trkpt lat="48.315818" lon="-1.442220">
        <ele>92.3</ele>
        <time>2024-04-25T12:50:46.000Z</time>
        <sat>14</sat>
      </trkpt>
      <trkpt lat="48.315747" lon="-1.442110">
        <ele>92.3</ele>
        <time>2024-04-25T12:50:49.000Z</time>
        <sat>14</sat>
      </trkpt>
      <trkpt lat="48.315647" lon="-1.442028">
        <ele>92.8</ele>
        <time>2024-04-25T12:50:52.000Z</time>
        <sat>14</sat>
      </trkpt>
      <trkpt lat="48.315550" lon="-1.441927">
        <ele>93.6</ele>
        <time>2024-04-25T12:50:55.000Z</time>
        <sat>14</sat>
      </trkpt>
      <trkpt lat="48.315472" lon="-1.441798">
        <ele>94.4</ele>
        <time>2024-04-25T12:50:58.000Z</time>
        <sat>14</sat>
      </trkpt>
      <trkpt lat="48.315397" lon="-1.441668">
        <ele>95.4</ele>
        <time>2024-04-25T12:51:01.000Z</time>
        <sat>14</sat>
      </trkpt>
      <trkpt lat="48.315308" lon="-1.441550">
        <ele>96.1</ele>
        <time>2024-04-25T12:51:04.000Z</time>
        <sat>15</sat>
      </trkpt>
      <trkpt lat="48.315235" lon="-1.441437">
        <ele>96.5</ele>
        <time>2024-04-25T12:51:07.000Z</time>
        <sat>15</sat>
      </trkpt>
      <trkpt lat="48.315145" lon="-1.441335">
        <ele>97.0</ele>
        <time>2024-04-25T12:51:10.000Z</time>
        <sat>13</sat>
      </trkpt>
      <trkpt lat="48.315047" lon="-1.441228">
        <ele>97.9</ele>
        <time>2024-04-25T12:51:13.000Z</time>
        <sat>15</sat>
      </trkpt>
      <trkpt lat="48.314957" lon="-1.441170">
        <ele>98.6</ele>
        <time>2024-04-25T12:51:16.000Z</time>
        <sat>14</sat>
      </trkpt>
      <trkpt lat="48.314843" lon="-1.441172">
        <ele>99.0</ele>
        <time>2024-04-25T12:51:19.000Z</time>
        <sat>15</sat>
      </trkpt>
      <trkpt lat="48.314738" lon="-1.441165">
        <ele>99.3</ele>
        <time>2024-04-25T12:51:22.000Z</time>
        <sat>14</sat>
      </trkpt>
      <trkpt lat="48.314635" lon="-1.441140">
        <ele>99.9</ele>
        <time>2024-04-25T12:51:26.000Z</time>
        <sat>14</sat>
      </trkpt>
      <trkpt lat="48.314545" lon="-1.441218">
        <ele>100.4</ele>
        <time>2024-04-25T12:51:31.000Z</time>
        <sat>14</sat>
      </trkpt>
      <trkpt lat="48.314442" lon="-1.441292">
        <ele>100.2</ele>
        <time>2024-04-25T12:51:36.000Z</time>
        <sat>14</sat>
      </trkpt>
      <trkpt lat="48.314347" lon="-1.441327">
        <ele>100.4</ele>
        <time>2024-04-25T12:51:40.000Z</time>
        <sat>13</sat>
      </trkpt>
      <trkpt lat="48.314260" lon="-1.441377">
        <ele>100.4</ele>
        <time>2024-04-25T12:51:43.000Z</time>
        <sat>13</sat>
      </trkpt>
      <trkpt lat="48.314172" lon="-1.441403">
        <ele>100.4</ele>
        <time>2024-04-25T12:51:45.000Z</time>
        <sat>14</sat>
      </trkpt>
      <trkpt lat="48.314063" lon="-1.441457">
        <ele>100.4</ele>
        <time>2024-04-25T12:51:48.000Z</time>
        <sat>14</sat>
      </trkpt>
      <trkpt lat="48.313977" lon="-1.441512">
        <ele>100.4</ele>
        <time>2024-04-25T12:51:51.000Z</time>
        <sat>13</sat>
      </trkpt>
      <trkpt lat="48.313890" lon="-1.441625">
        <ele>100.1</ele>
        <time>2024-04-25T12:51:54.000Z</time>
        <sat>14</sat>
      </trkpt>
      <trkpt lat="48.313782" lon="-1.441705">
        <ele>99.9</ele>
        <time>2024-04-25T12:51:57.000Z</time>
        <sat>14</sat>
      </trkpt>
      <trkpt lat="48.313657" lon="-1.441742">
        <ele>99.5</ele>
        <time>2024-04-25T12:52:00.000Z</time>
        <sat>14</sat>
      </trkpt>
      <trkpt lat="48.313562" lon="-1.441803">
        <ele>99.2</ele>
        <time>2024-04-25T12:52:02.000Z</time>
        <sat>14</sat>
      </trkpt>
      <trkpt lat="48.313472" lon="-1.441865">
        <ele>99.0</ele>
        <time>2024-04-25T12:52:04.000Z</time>
        <sat>14</sat>
      </trkpt>
      <trkpt lat="48.313383" lon="-1.441928">
        <ele>98.5</ele>
        <time>2024-04-25T12:52:08.000Z</time>
        <sat>14</sat>
      </trkpt>
      <trkpt lat="48.313282" lon="-1.441993">
        <ele>98.4</ele>
        <time>2024-04-25T12:52:11.000Z</time>
        <sat>14</sat>
      </trkpt>
      <trkpt lat="48.313173" lon="-1.442045">
        <ele>98.3</ele>
        <time>2024-04-25T12:52:14.000Z</time>
        <sat>14</sat>
      </trkpt>
      <trkpt lat="48.313068" lon="-1.442057">
        <ele>98.1</ele>
        <time>2024-04-25T12:52:17.000Z</time>
        <sat>14</sat>
      </trkpt>
      <trkpt lat="48.312997" lon="-1.442173">
        <ele>98.0</ele>
        <time>2024-04-25T12:52:22.000Z</time>
        <sat>14</sat>
      </trkpt>
      <trkpt lat="48.313013" lon="-1.442308">
        <ele>97.9</ele>
        <time>2024-04-25T12:52:25.000Z</time>
        <sat>14</sat>
      </trkpt>
      <trkpt lat="48.313025" lon="-1.442453">
        <ele>97.9</ele>
        <time>2024-04-25T12:52:29.000Z</time>
        <sat>13</sat>
      </trkpt>
      <trkpt lat="48.312900" lon="-1.442478">
        <ele>98.1</ele>
        <time>2024-04-25T12:52:33.000Z</time>
        <sat>14</sat>
      </trkpt>
      <trkpt lat="48.312773" lon="-1.442462">
        <ele>98.1</ele>
        <time>2024-04-25T12:52:36.000Z</time>
        <sat>14</sat>
      </trkpt>
      <trkpt lat="48.312643" lon="-1.442442">
        <ele>97.9</ele>
        <time>2024-04-25T12:52:39.000Z</time>
        <sat>15</sat>
      </trkpt>
      <trkpt lat="48.312548" lon="-1.442438">
        <ele>97.9</ele>
        <time>2024-04-25T12:52:41.000Z</time>
        <sat>15</sat>
      </trkpt>
      <trkpt lat="48.312457" lon="-1.442432">
        <ele>98.0</ele>
        <time>2024-04-25T12:52:43.000Z</time>
        <sat>15</sat>
      </trkpt>
      <trkpt lat="48.312363" lon="-1.442438">
        <ele>98.1</ele>
        <time>2024-04-25T12:52:45.000Z</time>
        <sat>15</sat>
      </trkpt>
      <trkpt lat="48.312232" lon="-1.442483">
        <ele>98.4</ele>
        <time>2024-04-25T12:52:48.000Z</time>
        <sat>14</sat>
      </trkpt>
      <trkpt lat="48.312148" lon="-1.442542">
        <ele>98.6</ele>
        <time>2024-04-25T12:52:50.000Z</time>
        <sat>15</sat>
      </trkpt>
      <trkpt lat="48.312072" lon="-1.442617">
        <ele>98.9</ele>
        <time>2024-04-25T12:52:52.000Z</time>
        <sat>15</sat>
      </trkpt>
      <trkpt lat="48.311998" lon="-1.442700">
        <ele>99.1</ele>
        <time>2024-04-25T12:52:54.000Z</time>
        <sat>15</sat>
      </trkpt>
      <trkpt lat="48.311925" lon="-1.442782">
        <ele>99.3</ele>
        <time>2024-04-25T12:52:56.000Z</time>
        <sat>15</sat>
      </trkpt>
      <trkpt lat="48.311847" lon="-1.442852">
        <ele>99.6</ele>
        <time>2024-04-25T12:52:58.000Z</time>
        <sat>15</sat>
      </trkpt>
      <trkpt lat="48.311762" lon="-1.442903">
        <ele>99.8</ele>
        <time>2024-04-25T12:53:00.000Z</time>
        <sat>15</sat>
      </trkpt>
      <trkpt lat="48.311673" lon="-1.442945">
        <ele>99.9</ele>
        <time>2024-04-25T12:53:02.000Z</time>
        <sat>14</sat>
      </trkpt>
      <trkpt lat="48.311583" lon="-1.442982">
        <ele>100.4</ele>
        <time>2024-04-25T12:53:04.000Z</time>
        <sat>14</sat>
      </trkpt>
      <trkpt lat="48.311463" lon="-1.443035">
        <ele>100.8</ele>
        <time>2024-04-25T12:53:07.000Z</time>
        <sat>14</sat>
      </trkpt>
      <trkpt lat="48.311355" lon="-1.443075">
        <ele>100.7</ele>
        <time>2024-04-25T12:53:10.000Z</time>
        <sat>14</sat>
      </trkpt>
      <trkpt lat="48.311255" lon="-1.443047">
        <ele>100.9</ele>
        <time>2024-04-25T12:53:13.000Z</time>
        <sat>14</sat>
      </trkpt>
      <trkpt lat="48.311123" lon="-1.443048">
        <ele>101.1</ele>
        <time>2024-04-25T12:53:16.000Z</time>
        <sat>14</sat>
      </trkpt>
      <trkpt lat="48.311027" lon="-1.443057">
        <ele>101.1</ele>
        <time>2024-04-25T12:53:18.000Z</time>
        <sat>14</sat>
      </trkpt>
      <trkpt lat="48.310920" lon="-1.443077">
        <ele>100.9</ele>
        <time>2024-04-25T12:53:20.000Z</time>
        <sat>15</sat>
      </trkpt>
      <trkpt lat="48.310803" lon="-1.443098">
        <ele>100.5</ele>
        <time>2024-04-25T12:53:22.000Z</time>
        <sat>15</sat>
      </trkpt>
      <trkpt lat="48.310687" lon="-1.443118">
        <ele>100.0</ele>
        <time>2024-04-25T12:53:24.000Z</time>
        <sat>15</sat>
      </trkpt>
      <trkpt lat="48.310567" lon="-1.443135">
        <ele>99.2</ele>
        <time>2024-04-25T12:53:26.000Z</time>
        <sat>15</sat>
      </trkpt>
      <trkpt lat="48.310448" lon="-1.443142">
        <ele>98.4</ele>
        <time>2024-04-25T12:53:28.000Z</time>
        <sat>15</sat>
      </trkpt>
      <trkpt lat="48.310333" lon="-1.443145">
        <ele>97.5</ele>
        <time>2024-04-25T12:53:30.000Z</time>
        <sat>14</sat>
      </trkpt>
      <trkpt lat="48.310217" lon="-1.443208">
        <ele>96.7</ele>
        <time>2024-04-25T12:53:32.000Z</time>
        <sat>12</sat>
      </trkpt>
      <trkpt lat="48.310103" lon="-1.443310">
        <ele>96.1</ele>
        <time>2024-04-25T12:53:34.000Z</time>
        <sat>13</sat>
      </trkpt>
      <trkpt lat="48.310000" lon="-1.443433">
        <ele>95.4</ele>
        <time>2024-04-25T12:53:36.000Z</time>
        <sat>14</sat>
      </trkpt>
      <trkpt lat="48.309920" lon="-1.443588">
        <ele>94.9</ele>
        <time>2024-04-25T12:53:38.000Z</time>
        <sat>14</sat>
      </trkpt>
      <trkpt lat="48.309867" lon="-1.443747">
        <ele>94.3</ele>
        <time>2024-04-25T12:53:40.000Z</time>
        <sat>13</sat>
      </trkpt>
      <trkpt lat="48.309835" lon="-1.443875">
        <ele>93.9</ele>
        <time>2024-04-25T12:53:42.000Z</time>
        <sat>12</sat>
      </trkpt>
      <trkpt lat="48.309785" lon="-1.443997">
        <ele>93.2</ele>
        <time>2024-04-25T12:53:46.000Z</time>
        <sat>15</sat>
      </trkpt>
      <trkpt lat="48.309662" lon="-1.444055">
        <ele>92.8</ele>
        <time>2024-04-25T12:53:49.000Z</time>
        <sat>15</sat>
      </trkpt>
      <trkpt lat="48.309563" lon="-1.444100">
        <ele>92.6</ele>
        <time>2024-04-25T12:53:51.000Z</time>
        <sat>14</sat>
      </trkpt>
      <trkpt lat="48.309460" lon="-1.444148">
        <ele>92.2</ele>
        <time>2024-04-25T12:53:53.000Z</time>
        <sat>15</sat>
      </trkpt>
      <trkpt lat="48.309365" lon="-1.444222">
        <ele>92.1</ele>
        <time>2024-04-25T12:53:55.000Z</time>
        <sat>15</sat>
      </trkpt>
      <trkpt lat="48.309263" lon="-1.444303">
        <ele>91.7</ele>
        <time>2024-04-25T12:53:57.000Z</time>
        <sat>15</sat>
      </trkpt>
      <trkpt lat="48.309142" lon="-1.444385">
        <ele>91.1</ele>
        <time>2024-04-25T12:53:59.000Z</time>
        <sat>14</sat>
      </trkpt>
      <trkpt lat="48.309002" lon="-1.444472">
        <ele>90.3</ele>
        <time>2024-04-25T12:54:01.000Z</time>
        <sat>13</sat>
      </trkpt>
      <trkpt lat="48.308852" lon="-1.444570">
        <ele>89.3</ele>
        <time>2024-04-25T12:54:03.000Z</time>
        <sat>13</sat>
      </trkpt>
      <trkpt lat="48.308700" lon="-1.444695">
        <ele>88.3</ele>
        <time>2024-04-25T12:54:05.000Z</time>
        <sat>13</sat>
      </trkpt>
      <trkpt lat="48.308553" lon="-1.444813">
        <ele>86.8</ele>
        <time>2024-04-25T12:54:07.000Z</time>
        <sat>13</sat>
      </trkpt>
      <trkpt lat="48.308423" lon="-1.444967">
        <ele>85.7</ele>
        <time>2024-04-25T12:54:09.000Z</time>
        <sat>12</sat>
      </trkpt>
      <trkpt lat="48.308342" lon="-1.445215">
        <ele>84.3</ele>
        <time>2024-04-25T12:54:11.000Z</time>
        <sat>15</sat>
      </trkpt>
      <trkpt lat="48.308313" lon="-1.445362">
        <ele>83.5</ele>
        <time>2024-04-25T12:54:12.000Z</time>
        <sat>14</sat>
      </trkpt>
      <trkpt lat="48.308283" lon="-1.445508">
        <ele>82.7</ele>
        <time>2024-04-25T12:54:13.000Z</time>
        <sat>15</sat>
      </trkpt>
      <trkpt lat="48.308250" lon="-1.445653">
        <ele>82.0</ele>
        <time>2024-04-25T12:54:14.000Z</time>
        <sat>15</sat>
      </trkpt>
      <trkpt lat="48.308213" lon="-1.445800">
        <ele>81.1</ele>
        <time>2024-04-25T12:54:15.000Z</time>
        <sat>15</sat>
      </trkpt>
      <trkpt lat="48.308178" lon="-1.445942">
        <ele>80.1</ele>
        <time>2024-04-25T12:54:16.000Z</time>
        <sat>15</sat>
      </trkpt>
      <trkpt lat="48.308145" lon="-1.446075">
        <ele>79.4</ele>
        <time>2024-04-25T12:54:17.000Z</time>
        <sat>14</sat>
      </trkpt>
      <trkpt lat="48.308092" lon="-1.446305">
        <ele>78.7</ele>
        <time>2024-04-25T12:54:19.000Z</time>
        <sat>13</sat>
      </trkpt>
      <trkpt lat="48.308033" lon="-1.446483">
        <ele>78.3</ele>
        <time>2024-04-25T12:54:21.000Z</time>
        <sat>13</sat>
      </trkpt>
      <trkpt lat="48.307942" lon="-1.446580">
        <ele>77.9</ele>
        <time>2024-04-25T12:54:23.000Z</time>
        <sat>15</sat>
      </trkpt>
      <trkpt lat="48.307828" lon="-1.446602">
        <ele>77.3</ele>
        <time>2024-04-25T12:54:25.000Z</time>
        <sat>15</sat>
      </trkpt>
      <trkpt lat="48.307717" lon="-1.446582">
        <ele>77.1</ele>
        <time>2024-04-25T12:54:27.000Z</time>
        <sat>15</sat>
      </trkpt>
      <trkpt lat="48.307602" lon="-1.446567">
        <ele>76.9</ele>
        <time>2024-04-25T12:54:29.000Z</time>
        <sat>15</sat>
      </trkpt>
      <trkpt lat="48.307485" lon="-1.446540">
        <ele>76.8</ele>
        <time>2024-04-25T12:54:31.000Z</time>
        <sat>15</sat>
      </trkpt>
      <trkpt lat="48.307367" lon="-1.446510">
        <ele>76.8</ele>
        <time>2024-04-25T12:54:33.000Z</time>
        <sat>15</sat>
      </trkpt>
      <trkpt lat="48.307247" lon="-1.446478">
        <ele>76.5</ele>
        <time>2024-04-25T12:54:35.000Z</time>
        <sat>14</sat>
      </trkpt>
      <trkpt lat="48.307132" lon="-1.446460">
        <ele>76.0</ele>
        <time>2024-04-25T12:54:37.000Z</time>
        <sat>15</sat>
      </trkpt>
      <trkpt lat="48.307023" lon="-1.446467">
        <ele>75.6</ele>
        <time>2024-04-25T12:54:39.000Z</time>
        <sat>15</sat>
      </trkpt>
      <trkpt lat="48.306920" lon="-1.446512">
        <ele>75.4</ele>
        <time>2024-04-25T12:54:41.000Z</time>
        <sat>15</sat>
      </trkpt>
      <trkpt lat="48.306815" lon="-1.446587">
        <ele>75.9</ele>
        <time>2024-04-25T12:54:43.000Z</time>
        <sat>15</sat>
      </trkpt>
      <trkpt lat="48.306712" lon="-1.446665">
        <ele>75.7</ele>
        <time>2024-04-25T12:54:45.000Z</time>
        <sat>15</sat>
      </trkpt>
      <trkpt lat="48.306610" lon="-1.446743">
        <ele>75.5</ele>
        <time>2024-04-25T12:54:47.000Z</time>
        <sat>15</sat>
      </trkpt>
      <trkpt lat="48.306508" lon="-1.446818">
        <ele>75.1</ele>
        <time>2024-04-25T12:54:49.000Z</time>
        <sat>15</sat>
      </trkpt>
      <trkpt lat="48.306407" lon="-1.446902">
        <ele>75.1</ele>
        <time>2024-04-25T12:54:51.000Z</time>
        <sat>15</sat>
      </trkpt>
      <trkpt lat="48.306307" lon="-1.446988">
        <ele>74.9</ele>
        <time>2024-04-25T12:54:53.000Z</time>
        <sat>15</sat>
      </trkpt>
      <trkpt lat="48.306202" lon="-1.447068">
        <ele>74.8</ele>
        <time>2024-04-25T12:54:55.000Z</time>
        <sat>15</sat>
      </trkpt>
      <trkpt lat="48.306098" lon="-1.447150">
        <ele>74.7</ele>
        <time>2024-04-25T12:54:57.000Z</time>
        <sat>15</sat>
      </trkpt>
      <trkpt lat="48.305993" lon="-1.447233">
        <ele>74.6</ele>
        <time>2024-04-25T12:54:59.000Z</time>
        <sat>15</sat>
      </trkpt>
      <trkpt lat="48.305888" lon="-1.447315">
        <ele>74.4</ele>
        <time>2024-04-25T12:55:01.000Z</time>
        <sat>15</sat>
      </trkpt>
      <trkpt lat="48.305785" lon="-1.447397">
        <ele>73.8</ele>
        <time>2024-04-25T12:55:03.000Z</time>
        <sat>15</sat>
      </trkpt>
      <trkpt lat="48.305685" lon="-1.447478">
        <ele>73.2</ele>
        <time>2024-04-25T12:55:05.000Z</time>
        <sat>15</sat>
      </trkpt>
      <trkpt lat="48.305585" lon="-1.447557">
        <ele>73.4</ele>
        <time>2024-04-25T12:55:07.000Z</time>
        <sat>15</sat>
      </trkpt>
      <trkpt lat="48.305483" lon="-1.447637">
        <ele>73.5</ele>
        <time>2024-04-25T12:55:09.000Z</time>
        <sat>15</sat>
      </trkpt>
      <trkpt lat="48.305382" lon="-1.447717">
        <ele>73.6</ele>
        <time>2024-04-25T12:55:11.000Z</time>
        <sat>15</sat>
      </trkpt>
      <trkpt lat="48.305278" lon="-1.447798">
        <ele>73.5</ele>
        <time>2024-04-25T12:55:13.000Z</time>
        <sat>15</sat>
      </trkpt>
      <trkpt lat="48.305175" lon="-1.447882">
        <ele>73.4</ele>
        <time>2024-04-25T12:55:15.000Z</time>
        <sat>15</sat>
      </trkpt>
      <trkpt lat="48.305072" lon="-1.447960">
        <ele>73.5</ele>
        <time>2024-04-25T12:55:17.000Z</time>
        <sat>15</sat>
      </trkpt>
      <trkpt lat="48.304973" lon="-1.448040">
        <ele>73.5</ele>
        <time>2024-04-25T12:55:19.000Z</time>
        <sat>15</sat>
      </trkpt>
      <trkpt lat="48.304885" lon="-1.448110">
        <ele>73.6</ele>
        <time>2024-04-25T12:55:21.000Z</time>
        <sat>16</sat>
      </trkpt>
      <trkpt lat="48.304805" lon="-1.448178">
        <ele>73.7</ele>
        <time>2024-04-25T12:55:23.000Z</time>
        <sat>16</sat>
      </trkpt>
      <trkpt lat="48.304725" lon="-1.448252">
        <ele>73.7</ele>
        <time>2024-04-25T12:55:25.000Z</time>
        <sat>16</sat>
      </trkpt>
      <trkpt lat="48.304642" lon="-1.448338">
        <ele>73.7</ele>
        <time>2024-04-25T12:55:27.000Z</time>
        <sat>16</sat>
      </trkpt>
      <trkpt lat="48.304563" lon="-1.448443">
        <ele>73.7</ele>
        <time>2024-04-25T12:55:29.000Z</time>
        <sat>16</sat>
      </trkpt>
      <trkpt lat="48.304497" lon="-1.448567">
        <ele>73.6</ele>
        <time>2024-04-25T12:55:31.000Z</time>
        <sat>14</sat>
      </trkpt>
      <trkpt lat="48.304440" lon="-1.448703">
        <ele>73.5</ele>
        <time>2024-04-25T12:55:33.000Z</time>
        <sat>13</sat>
      </trkpt>
      <trkpt lat="48.304380" lon="-1.448838">
        <ele>73.5</ele>
        <time>2024-04-25T12:55:35.000Z</time>
        <sat>13</sat>
      </trkpt>
      <trkpt lat="48.304305" lon="-1.448948">
        <ele>73.4</ele>
        <time>2024-04-25T12:55:37.000Z</time>
        <sat>13</sat>
      </trkpt>
      <trkpt lat="48.304212" lon="-1.449077">
        <ele>73.2</ele>
        <time>2024-04-25T12:55:40.000Z</time>
        <sat>14</sat>
      </trkpt>
      <trkpt lat="48.304208" lon="-1.449250">
        <ele>73.0</ele>
        <time>2024-04-25T12:55:43.000Z</time>
        <sat>13</sat>
      </trkpt>
      <trkpt lat="48.304182" lon="-1.449387">
        <ele>72.7</ele>
        <time>2024-04-25T12:55:45.000Z</time>
        <sat>13</sat>
      </trkpt>
      <trkpt lat="48.304130" lon="-1.449527">
        <ele>72.2</ele>
        <time>2024-04-25T12:55:47.000Z</time>
        <sat>13</sat>
      </trkpt>
      <trkpt lat="48.304083" lon="-1.449672">
        <ele>72.1</ele>
        <time>2024-04-25T12:55:49.000Z</time>
        <sat>12</sat>
      </trkpt>
      <trkpt lat="48.304037" lon="-1.449827">
        <ele>72.0</ele>
        <time>2024-04-25T12:55:51.000Z</time>
        <sat>12</sat>
      </trkpt>
      <trkpt lat="48.303992" lon="-1.449970">
        <ele>72.2</ele>
        <time>2024-04-25T12:55:53.000Z</time>
        <sat>12</sat>
      </trkpt>
      <trkpt lat="48.303953" lon="-1.450115">
        <ele>72.5</ele>
        <time>2024-04-25T12:55:55.000Z</time>
        <sat>14</sat>
      </trkpt>
      <trkpt lat="48.303923" lon="-1.450273">
        <ele>72.4</ele>
        <time>2024-04-25T12:55:57.000Z</time>
        <sat>12</sat>
      </trkpt>
      <trkpt lat="48.303908" lon="-1.450438">
        <ele>72.3</ele>
        <time>2024-04-25T12:55:59.000Z</time>
        <sat>13</sat>
      </trkpt>
      <trkpt lat="48.303898" lon="-1.450593">
        <ele>72.3</ele>
        <time>2024-04-25T12:56:01.000Z</time>
        <sat>13</sat>
      </trkpt>
      <trkpt lat="48.303878" lon="-1.450743">
        <ele>72.0</ele>
        <time>2024-04-25T12:56:03.000Z</time>
        <sat>15</sat>
      </trkpt>
      <trkpt lat="48.303827" lon="-1.450868">
        <ele>71.7</ele>
        <time>2024-04-25T12:56:05.000Z</time>
        <sat>13</sat>
      </trkpt>
      <trkpt lat="48.303722" lon="-1.450943">
        <ele>71.7</ele>
        <time>2024-04-25T12:56:08.000Z</time>
        <sat>15</sat>
      </trkpt>
      <trkpt lat="48.303635" lon="-1.450983">
        <ele>71.6</ele>
        <time>2024-04-25T12:56:10.000Z</time>
        <sat>16</sat>
      </trkpt>
      <trkpt lat="48.303548" lon="-1.451027">
        <ele>71.7</ele>
        <time>2024-04-25T12:56:12.000Z</time>
        <sat>16</sat>
      </trkpt>
      <trkpt lat="48.303437" lon="-1.451087">
        <ele>71.8</ele>
        <time>2024-04-25T12:56:15.000Z</time>
        <sat>15</sat>
      </trkpt>
      <trkpt lat="48.303332" lon="-1.451142">
        <ele>71.9</ele>
        <time>2024-04-25T12:56:18.000Z</time>
        <sat>15</sat>
      </trkpt>
      <trkpt lat="48.303222" lon="-1.451193">
        <ele>72.0</ele>
        <time>2024-04-25T12:56:21.000Z</time>
        <sat>14</sat>
      </trkpt>
      <trkpt lat="48.303117" lon="-1.451253">
        <ele>71.9</ele>
        <time>2024-04-25T12:56:24.000Z</time>
        <sat>16</sat>
      </trkpt>
      <trkpt lat="48.303012" lon="-1.451313">
        <ele>72.0</ele>
        <time>2024-04-25T12:56:27.000Z</time>
        <sat>15</sat>
      </trkpt>
      <trkpt lat="48.302917" lon="-1.451385">
        <ele>72.1</ele>
        <time>2024-04-25T12:56:30.000Z</time>
        <sat>16</sat>
      </trkpt>
      <trkpt lat="48.302948" lon="-1.451567">
        <ele>72.2</ele>
        <time>2024-04-25T12:56:34.000Z</time>
        <sat>14</sat>
      </trkpt>
      <trkpt lat="48.303010" lon="-1.451740">
        <ele>72.3</ele>
        <time>2024-04-25T12:56:37.000Z</time>
        <sat>14</sat>
      </trkpt>
      <trkpt lat="48.303047" lon="-1.451865">
        <ele>72.3</ele>
        <time>2024-04-25T12:56:39.000Z</time>
        <sat>14</sat>
      </trkpt>
      <trkpt lat="48.303085" lon="-1.451988">
        <ele>72.4</ele>
        <time>2024-04-25T12:56:41.000Z</time>
        <sat>14</sat>
      </trkpt>
      <trkpt lat="48.303135" lon="-1.452173">
        <ele>72.5</ele>
        <time>2024-04-25T12:56:44.000Z</time>
        <sat>14</sat>
      </trkpt>
      <trkpt lat="48.303183" lon="-1.452358">
        <ele>72.8</ele>
        <time>2024-04-25T12:56:47.000Z</time>
        <sat>15</sat>
      </trkpt>
      <trkpt lat="48.303233" lon="-1.452542">
        <ele>73.3</ele>
        <time>2024-04-25T12:56:50.000Z</time>
        <sat>16</sat>
      </trkpt>
      <trkpt lat="48.303280" lon="-1.452720">
        <ele>73.8</ele>
        <time>2024-04-25T12:56:53.000Z</time>
        <sat>15</sat>
      </trkpt>
      <trkpt lat="48.303325" lon="-1.452905">
        <ele>74.7</ele>
        <time>2024-04-25T12:56:56.000Z</time>
        <sat>15</sat>
      </trkpt>
      <trkpt lat="48.303367" lon="-1.453088">
        <ele>75.4</ele>
        <time>2024-04-25T12:56:59.000Z</time>
        <sat>15</sat>
      </trkpt>
      <trkpt lat="48.303407" lon="-1.453272">
        <ele>76.1</ele>
        <time>2024-04-25T12:57:02.000Z</time>
        <sat>13</sat>
      </trkpt>
      <trkpt lat="48.303437" lon="-1.453462">
        <ele>76.4</ele>
        <time>2024-04-25T12:57:05.000Z</time>
        <sat>13</sat>
      </trkpt>
      <trkpt lat="48.303463" lon="-1.453657">
        <ele>76.8</ele>
        <time>2024-04-25T12:57:08.000Z</time>
        <sat>14</sat>
      </trkpt>
      <trkpt lat="48.303488" lon="-1.453855">
        <ele>77.1</ele>
        <time>2024-04-25T12:57:11.000Z</time>
        <sat>13</sat>
      </trkpt>
      <trkpt lat="48.303505" lon="-1.453988">
        <ele>77.1</ele>
        <time>2024-04-25T12:57:13.000Z</time>
        <sat>13</sat>
      </trkpt>
      <trkpt lat="48.303520" lon="-1.454123">
        <ele>77.0</ele>
        <time>2024-04-25T12:57:15.000Z</time>
        <sat>14</sat>
      </trkpt>
      <trkpt lat="48.303507" lon="-1.454305">
        <ele>76.9</ele>
        <time>2024-04-25T12:57:18.000Z</time>
        <sat>14</sat>
      </trkpt>
      <trkpt lat="48.303412" lon="-1.454390">
        <ele>77.3</ele>
        <time>2024-04-25T12:57:21.000Z</time>
        <sat>16</sat>
      </trkpt>
      <trkpt lat="48.303290" lon="-1.454418">
        <ele>78.0</ele>
        <time>2024-04-25T12:57:24.000Z</time>
        <sat>16</sat>
      </trkpt>
      <trkpt lat="48.303170" lon="-1.454433">
        <ele>79.0</ele>
        <time>2024-04-25T12:57:27.000Z</time>
        <sat>16</sat>
      </trkpt>
      <trkpt lat="48.303052" lon="-1.454450">
        <ele>80.1</ele>
        <time>2024-04-25T12:57:30.000Z</time>
        <sat>16</sat>
      </trkpt>
      <trkpt lat="48.302933" lon="-1.454485">
        <ele>80.5</ele>
        <time>2024-04-25T12:57:33.000Z</time>
        <sat>16</sat>
      </trkpt>
      <trkpt lat="48.302822" lon="-1.454547">
        <ele>81.4</ele>
        <time>2024-04-25T12:57:36.000Z</time>
        <sat>16</sat>
      </trkpt>
      <trkpt lat="48.302717" lon="-1.454633">
        <ele>82.3</ele>
        <time>2024-04-25T12:57:39.000Z</time>
        <sat>15</sat>
      </trkpt>
      <trkpt lat="48.302620" lon="-1.454738">
        <ele>83.0</ele>
        <time>2024-04-25T12:57:42.000Z</time>
        <sat>15</sat>
      </trkpt>
      <trkpt lat="48.302532" lon="-1.454852">
        <ele>83.3</ele>
        <time>2024-04-25T12:57:45.000Z</time>
        <sat>14</sat>
      </trkpt>
      <trkpt lat="48.302452" lon="-1.454968">
        <ele>83.7</ele>
        <time>2024-04-25T12:57:48.000Z</time>
        <sat>16</sat>
      </trkpt>
      <trkpt lat="48.302383" lon="-1.455098">
        <ele>84.9</ele>
        <time>2024-04-25T12:57:51.000Z</time>
        <sat>16</sat>
      </trkpt>
      <trkpt lat="48.302328" lon="-1.455208">
        <ele>85.9</ele>
        <time>2024-04-25T12:57:54.000Z</time>
        <sat>16</sat>
      </trkpt>
      <trkpt lat="48.302270" lon="-1.455355">
        <ele>87.6</ele>
        <time>2024-04-25T12:57:58.000Z</time>
        <sat>15</sat>
      </trkpt>
      <trkpt lat="48.302223" lon="-1.455505">
        <ele>89.0</ele>
        <time>2024-04-25T12:58:02.000Z</time>
        <sat>15</sat>
      </trkpt>
      <trkpt lat="48.302178" lon="-1.455662">
        <ele>90.3</ele>
        <time>2024-04-25T12:58:06.000Z</time>
        <sat>16</sat>
      </trkpt>
      <trkpt lat="48.302130" lon="-1.455815">
        <ele>91.3</ele>
        <time>2024-04-25T12:58:10.000Z</time>
        <sat>15</sat>
      </trkpt>
      <trkpt lat="48.302082" lon="-1.455970">
        <ele>92.3</ele>
        <time>2024-04-25T12:58:14.000Z</time>
        <sat>15</sat>
      </trkpt>
      <trkpt lat="48.302027" lon="-1.456122">
        <ele>94.3</ele>
        <time>2024-04-25T12:58:18.000Z</time>
        <sat>14</sat>
      </trkpt>
      <trkpt lat="48.301967" lon="-1.456270">
        <ele>95.9</ele>
        <time>2024-04-25T12:58:22.000Z</time>
        <sat>16</sat>
      </trkpt>
      <trkpt lat="48.301912" lon="-1.456427">
        <ele>97.9</ele>
        <time>2024-04-25T12:58:26.000Z</time>
        <sat>15</sat>
      </trkpt>
      <trkpt lat="48.301860" lon="-1.456567">
        <ele>99.4</ele>
        <time>2024-04-25T12:58:30.000Z</time>
        <sat>14</sat>
      </trkpt>
      <trkpt lat="48.301835" lon="-1.456710">
        <ele>101.0</ele>
        <time>2024-04-25T12:58:34.000Z</time>
        <sat>16</sat>
      </trkpt>
      <trkpt lat="48.301910" lon="-1.456797">
        <ele>101.6</ele>
        <time>2024-04-25T12:58:38.000Z</time>
        <sat>16</sat>
      </trkpt>
      <trkpt lat="48.302003" lon="-1.456847">
        <ele>101.8</ele>
        <time>2024-04-25T12:58:41.000Z</time>
        <sat>17</sat>
      </trkpt>
      <trkpt lat="48.302098" lon="-1.456892">
        <ele>102.1</ele>
        <time>2024-04-25T12:58:44.000Z</time>
        <sat>16</sat>
      </trkpt>
      <trkpt lat="48.302187" lon="-1.456938">
        <ele>102.4</ele>
        <time>2024-04-25T12:58:47.000Z</time>
        <sat>15</sat>
      </trkpt>
      <trkpt lat="48.302280" lon="-1.456987">
        <ele>102.4</ele>
        <time>2024-04-25T12:58:50.000Z</time>
        <sat>15</sat>
      </trkpt>
      <trkpt lat="48.302387" lon="-1.457047">
        <ele>102.3</ele>
        <time>2024-04-25T12:58:53.000Z</time>
        <sat>16</sat>
      </trkpt>
      <trkpt lat="48.302495" lon="-1.457112">
        <ele>102.4</ele>
        <time>2024-04-25T12:58:56.000Z</time>
        <sat>16</sat>
      </trkpt>
      <trkpt lat="48.302605" lon="-1.457172">
        <ele>102.1</ele>
        <time>2024-04-25T12:58:59.000Z</time>
        <sat>16</sat>
      </trkpt>
      <trkpt lat="48.302708" lon="-1.457230">
        <ele>102.0</ele>
        <time>2024-04-25T12:59:02.000Z</time>
        <sat>16</sat>
      </trkpt>
      <trkpt lat="48.302823" lon="-1.457305">
        <ele>102.0</ele>
        <time>2024-04-25T12:59:05.000Z</time>
        <sat>17</sat>
      </trkpt>
      <trkpt lat="48.302907" lon="-1.457363">
        <ele>102.1</ele>
        <time>2024-04-25T12:59:07.000Z</time>
        <sat>18</sat>
      </trkpt>
      <trkpt lat="48.302987" lon="-1.457427">
        <ele>102.1</ele>
        <time>2024-04-25T12:59:09.000Z</time>
        <sat>17</sat>
      </trkpt>
      <trkpt lat="48.303070" lon="-1.457502">
        <ele>102.0</ele>
        <time>2024-04-25T12:59:11.000Z</time>
        <sat>18</sat>
      </trkpt>
      <trkpt lat="48.303153" lon="-1.457580">
        <ele>101.7</ele>
        <time>2024-04-25T12:59:13.000Z</time>
        <sat>17</sat>
      </trkpt>
      <trkpt lat="48.303238" lon="-1.457650">
        <ele>101.3</ele>
        <time>2024-04-25T12:59:15.000Z</time>
        <sat>18</sat>
      </trkpt>
      <trkpt lat="48.303322" lon="-1.457708">
        <ele>101.0</ele>
        <time>2024-04-25T12:59:17.000Z</time>
        <sat>17</sat>
      </trkpt>
      <trkpt lat="48.303437" lon="-1.457795">
        <ele>100.5</ele>
        <time>2024-04-25T12:59:20.000Z</time>
        <sat>18</sat>
      </trkpt>
      <trkpt lat="48.303542" lon="-1.457888">
        <ele>99.9</ele>
        <time>2024-04-25T12:59:23.000Z</time>
        <sat>18</sat>
      </trkpt>
      <trkpt lat="48.303620" lon="-1.457967">
        <ele>99.6</ele>
        <time>2024-04-25T12:59:25.000Z</time>
        <sat>18</sat>
      </trkpt>
      <trkpt lat="48.303697" lon="-1.458048">
        <ele>99.3</ele>
        <time>2024-04-25T12:59:27.000Z</time>
        <sat>18</sat>
      </trkpt>
      <trkpt lat="48.303777" lon="-1.458138">
        <ele>99.2</ele>
        <time>2024-04-25T12:59:29.000Z</time>
        <sat>18</sat>
      </trkpt>
      <trkpt lat="48.303857" lon="-1.458227">
        <ele>99.1</ele>
        <time>2024-04-25T12:59:31.000Z</time>
        <sat>18</sat>
      </trkpt>
      <trkpt lat="48.303937" lon="-1.458315">
        <ele>99.0</ele>
        <time>2024-04-25T12:59:33.000Z</time>
        <sat>18</sat>
      </trkpt>
      <trkpt lat="48.304012" lon="-1.458408">
        <ele>98.7</ele>
        <time>2024-04-25T12:59:35.000Z</time>
        <sat>18</sat>
      </trkpt>
      <trkpt lat="48.304090" lon="-1.458505">
        <ele>98.5</ele>
        <time>2024-04-25T12:59:37.000Z</time>
        <sat>17</sat>
      </trkpt>
      <trkpt lat="48.304173" lon="-1.458602">
        <ele>97.9</ele>
        <time>2024-04-25T12:59:39.000Z</time>
        <sat>18</sat>
      </trkpt>
      <trkpt lat="48.304260" lon="-1.458685">
        <ele>97.8</ele>
        <time>2024-04-25T12:59:41.000Z</time>
        <sat>16</sat>
      </trkpt>
      <trkpt lat="48.304342" lon="-1.458752">
        <ele>97.4</ele>
        <time>2024-04-25T12:59:43.000Z</time>
        <sat>17</sat>
      </trkpt>
      <trkpt lat="48.304438" lon="-1.458822">
        <ele>97.2</ele>
        <time>2024-04-25T12:59:46.000Z</time>
        <sat>17</sat>
      </trkpt>
      <trkpt lat="48.304498" lon="-1.458927">
        <ele>97.1</ele>
        <time>2024-04-25T12:59:50.000Z</time>
        <sat>15</sat>
      </trkpt>
      <trkpt lat="48.304465" lon="-1.459087">
        <ele>97.1</ele>
        <time>2024-04-25T12:59:53.000Z</time>
        <sat>14</sat>
      </trkpt>
      <trkpt lat="48.304430" lon="-1.459217">
        <ele>97.1</ele>
        <time>2024-04-25T12:59:55.000Z</time>
        <sat>14</sat>
      </trkpt>
      <trkpt lat="48.304400" lon="-1.459352">
        <ele>97.0</ele>
        <time>2024-04-25T12:59:57.000Z</time>
        <sat>14</sat>
      </trkpt>
      <trkpt lat="48.304372" lon="-1.459490">
        <ele>97.0</ele>
        <time>2024-04-25T12:59:59.000Z</time>
        <sat>14</sat>
      </trkpt>
      <trkpt lat="48.304343" lon="-1.459628">
        <ele>96.9</ele>
        <time>2024-04-25T13:00:01.000Z</time>
        <sat>14</sat>
      </trkpt>
      <trkpt lat="48.304318" lon="-1.459780">
        <ele>96.8</ele>
        <time>2024-04-25T13:00:03.000Z</time>
        <sat>13</sat>
      </trkpt>
      <trkpt lat="48.304297" lon="-1.459940">
        <ele>96.6</ele>
        <time>2024-04-25T13:00:05.000Z</time>
        <sat>14</sat>
      </trkpt>
      <trkpt lat="48.304285" lon="-1.460105">
        <ele>96.2</ele>
        <time>2024-04-25T13:00:07.000Z</time>
        <sat>14</sat>
      </trkpt>
      <trkpt lat="48.304275" lon="-1.460273">
        <ele>95.5</ele>
        <time>2024-04-25T13:00:09.000Z</time>
        <sat>14</sat>
      </trkpt>
      <trkpt lat="48.304262" lon="-1.460428">
        <ele>94.9</ele>
        <time>2024-04-25T13:00:11.000Z</time>
        <sat>14</sat>
      </trkpt>
      <trkpt lat="48.304250" lon="-1.460573">
        <ele>94.4</ele>
        <time>2024-04-25T13:00:13.000Z</time>
        <sat>15</sat>
      </trkpt>
      <trkpt lat="48.304238" lon="-1.460710">
        <ele>93.6</ele>
        <time>2024-04-25T13:00:15.000Z</time>
        <sat>15</sat>
      </trkpt>
      <trkpt lat="48.304228" lon="-1.460883">
        <ele>93.1</ele>
        <time>2024-04-25T13:00:18.000Z</time>
        <sat>15</sat>
      </trkpt>
      <trkpt lat="48.304223" lon="-1.461030">
        <ele>92.1</ele>
        <time>2024-04-25T13:00:21.000Z</time>
        <sat>15</sat>
      </trkpt>
      <trkpt lat="48.304210" lon="-1.461202">
        <ele>91.3</ele>
        <time>2024-04-25T13:00:25.000Z</time>
        <sat>15</sat>
      </trkpt>
      <trkpt lat="48.304213" lon="-1.461377">
        <ele>90.7</ele>
        <time>2024-04-25T13:00:29.000Z</time>
        <sat>14</sat>
      </trkpt>
      <trkpt lat="48.304202" lon="-1.461525">
        <ele>90.6</ele>
        <time>2024-04-25T13:00:32.000Z</time>
        <sat>14</sat>
      </trkpt>
      <trkpt lat="48.304192" lon="-1.461692">
        <ele>90.3</ele>
        <time>2024-04-25T13:00:35.000Z</time>
        <sat>14</sat>
      </trkpt>
      <trkpt lat="48.304180" lon="-1.461862">
        <ele>89.9</ele>
        <time>2024-04-25T13:00:38.000Z</time>
        <sat>14</sat>
      </trkpt>
      <trkpt lat="48.304167" lon="-1.462027">
        <ele>89.3</ele>
        <time>2024-04-25T13:00:41.000Z</time>
        <sat>15</sat>
      </trkpt>
      <trkpt lat="48.304160" lon="-1.462208">
        <ele>88.9</ele>
        <time>2024-04-25T13:00:44.000Z</time>
        <sat>13</sat>
      </trkpt>
      <trkpt lat="48.304160" lon="-1.462397">
        <ele>88.8</ele>
        <time>2024-04-25T13:00:47.000Z</time>
        <sat>15</sat>
      </trkpt>
      <trkpt lat="48.304148" lon="-1.462580">
        <ele>88.2</ele>
        <time>2024-04-25T13:00:50.000Z</time>
        <sat>14</sat>
      </trkpt>
      <trkpt lat="48.304138" lon="-1.462763">
        <ele>88.1</ele>
        <time>2024-04-25T13:00:53.000Z</time>
        <sat>13</sat>
      </trkpt>
      <trkpt lat="48.304133" lon="-1.462950">
        <ele>88.2</ele>
        <time>2024-04-25T13:00:56.000Z</time>
        <sat>15</sat>
      </trkpt>
      <trkpt lat="48.304143" lon="-1.463142">
        <ele>88.1</ele>
        <time>2024-04-25T13:00:59.000Z</time>
        <sat>15</sat>
      </trkpt>
      <trkpt lat="48.304142" lon="-1.463325">
        <ele>88.0</ele>
        <time>2024-04-25T13:01:02.000Z</time>
        <sat>14</sat>
      </trkpt>
      <trkpt lat="48.304143" lon="-1.463512">
        <ele>87.8</ele>
        <time>2024-04-25T13:01:05.000Z</time>
        <sat>14</sat>
      </trkpt>
      <trkpt lat="48.304187" lon="-1.463672">
        <ele>87.7</ele>
        <time>2024-04-25T13:01:08.000Z</time>
        <sat>12</sat>
      </trkpt>
      <trkpt lat="48.304232" lon="-1.463830">
        <ele>87.7</ele>
        <time>2024-04-25T13:01:11.000Z</time>
        <sat>13</sat>
      </trkpt>
      <trkpt lat="48.304273" lon="-1.464010">
        <ele>87.7</ele>
        <time>2024-04-25T13:01:14.000Z</time>
        <sat>13</sat>
      </trkpt>
      <trkpt lat="48.304322" lon="-1.464187">
        <ele>87.7</ele>
        <time>2024-04-25T13:01:17.000Z</time>
        <sat>13</sat>
      </trkpt>
      <trkpt lat="48.304372" lon="-1.464347">
        <ele>87.8</ele>
        <time>2024-04-25T13:01:20.000Z</time>
        <sat>11</sat>
      </trkpt>
      <trkpt lat="48.304395" lon="-1.464508">
        <ele>87.9</ele>
        <time>2024-04-25T13:01:24.000Z</time>
        <sat>13</sat>
      </trkpt>
      <trkpt lat="48.304322" lon="-1.464598">
        <ele>87.9</ele>
        <time>2024-04-25T13:01:27.000Z</time>
        <sat>11</sat>
      </trkpt>
      <trkpt lat="48.304198" lon="-1.464670">
        <ele>87.9</ele>
        <time>2024-04-25T13:01:30.000Z</time>
        <sat>13</sat>
      </trkpt>
      <trkpt lat="48.304102" lon="-1.464723">
        <ele>87.9</ele>
        <time>2024-04-25T13:01:32.000Z</time>
        <sat>15</sat>
      </trkpt>
      <trkpt lat="48.303998" lon="-1.464787">
        <ele>87.8</ele>
        <time>2024-04-25T13:01:34.000Z</time>
        <sat>14</sat>
      </trkpt>
      <trkpt lat="48.303902" lon="-1.464853">
        <ele>87.8</ele>
        <time>2024-04-25T13:01:36.000Z</time>
        <sat>14</sat>
      </trkpt>
      <trkpt lat="48.303817" lon="-1.464925">
        <ele>87.8</ele>
        <time>2024-04-25T13:01:38.000Z</time>
        <sat>15</sat>
      </trkpt>
      <trkpt lat="48.303738" lon="-1.465012">
        <ele>87.9</ele>
        <time>2024-04-25T13:01:41.000Z</time>
        <sat>16</sat>
      </trkpt>
      <trkpt lat="48.303650" lon="-1.465093">
        <ele>87.9</ele>
        <time>2024-04-25T13:01:44.000Z</time>
        <sat>17</sat>
      </trkpt>
      <trkpt lat="48.303572" lon="-1.465180">
        <ele>87.8</ele>
        <time>2024-04-25T13:01:46.000Z</time>
        <sat>15</sat>
      </trkpt>
      <trkpt lat="48.303500" lon="-1.465272">
        <ele>87.9</ele>
        <time>2024-04-25T13:01:48.000Z</time>
        <sat>13</sat>
      </trkpt>
      <trkpt lat="48.303430" lon="-1.465358">
        <ele>87.8</ele>
        <time>2024-04-25T13:01:50.000Z</time>
        <sat>15</sat>
      </trkpt>
      <trkpt lat="48.303353" lon="-1.465443">
        <ele>87.9</ele>
        <time>2024-04-25T13:01:52.000Z</time>
        <sat>15</sat>
      </trkpt>
      <trkpt lat="48.303273" lon="-1.465533">
        <ele>88.0</ele>
        <time>2024-04-25T13:01:54.000Z</time>
        <sat>15</sat>
      </trkpt>
      <trkpt lat="48.303197" lon="-1.465628">
        <ele>88.0</ele>
        <time>2024-04-25T13:01:56.000Z</time>
        <sat>15</sat>
      </trkpt>
      <trkpt lat="48.303115" lon="-1.465723">
        <ele>88.0</ele>
        <time>2024-04-25T13:01:58.000Z</time>
        <sat>14</sat>
      </trkpt>
      <trkpt lat="48.303032" lon="-1.465823">
        <ele>88.0</ele>
        <time>2024-04-25T13:02:00.000Z</time>
        <sat>16</sat>
      </trkpt>
      <trkpt lat="48.302947" lon="-1.465927">
        <ele>88.1</ele>
        <time>2024-04-25T13:02:02.000Z</time>
        <sat>16</sat>
      </trkpt>
      <trkpt lat="48.302863" lon="-1.466023">
        <ele>88.2</ele>
        <time>2024-04-25T13:02:04.000Z</time>
        <sat>16</sat>
      </trkpt>
      <trkpt lat="48.302783" lon="-1.466117">
        <ele>88.3</ele>
        <time>2024-04-25T13:02:06.000Z</time>
        <sat>16</sat>
      </trkpt>
      <trkpt lat="48.302702" lon="-1.466212">
        <ele>88.2</ele>
        <time>2024-04-25T13:02:08.000Z</time>
        <sat>16</sat>
      </trkpt>
      <trkpt lat="48.302615" lon="-1.466312">
        <ele>88.2</ele>
        <time>2024-04-25T13:02:10.000Z</time>
        <sat>15</sat>
      </trkpt>
      <trkpt lat="48.302527" lon="-1.466413">
        <ele>88.1</ele>
        <time>2024-04-25T13:02:12.000Z</time>
        <sat>14</sat>
      </trkpt>
      <trkpt lat="48.302438" lon="-1.466517">
        <ele>88.0</ele>
        <time>2024-04-25T13:02:14.000Z</time>
        <sat>14</sat>
      </trkpt>
      <trkpt lat="48.302348" lon="-1.466618">
        <ele>87.7</ele>
        <time>2024-04-25T13:02:16.000Z</time>
        <sat>17</sat>
      </trkpt>
      <trkpt lat="48.302260" lon="-1.466720">
        <ele>87.4</ele>
        <time>2024-04-25T13:02:18.000Z</time>
        <sat>17</sat>
      </trkpt>
      <trkpt lat="48.302173" lon="-1.466825">
        <ele>87.3</ele>
        <time>2024-04-25T13:02:20.000Z</time>
        <sat>16</sat>
      </trkpt>
      <trkpt lat="48.302085" lon="-1.466928">
        <ele>87.2</ele>
        <time>2024-04-25T13:02:22.000Z</time>
        <sat>14</sat>
      </trkpt>
      <trkpt lat="48.301993" lon="-1.467033">
        <ele>87.2</ele>
        <time>2024-04-25T13:02:24.000Z</time>
        <sat>16</sat>
      </trkpt>
      <trkpt lat="48.301902" lon="-1.467140">
        <ele>87.3</ele>
        <time>2024-04-25T13:02:26.000Z</time>
        <sat>16</sat>
      </trkpt>
      <trkpt lat="48.301810" lon="-1.467250">
        <ele>87.2</ele>
        <time>2024-04-25T13:02:28.000Z</time>
        <sat>17</sat>
      </trkpt>
      <trkpt lat="48.301715" lon="-1.467358">
        <ele>87.1</ele>
        <time>2024-04-25T13:02:30.000Z</time>
        <sat>17</sat>
      </trkpt>
      <trkpt lat="48.301623" lon="-1.467460">
        <ele>86.9</ele>
        <time>2024-04-25T13:02:32.000Z</time>
        <sat>16</sat>
      </trkpt>
      <trkpt lat="48.301537" lon="-1.467557">
        <ele>86.8</ele>
        <time>2024-04-25T13:02:34.000Z</time>
        <sat>17</sat>
      </trkpt>
      <trkpt lat="48.301450" lon="-1.467650">
        <ele>86.9</ele>
        <time>2024-04-25T13:02:36.000Z</time>
        <sat>16</sat>
      </trkpt>
      <trkpt lat="48.301357" lon="-1.467745">
        <ele>86.9</ele>
        <time>2024-04-25T13:02:38.000Z</time>
        <sat>16</sat>
      </trkpt>
      <trkpt lat="48.301260" lon="-1.467845">
        <ele>86.8</ele>
        <time>2024-04-25T13:02:40.000Z</time>
        <sat>15</sat>
      </trkpt>
      <trkpt lat="48.301172" lon="-1.467943">
        <ele>86.5</ele>
        <time>2024-04-25T13:02:42.000Z</time>
        <sat>15</sat>
      </trkpt>
      <trkpt lat="48.301082" lon="-1.468047">
        <ele>86.3</ele>
        <time>2024-04-25T13:02:44.000Z</time>
        <sat>14</sat>
      </trkpt>
      <trkpt lat="48.300988" lon="-1.468158">
        <ele>85.9</ele>
        <time>2024-04-25T13:02:46.000Z</time>
        <sat>13</sat>
      </trkpt>
      <trkpt lat="48.300895" lon="-1.468272">
        <ele>85.5</ele>
        <time>2024-04-25T13:02:48.000Z</time>
        <sat>15</sat>
      </trkpt>
      <trkpt lat="48.300802" lon="-1.468383">
        <ele>84.9</ele>
        <time>2024-04-25T13:02:50.000Z</time>
        <sat>15</sat>
      </trkpt>
      <trkpt lat="48.300712" lon="-1.468490">
        <ele>84.7</ele>
        <time>2024-04-25T13:02:52.000Z</time>
        <sat>15</sat>
      </trkpt>
      <trkpt lat="48.300623" lon="-1.468588">
        <ele>84.6</ele>
        <time>2024-04-25T13:02:54.000Z</time>
        <sat>15</sat>
      </trkpt>
      <trkpt lat="48.300532" lon="-1.468687">
        <ele>84.3</ele>
        <time>2024-04-25T13:02:56.000Z</time>
        <sat>15</sat>
      </trkpt>
      <trkpt lat="48.300445" lon="-1.468787">
        <ele>84.2</ele>
        <time>2024-04-25T13:02:58.000Z</time>
        <sat>13</sat>
      </trkpt>
      <trkpt lat="48.300368" lon="-1.468877">
        <ele>83.8</ele>
        <time>2024-04-25T13:03:00.000Z</time>
        <sat>16</sat>
      </trkpt>
      <trkpt lat="48.300295" lon="-1.468957">
        <ele>83.6</ele>
        <time>2024-04-25T13:03:02.000Z</time>
        <sat>16</sat>
      </trkpt>
      <trkpt lat="48.300208" lon="-1.469060">
        <ele>83.6</ele>
        <time>2024-04-25T13:03:05.000Z</time>
        <sat>16</sat>
      </trkpt>
      <trkpt lat="48.300152" lon="-1.469178">
        <ele>83.6</ele>
        <time>2024-04-25T13:03:08.000Z</time>
        <sat>15</sat>
      </trkpt>
      <trkpt lat="48.300060" lon="-1.469300">
        <ele>83.5</ele>
        <time>2024-04-25T13:03:11.000Z</time>
        <sat>15</sat>
      </trkpt>
      <trkpt lat="48.299987" lon="-1.469392">
        <ele>83.3</ele>
        <time>2024-04-25T13:03:13.000Z</time>
        <sat>16</sat>
      </trkpt>
      <trkpt lat="48.299890" lon="-1.469530">
        <ele>83.1</ele>
        <time>2024-04-25T13:03:16.000Z</time>
        <sat>16</sat>
      </trkpt>
      <trkpt lat="48.299793" lon="-1.469653">
        <ele>83.0</ele>
        <time>2024-04-25T13:03:19.000Z</time>
        <sat>16</sat>
      </trkpt>
      <trkpt lat="48.299697" lon="-1.469753">
        <ele>82.7</ele>
        <time>2024-04-25T13:03:22.000Z</time>
        <sat>15</sat>
      </trkpt>
      <trkpt lat="48.299597" lon="-1.469822">
        <ele>82.3</ele>
        <time>2024-04-25T13:03:25.000Z</time>
        <sat>16</sat>
      </trkpt>
      <trkpt lat="48.299502" lon="-1.469875">
        <ele>82.0</ele>
        <time>2024-04-25T13:03:28.000Z</time>
        <sat>16</sat>
      </trkpt>
      <trkpt lat="48.299410" lon="-1.469895">
        <ele>81.4</ele>
        <time>2024-04-25T13:03:31.000Z</time>
        <sat>15</sat>
      </trkpt>
      <trkpt lat="48.299310" lon="-1.469922">
        <ele>80.6</ele>
        <time>2024-04-25T13:03:36.000Z</time>
        <sat>16</sat>
      </trkpt>
      <trkpt lat="48.299215" lon="-1.469980">
        <ele>80.1</ele>
        <time>2024-04-25T13:03:42.000Z</time>
        <sat>14</sat>
      </trkpt>
      <trkpt lat="48.299122" lon="-1.470027">
        <ele>80.0</ele>
        <time>2024-04-25T13:03:48.000Z</time>
        <sat>16</sat>
      </trkpt>
      <trkpt lat="48.299033" lon="-1.470088">
        <ele>79.9</ele>
        <time>2024-04-25T13:03:53.000Z</time>
        <sat>15</sat>
      </trkpt>
      <trkpt lat="48.298945" lon="-1.470145">
        <ele>79.9</ele>
        <time>2024-04-25T13:03:57.000Z</time>
        <sat>16</sat>
      </trkpt>
      <trkpt lat="48.298855" lon="-1.470200">
        <ele>79.8</ele>
        <time>2024-04-25T13:04:01.000Z</time>
        <sat>15</sat>
      </trkpt>
      <trkpt lat="48.298740" lon="-1.470245">
        <ele>79.8</ele>
        <time>2024-04-25T13:04:05.000Z</time>
        <sat>15</sat>
      </trkpt>
      <trkpt lat="48.298652" lon="-1.470278">
        <ele>79.8</ele>
        <time>2024-04-25T13:04:08.000Z</time>
        <sat>15</sat>
      </trkpt>
      <trkpt lat="48.298545" lon="-1.470318">
        <ele>79.9</ele>
        <time>2024-04-25T13:04:11.000Z</time>
        <sat>16</sat>
      </trkpt>
      <trkpt lat="48.298458" lon="-1.470420">
        <ele>79.9</ele>
        <time>2024-04-25T13:04:14.000Z</time>
        <sat>16</sat>
      </trkpt>
      <trkpt lat="48.298362" lon="-1.470555">
        <ele>79.9</ele>
        <time>2024-04-25T13:04:17.000Z</time>
        <sat>16</sat>
      </trkpt>
      <trkpt lat="48.298243" lon="-1.470613">
        <ele>80.1</ele>
        <time>2024-04-25T13:04:20.000Z</time>
        <sat>15</sat>
      </trkpt>
      <trkpt lat="48.298153" lon="-1.470635">
        <ele>80.0</ele>
        <time>2024-04-25T13:04:22.000Z</time>
        <sat>14</sat>
      </trkpt>
      <trkpt lat="48.298023" lon="-1.470657">
        <ele>80.1</ele>
        <time>2024-04-25T13:04:25.000Z</time>
        <sat>14</sat>
      </trkpt>
      <trkpt lat="48.297927" lon="-1.470682">
        <ele>80.2</ele>
        <time>2024-04-25T13:04:27.000Z</time>
        <sat>16</sat>
      </trkpt>
      <trkpt lat="48.297833" lon="-1.470745">
        <ele>80.1</ele>
        <time>2024-04-25T13:04:29.000Z</time>
        <sat>16</sat>
      </trkpt>
      <trkpt lat="48.297752" lon="-1.470842">
        <ele>80.1</ele>
        <time>2024-04-25T13:04:31.000Z</time>
        <sat>14</sat>
      </trkpt>
      <trkpt lat="48.297683" lon="-1.470930">
        <ele>80.0</ele>
        <time>2024-04-25T13:04:33.000Z</time>
        <sat>16</sat>
      </trkpt>
      <trkpt lat="48.297585" lon="-1.471050">
        <ele>79.6</ele>
        <time>2024-04-25T13:04:36.000Z</time>
        <sat>16</sat>
      </trkpt>
      <trkpt lat="48.297498" lon="-1.471160">
        <ele>79.6</ele>
        <time>2024-04-25T13:04:39.000Z</time>
        <sat>15</sat>
      </trkpt>
      <trkpt lat="48.297405" lon="-1.471253">
        <ele>79.6</ele>
        <time>2024-04-25T13:04:42.000Z</time>
        <sat>14</sat>
      </trkpt>
      <trkpt lat="48.297318" lon="-1.471345">
        <ele>79.6</ele>
        <time>2024-04-25T13:04:45.000Z</time>
        <sat>15</sat>
      </trkpt>
      <trkpt lat="48.297223" lon="-1.471452">
        <ele>79.5</ele>
        <time>2024-04-25T13:04:48.000Z</time>
        <sat>16</sat>
      </trkpt>
      <trkpt lat="48.297128" lon="-1.471567">
        <ele>79.3</ele>
        <time>2024-04-25T13:04:51.000Z</time>
        <sat>17</sat>
      </trkpt>
      <trkpt lat="48.297037" lon="-1.471678">
        <ele>79.3</ele>
        <time>2024-04-25T13:04:54.000Z</time>
        <sat>17</sat>
      </trkpt>
      <trkpt lat="48.296965" lon="-1.471767">
        <ele>79.1</ele>
        <time>2024-04-25T13:04:57.000Z</time>
        <sat>16</sat>
      </trkpt>
      <trkpt lat="48.296883" lon="-1.471868">
        <ele>79.0</ele>
        <time>2024-04-25T13:05:02.000Z</time>
        <sat>14</sat>
      </trkpt>
      <trkpt lat="48.296803" lon="-1.471980">
        <ele>78.9</ele>
        <time>2024-04-25T13:05:11.000Z</time>
        <sat>15</sat>
      </trkpt>
      <trkpt lat="48.296735" lon="-1.472070">
        <ele>78.6</ele>
        <time>2024-04-25T13:05:14.000Z</time>
        <sat>16</sat>
      </trkpt>
      <trkpt lat="48.296647" lon="-1.472195">
        <ele>78.7</ele>
        <time>2024-04-25T13:05:17.000Z</time>
        <sat>15</sat>
      </trkpt>
      <trkpt lat="48.296565" lon="-1.472297">
        <ele>78.5</ele>
        <time>2024-04-25T13:05:20.000Z</time>
        <sat>15</sat>
      </trkpt>
      <trkpt lat="48.296463" lon="-1.472405">
        <ele>78.4</ele>
        <time>2024-04-25T13:05:23.000Z</time>
        <sat>15</sat>
      </trkpt>
      <trkpt lat="48.296358" lon="-1.472522">
        <ele>78.1</ele>
        <time>2024-04-25T13:05:26.000Z</time>
        <sat>17</sat>
      </trkpt>
      <trkpt lat="48.296252" lon="-1.472638">
        <ele>78.1</ele>
        <time>2024-04-25T13:05:29.000Z</time>
        <sat>17</sat>
      </trkpt>
      <trkpt lat="48.296150" lon="-1.472752">
        <ele>77.8</ele>
        <time>2024-04-25T13:05:32.000Z</time>
        <sat>16</sat>
      </trkpt>
      <trkpt lat="48.296067" lon="-1.472865">
        <ele>77.7</ele>
        <time>2024-04-25T13:05:35.000Z</time>
        <sat>14</sat>
      </trkpt>
      <trkpt lat="48.295967" lon="-1.472982">
        <ele>77.5</ele>
        <time>2024-04-25T13:05:38.000Z</time>
        <sat>15</sat>
      </trkpt>
      <trkpt lat="48.295890" lon="-1.473055">
        <ele>77.4</ele>
        <time>2024-04-25T13:05:40.000Z</time>
        <sat>15</sat>
      </trkpt>
      <trkpt lat="48.295818" lon="-1.473137">
        <ele>77.2</ele>
        <time>2024-04-25T13:05:42.000Z</time>
        <sat>14</sat>
      </trkpt>
      <trkpt lat="48.295725" lon="-1.473268">
        <ele>77.1</ele>
        <time>2024-04-25T13:05:45.000Z</time>
        <sat>14</sat>
      </trkpt>
      <trkpt lat="48.295632" lon="-1.473403">
        <ele>76.9</ele>
        <time>2024-04-25T13:05:48.000Z</time>
        <sat>16</sat>
      </trkpt>
      <trkpt lat="48.295550" lon="-1.473488">
        <ele>76.6</ele>
        <time>2024-04-25T13:05:50.000Z</time>
        <sat>16</sat>
      </trkpt>
      <trkpt lat="48.295463" lon="-1.473570">
        <ele>76.4</ele>
        <time>2024-04-25T13:05:52.000Z</time>
        <sat>17</sat>
      </trkpt>
      <trkpt lat="48.295385" lon="-1.473655">
        <ele>76.3</ele>
        <time>2024-04-25T13:05:54.000Z</time>
        <sat>15</sat>
      </trkpt>
      <trkpt lat="48.295303" lon="-1.473737">
        <ele>76.3</ele>
        <time>2024-04-25T13:05:56.000Z</time>
        <sat>17</sat>
      </trkpt>
      <trkpt lat="48.295220" lon="-1.473820">
        <ele>76.1</ele>
        <time>2024-04-25T13:05:58.000Z</time>
        <sat>14</sat>
      </trkpt>
      <trkpt lat="48.295138" lon="-1.473913">
        <ele>76.1</ele>
        <time>2024-04-25T13:06:00.000Z</time>
        <sat>14</sat>
      </trkpt>
      <trkpt lat="48.295058" lon="-1.473992">
        <ele>75.9</ele>
        <time>2024-04-25T13:06:02.000Z</time>
        <sat>13</sat>
      </trkpt>
      <trkpt lat="48.294948" lon="-1.474075">
        <ele>75.5</ele>
        <time>2024-04-25T13:06:05.000Z</time>
        <sat>12</sat>
      </trkpt>
      <trkpt lat="48.294862" lon="-1.474120">
        <ele>75.2</ele>
        <time>2024-04-25T13:06:08.000Z</time>
        <sat>13</sat>
      </trkpt>
      <trkpt lat="48.294777" lon="-1.474168">
        <ele>74.9</ele>
        <time>2024-04-25T13:06:10.000Z</time>
        <sat>13</sat>
      </trkpt>
      <trkpt lat="48.294687" lon="-1.474233">
        <ele>74.6</ele>
        <time>2024-04-25T13:06:12.000Z</time>
        <sat>14</sat>
      </trkpt>
      <trkpt lat="48.294593" lon="-1.474298">
        <ele>74.3</ele>
        <time>2024-04-25T13:06:14.000Z</time>
        <sat>15</sat>
      </trkpt>
      <trkpt lat="48.294498" lon="-1.474380">
        <ele>74.1</ele>
        <time>2024-04-25T13:06:16.000Z</time>
        <sat>13</sat>
      </trkpt>
      <trkpt lat="48.294400" lon="-1.474467">
        <ele>73.9</ele>
        <time>2024-04-25T13:06:18.000Z</time>
        <sat>14</sat>
      </trkpt>
      <trkpt lat="48.294312" lon="-1.474547">
        <ele>73.8</ele>
        <time>2024-04-25T13:06:20.000Z</time>
        <sat>13</sat>
      </trkpt>
      <trkpt lat="48.294225" lon="-1.474623">
        <ele>73.7</ele>
        <time>2024-04-25T13:06:22.000Z</time>
        <sat>13</sat>
      </trkpt>
      <trkpt lat="48.294140" lon="-1.474705">
        <ele>73.6</ele>
        <time>2024-04-25T13:06:24.000Z</time>
        <sat>14</sat>
      </trkpt>
      <trkpt lat="48.294048" lon="-1.474787">
        <ele>73.4</ele>
        <time>2024-04-25T13:06:26.000Z</time>
        <sat>14</sat>
      </trkpt>
      <trkpt lat="48.293970" lon="-1.474853">
        <ele>73.1</ele>
        <time>2024-04-25T13:06:28.000Z</time>
        <sat>14</sat>
      </trkpt>
      <trkpt lat="48.293858" lon="-1.474965">
        <ele>73.0</ele>
        <time>2024-04-25T13:06:31.000Z</time>
        <sat>14</sat>
      </trkpt>
      <trkpt lat="48.293742" lon="-1.475067">
        <ele>73.1</ele>
        <time>2024-04-25T13:06:34.000Z</time>
        <sat>14</sat>
      </trkpt>
      <trkpt lat="48.293663" lon="-1.475148">
        <ele>73.1</ele>
        <time>2024-04-25T13:06:36.000Z</time>
        <sat>13</sat>
      </trkpt>
      <trkpt lat="48.293583" lon="-1.475242">
        <ele>73.1</ele>
        <time>2024-04-25T13:06:38.000Z</time>
        <sat>14</sat>
      </trkpt>
      <trkpt lat="48.293508" lon="-1.475338">
        <ele>73.1</ele>
        <time>2024-04-25T13:06:40.000Z</time>
        <sat>13</sat>
      </trkpt>
      <trkpt lat="48.293392" lon="-1.475438">
        <ele>72.9</ele>
        <time>2024-04-25T13:06:43.000Z</time>
        <sat>13</sat>
      </trkpt>
      <trkpt lat="48.293297" lon="-1.475495">
        <ele>72.8</ele>
        <time>2024-04-25T13:06:45.000Z</time>
        <sat>14</sat>
      </trkpt>
      <trkpt lat="48.293205" lon="-1.475525">
        <ele>72.7</ele>
        <time>2024-04-25T13:06:47.000Z</time>
        <sat>15</sat>
      </trkpt>
      <trkpt lat="48.293078" lon="-1.475548">
        <ele>72.4</ele>
        <time>2024-04-25T13:06:50.000Z</time>
        <sat>16</sat>
      </trkpt>
      <trkpt lat="48.292953" lon="-1.475557">
        <ele>72.2</ele>
        <time>2024-04-25T13:06:53.000Z</time>
        <sat>16</sat>
      </trkpt>
      <trkpt lat="48.292822" lon="-1.475568">
        <ele>72.0</ele>
        <time>2024-04-25T13:06:56.000Z</time>
        <sat>16</sat>
      </trkpt>
      <trkpt lat="48.292697" lon="-1.475580">
        <ele>71.5</ele>
        <time>2024-04-25T13:06:59.000Z</time>
        <sat>16</sat>
      </trkpt>
      <trkpt lat="48.292567" lon="-1.475568">
        <ele>71.0</ele>
        <time>2024-04-25T13:07:02.000Z</time>
        <sat>16</sat>
      </trkpt>
      <trkpt lat="48.292477" lon="-1.475573">
        <ele>70.8</ele>
        <time>2024-04-25T13:07:04.000Z</time>
        <sat>16</sat>
      </trkpt>
      <trkpt lat="48.292387" lon="-1.475580">
        <ele>70.2</ele>
        <time>2024-04-25T13:07:06.000Z</time>
        <sat>16</sat>
      </trkpt>
      <trkpt lat="48.292283" lon="-1.475583">
        <ele>69.5</ele>
        <time>2024-04-25T13:07:09.000Z</time>
        <sat>14</sat>
      </trkpt>
      <trkpt lat="48.292178" lon="-1.475567">
        <ele>69.0</ele>
        <time>2024-04-25T13:07:13.000Z</time>
        <sat>13</sat>
      </trkpt>
      <trkpt lat="48.292157" lon="-1.475547">
        <ele>69.0</ele>
        <time>2024-04-25T13:07:20.000Z</time>
        <sat>14</sat>
      </trkpt>
      <trkpt lat="48.292155" lon="-1.475548">
        <ele>69.0</ele>
        <time>2024-04-25T13:07:21.000Z</time>
        <sat>14</sat>
      </trkpt>
      <trkpt lat="48.292150" lon="-1.475547">
        <ele>69.0</ele>
        <time>2024-04-25T13:07:22.000Z</time>
        <sat>14</sat>
      </trkpt>
      <trkpt lat="48.292143" lon="-1.475545">
        <ele>69.0</ele>
        <time>2024-04-25T13:07:23.000Z</time>
        <sat>15</sat>
      </trkpt>
      <trkpt lat="48.292138" lon="-1.475547">
        <ele>69.1</ele>
        <time>2024-04-25T13:07:24.000Z</time>
        <sat>16</sat>
      </trkpt>
      <trkpt lat="48.292053" lon="-1.475552">
        <ele>69.0</ele>
        <time>2024-04-25T13:07:37.000Z</time>
        <sat>14</sat>
      </trkpt>
      <trkpt lat="48.292053" lon="-1.475553">
        <ele>69.0</ele>
        <time>2024-04-25T13:07:38.000Z</time>
        <sat>14</sat>
      </trkpt>
      <trkpt lat="48.292053" lon="-1.475553">
        <ele>69.0</ele>
        <time>2024-04-25T13:07:39.000Z</time>
        <sat>14</sat>
      </trkpt>
      <trkpt lat="48.292048" lon="-1.475548">
        <ele>69.1</ele>
        <time>2024-04-25T13:07:50.000Z</time>
        <sat>15</sat>
      </trkpt>
      <trkpt lat="48.292037" lon="-1.475538">
        <ele>69.1</ele>
        <time>2024-04-25T13:07:51.000Z</time>
        <sat>15</sat>
      </trkpt>
      <trkpt lat="48.292018" lon="-1.475530">
        <ele>69.1</ele>
        <time>2024-04-25T13:07:52.000Z</time>
        <sat>14</sat>
      </trkpt>
      <trkpt lat="48.291917" lon="-1.475508">
        <ele>69.0</ele>
        <time>2024-04-25T13:07:56.000Z</time>
        <sat>15</sat>
      </trkpt>
      <trkpt lat="48.291818" lon="-1.475498">
        <ele>69.1</ele>
        <time>2024-04-25T13:07:59.000Z</time>
        <sat>15</sat>
      </trkpt>
      <trkpt lat="48.291722" lon="-1.475510">
        <ele>69.1</ele>
        <time>2024-04-25T13:08:02.000Z</time>
        <sat>14</sat>
      </trkpt>
      <trkpt lat="48.291617" lon="-1.475478">
        <ele>69.1</ele>
        <time>2024-04-25T13:08:08.000Z</time>
        <sat>16</sat>
      </trkpt>
      <trkpt lat="48.291550" lon="-1.475493">
        <ele>69.0</ele>
        <time>2024-04-25T13:08:21.000Z</time>
        <sat>15</sat>
      </trkpt>
      <trkpt lat="48.291543" lon="-1.475497">
        <ele>69.0</ele>
        <time>2024-04-25T13:08:22.000Z</time>
        <sat>16</sat>
      </trkpt>
      <trkpt lat="48.291535" lon="-1.475498">
        <ele>69.1</ele>
        <time>2024-04-25T13:08:23.000Z</time>
        <sat>16</sat>
      </trkpt>
      <trkpt lat="48.291527" lon="-1.475498">
        <ele>69.1</ele>
        <time>2024-04-25T13:08:24.000Z</time>
        <sat>16</sat>
      </trkpt>
      <trkpt lat="48.291437" lon="-1.475488">
        <ele>69.1</ele>
        <time>2024-04-25T13:08:41.000Z</time>
        <sat>16</sat>
      </trkpt>
      <trkpt lat="48.291350" lon="-1.475508">
        <ele>69.2</ele>
        <time>2024-04-25T13:08:56.000Z</time>
        <sat>16</sat>
      </trkpt>
      <trkpt lat="48.291350" lon="-1.475508">
        <ele>69.2</ele>
        <time>2024-04-25T13:08:57.000Z</time>
        <sat>16</sat>
      </trkpt>
      <trkpt lat="48.291348" lon="-1.475508">
        <ele>69.2</ele>
        <time>2024-04-25T13:08:58.000Z</time>
        <sat>16</sat>
      </trkpt>
      <trkpt lat="48.291342" lon="-1.475505">
        <ele>69.2</ele>
        <time>2024-04-25T13:08:59.000Z</time>
        <sat>16</sat>
      </trkpt>
      <trkpt lat="48.291248" lon="-1.475495">
        <ele>69.1</ele>
        <time>2024-04-25T13:09:04.000Z</time>
        <sat>15</sat>
      </trkpt>
      <trkpt lat="48.291157" lon="-1.475503">
        <ele>69.1</ele>
        <time>2024-04-25T13:09:07.000Z</time>
        <sat>16</sat>
      </trkpt>
      <trkpt lat="48.291060" lon="-1.475510">
        <ele>69.1</ele>
        <time>2024-04-25T13:09:10.000Z</time>
        <sat>14</sat>
      </trkpt>
      <trkpt lat="48.290965" lon="-1.475500">
        <ele>69.1</ele>
        <time>2024-04-25T13:09:13.000Z</time>
        <sat>15</sat>
      </trkpt>
      <trkpt lat="48.290852" lon="-1.475520">
        <ele>69.2</ele>
        <time>2024-04-25T13:09:16.000Z</time>
        <sat>15</sat>
      </trkpt>
      <trkpt lat="48.290732" lon="-1.475507">
        <ele>69.2</ele>
        <time>2024-04-25T13:09:19.000Z</time>
        <sat>15</sat>
      </trkpt>
      <trkpt lat="48.290602" lon="-1.475502">
        <ele>69.2</ele>
        <time>2024-04-25T13:09:22.000Z</time>
        <sat>15</sat>
      </trkpt>
      <trkpt lat="48.290475" lon="-1.475465">
        <ele>69.2</ele>
        <time>2024-04-25T13:09:25.000Z</time>
        <sat>15</sat>
      </trkpt>
      <trkpt lat="48.290355" lon="-1.475458">
        <ele>69.2</ele>
        <time>2024-04-25T13:09:28.000Z</time>
        <sat>15</sat>
      </trkpt>
      <trkpt lat="48.290222" lon="-1.475457">
        <ele>69.2</ele>
        <time>2024-04-25T13:09:31.000Z</time>
        <sat>16</sat>
      </trkpt>
      <trkpt lat="48.290095" lon="-1.475458">
        <ele>69.5</ele>
        <time>2024-04-25T13:09:34.000Z</time>
        <sat>16</sat>
      </trkpt>
      <trkpt lat="48.289980" lon="-1.475447">
        <ele>69.9</ele>
        <time>2024-04-25T13:09:37.000Z</time>
        <sat>16</sat>
      </trkpt>
      <trkpt lat="48.289870" lon="-1.475440">
        <ele>70.3</ele>
        <time>2024-04-25T13:09:40.000Z</time>
        <sat>16</sat>
      </trkpt>
      <trkpt lat="48.289748" lon="-1.475445">
        <ele>70.5</ele>
        <time>2024-04-25T13:09:43.000Z</time>
        <sat>16</sat>
      </trkpt>
      <trkpt lat="48.289618" lon="-1.475468">
        <ele>70.8</ele>
        <time>2024-04-25T13:09:46.000Z</time>
        <sat>16</sat>
      </trkpt>
      <trkpt lat="48.289482" lon="-1.475487">
        <ele>71.4</ele>
        <time>2024-04-25T13:09:49.000Z</time>
        <sat>17</sat>
      </trkpt>
      <trkpt lat="48.289390" lon="-1.475492">
        <ele>71.6</ele>
        <time>2024-04-25T13:09:51.000Z</time>
        <sat>16</sat>
      </trkpt>
      <trkpt lat="48.289300" lon="-1.475488">
        <ele>71.7</ele>
        <time>2024-04-25T13:09:53.000Z</time>
        <sat>16</sat>
      </trkpt>
      <trkpt lat="48.289207" lon="-1.475487">
        <ele>71.8</ele>
        <time>2024-04-25T13:09:55.000Z</time>
        <sat>15</sat>
      </trkpt>
      <trkpt lat="48.289073" lon="-1.475487">
        <ele>71.9</ele>
        <time>2024-04-25T13:09:58.000Z</time>
        <sat>17</sat>
      </trkpt>
      <trkpt lat="48.288972" lon="-1.475495">
        <ele>72.1</ele>
        <time>2024-04-25T13:10:01.000Z</time>
        <sat>16</sat>
      </trkpt>
      <trkpt lat="48.288875" lon="-1.475493">
        <ele>72.5</ele>
        <time>2024-04-25T13:10:08.000Z</time>
        <sat>16</sat>
      </trkpt>
      <trkpt lat="48.288768" lon="-1.475510">
        <ele>72.5</ele>
        <time>2024-04-25T13:10:13.000Z</time>
        <sat>16</sat>
      </trkpt>
      <trkpt lat="48.288675" lon="-1.475487">
        <ele>72.6</ele>
        <time>2024-04-25T13:10:18.000Z</time>
        <sat>17</sat>
      </trkpt>
      <trkpt lat="48.288563" lon="-1.475483">
        <ele>72.7</ele>
        <time>2024-04-25T13:10:22.000Z</time>
        <sat>16</sat>
      </trkpt>
      <trkpt lat="48.288460" lon="-1.475493">
        <ele>72.7</ele>
        <time>2024-04-25T13:10:26.000Z</time>
        <sat>16</sat>
      </trkpt>
      <trkpt lat="48.288352" lon="-1.475482">
        <ele>72.8</ele>
        <time>2024-04-25T13:10:30.000Z</time>
        <sat>14</sat>
      </trkpt>
      <trkpt lat="48.288243" lon="-1.475463">
        <ele>72.8</ele>
        <time>2024-04-25T13:10:33.000Z</time>
        <sat>16</sat>
      </trkpt>
      <trkpt lat="48.288135" lon="-1.475482">
        <ele>72.8</ele>
        <time>2024-04-25T13:10:36.000Z</time>
        <sat>16</sat>
      </trkpt>
      <trkpt lat="48.288017" lon="-1.475497">
        <ele>72.8</ele>
        <time>2024-04-25T13:10:39.000Z</time>
        <sat>15</sat>
      </trkpt>
      <trkpt lat="48.287895" lon="-1.475482">
        <ele>72.8</ele>
        <time>2024-04-25T13:10:42.000Z</time>
        <sat>16</sat>
      </trkpt>
      <trkpt lat="48.287768" lon="-1.475480">
        <ele>72.9</ele>
        <time>2024-04-25T13:10:45.000Z</time>
        <sat>16</sat>
      </trkpt>
      <trkpt lat="48.287653" lon="-1.475488">
        <ele>73.0</ele>
        <time>2024-04-25T13:10:48.000Z</time>
        <sat>15</sat>
      </trkpt>
      <trkpt lat="48.287553" lon="-1.475495">
        <ele>73.2</ele>
        <time>2024-04-25T13:10:51.000Z</time>
        <sat>16</sat>
      </trkpt>
      <trkpt lat="48.287443" lon="-1.475485">
        <ele>73.4</ele>
        <time>2024-04-25T13:10:54.000Z</time>
        <sat>15</sat>
      </trkpt>
      <trkpt lat="48.287322" lon="-1.475485">
        <ele>73.4</ele>
        <time>2024-04-25T13:10:57.000Z</time>
        <sat>15</sat>
      </trkpt>
      <trkpt lat="48.287193" lon="-1.475467">
        <ele>73.4</ele>
        <time>2024-04-25T13:11:00.000Z</time>
        <sat>14</sat>
      </trkpt>
      <trkpt lat="48.287070" lon="-1.475463">
        <ele>73.6</ele>
        <time>2024-04-25T13:11:03.000Z</time>
        <sat>15</sat>
      </trkpt>
      <trkpt lat="48.286977" lon="-1.475465">
        <ele>73.9</ele>
        <time>2024-04-25T13:11:05.000Z</time>
        <sat>15</sat>
      </trkpt>
      <trkpt lat="48.286882" lon="-1.475462">
        <ele>74.1</ele>
        <time>2024-04-25T13:11:07.000Z</time>
        <sat>15</sat>
      </trkpt>
      <trkpt lat="48.286788" lon="-1.475442">
        <ele>74.4</ele>
        <time>2024-04-25T13:11:09.000Z</time>
        <sat>15</sat>
      </trkpt>
      <trkpt lat="48.286667" lon="-1.475452">
        <ele>74.6</ele>
        <time>2024-04-25T13:11:12.000Z</time>
        <sat>15</sat>
      </trkpt>
      <trkpt lat="48.286530" lon="-1.475452">
        <ele>74.6</ele>
        <time>2024-04-25T13:11:15.000Z</time>
        <sat>15</sat>
      </trkpt>
      <trkpt lat="48.286433" lon="-1.475457">
        <ele>74.6</ele>
        <time>2024-04-25T13:11:17.000Z</time>
        <sat>14</sat>
      </trkpt>
      <trkpt lat="48.286338" lon="-1.475458">
        <ele>74.8</ele>
        <time>2024-04-25T13:11:19.000Z</time>
        <sat>13</sat>
      </trkpt>
      <trkpt lat="48.286242" lon="-1.475458">
        <ele>75.0</ele>
        <time>2024-04-25T13:11:21.000Z</time>
        <sat>13</sat>
      </trkpt>
      <trkpt lat="48.286148" lon="-1.475458">
        <ele>75.1</ele>
        <time>2024-04-25T13:11:23.000Z</time>
        <sat>13</sat>
      </trkpt>
      <trkpt lat="48.286055" lon="-1.475462">
        <ele>75.4</ele>
        <time>2024-04-25T13:11:25.000Z</time>
        <sat>13</sat>
      </trkpt>
      <trkpt lat="48.285960" lon="-1.475463">
        <ele>75.8</ele>
        <time>2024-04-25T13:11:27.000Z</time>
        <sat>13</sat>
      </trkpt>
      <trkpt lat="48.285870" lon="-1.475468">
        <ele>76.2</ele>
        <time>2024-04-25T13:11:29.000Z</time>
        <sat>13</sat>
      </trkpt>
      <trkpt lat="48.285742" lon="-1.475485">
        <ele>76.3</ele>
        <time>2024-04-25T13:11:32.000Z</time>
        <sat>13</sat>
      </trkpt>
      <trkpt lat="48.285632" lon="-1.475488">
        <ele>76.5</ele>
        <time>2024-04-25T13:11:35.000Z</time>
        <sat>14</sat>
      </trkpt>
      <trkpt lat="48.285532" lon="-1.475438">
        <ele>76.7</ele>
        <time>2024-04-25T13:11:38.000Z</time>
        <sat>13</sat>
      </trkpt>
      <trkpt lat="48.285438" lon="-1.475415">
        <ele>76.8</ele>
        <time>2024-04-25T13:11:42.000Z</time>
        <sat>14</sat>
      </trkpt>
      <trkpt lat="48.285338" lon="-1.475415">
        <ele>77.0</ele>
        <time>2024-04-25T13:11:47.000Z</time>
        <sat>13</sat>
      </trkpt>
      <trkpt lat="48.285235" lon="-1.475415">
        <ele>77.1</ele>
        <time>2024-04-25T13:11:50.000Z</time>
        <sat>14</sat>
      </trkpt>
      <trkpt lat="48.285143" lon="-1.475410">
        <ele>77.1</ele>
        <time>2024-04-25T13:11:53.000Z</time>
        <sat>15</sat>
      </trkpt>
      <trkpt lat="48.285070" lon="-1.475500">
        <ele>77.2</ele>
        <time>2024-04-25T13:11:59.000Z</time>
        <sat>13</sat>
      </trkpt>
      <trkpt lat="48.285040" lon="-1.475675">
        <ele>77.4</ele>
        <time>2024-04-25T13:12:03.000Z</time>
        <sat>13</sat>
      </trkpt>
      <trkpt lat="48.285005" lon="-1.475817">
        <ele>77.4</ele>
        <time>2024-04-25T13:12:06.000Z</time>
        <sat>13</sat>
      </trkpt>
      <trkpt lat="48.284988" lon="-1.475958">
        <ele>77.4</ele>
        <time>2024-04-25T13:12:09.000Z</time>
        <sat>13</sat>
      </trkpt>
      <trkpt lat="48.285013" lon="-1.476093">
        <ele>77.4</ele>
        <time>2024-04-25T13:12:12.000Z</time>
        <sat>15</sat>
      </trkpt>
      <trkpt lat="48.285052" lon="-1.476223">
        <ele>77.2</ele>
        <time>2024-04-25T13:12:15.000Z</time>
        <sat>14</sat>
      </trkpt>
      <trkpt lat="48.285032" lon="-1.476368">
        <ele>77.2</ele>
        <time>2024-04-25T13:12:18.000Z</time>
        <sat>14</sat>
      </trkpt>
      <trkpt lat="48.285020" lon="-1.476503">
        <ele>77.3</ele>
        <time>2024-04-25T13:12:21.000Z</time>
        <sat>14</sat>
      </trkpt>
      <trkpt lat="48.285002" lon="-1.476640">
        <ele>77.4</ele>
        <time>2024-04-25T13:12:24.000Z</time>
        <sat>15</sat>
      </trkpt>
      <trkpt lat="48.284972" lon="-1.476803">
        <ele>77.3</ele>
        <time>2024-04-25T13:12:28.000Z</time>
        <sat>13</sat>
      </trkpt>
      <trkpt lat="48.284933" lon="-1.476930">
        <ele>77.1</ele>
        <time>2024-04-25T13:12:31.000Z</time>
        <sat>13</sat>
      </trkpt>
      <trkpt lat="48.284912" lon="-1.477067">
        <ele>77.0</ele>
        <time>2024-04-25T13:12:34.000Z</time>
        <sat>12</sat>
      </trkpt>
      <trkpt lat="48.284900" lon="-1.477203">
        <ele>76.9</ele>
        <time>2024-04-25T13:12:37.000Z</time>
        <sat>15</sat>
      </trkpt>
      <trkpt lat="48.284893" lon="-1.477325">
        <ele>77.2</ele>
        <time>2024-04-25T13:12:51.000Z</time>
        <sat>14</sat>
      </trkpt>
      <trkpt lat="48.284895" lon="-1.477322">
        <ele>77.2</ele>
        <time>2024-04-25T13:12:52.000Z</time>
        <sat>13</sat>
      </trkpt>
      <trkpt lat="48.284895" lon="-1.477317">
        <ele>77.3</ele>
        <time>2024-04-25T13:12:58.000Z</time>
        <sat>15</sat>
      </trkpt>
      <trkpt lat="48.284892" lon="-1.477323">
        <ele>77.3</ele>
        <time>2024-04-25T13:12:59.000Z</time>
        <sat>15</sat>
      </trkpt>
      <trkpt lat="48.284887" lon="-1.477338">
        <ele>77.3</ele>
        <time>2024-04-25T13:13:00.000Z</time>
        <sat>13</sat>
      </trkpt>
      <trkpt lat="48.284875" lon="-1.477490">
        <ele>77.3</ele>
        <time>2024-04-25T13:13:05.000Z</time>
        <sat>15</sat>
      </trkpt>
      <trkpt lat="48.284893" lon="-1.477630">
        <ele>77.3</ele>
        <time>2024-04-25T13:13:09.000Z</time>
        <sat>14</sat>
      </trkpt>
      <trkpt lat="48.284868" lon="-1.477798">
        <ele>77.4</ele>
        <time>2024-04-25T13:13:13.000Z</time>
        <sat>16</sat>
      </trkpt>
      <trkpt lat="48.284830" lon="-1.477950">
        <ele>77.4</ele>
        <time>2024-04-25T13:13:17.000Z</time>
        <sat>15</sat>
      </trkpt>
      <trkpt lat="48.284793" lon="-1.478103">
        <ele>77.2</ele>
        <time>2024-04-25T13:13:20.000Z</time>
        <sat>15</sat>
      </trkpt>
      <trkpt lat="48.284762" lon="-1.478255">
        <ele>77.1</ele>
        <time>2024-04-25T13:13:23.000Z</time>
        <sat>15</sat>
      </trkpt>
      <trkpt lat="48.284755" lon="-1.478397">
        <ele>77.1</ele>
        <time>2024-04-25T13:13:26.000Z</time>
        <sat>14</sat>
      </trkpt>
      <trkpt lat="48.284715" lon="-1.478573">
        <ele>77.0</ele>
        <time>2024-04-25T13:13:29.000Z</time>
        <sat>14</sat>
      </trkpt>
      <trkpt lat="48.284697" lon="-1.478748">
        <ele>76.8</ele>
        <time>2024-04-25T13:13:32.000Z</time>
        <sat>12</sat>
      </trkpt>
      <trkpt lat="48.284677" lon="-1.478940">
        <ele>76.7</ele>
        <time>2024-04-25T13:13:35.000Z</time>
        <sat>13</sat>
      </trkpt>
      <trkpt lat="48.284653" lon="-1.479112">
        <ele>76.5</ele>
        <time>2024-04-25T13:13:38.000Z</time>
        <sat>13</sat>
      </trkpt>
      <trkpt lat="48.284628" lon="-1.479243">
        <ele>76.5</ele>
        <time>2024-04-25T13:13:40.000Z</time>
        <sat>13</sat>
      </trkpt>
      <trkpt lat="48.284592" lon="-1.479370">
        <ele>76.1</ele>
        <time>2024-04-25T13:13:42.000Z</time>
        <sat>13</sat>
      </trkpt>
      <trkpt lat="48.284532" lon="-1.479517">
        <ele>76.1</ele>
        <time>2024-04-25T13:13:45.000Z</time>
        <sat>13</sat>
      </trkpt>
      <trkpt lat="48.284515" lon="-1.479682">
        <ele>75.5</ele>
        <time>2024-04-25T13:13:48.000Z</time>
        <sat>14</sat>
      </trkpt>
      <trkpt lat="48.284488" lon="-1.479827">
        <ele>75.1</ele>
        <time>2024-04-25T13:13:51.000Z</time>
        <sat>14</sat>
      </trkpt>
      <trkpt lat="48.284432" lon="-1.479943">
        <ele>74.7</ele>
        <time>2024-04-25T13:13:54.000Z</time>
        <sat>14</sat>
      </trkpt>
      <trkpt lat="48.284352" lon="-1.480077">
        <ele>74.6</ele>
        <time>2024-04-25T13:13:57.000Z</time>
        <sat>14</sat>
      </trkpt>
      <trkpt lat="48.284283" lon="-1.480173">
        <ele>74.3</ele>
        <time>2024-04-25T13:13:59.000Z</time>
        <sat>15</sat>
      </trkpt>
      <trkpt lat="48.284193" lon="-1.480318">
        <ele>74.1</ele>
        <time>2024-04-25T13:14:02.000Z</time>
        <sat>14</sat>
      </trkpt>
      <trkpt lat="48.284100" lon="-1.480408">
        <ele>73.6</ele>
        <time>2024-04-25T13:14:05.000Z</time>
        <sat>13</sat>
      </trkpt>
      <trkpt lat="48.284008" lon="-1.480518">
        <ele>73.4</ele>
        <time>2024-04-25T13:14:08.000Z</time>
        <sat>13</sat>
      </trkpt>
      <trkpt lat="48.283907" lon="-1.480608">
        <ele>73.1</ele>
        <time>2024-04-25T13:14:11.000Z</time>
        <sat>11</sat>
      </trkpt>
      <trkpt lat="48.283815" lon="-1.480742">
        <ele>72.9</ele>
        <time>2024-04-25T13:14:14.000Z</time>
        <sat>11</sat>
      </trkpt>
      <trkpt lat="48.283737" lon="-1.480823">
        <ele>72.4</ele>
        <time>2024-04-25T13:14:16.000Z</time>
        <sat>11</sat>
      </trkpt>
      <trkpt lat="48.283643" lon="-1.480927">
        <ele>72.2</ele>
        <time>2024-04-25T13:14:19.000Z</time>
        <sat>12</sat>
      </trkpt>
      <trkpt lat="48.283555" lon="-1.480973">
        <ele>72.0</ele>
        <time>2024-04-25T13:14:23.000Z</time>
        <sat>12</sat>
      </trkpt>
      <trkpt lat="48.283462" lon="-1.480995">
        <ele>71.7</ele>
        <time>2024-04-25T13:14:28.000Z</time>
        <sat>14</sat>
      </trkpt>
      <trkpt lat="48.283417" lon="-1.481113">
        <ele>71.2</ele>
        <time>2024-04-25T13:14:32.000Z</time>
        <sat>13</sat>
      </trkpt>
      <trkpt lat="48.283428" lon="-1.481255">
        <ele>70.4</ele>
        <time>2024-04-25T13:14:36.000Z</time>
        <sat>12</sat>
      </trkpt>
      <trkpt lat="48.283380" lon="-1.481425">
        <ele>69.9</ele>
        <time>2024-04-25T13:14:40.000Z</time>
        <sat>13</sat>
      </trkpt>
      <trkpt lat="48.283358" lon="-1.481577">
        <ele>69.8</ele>
        <time>2024-04-25T13:14:43.000Z</time>
        <sat>13</sat>
      </trkpt>
      <trkpt lat="48.283353" lon="-1.481718">
        <ele>69.7</ele>
        <time>2024-04-25T13:14:46.000Z</time>
        <sat>13</sat>
      </trkpt>
      <trkpt lat="48.283323" lon="-1.481857">
        <ele>69.7</ele>
        <time>2024-04-25T13:14:50.000Z</time>
        <sat>15</sat>
      </trkpt>
      <trkpt lat="48.283230" lon="-1.481943">
        <ele>69.6</ele>
        <time>2024-04-25T13:14:55.000Z</time>
        <sat>13</sat>
      </trkpt>
      <trkpt lat="48.283130" lon="-1.482008">
        <ele>69.4</ele>
        <time>2024-04-25T13:15:00.000Z</time>
        <sat>11</sat>
      </trkpt>
      <trkpt lat="48.283092" lon="-1.482147">
        <ele>69.3</ele>
        <time>2024-04-25T13:15:04.000Z</time>
        <sat>12</sat>
      </trkpt>
      <trkpt lat="48.283058" lon="-1.482277">
        <ele>69.4</ele>
        <time>2024-04-25T13:15:08.000Z</time>
        <sat>12</sat>
      </trkpt>
      <trkpt lat="48.282988" lon="-1.482390">
        <ele>69.5</ele>
        <time>2024-04-25T13:15:13.000Z</time>
        <sat>13</sat>
      </trkpt>
      <trkpt lat="48.283027" lon="-1.482535">
        <ele>69.5</ele>
        <time>2024-04-25T13:15:19.000Z</time>
        <sat>13</sat>
      </trkpt>
      <trkpt lat="48.283042" lon="-1.482672">
        <ele>69.4</ele>
        <time>2024-04-25T13:15:24.000Z</time>
        <sat>12</sat>
      </trkpt>
      <trkpt lat="48.283053" lon="-1.482808">
        <ele>69.4</ele>
        <time>2024-04-25T13:15:27.000Z</time>
        <sat>11</sat>
      </trkpt>
      <trkpt lat="48.283062" lon="-1.482970">
        <ele>69.4</ele>
        <time>2024-04-25T13:15:31.000Z</time>
        <sat>12</sat>
      </trkpt>
      <trkpt lat="48.283052" lon="-1.483147">
        <ele>69.3</ele>
        <time>2024-04-25T13:15:35.000Z</time>
        <sat>12</sat>
      </trkpt>
      <trkpt lat="48.282985" lon="-1.483285">
        <ele>69.3</ele>
        <time>2024-04-25T13:15:39.000Z</time>
        <sat>12</sat>
      </trkpt>
      <trkpt lat="48.282890" lon="-1.483407">
        <ele>69.2</ele>
        <time>2024-04-25T13:15:42.000Z</time>
        <sat>12</sat>
      </trkpt>
      <trkpt lat="48.282778" lon="-1.483490">
        <ele>69.3</ele>
        <time>2024-04-25T13:15:45.000Z</time>
        <sat>12</sat>
      </trkpt>
      <trkpt lat="48.282668" lon="-1.483462">
        <ele>69.1</ele>
        <time>2024-04-25T13:15:48.000Z</time>
        <sat>13</sat>
      </trkpt>
      <trkpt lat="48.282578" lon="-1.483398">
        <ele>69.1</ele>
        <time>2024-04-25T13:15:51.000Z</time>
        <sat>12</sat>
      </trkpt>
      <trkpt lat="48.282475" lon="-1.483377">
        <ele>69.1</ele>
        <time>2024-04-25T13:15:54.000Z</time>
        <sat>13</sat>
      </trkpt>
      <trkpt lat="48.282380" lon="-1.483403">
        <ele>69.3</ele>
        <time>2024-04-25T13:15:58.000Z</time>
        <sat>12</sat>
      </trkpt>
      <trkpt lat="48.282267" lon="-1.483397">
        <ele>69.2</ele>
        <time>2024-04-25T13:16:01.000Z</time>
        <sat>11</sat>
      </trkpt>
      <trkpt lat="48.282163" lon="-1.483415">
        <ele>69.2</ele>
        <time>2024-04-25T13:16:05.000Z</time>
        <sat>11</sat>
      </trkpt>
      <trkpt lat="48.282083" lon="-1.483547">
        <ele>69.3</ele>
        <time>2024-04-25T13:16:09.000Z</time>
        <sat>11</sat>
      </trkpt>
      <trkpt lat="48.281973" lon="-1.483560">
        <ele>69.3</ele>
        <time>2024-04-25T13:16:13.000Z</time>
        <sat>12</sat>
      </trkpt>
      <trkpt lat="48.281853" lon="-1.483543">
        <ele>69.5</ele>
        <time>2024-04-25T13:16:17.000Z</time>
        <sat>11</sat>
      </trkpt>
      <trkpt lat="48.281740" lon="-1.483587">
        <ele>69.5</ele>
        <time>2024-04-25T13:16:20.000Z</time>
        <sat>11</sat>
      </trkpt>
      <trkpt lat="48.281635" lon="-1.483652">
        <ele>69.7</ele>
        <time>2024-04-25T13:16:23.000Z</time>
        <sat>11</sat>
      </trkpt>
      <trkpt lat="48.281525" lon="-1.483743">
        <ele>69.9</ele>
        <time>2024-04-25T13:16:26.000Z</time>
        <sat>12</sat>
      </trkpt>
      <trkpt lat="48.281438" lon="-1.483862">
        <ele>70.0</ele>
        <time>2024-04-25T13:16:29.000Z</time>
        <sat>13</sat>
      </trkpt>
      <trkpt lat="48.281372" lon="-1.483960">
        <ele>70.2</ele>
        <time>2024-04-25T13:16:32.000Z</time>
        <sat>11</sat>
      </trkpt>
      <trkpt lat="48.281300" lon="-1.484088">
        <ele>70.3</ele>
        <time>2024-04-25T13:16:35.000Z</time>
        <sat>11</sat>
      </trkpt>
      <trkpt lat="48.281232" lon="-1.484182">
        <ele>70.5</ele>
        <time>2024-04-25T13:16:39.000Z</time>
        <sat>11</sat>
      </trkpt>
      <trkpt lat="48.281135" lon="-1.484172">
        <ele>70.7</ele>
        <time>2024-04-25T13:16:43.000Z</time>
        <sat>10</sat>
      </trkpt>
      <trkpt lat="48.281035" lon="-1.484223">
        <ele>70.8</ele>
        <time>2024-04-25T13:16:47.000Z</time>
        <sat>11</sat>
      </trkpt>
      <trkpt lat="48.280960" lon="-1.484313">
        <ele>71.0</ele>
        <time>2024-04-25T13:16:50.000Z</time>
        <sat>11</sat>
      </trkpt>
      <trkpt lat="48.280853" lon="-1.484395">
        <ele>71.5</ele>
        <time>2024-04-25T13:16:53.000Z</time>
        <sat>12</sat>
      </trkpt>
      <trkpt lat="48.280773" lon="-1.484465">
        <ele>72.0</ele>
        <time>2024-04-25T13:16:56.000Z</time>
        <sat>12</sat>
      </trkpt>
      <trkpt lat="48.280673" lon="-1.484542">
        <ele>72.4</ele>
        <time>2024-04-25T13:17:00.000Z</time>
        <sat>11</sat>
      </trkpt>
      <trkpt lat="48.280560" lon="-1.484545">
        <ele>72.5</ele>
        <time>2024-04-25T13:17:04.000Z</time>
        <sat>12</sat>
      </trkpt>
      <trkpt lat="48.280470" lon="-1.484648">
        <ele>72.4</ele>
        <time>2024-04-25T13:17:08.000Z</time>
        <sat>11</sat>
      </trkpt>
      <trkpt lat="48.280393" lon="-1.484732">
        <ele>72.8</ele>
        <time>2024-04-25T13:17:14.000Z</time>
        <sat>10</sat>
      </trkpt>
      <trkpt lat="48.280302" lon="-1.484743">
        <ele>73.7</ele>
        <time>2024-04-25T13:17:26.000Z</time>
        <sat>11</sat>
      </trkpt>
      <trkpt lat="48.280297" lon="-1.484742">
        <ele>74.0</ele>
        <time>2024-04-25T13:17:30.000Z</time>
        <sat>11</sat>
      </trkpt>
      <trkpt lat="48.280295" lon="-1.484740">
        <ele>74.0</ele>
        <time>2024-04-25T13:17:31.000Z</time>
        <sat>11</sat>
      </trkpt>
      <trkpt lat="48.280292" lon="-1.484738">
        <ele>74.1</ele>
        <time>2024-04-25T13:17:32.000Z</time>
        <sat>11</sat>
      </trkpt>
      <trkpt lat="48.280287" lon="-1.484737">
        <ele>74.1</ele>
        <time>2024-04-25T13:17:33.000Z</time>
        <sat>10</sat>
      </trkpt>
      <trkpt lat="48.280282" lon="-1.484738">
        <ele>74.2</ele>
        <time>2024-04-25T13:17:34.000Z</time>
        <sat>11</sat>
      </trkpt>
      <trkpt lat="48.280280" lon="-1.484740">
        <ele>74.2</ele>
        <time>2024-04-25T13:17:35.000Z</time>
        <sat>10</sat>
      </trkpt>
      <trkpt lat="48.280180" lon="-1.484718">
        <ele>74.4</ele>
        <time>2024-04-25T13:17:43.000Z</time>
        <sat>11</sat>
      </trkpt>
      <trkpt lat="48.280080" lon="-1.484688">
        <ele>74.6</ele>
        <time>2024-04-25T13:17:47.000Z</time>
        <sat>10</sat>
      </trkpt>
      <trkpt lat="48.279982" lon="-1.484730">
        <ele>74.9</ele>
        <time>2024-04-25T13:17:50.000Z</time>
        <sat>11</sat>
      </trkpt>
      <trkpt lat="48.279887" lon="-1.484733">
        <ele>75.5</ele>
        <time>2024-04-25T13:17:53.000Z</time>
        <sat>13</sat>
      </trkpt>
      <trkpt lat="48.279785" lon="-1.484748">
        <ele>76.3</ele>
        <time>2024-04-25T13:17:56.000Z</time>
        <sat>11</sat>
      </trkpt>
      <trkpt lat="48.279690" lon="-1.484818">
        <ele>77.2</ele>
        <time>2024-04-25T13:18:00.000Z</time>
        <sat>11</sat>
      </trkpt>
      <trkpt lat="48.279602" lon="-1.484895">
        <ele>77.9</ele>
        <time>2024-04-25T13:18:03.000Z</time>
        <sat>12</sat>
      </trkpt>
      <trkpt lat="48.279532" lon="-1.485028">
        <ele>78.3</ele>
        <time>2024-04-25T13:18:06.000Z</time>
        <sat>12</sat>
      </trkpt>
      <trkpt lat="48.279477" lon="-1.485138">
        <ele>78.7</ele>
        <time>2024-04-25T13:18:08.000Z</time>
        <sat>12</sat>
      </trkpt>
      <trkpt lat="48.279380" lon="-1.485205">
        <ele>79.2</ele>
        <time>2024-04-25T13:18:11.000Z</time>
        <sat>13</sat>
      </trkpt>
      <trkpt lat="48.279258" lon="-1.485207">
        <ele>80.1</ele>
        <time>2024-04-25T13:18:15.000Z</time>
        <sat>12</sat>
      </trkpt>
      <trkpt lat="48.279157" lon="-1.485235">
        <ele>81.0</ele>
        <time>2024-04-25T13:18:18.000Z</time>
        <sat>12</sat>
      </trkpt>
      <trkpt lat="48.279060" lon="-1.485330">
        <ele>82.3</ele>
        <time>2024-04-25T13:18:21.000Z</time>
        <sat>12</sat>
      </trkpt>
      <trkpt lat="48.278968" lon="-1.485402">
        <ele>82.9</ele>
        <time>2024-04-25T13:18:24.000Z</time>
        <sat>13</sat>
      </trkpt>
      <trkpt lat="48.278862" lon="-1.485472">
        <ele>83.4</ele>
        <time>2024-04-25T13:18:27.000Z</time>
        <sat>13</sat>
      </trkpt>
      <trkpt lat="48.278767" lon="-1.485537">
        <ele>83.8</ele>
        <time>2024-04-25T13:18:30.000Z</time>
        <sat>14</sat>
      </trkpt>
      <trkpt lat="48.278667" lon="-1.485563">
        <ele>84.4</ele>
        <time>2024-04-25T13:18:33.000Z</time>
        <sat>14</sat>
      </trkpt>
      <trkpt lat="48.278563" lon="-1.485548">
        <ele>85.1</ele>
        <time>2024-04-25T13:18:36.000Z</time>
        <sat>13</sat>
      </trkpt>
      <trkpt lat="48.278465" lon="-1.485518">
        <ele>86.4</ele>
        <time>2024-04-25T13:18:39.000Z</time>
        <sat>13</sat>
      </trkpt>
      <trkpt lat="48.278370" lon="-1.485465">
        <ele>87.5</ele>
        <time>2024-04-25T13:18:42.000Z</time>
        <sat>14</sat>
      </trkpt>
      <trkpt lat="48.278325" lon="-1.485323">
        <ele>87.9</ele>
        <time>2024-04-25T13:18:45.000Z</time>
        <sat>14</sat>
      </trkpt>
      <trkpt lat="48.278332" lon="-1.485158">
        <ele>88.5</ele>
        <time>2024-04-25T13:18:49.000Z</time>
        <sat>14</sat>
      </trkpt>
      <trkpt lat="48.278345" lon="-1.485018">
        <ele>88.7</ele>
        <time>2024-04-25T13:18:52.000Z</time>
        <sat>14</sat>
      </trkpt>
      <trkpt lat="48.278368" lon="-1.484852">
        <ele>89.0</ele>
        <time>2024-04-25T13:18:55.000Z</time>
        <sat>13</sat>
      </trkpt>
      <trkpt lat="48.278377" lon="-1.484688">
        <ele>89.2</ele>
        <time>2024-04-25T13:18:58.000Z</time>
        <sat>14</sat>
      </trkpt>
      <trkpt lat="48.278385" lon="-1.484508">
        <ele>89.5</ele>
        <time>2024-04-25T13:19:01.000Z</time>
        <sat>14</sat>
      </trkpt>
      <trkpt lat="48.278370" lon="-1.484357">
        <ele>89.7</ele>
        <time>2024-04-25T13:19:04.000Z</time>
        <sat>14</sat>
      </trkpt>
      <trkpt lat="48.278368" lon="-1.484205">
        <ele>89.6</ele>
        <time>2024-04-25T13:19:07.000Z</time>
        <sat>12</sat>
      </trkpt>
      <trkpt lat="48.278380" lon="-1.484015">
        <ele>89.4</ele>
        <time>2024-04-25T13:19:10.000Z</time>
        <sat>11</sat>
      </trkpt>
      <trkpt lat="48.278362" lon="-1.483828">
        <ele>89.5</ele>
        <time>2024-04-25T13:19:13.000Z</time>
        <sat>11</sat>
      </trkpt>
      <trkpt lat="48.278322" lon="-1.483652">
        <ele>89.5</ele>
        <time>2024-04-25T13:19:16.000Z</time>
        <sat>11</sat>
      </trkpt>
      <trkpt lat="48.278273" lon="-1.483525">
        <ele>89.5</ele>
        <time>2024-04-25T13:19:18.000Z</time>
        <sat>11</sat>
      </trkpt>
      <trkpt lat="48.278205" lon="-1.483387">
        <ele>89.4</ele>
        <time>2024-04-25T13:19:21.000Z</time>
        <sat>11</sat>
      </trkpt>
      <trkpt lat="48.278130" lon="-1.483258">
        <ele>89.3</ele>
        <time>2024-04-25T13:19:24.000Z</time>
        <sat>11</sat>
      </trkpt>
      <trkpt lat="48.278043" lon="-1.483117">
        <ele>89.3</ele>
        <time>2024-04-25T13:19:27.000Z</time>
        <sat>11</sat>
      </trkpt>
      <trkpt lat="48.277978" lon="-1.483008">
        <ele>89.5</ele>
        <time>2024-04-25T13:19:30.000Z</time>
        <sat>12</sat>
      </trkpt>
      <trkpt lat="48.277907" lon="-1.482917">
        <ele>90.5</ele>
        <time>2024-04-25T13:19:48.000Z</time>
        <sat>14</sat>
      </trkpt>
      <trkpt lat="48.277897" lon="-1.482915">
        <ele>90.5</ele>
        <time>2024-04-25T13:19:49.000Z</time>
        <sat>15</sat>
      </trkpt>
      <trkpt lat="48.277892" lon="-1.482908">
        <ele>90.5</ele>
        <time>2024-04-25T13:19:50.000Z</time>
        <sat>14</sat>
      </trkpt>
      <trkpt lat="48.277885" lon="-1.482892">
        <ele>90.5</ele>
        <time>2024-04-25T13:19:51.000Z</time>
        <sat>16</sat>
      </trkpt>
      <trkpt lat="48.277878" lon="-1.482880">
        <ele>90.5</ele>
        <time>2024-04-25T13:19:52.000Z</time>
        <sat>16</sat>
      </trkpt>
      <trkpt lat="48.277870" lon="-1.482863">
        <ele>90.6</ele>
        <time>2024-04-25T13:19:56.000Z</time>
        <sat>13</sat>
      </trkpt>
      <trkpt lat="48.277870" lon="-1.482863">
        <ele>90.6</ele>
        <time>2024-04-25T13:19:57.000Z</time>
        <sat>13</sat>
      </trkpt>
      <trkpt lat="48.277870" lon="-1.482863">
        <ele>90.7</ele>
        <time>2024-04-25T13:19:58.000Z</time>
        <sat>13</sat>
      </trkpt>
      <trkpt lat="48.277870" lon="-1.482863">
        <ele>90.7</ele>
        <time>2024-04-25T13:19:59.000Z</time>
        <sat>12</sat>
      </trkpt>
      <trkpt lat="48.277757" lon="-1.482790">
        <ele>90.7</ele>
        <time>2024-04-25T13:20:06.000Z</time>
        <sat>12</sat>
      </trkpt>
      <trkpt lat="48.277660" lon="-1.482718">
        <ele>90.7</ele>
        <time>2024-04-25T13:20:09.000Z</time>
        <sat>13</sat>
      </trkpt>
      <trkpt lat="48.277570" lon="-1.482647">
        <ele>90.7</ele>
        <time>2024-04-25T13:20:12.000Z</time>
        <sat>14</sat>
      </trkpt>
      <trkpt lat="48.277478" lon="-1.482613">
        <ele>90.7</ele>
        <time>2024-04-25T13:20:15.000Z</time>
        <sat>13</sat>
      </trkpt>
      <trkpt lat="48.277383" lon="-1.482590">
        <ele>90.6</ele>
        <time>2024-04-25T13:20:18.000Z</time>
        <sat>12</sat>
      </trkpt>
      <trkpt lat="48.277285" lon="-1.482533">
        <ele>90.3</ele>
        <time>2024-04-25T13:20:22.000Z</time>
        <sat>13</sat>
      </trkpt>
      <trkpt lat="48.277197" lon="-1.482447">
        <ele>89.9</ele>
        <time>2024-04-25T13:20:26.000Z</time>
        <sat>13</sat>
      </trkpt>
      <trkpt lat="48.277158" lon="-1.482322">
        <ele>89.9</ele>
        <time>2024-04-25T13:20:29.000Z</time>
        <sat>14</sat>
      </trkpt>
      <trkpt lat="48.277118" lon="-1.482200">
        <ele>90.0</ele>
        <time>2024-04-25T13:20:32.000Z</time>
        <sat>13</sat>
      </trkpt>
      <trkpt lat="48.277075" lon="-1.482032">
        <ele>90.0</ele>
        <time>2024-04-25T13:20:36.000Z</time>
        <sat>14</sat>
      </trkpt>
      <trkpt lat="48.277037" lon="-1.481873">
        <ele>90.0</ele>
        <time>2024-04-25T13:20:39.000Z</time>
        <sat>12</sat>
      </trkpt>
      <trkpt lat="48.277002" lon="-1.481703">
        <ele>90.0</ele>
        <time>2024-04-25T13:20:42.000Z</time>
        <sat>11</sat>
      </trkpt>
      <trkpt lat="48.276985" lon="-1.481555">
        <ele>90.1</ele>
        <time>2024-04-25T13:20:45.000Z</time>
        <sat>12</sat>
      </trkpt>
      <trkpt lat="48.276953" lon="-1.481387">
        <ele>89.9</ele>
        <time>2024-04-25T13:20:48.000Z</time>
        <sat>11</sat>
      </trkpt>
      <trkpt lat="48.276948" lon="-1.481207">
        <ele>89.8</ele>
        <time>2024-04-25T13:20:52.000Z</time>
        <sat>12</sat>
      </trkpt>
      <trkpt lat="48.276970" lon="-1.481027">
        <ele>89.9</ele>
        <time>2024-04-25T13:20:55.000Z</time>
        <sat>11</sat>
      </trkpt>
      <trkpt lat="48.276975" lon="-1.480842">
        <ele>90.1</ele>
        <time>2024-04-25T13:20:58.000Z</time>
        <sat>12</sat>
      </trkpt>
      <trkpt lat="48.276982" lon="-1.480668">
        <ele>90.2</ele>
        <time>2024-04-25T13:21:01.000Z</time>
        <sat>14</sat>
      </trkpt>
      <trkpt lat="48.277000" lon="-1.480483">
        <ele>90.1</ele>
        <time>2024-04-25T13:21:04.000Z</time>
        <sat>13</sat>
      </trkpt>
      <trkpt lat="48.277018" lon="-1.480350">
        <ele>89.9</ele>
        <time>2024-04-25T13:21:06.000Z</time>
        <sat>13</sat>
      </trkpt>
      <trkpt lat="48.277077" lon="-1.480182">
        <ele>89.7</ele>
        <time>2024-04-25T13:21:09.000Z</time>
        <sat>13</sat>
      </trkpt>
      <trkpt lat="48.277087" lon="-1.480017">
        <ele>89.8</ele>
        <time>2024-04-25T13:21:12.000Z</time>
        <sat>14</sat>
      </trkpt>
      <trkpt lat="48.277070" lon="-1.479847">
        <ele>90.0</ele>
        <time>2024-04-25T13:21:15.000Z</time>
        <sat>14</sat>
      </trkpt>
      <trkpt lat="48.277082" lon="-1.479673">
        <ele>90.1</ele>
        <time>2024-04-25T13:21:18.000Z</time>
        <sat>13</sat>
      </trkpt>
      <trkpt lat="48.277108" lon="-1.479490">
        <ele>90.3</ele>
        <time>2024-04-25T13:21:21.000Z</time>
        <sat>13</sat>
      </trkpt>
      <trkpt lat="48.277128" lon="-1.479323">
        <ele>90.3</ele>
        <time>2024-04-25T13:21:24.000Z</time>
        <sat>13</sat>
      </trkpt>
      <trkpt lat="48.277163" lon="-1.479180">
        <ele>90.4</ele>
        <time>2024-04-25T13:21:26.000Z</time>
        <sat>14</sat>
      </trkpt>
      <trkpt lat="48.277193" lon="-1.479023">
        <ele>90.4</ele>
        <time>2024-04-25T13:21:29.000Z</time>
        <sat>11</sat>
      </trkpt>
      <trkpt lat="48.277203" lon="-1.478882">
        <ele>90.4</ele>
        <time>2024-04-25T13:21:32.000Z</time>
        <sat>12</sat>
      </trkpt>
      <trkpt lat="48.277183" lon="-1.478727">
        <ele>90.4</ele>
        <time>2024-04-25T13:21:35.000Z</time>
        <sat>11</sat>
      </trkpt>
      <trkpt lat="48.277167" lon="-1.478548">
        <ele>90.4</ele>
        <time>2024-04-25T13:21:38.000Z</time>
        <sat>13</sat>
      </trkpt>
      <trkpt lat="48.277148" lon="-1.478380">
        <ele>90.4</ele>
        <time>2024-04-25T13:21:41.000Z</time>
        <sat>12</sat>
      </trkpt>
      <trkpt lat="48.277132" lon="-1.478183">
        <ele>90.2</ele>
        <time>2024-04-25T13:21:44.000Z</time>
        <sat>11</sat>
      </trkpt>
      <trkpt lat="48.277158" lon="-1.478007">
        <ele>90.2</ele>
        <time>2024-04-25T13:21:47.000Z</time>
        <sat>11</sat>
      </trkpt>
      <trkpt lat="48.277172" lon="-1.477835">
        <ele>90.2</ele>
        <time>2024-04-25T13:21:50.000Z</time>
        <sat>14</sat>
      </trkpt>
      <trkpt lat="48.277173" lon="-1.477650">
        <ele>89.8</ele>
        <time>2024-04-25T13:21:53.000Z</time>
        <sat>14</sat>
      </trkpt>
      <trkpt lat="48.277177" lon="-1.477453">
        <ele>89.8</ele>
        <time>2024-04-25T13:21:56.000Z</time>
        <sat>14</sat>
      </trkpt>
      <trkpt lat="48.277190" lon="-1.477317">
        <ele>90.0</ele>
        <time>2024-04-25T13:21:58.000Z</time>
        <sat>13</sat>
      </trkpt>
      <trkpt lat="48.277192" lon="-1.477138">
        <ele>90.0</ele>
        <time>2024-04-25T13:22:01.000Z</time>
        <sat>14</sat>
      </trkpt>
      <trkpt lat="48.277195" lon="-1.476942">
        <ele>90.1</ele>
        <time>2024-04-25T13:22:04.000Z</time>
        <sat>14</sat>
      </trkpt>
      <trkpt lat="48.277167" lon="-1.476788">
        <ele>90.1</ele>
        <time>2024-04-25T13:22:07.000Z</time>
        <sat>12</sat>
      </trkpt>
      <trkpt lat="48.277137" lon="-1.476652">
        <ele>90.1</ele>
        <time>2024-04-25T13:22:09.000Z</time>
        <sat>13</sat>
      </trkpt>
      <trkpt lat="48.277123" lon="-1.476495">
        <ele>90.0</ele>
        <time>2024-04-25T13:22:11.000Z</time>
        <sat>13</sat>
      </trkpt>
      <trkpt lat="48.277112" lon="-1.476353">
        <ele>89.8</ele>
        <time>2024-04-25T13:22:13.000Z</time>
        <sat>14</sat>
      </trkpt>
      <trkpt lat="48.277078" lon="-1.476202">
        <ele>89.8</ele>
        <time>2024-04-25T13:22:16.000Z</time>
        <sat>14</sat>
      </trkpt>
      <trkpt lat="48.277073" lon="-1.476047">
        <ele>89.9</ele>
        <time>2024-04-25T13:22:19.000Z</time>
        <sat>13</sat>
      </trkpt>
      <trkpt lat="48.277062" lon="-1.475892">
        <ele>89.9</ele>
        <time>2024-04-25T13:22:23.000Z</time>
        <sat>13</sat>
      </trkpt>
      <trkpt lat="48.277083" lon="-1.475757">
        <ele>89.8</ele>
        <time>2024-04-25T13:22:26.000Z</time>
        <sat>14</sat>
      </trkpt>
      <trkpt lat="48.277100" lon="-1.475603">
        <ele>89.7</ele>
        <time>2024-04-25T13:22:29.000Z</time>
        <sat>14</sat>
      </trkpt>
      <trkpt lat="48.277082" lon="-1.475425">
        <ele>89.8</ele>
        <time>2024-04-25T13:22:33.000Z</time>
        <sat>14</sat>
      </trkpt>
      <trkpt lat="48.277055" lon="-1.475288">
        <ele>89.7</ele>
        <time>2024-04-25T13:22:36.000Z</time>
        <sat>14</sat>
      </trkpt>
      <trkpt lat="48.277012" lon="-1.475167">
        <ele>89.8</ele>
        <time>2024-04-25T13:22:39.000Z</time>
        <sat>12</sat>
      </trkpt>
      <trkpt lat="48.276975" lon="-1.475025">
        <ele>90.0</ele>
        <time>2024-04-25T13:22:43.000Z</time>
        <sat>14</sat>
      </trkpt>
      <trkpt lat="48.276967" lon="-1.474952">
        <ele>90.2</ele>
        <time>2024-04-25T13:22:51.000Z</time>
        <sat>13</sat>
      </trkpt>
      <trkpt lat="48.276967" lon="-1.474952">
        <ele>90.3</ele>
        <time>2024-04-25T13:22:52.000Z</time>
        <sat>13</sat>
      </trkpt>
      <trkpt lat="48.276955" lon="-1.474915">
        <ele>90.9</ele>
        <time>2024-04-25T13:23:30.000Z</time>
        <sat>12</sat>
      </trkpt>
      <trkpt lat="48.276943" lon="-1.474888">
        <ele>91.0</ele>
        <time>2024-04-25T13:23:31.000Z</time>
        <sat>11</sat>
      </trkpt>
      <trkpt lat="48.276887" lon="-1.474750">
        <ele>90.8</ele>
        <time>2024-04-25T13:23:35.000Z</time>
        <sat>12</sat>
      </trkpt>
      <trkpt lat="48.276842" lon="-1.474615">
        <ele>90.6</ele>
        <time>2024-04-25T13:23:38.000Z</time>
        <sat>11</sat>
      </trkpt>
      <trkpt lat="48.276797" lon="-1.474443">
        <ele>90.5</ele>
        <time>2024-04-25T13:23:41.000Z</time>
        <sat>11</sat>
      </trkpt>
      <trkpt lat="48.276790" lon="-1.474298">
        <ele>90.5</ele>
        <time>2024-04-25T13:23:45.000Z</time>
        <sat>11</sat>
      </trkpt>
      <trkpt lat="48.276798" lon="-1.474160">
        <ele>90.6</ele>
        <time>2024-04-25T13:23:50.000Z</time>
        <sat>11</sat>
      </trkpt>
      <trkpt lat="48.276760" lon="-1.474008">
        <ele>90.6</ele>
        <time>2024-04-25T13:23:55.000Z</time>
        <sat>11</sat>
      </trkpt>
      <trkpt lat="48.276733" lon="-1.473860">
        <ele>90.4</ele>
        <time>2024-04-25T13:24:01.000Z</time>
        <sat>11</sat>
      </trkpt>
      <trkpt lat="48.276682" lon="-1.473725">
        <ele>90.4</ele>
        <time>2024-04-25T13:24:05.000Z</time>
        <sat>11</sat>
      </trkpt>
      <trkpt lat="48.276625" lon="-1.473588">
        <ele>90.3</ele>
        <time>2024-04-25T13:24:10.000Z</time>
        <sat>11</sat>
      </trkpt>
      <trkpt lat="48.276637" lon="-1.473448">
        <ele>90.1</ele>
        <time>2024-04-25T13:24:19.000Z</time>
        <sat>12</sat>
      </trkpt>
      <trkpt lat="48.276632" lon="-1.473355">
        <ele>90.0</ele>
        <time>2024-04-25T13:24:25.000Z</time>
        <sat>12</sat>
      </trkpt>
      <trkpt lat="48.276632" lon="-1.473353">
        <ele>90.0</ele>
        <time>2024-04-25T13:24:26.000Z</time>
        <sat>12</sat>
      </trkpt>
      <trkpt lat="48.276633" lon="-1.473350">
        <ele>89.9</ele>
        <time>2024-04-25T13:24:30.000Z</time>
        <sat>13</sat>
      </trkpt>
      <trkpt lat="48.276628" lon="-1.473323">
        <ele>89.9</ele>
        <time>2024-04-25T13:24:31.000Z</time>
        <sat>12</sat>
      </trkpt>
      <trkpt lat="48.276570" lon="-1.473193">
        <ele>90.0</ele>
        <time>2024-04-25T13:24:37.000Z</time>
        <sat>11</sat>
      </trkpt>
      <trkpt lat="48.276515" lon="-1.473065">
        <ele>90.1</ele>
        <time>2024-04-25T13:24:41.000Z</time>
        <sat>11</sat>
      </trkpt>
      <trkpt lat="48.276463" lon="-1.472940">
        <ele>90.2</ele>
        <time>2024-04-25T13:24:44.000Z</time>
        <sat>11</sat>
      </trkpt>
      <trkpt lat="48.276423" lon="-1.472772">
        <ele>90.3</ele>
        <time>2024-04-25T13:24:48.000Z</time>
        <sat>11</sat>
      </trkpt>
      <trkpt lat="48.276373" lon="-1.472612">
        <ele>90.3</ele>
        <time>2024-04-25T13:24:52.000Z</time>
        <sat>12</sat>
      </trkpt>
      <trkpt lat="48.276360" lon="-1.472437">
        <ele>90.6</ele>
        <time>2024-04-25T13:24:57.000Z</time>
        <sat>11</sat>
      </trkpt>
      <trkpt lat="48.276308" lon="-1.472268">
        <ele>90.6</ele>
        <time>2024-04-25T13:25:00.000Z</time>
        <sat>11</sat>
      </trkpt>
      <trkpt lat="48.276268" lon="-1.472147">
        <ele>90.6</ele>
        <time>2024-04-25T13:25:02.000Z</time>
        <sat>11</sat>
      </trkpt>
      <trkpt lat="48.276237" lon="-1.471998">
        <ele>90.7</ele>
        <time>2024-04-25T13:25:05.000Z</time>
        <sat>10</sat>
      </trkpt>
      <trkpt lat="48.276203" lon="-1.471852">
        <ele>90.8</ele>
        <time>2024-04-25T13:25:08.000Z</time>
        <sat>11</sat>
      </trkpt>
      <trkpt lat="48.276137" lon="-1.471697">
        <ele>90.8</ele>
        <time>2024-04-25T13:25:11.000Z</time>
        <sat>11</sat>
      </trkpt>
      <trkpt lat="48.276095" lon="-1.471563">
        <ele>90.9</ele>
        <time>2024-04-25T13:25:14.000Z</time>
        <sat>11</sat>
      </trkpt>
      <trkpt lat="48.276033" lon="-1.471445">
        <ele>90.9</ele>
        <time>2024-04-25T13:25:17.000Z</time>
        <sat>11</sat>
      </trkpt>
      <trkpt lat="48.275975" lon="-1.471342">
        <ele>91.0</ele>
        <time>2024-04-25T13:25:20.000Z</time>
        <sat>11</sat>
      </trkpt>
      <trkpt lat="48.275915" lon="-1.471185">
        <ele>91.1</ele>
        <time>2024-04-25T13:25:23.000Z</time>
        <sat>11</sat>
      </trkpt>
      <trkpt lat="48.275888" lon="-1.471027">
        <ele>91.1</ele>
        <time>2024-04-25T13:25:26.000Z</time>
        <sat>11</sat>
      </trkpt>
      <trkpt lat="48.275853" lon="-1.470850">
        <ele>91.5</ele>
        <time>2024-04-25T13:25:29.000Z</time>
        <sat>10</sat>
      </trkpt>
      <trkpt lat="48.275813" lon="-1.470663">
        <ele>91.4</ele>
        <time>2024-04-25T13:25:32.000Z</time>
        <sat>11</sat>
      </trkpt>
      <trkpt lat="48.275773" lon="-1.470483">
        <ele>91.3</ele>
        <time>2024-04-25T13:25:35.000Z</time>
        <sat>11</sat>
      </trkpt>
      <trkpt lat="48.275733" lon="-1.470327">
        <ele>91.3</ele>
        <time>2024-04-25T13:25:38.000Z</time>
        <sat>11</sat>
      </trkpt>
      <trkpt lat="48.275695" lon="-1.470183">
        <ele>91.4</ele>
        <time>2024-04-25T13:25:41.000Z</time>
        <sat>11</sat>
      </trkpt>
      <trkpt lat="48.275662" lon="-1.470047">
        <ele>91.3</ele>
        <time>2024-04-25T13:25:45.000Z</time>
        <sat>11</sat>
      </trkpt>
      <trkpt lat="48.275613" lon="-1.469900">
        <ele>91.4</ele>
        <time>2024-04-25T13:25:48.000Z</time>
        <sat>11</sat>
      </trkpt>
      <trkpt lat="48.275577" lon="-1.469773">
        <ele>91.4</ele>
        <time>2024-04-25T13:25:50.000Z</time>
        <sat>11</sat>
      </trkpt>
      <trkpt lat="48.275558" lon="-1.469628">
        <ele>91.3</ele>
        <time>2024-04-25T13:25:53.000Z</time>
        <sat>11</sat>
      </trkpt>
      <trkpt lat="48.275543" lon="-1.469475">
        <ele>91.3</ele>
        <time>2024-04-25T13:25:56.000Z</time>
        <sat>11</sat>
      </trkpt>
      <trkpt lat="48.275555" lon="-1.469338">
        <ele>91.3</ele>
        <time>2024-04-25T13:25:58.000Z</time>
        <sat>11</sat>
      </trkpt>
      <trkpt lat="48.275538" lon="-1.469187">
        <ele>91.3</ele>
        <time>2024-04-25T13:26:01.000Z</time>
        <sat>12</sat>
      </trkpt>
      <trkpt lat="48.275540" lon="-1.469038">
        <ele>91.1</ele>
        <time>2024-04-25T13:26:04.000Z</time>
        <sat>12</sat>
      </trkpt>
      <trkpt lat="48.275532" lon="-1.468858">
        <ele>91.0</ele>
        <time>2024-04-25T13:26:07.000Z</time>
        <sat>12</sat>
      </trkpt>
      <trkpt lat="48.275540" lon="-1.468705">
        <ele>91.0</ele>
        <time>2024-04-25T13:26:10.000Z</time>
        <sat>11</sat>
      </trkpt>
      <trkpt lat="48.275545" lon="-1.468563">
        <ele>91.0</ele>
        <time>2024-04-25T13:26:13.000Z</time>
        <sat>12</sat>
      </trkpt>
      <trkpt lat="48.275543" lon="-1.468418">
        <ele>91.2</ele>
        <time>2024-04-25T13:26:16.000Z</time>
        <sat>11</sat>
      </trkpt>
      <trkpt lat="48.275540" lon="-1.468282">
        <ele>91.3</ele>
        <time>2024-04-25T13:26:19.000Z</time>
        <sat>11</sat>
      </trkpt>
      <trkpt lat="48.275512" lon="-1.468147">
        <ele>91.3</ele>
        <time>2024-04-25T13:26:22.000Z</time>
        <sat>11</sat>
      </trkpt>
      <trkpt lat="48.275485" lon="-1.468013">
        <ele>91.4</ele>
        <time>2024-04-25T13:26:24.000Z</time>
        <sat>11</sat>
      </trkpt>
      <trkpt lat="48.275453" lon="-1.467855">
        <ele>91.2</ele>
        <time>2024-04-25T13:26:27.000Z</time>
        <sat>12</sat>
      </trkpt>
      <trkpt lat="48.275418" lon="-1.467730">
        <ele>91.1</ele>
        <time>2024-04-25T13:26:30.000Z</time>
        <sat>12</sat>
      </trkpt>
      <trkpt lat="48.275433" lon="-1.467555">
        <ele>91.2</ele>
        <time>2024-04-25T13:26:35.000Z</time>
        <sat>14</sat>
      </trkpt>
      <trkpt lat="48.275440" lon="-1.467420">
        <ele>91.1</ele>
        <time>2024-04-25T13:26:38.000Z</time>
        <sat>13</sat>
      </trkpt>
      <trkpt lat="48.275433" lon="-1.467252">
        <ele>91.2</ele>
        <time>2024-04-25T13:26:41.000Z</time>
        <sat>14</sat>
      </trkpt>
      <trkpt lat="48.275393" lon="-1.467105">
        <ele>91.3</ele>
        <time>2024-04-25T13:26:44.000Z</time>
        <sat>13</sat>
      </trkpt>
      <trkpt lat="48.275373" lon="-1.466962">
        <ele>91.3</ele>
        <time>2024-04-25T13:26:47.000Z</time>
        <sat>13</sat>
      </trkpt>
      <trkpt lat="48.275340" lon="-1.466787">
        <ele>91.4</ele>
        <time>2024-04-25T13:26:51.000Z</time>
        <sat>14</sat>
      </trkpt>
      <trkpt lat="48.275303" lon="-1.466640">
        <ele>91.5</ele>
        <time>2024-04-25T13:26:54.000Z</time>
        <sat>13</sat>
      </trkpt>
      <trkpt lat="48.275280" lon="-1.466480">
        <ele>91.6</ele>
        <time>2024-04-25T13:26:57.000Z</time>
        <sat>11</sat>
      </trkpt>
      <trkpt lat="48.275235" lon="-1.466313">
        <ele>91.8</ele>
        <time>2024-04-25T13:27:00.000Z</time>
        <sat>10</sat>
      </trkpt>
      <trkpt lat="48.275163" lon="-1.466182">
        <ele>91.5</ele>
        <time>2024-04-25T13:27:03.000Z</time>
        <sat>11</sat>
      </trkpt>
      <trkpt lat="48.275120" lon="-1.466053">
        <ele>91.5</ele>
        <time>2024-04-25T13:27:06.000Z</time>
        <sat>10</sat>
      </trkpt>
      <trkpt lat="48.275092" lon="-1.465908">
        <ele>91.5</ele>
        <time>2024-04-25T13:27:09.000Z</time>
        <sat>10</sat>
      </trkpt>
      <trkpt lat="48.275073" lon="-1.465767">
        <ele>91.4</ele>
        <time>2024-04-25T13:27:12.000Z</time>
        <sat>11</sat>
      </trkpt>
      <trkpt lat="48.275077" lon="-1.465553">
        <ele>91.6</ele>
        <time>2024-04-25T13:27:16.000Z</time>
        <sat>11</sat>
      </trkpt>
      <trkpt lat="48.275065" lon="-1.465388">
        <ele>91.7</ele>
        <time>2024-04-25T13:27:18.000Z</time>
        <sat>11</sat>
      </trkpt>
      <trkpt lat="48.275057" lon="-1.465247">
        <ele>91.8</ele>
        <time>2024-04-25T13:27:20.000Z</time>
        <sat>11</sat>
      </trkpt>
      <trkpt lat="48.275058" lon="-1.465077">
        <ele>91.7</ele>
        <time>2024-04-25T13:27:23.000Z</time>
        <sat>11</sat>
      </trkpt>
      <trkpt lat="48.275067" lon="-1.464908">
        <ele>91.5</ele>
        <time>2024-04-25T13:27:26.000Z</time>
        <sat>11</sat>
      </trkpt>
      <trkpt lat="48.275043" lon="-1.464755">
        <ele>91.5</ele>
        <time>2024-04-25T13:27:29.000Z</time>
        <sat>10</sat>
      </trkpt>
      <trkpt lat="48.275060" lon="-1.464590">
        <ele>91.6</ele>
        <time>2024-04-25T13:27:32.000Z</time>
        <sat>11</sat>
      </trkpt>
      <trkpt lat="48.275088" lon="-1.464460">
        <ele>91.6</ele>
        <time>2024-04-25T13:27:35.000Z</time>
        <sat>11</sat>
      </trkpt>
      <trkpt lat="48.275115" lon="-1.464297">
        <ele>91.6</ele>
        <time>2024-04-25T13:27:39.000Z</time>
        <sat>11</sat>
      </trkpt>
      <trkpt lat="48.275160" lon="-1.464172">
        <ele>91.6</ele>
        <time>2024-04-25T13:27:41.000Z</time>
        <sat>11</sat>
      </trkpt>
      <trkpt lat="48.275185" lon="-1.464025">
        <ele>91.5</ele>
        <time>2024-04-25T13:27:44.000Z</time>
        <sat>13</sat>
      </trkpt>
      <trkpt lat="48.275232" lon="-1.463833">
        <ele>91.5</ele>
        <time>2024-04-25T13:27:47.000Z</time>
        <sat>12</sat>
      </trkpt>
      <trkpt lat="48.275273" lon="-1.463703">
        <ele>91.2</ele>
        <time>2024-04-25T13:27:49.000Z</time>
        <sat>12</sat>
      </trkpt>
      <trkpt lat="48.275343" lon="-1.463532">
        <ele>91.2</ele>
        <time>2024-04-25T13:27:52.000Z</time>
        <sat>12</sat>
      </trkpt>
      <trkpt lat="48.275392" lon="-1.463415">
        <ele>91.5</ele>
        <time>2024-04-25T13:27:54.000Z</time>
        <sat>12</sat>
      </trkpt>
      <trkpt lat="48.275440" lon="-1.463298">
        <ele>91.5</ele>
        <time>2024-04-25T13:27:56.000Z</time>
        <sat>12</sat>
      </trkpt>
      <trkpt lat="48.275493" lon="-1.463185">
        <ele>91.5</ele>
        <time>2024-04-25T13:27:58.000Z</time>
        <sat>12</sat>
      </trkpt>
      <trkpt lat="48.275572" lon="-1.463075">
        <ele>91.6</ele>
        <time>2024-04-25T13:28:01.000Z</time>
        <sat>12</sat>
      </trkpt>
      <trkpt lat="48.275617" lon="-1.462945">
        <ele>91.5</ele>
        <time>2024-04-25T13:28:05.000Z</time>
        <sat>13</sat>
      </trkpt>
      <trkpt lat="48.275657" lon="-1.462788">
        <ele>91.6</ele>
        <time>2024-04-25T13:28:08.000Z</time>
        <sat>13</sat>
      </trkpt>
      <trkpt lat="48.275688" lon="-1.462627">
        <ele>91.8</ele>
        <time>2024-04-25T13:28:11.000Z</time>
        <sat>13</sat>
      </trkpt>
      <trkpt lat="48.275697" lon="-1.462475">
        <ele>92.2</ele>
        <time>2024-04-25T13:28:15.000Z</time>
        <sat>13</sat>
      </trkpt>
      <trkpt lat="48.275687" lon="-1.462295">
        <ele>92.3</ele>
        <time>2024-04-25T13:28:19.000Z</time>
        <sat>13</sat>
      </trkpt>
      <trkpt lat="48.275695" lon="-1.462160">
        <ele>92.2</ele>
        <time>2024-04-25T13:28:21.000Z</time>
        <sat>13</sat>
      </trkpt>
      <trkpt lat="48.275702" lon="-1.462002">
        <ele>92.0</ele>
        <time>2024-04-25T13:28:23.000Z</time>
        <sat>12</sat>
      </trkpt>
      <trkpt lat="48.275717" lon="-1.461817">
        <ele>92.0</ele>
        <time>2024-04-25T13:28:25.000Z</time>
        <sat>12</sat>
      </trkpt>
      <trkpt lat="48.275755" lon="-1.461597">
        <ele>92.2</ele>
        <time>2024-04-25T13:28:27.000Z</time>
        <sat>13</sat>
      </trkpt>
      <trkpt lat="48.275767" lon="-1.461443">
        <ele>92.2</ele>
        <time>2024-04-25T13:28:29.000Z</time>
        <sat>13</sat>
      </trkpt>
      <trkpt lat="48.275790" lon="-1.461272">
        <ele>92.1</ele>
        <time>2024-04-25T13:28:32.000Z</time>
        <sat>13</sat>
      </trkpt>
      <trkpt lat="48.275807" lon="-1.461085">
        <ele>91.8</ele>
        <time>2024-04-25T13:28:35.000Z</time>
        <sat>13</sat>
      </trkpt>
      <trkpt lat="48.275813" lon="-1.460925">
        <ele>91.4</ele>
        <time>2024-04-25T13:28:37.000Z</time>
        <sat>12</sat>
      </trkpt>
      <trkpt lat="48.275803" lon="-1.460765">
        <ele>91.4</ele>
        <time>2024-04-25T13:28:39.000Z</time>
        <sat>12</sat>
      </trkpt>
      <trkpt lat="48.275803" lon="-1.460608">
        <ele>91.5</ele>
        <time>2024-04-25T13:28:41.000Z</time>
        <sat>12</sat>
      </trkpt>
      <trkpt lat="48.275770" lon="-1.460415">
        <ele>91.9</ele>
        <time>2024-04-25T13:28:44.000Z</time>
        <sat>12</sat>
      </trkpt>
      <trkpt lat="48.275747" lon="-1.460268">
        <ele>92.1</ele>
        <time>2024-04-25T13:28:47.000Z</time>
        <sat>12</sat>
      </trkpt>
      <trkpt lat="48.275755" lon="-1.460113">
        <ele>92.0</ele>
        <time>2024-04-25T13:28:50.000Z</time>
        <sat>12</sat>
      </trkpt>
      <trkpt lat="48.275753" lon="-1.459940">
        <ele>92.0</ele>
        <time>2024-04-25T13:28:53.000Z</time>
        <sat>12</sat>
      </trkpt>
      <trkpt lat="48.275762" lon="-1.459753">
        <ele>91.9</ele>
        <time>2024-04-25T13:28:56.000Z</time>
        <sat>12</sat>
      </trkpt>
      <trkpt lat="48.275760" lon="-1.459555">
        <ele>91.9</ele>
        <time>2024-04-25T13:28:59.000Z</time>
        <sat>12</sat>
      </trkpt>
      <trkpt lat="48.275763" lon="-1.459393">
        <ele>91.9</ele>
        <time>2024-04-25T13:29:01.000Z</time>
        <sat>12</sat>
      </trkpt>
      <trkpt lat="48.275772" lon="-1.459252">
        <ele>91.9</ele>
        <time>2024-04-25T13:29:04.000Z</time>
        <sat>12</sat>
      </trkpt>
      <trkpt lat="48.275800" lon="-1.459108">
        <ele>91.8</ele>
        <time>2024-04-25T13:29:07.000Z</time>
        <sat>12</sat>
      </trkpt>
      <trkpt lat="48.275787" lon="-1.458953">
        <ele>91.8</ele>
        <time>2024-04-25T13:29:10.000Z</time>
        <sat>11</sat>
      </trkpt>
      <trkpt lat="48.275775" lon="-1.458803">
        <ele>91.8</ele>
        <time>2024-04-25T13:29:13.000Z</time>
        <sat>12</sat>
      </trkpt>
      <trkpt lat="48.275782" lon="-1.458662">
        <ele>91.8</ele>
        <time>2024-04-25T13:29:15.000Z</time>
        <sat>12</sat>
      </trkpt>
      <trkpt lat="48.275767" lon="-1.458518">
        <ele>91.7</ele>
        <time>2024-04-25T13:29:17.000Z</time>
        <sat>12</sat>
      </trkpt>
      <trkpt lat="48.275763" lon="-1.458347">
        <ele>91.8</ele>
        <time>2024-04-25T13:29:20.000Z</time>
        <sat>12</sat>
      </trkpt>
      <trkpt lat="48.275763" lon="-1.458167">
        <ele>91.9</ele>
        <time>2024-04-25T13:29:22.000Z</time>
        <sat>12</sat>
      </trkpt>
      <trkpt lat="48.275788" lon="-1.457998">
        <ele>91.9</ele>
        <time>2024-04-25T13:29:25.000Z</time>
        <sat>13</sat>
      </trkpt>
      <trkpt lat="48.275798" lon="-1.457827">
        <ele>91.7</ele>
        <time>2024-04-25T13:29:28.000Z</time>
        <sat>12</sat>
      </trkpt>
      <trkpt lat="48.275795" lon="-1.457662">
        <ele>91.6</ele>
        <time>2024-04-25T13:29:31.000Z</time>
        <sat>12</sat>
      </trkpt>
      <trkpt lat="48.275823" lon="-1.457477">
        <ele>91.6</ele>
        <time>2024-04-25T13:29:35.000Z</time>
        <sat>12</sat>
      </trkpt>
      <trkpt lat="48.275888" lon="-1.457602">
        <ele>91.6</ele>
        <time>2024-04-25T13:29:46.000Z</time>
        <sat>13</sat>
      </trkpt>
      <trkpt lat="48.275900" lon="-1.457752">
        <ele>91.5</ele>
        <time>2024-04-25T13:29:49.000Z</time>
        <sat>13</sat>
      </trkpt>
      <trkpt lat="48.275987" lon="-1.457843">
        <ele>91.4</ele>
        <time>2024-04-25T13:29:54.000Z</time>
        <sat>11</sat>
      </trkpt>
      <trkpt lat="48.276092" lon="-1.457838">
        <ele>91.2</ele>
        <time>2024-04-25T13:29:57.000Z</time>
        <sat>11</sat>
      </trkpt>
      <trkpt lat="48.276223" lon="-1.457872">
        <ele>90.8</ele>
        <time>2024-04-25T13:30:00.000Z</time>
        <sat>11</sat>
      </trkpt>
      <trkpt lat="48.276335" lon="-1.457945">
        <ele>90.2</ele>
        <time>2024-04-25T13:30:03.000Z</time>
        <sat>11</sat>
      </trkpt>
      <trkpt lat="48.276428" lon="-1.457987">
        <ele>89.8</ele>
        <time>2024-04-25T13:30:06.000Z</time>
        <sat>11</sat>
      </trkpt>
      <trkpt lat="48.276527" lon="-1.458065">
        <ele>88.8</ele>
        <time>2024-04-25T13:30:11.000Z</time>
        <sat>12</sat>
      </trkpt>
      <trkpt lat="48.276633" lon="-1.458125">
        <ele>88.0</ele>
        <time>2024-04-25T13:30:16.000Z</time>
        <sat>12</sat>
      </trkpt>
      <trkpt lat="48.276712" lon="-1.458197">
        <ele>87.4</ele>
        <time>2024-04-25T13:30:19.000Z</time>
        <sat>12</sat>
      </trkpt>
      <trkpt lat="48.276817" lon="-1.458288">
        <ele>86.0</ele>
        <time>2024-04-25T13:30:23.000Z</time>
        <sat>13</sat>
      </trkpt>
      <trkpt lat="48.276900" lon="-1.458372">
        <ele>85.2</ele>
        <time>2024-04-25T13:30:26.000Z</time>
        <sat>11</sat>
      </trkpt>
      <trkpt lat="48.277002" lon="-1.458427">
        <ele>85.2</ele>
        <time>2024-04-25T13:30:29.000Z</time>
        <sat>12</sat>
      </trkpt>
      <trkpt lat="48.277102" lon="-1.458477">
        <ele>85.1</ele>
        <time>2024-04-25T13:30:32.000Z</time>
        <sat>12</sat>
      </trkpt>
      <trkpt lat="48.277210" lon="-1.458535">
        <ele>85.0</ele>
        <time>2024-04-25T13:30:36.000Z</time>
        <sat>12</sat>
      </trkpt>
      <trkpt lat="48.277320" lon="-1.458598">
        <ele>85.1</ele>
        <time>2024-04-25T13:30:40.000Z</time>
        <sat>12</sat>
      </trkpt>
      <trkpt lat="48.277407" lon="-1.458675">
        <ele>84.8</ele>
        <time>2024-04-25T13:30:43.000Z</time>
        <sat>11</sat>
      </trkpt>
      <trkpt lat="48.277502" lon="-1.458780">
        <ele>84.7</ele>
        <time>2024-04-25T13:30:46.000Z</time>
        <sat>12</sat>
      </trkpt>
      <trkpt lat="48.277587" lon="-1.458888">
        <ele>84.5</ele>
        <time>2024-04-25T13:30:49.000Z</time>
        <sat>12</sat>
      </trkpt>
      <trkpt lat="48.277675" lon="-1.458963">
        <ele>84.3</ele>
        <time>2024-04-25T13:30:52.000Z</time>
        <sat>12</sat>
      </trkpt>
      <trkpt lat="48.277683" lon="-1.458983">
        <ele>84.1</ele>
        <time>2024-04-25T13:30:55.000Z</time>
        <sat>11</sat>
      </trkpt>
      <trkpt lat="48.277683" lon="-1.458983">
        <ele>84.0</ele>
        <time>2024-04-25T13:30:56.000Z</time>
        <sat>11</sat>
      </trkpt>
      <trkpt lat="48.277703" lon="-1.458978">
        <ele>82.9</ele>
        <time>2024-04-25T13:31:56.000Z</time>
        <sat>11</sat>
      </trkpt>
      <trkpt lat="48.277707" lon="-1.458980">
        <ele>82.9</ele>
        <time>2024-04-25T13:31:57.000Z</time>
        <sat>12</sat>
      </trkpt>
      <trkpt lat="48.277705" lon="-1.458980">
        <ele>82.9</ele>
        <time>2024-04-25T13:32:00.000Z</time>
        <sat>11</sat>
      </trkpt>
      <trkpt lat="48.277705" lon="-1.458980">
        <ele>82.9</ele>
        <time>2024-04-25T13:32:01.000Z</time>
        <sat>11</sat>
      </trkpt>
      <trkpt lat="48.277688" lon="-1.459038">
        <ele>83.0</ele>
        <time>2024-04-25T13:32:08.000Z</time>
        <sat>11</sat>
      </trkpt>
      <trkpt lat="48.277683" lon="-1.459048">
        <ele>83.0</ele>
        <time>2024-04-25T13:32:09.000Z</time>
        <sat>10</sat>
      </trkpt>
      <trkpt lat="48.277690" lon="-1.459057">
        <ele>83.0</ele>
        <time>2024-04-25T13:32:10.000Z</time>
        <sat>11</sat>
      </trkpt>
      <trkpt lat="48.277785" lon="-1.459005">
        <ele>83.0</ele>
        <time>2024-04-25T13:32:15.000Z</time>
        <sat>11</sat>
      </trkpt>
      <trkpt lat="48.277878" lon="-1.458998">
        <ele>83.2</ele>
        <time>2024-04-25T13:32:19.000Z</time>
        <sat>12</sat>
      </trkpt>
      <trkpt lat="48.277968" lon="-1.459038">
        <ele>83.5</ele>
        <time>2024-04-25T13:32:23.000Z</time>
        <sat>12</sat>
      </trkpt>
      <trkpt lat="48.278063" lon="-1.459007">
        <ele>84.0</ele>
        <time>2024-04-25T13:32:27.000Z</time>
        <sat>11</sat>
      </trkpt>
      <trkpt lat="48.278148" lon="-1.458950">
        <ele>84.5</ele>
        <time>2024-04-25T13:32:30.000Z</time>
        <sat>11</sat>
      </trkpt>
      <trkpt lat="48.278237" lon="-1.458883">
        <ele>85.5</ele>
        <time>2024-04-25T13:32:33.000Z</time>
        <sat>11</sat>
      </trkpt>
      <trkpt lat="48.278340" lon="-1.458845">
        <ele>86.7</ele>
        <time>2024-04-25T13:32:36.000Z</time>
        <sat>11</sat>
      </trkpt>
      <trkpt lat="48.278440" lon="-1.458790">
        <ele>88.0</ele>
        <time>2024-04-25T13:32:39.000Z</time>
        <sat>11</sat>
      </trkpt>
      <trkpt lat="48.278535" lon="-1.458747">
        <ele>90.1</ele>
        <time>2024-04-25T13:32:42.000Z</time>
        <sat>11</sat>
      </trkpt>
      <trkpt lat="48.278632" lon="-1.458695">
        <ele>91.9</ele>
        <time>2024-04-25T13:32:46.000Z</time>
        <sat>11</sat>
      </trkpt>
      <trkpt lat="48.278600" lon="-1.458568">
        <ele>93.6</ele>
        <time>2024-04-25T13:32:53.000Z</time>
        <sat>11</sat>
      </trkpt>
      <trkpt lat="48.278495" lon="-1.458473">
        <ele>93.3</ele>
        <time>2024-04-25T13:32:57.000Z</time>
        <sat>12</sat>
      </trkpt>
      <trkpt lat="48.278407" lon="-1.458395">
        <ele>93.2</ele>
        <time>2024-04-25T13:33:00.000Z</time>
        <sat>13</sat>
      </trkpt>
      <trkpt lat="48.278307" lon="-1.458275">
        <ele>93.2</ele>
        <time>2024-04-25T13:33:03.000Z</time>
        <sat>12</sat>
      </trkpt>
      <trkpt lat="48.278248" lon="-1.458137">
        <ele>93.1</ele>
        <time>2024-04-25T13:33:06.000Z</time>
        <sat>12</sat>
      </trkpt>
      <trkpt lat="48.278203" lon="-1.458015">
        <ele>93.1</ele>
        <time>2024-04-25T13:33:09.000Z</time>
        <sat>11</sat>
      </trkpt>
      <trkpt lat="48.278203" lon="-1.457875">
        <ele>93.3</ele>
        <time>2024-04-25T13:33:12.000Z</time>
        <sat>12</sat>
      </trkpt>
      <trkpt lat="48.278223" lon="-1.457708">
        <ele>93.5</ele>
        <time>2024-04-25T13:33:15.000Z</time>
        <sat>12</sat>
      </trkpt>
      <trkpt lat="48.278218" lon="-1.457537">
        <ele>94.4</ele>
        <time>2024-04-25T13:33:19.000Z</time>
        <sat>12</sat>
      </trkpt>
      <trkpt lat="48.278207" lon="-1.457395">
        <ele>95.7</ele>
        <time>2024-04-25T13:33:22.000Z</time>
        <sat>12</sat>
      </trkpt>
      <trkpt lat="48.278205" lon="-1.457237">
        <ele>96.8</ele>
        <time>2024-04-25T13:33:25.000Z</time>
        <sat>12</sat>
      </trkpt>
      <trkpt lat="48.278237" lon="-1.457083">
        <ele>97.2</ele>
        <time>2024-04-25T13:33:28.000Z</time>
        <sat>12</sat>
      </trkpt>
      <trkpt lat="48.278263" lon="-1.456952">
        <ele>97.7</ele>
        <time>2024-04-25T13:33:31.000Z</time>
        <sat>13</sat>
      </trkpt>
      <trkpt lat="48.278322" lon="-1.456798">
        <ele>98.5</ele>
        <time>2024-04-25T13:33:35.000Z</time>
        <sat>13</sat>
      </trkpt>
      <trkpt lat="48.278332" lon="-1.456662">
        <ele>98.8</ele>
        <time>2024-04-25T13:33:38.000Z</time>
        <sat>13</sat>
      </trkpt>
      <trkpt lat="48.278353" lon="-1.456510">
        <ele>99.6</ele>
        <time>2024-04-25T13:33:42.000Z</time>
        <sat>13</sat>
      </trkpt>
      <trkpt lat="48.278387" lon="-1.456355">
        <ele>100.1</ele>
        <time>2024-04-25T13:33:45.000Z</time>
        <sat>13</sat>
      </trkpt>
      <trkpt lat="48.278412" lon="-1.456195">
        <ele>100.4</ele>
        <time>2024-04-25T13:33:49.000Z</time>
        <sat>13</sat>
      </trkpt>
      <trkpt lat="48.278450" lon="-1.456018">
        <ele>100.9</ele>
        <time>2024-04-25T13:33:54.000Z</time>
        <sat>13</sat>
      </trkpt>
      <trkpt lat="48.278498" lon="-1.455883">
        <ele>101.2</ele>
        <time>2024-04-25T13:33:57.000Z</time>
        <sat>13</sat>
      </trkpt>
      <trkpt lat="48.278562" lon="-1.455725">
        <ele>101.6</ele>
        <time>2024-04-25T13:34:00.000Z</time>
        <sat>13</sat>
      </trkpt>
      <trkpt lat="48.278620" lon="-1.455578">
        <ele>102.5</ele>
        <time>2024-04-25T13:34:03.000Z</time>
        <sat>13</sat>
      </trkpt>
      <trkpt lat="48.278673" lon="-1.455402">
        <ele>103.6</ele>
        <time>2024-04-25T13:34:06.000Z</time>
        <sat>13</sat>
      </trkpt>
      <trkpt lat="48.278705" lon="-1.455250">
        <ele>104.0</ele>
        <time>2024-04-25T13:34:09.000Z</time>
        <sat>13</sat>
      </trkpt>
      <trkpt lat="48.278735" lon="-1.455100">
        <ele>104.1</ele>
        <time>2024-04-25T13:34:12.000Z</time>
        <sat>13</sat>
      </trkpt>
      <trkpt lat="48.278757" lon="-1.454967">
        <ele>104.5</ele>
        <time>2024-04-25T13:34:16.000Z</time>
        <sat>12</sat>
      </trkpt>
      <trkpt lat="48.278650" lon="-1.454913">
        <ele>104.8</ele>
        <time>2024-04-25T13:34:22.000Z</time>
        <sat>12</sat>
      </trkpt>
      <trkpt lat="48.278520" lon="-1.454920">
        <ele>104.3</ele>
        <time>2024-04-25T13:34:25.000Z</time>
        <sat>11</sat>
      </trkpt>
      <trkpt lat="48.278417" lon="-1.454918">
        <ele>103.3</ele>
        <time>2024-04-25T13:34:27.000Z</time>
        <sat>10</sat>
      </trkpt>
      <trkpt lat="48.278313" lon="-1.454963">
        <ele>102.0</ele>
        <time>2024-04-25T13:34:29.000Z</time>
        <sat>11</sat>
      </trkpt>
      <trkpt lat="48.278215" lon="-1.455005">
        <ele>101.8</ele>
        <time>2024-04-25T13:34:31.000Z</time>
        <sat>10</sat>
      </trkpt>
      <trkpt lat="48.278117" lon="-1.455045">
        <ele>101.1</ele>
        <time>2024-04-25T13:34:33.000Z</time>
        <sat>11</sat>
      </trkpt>
      <trkpt lat="48.278002" lon="-1.455087">
        <ele>99.6</ele>
        <time>2024-04-25T13:34:36.000Z</time>
        <sat>11</sat>
      </trkpt>
      <trkpt lat="48.277872" lon="-1.455125">
        <ele>97.9</ele>
        <time>2024-04-25T13:34:39.000Z</time>
        <sat>11</sat>
      </trkpt>
      <trkpt lat="48.277777" lon="-1.455167">
        <ele>97.4</ele>
        <time>2024-04-25T13:34:41.000Z</time>
        <sat>11</sat>
      </trkpt>
      <trkpt lat="48.277670" lon="-1.455210">
        <ele>96.7</ele>
        <time>2024-04-25T13:34:43.000Z</time>
        <sat>10</sat>
      </trkpt>
      <trkpt lat="48.277552" lon="-1.455243">
        <ele>93.2</ele>
        <time>2024-04-25T13:34:46.000Z</time>
        <sat>11</sat>
      </trkpt>
      <trkpt lat="48.277432" lon="-1.455277">
        <ele>92.3</ele>
        <time>2024-04-25T13:34:49.000Z</time>
        <sat>11</sat>
      </trkpt>
      <trkpt lat="48.277307" lon="-1.455240">
        <ele>92.7</ele>
        <time>2024-04-25T13:34:52.000Z</time>
        <sat>10</sat>
      </trkpt>
      <trkpt lat="48.277215" lon="-1.455117">
        <ele>92.6</ele>
        <time>2024-04-25T13:34:55.000Z</time>
        <sat>11</sat>
      </trkpt>
      <trkpt lat="48.277148" lon="-1.455005">
        <ele>92.6</ele>
        <time>2024-04-25T13:34:57.000Z</time>
        <sat>10</sat>
      </trkpt>
      <trkpt lat="48.277115" lon="-1.454820">
        <ele>92.4</ele>
        <time>2024-04-25T13:35:00.000Z</time>
        <sat>11</sat>
      </trkpt>
      <trkpt lat="48.277072" lon="-1.454643">
        <ele>92.7</ele>
        <time>2024-04-25T13:35:03.000Z</time>
        <sat>10</sat>
      </trkpt>
      <trkpt lat="48.277057" lon="-1.454475">
        <ele>92.9</ele>
        <time>2024-04-25T13:35:06.000Z</time>
        <sat>10</sat>
      </trkpt>
      <trkpt lat="48.277070" lon="-1.454303">
        <ele>92.9</ele>
        <time>2024-04-25T13:35:09.000Z</time>
        <sat>10</sat>
      </trkpt>
      <trkpt lat="48.277097" lon="-1.454160">
        <ele>92.9</ele>
        <time>2024-04-25T13:35:12.000Z</time>
        <sat>12</sat>
      </trkpt>
      <trkpt lat="48.277075" lon="-1.454028">
        <ele>93.0</ele>
        <time>2024-04-25T13:35:16.000Z</time>
        <sat>12</sat>
      </trkpt>
      <trkpt lat="48.277103" lon="-1.453853">
        <ele>93.1</ele>
        <time>2024-04-25T13:35:19.000Z</time>
        <sat>11</sat>
      </trkpt>
      <trkpt lat="48.277105" lon="-1.453702">
        <ele>93.4</ele>
        <time>2024-04-25T13:35:22.000Z</time>
        <sat>11</sat>
      </trkpt>
      <trkpt lat="48.277080" lon="-1.453520">
        <ele>93.8</ele>
        <time>2024-04-25T13:35:25.000Z</time>
        <sat>10</sat>
      </trkpt>
      <trkpt lat="48.277035" lon="-1.453355">
        <ele>94.5</ele>
        <time>2024-04-25T13:35:28.000Z</time>
        <sat>11</sat>
      </trkpt>
      <trkpt lat="48.276965" lon="-1.453217">
        <ele>95.4</ele>
        <time>2024-04-25T13:35:31.000Z</time>
        <sat>11</sat>
      </trkpt>
      <trkpt lat="48.276955" lon="-1.453063">
        <ele>96.1</ele>
        <time>2024-04-25T13:35:34.000Z</time>
        <sat>11</sat>
      </trkpt>
      <trkpt lat="48.276935" lon="-1.452920">
        <ele>97.4</ele>
        <time>2024-04-25T13:35:37.000Z</time>
        <sat>11</sat>
      </trkpt>
      <trkpt lat="48.276918" lon="-1.452770">
        <ele>98.0</ele>
        <time>2024-04-25T13:35:40.000Z</time>
        <sat>11</sat>
      </trkpt>
      <trkpt lat="48.276885" lon="-1.452615">
        <ele>98.8</ele>
        <time>2024-04-25T13:35:43.000Z</time>
        <sat>11</sat>
      </trkpt>
      <trkpt lat="48.276867" lon="-1.452448">
        <ele>99.2</ele>
        <time>2024-04-25T13:35:46.000Z</time>
        <sat>11</sat>
      </trkpt>
      <trkpt lat="48.276835" lon="-1.452263">
        <ele>99.4</ele>
        <time>2024-04-25T13:35:49.000Z</time>
        <sat>11</sat>
      </trkpt>
      <trkpt lat="48.276815" lon="-1.452123">
        <ele>99.3</ele>
        <time>2024-04-25T13:35:52.000Z</time>
        <sat>10</sat>
      </trkpt>
      <trkpt lat="48.276815" lon="-1.451948">
        <ele>99.6</ele>
        <time>2024-04-25T13:35:56.000Z</time>
        <sat>12</sat>
      </trkpt>
      <trkpt lat="48.276840" lon="-1.451805">
        <ele>100.1</ele>
        <time>2024-04-25T13:35:59.000Z</time>
        <sat>10</sat>
      </trkpt>
      <trkpt lat="48.276828" lon="-1.451625">
        <ele>100.4</ele>
        <time>2024-04-25T13:36:02.000Z</time>
        <sat>11</sat>
      </trkpt>
      <trkpt lat="48.276788" lon="-1.451475">
        <ele>100.7</ele>
        <time>2024-04-25T13:36:05.000Z</time>
        <sat>11</sat>
      </trkpt>
      <trkpt lat="48.276772" lon="-1.451328">
        <ele>101.1</ele>
        <time>2024-04-25T13:36:08.000Z</time>
        <sat>12</sat>
      </trkpt>
      <trkpt lat="48.276777" lon="-1.451172">
        <ele>101.1</ele>
        <time>2024-04-25T13:36:11.000Z</time>
        <sat>9</sat>
      </trkpt>
      <trkpt lat="48.276757" lon="-1.451013">
        <ele>101.4</ele>
        <time>2024-04-25T13:36:13.000Z</time>
        <sat>11</sat>
      </trkpt>
      <trkpt lat="48.276720" lon="-1.450888">
        <ele>101.4</ele>
        <time>2024-04-25T13:36:15.000Z</time>
        <sat>10</sat>
      </trkpt>
      <trkpt lat="48.276697" lon="-1.450732">
        <ele>101.3</ele>
        <time>2024-04-25T13:36:19.000Z</time>
        <sat>10</sat>
      </trkpt>
      <trkpt lat="48.276722" lon="-1.450587">
        <ele>101.2</ele>
        <time>2024-04-25T13:36:24.000Z</time>
        <sat>11</sat>
      </trkpt>
      <trkpt lat="48.276687" lon="-1.450492">
        <ele>101.1</ele>
        <time>2024-04-25T13:36:35.000Z</time>
        <sat>11</sat>
      </trkpt>
      <trkpt lat="48.276687" lon="-1.450490">
        <ele>101.1</ele>
        <time>2024-04-25T13:36:36.000Z</time>
        <sat>11</sat>
      </trkpt>
      <trkpt lat="48.276687" lon="-1.450488">
        <ele>101.2</ele>
        <time>2024-04-25T13:36:40.000Z</time>
        <sat>9</sat>
      </trkpt>
      <trkpt lat="48.276687" lon="-1.450488">
        <ele>101.2</ele>
        <time>2024-04-25T13:36:41.000Z</time>
        <sat>11</sat>
      </trkpt>
      <trkpt lat="48.276687" lon="-1.450488">
        <ele>101.2</ele>
        <time>2024-04-25T13:36:42.000Z</time>
        <sat>10</sat>
      </trkpt>
      <trkpt lat="48.276687" lon="-1.450487">
        <ele>101.2</ele>
        <time>2024-04-25T13:36:43.000Z</time>
        <sat>9</sat>
      </trkpt>
      <trkpt lat="48.276688" lon="-1.450487">
        <ele>101.2</ele>
        <time>2024-04-25T13:36:44.000Z</time>
        <sat>12</sat>
      </trkpt>
      <trkpt lat="48.276685" lon="-1.450442">
        <ele>101.1</ele>
        <time>2024-04-25T13:37:11.000Z</time>
        <sat>11</sat>
      </trkpt>
      <trkpt lat="48.276685" lon="-1.450442">
        <ele>101.1</ele>
        <time>2024-04-25T13:37:12.000Z</time>
        <sat>11</sat>
      </trkpt>
      <trkpt lat="48.276687" lon="-1.450440">
        <ele>101.0</ele>
        <time>2024-04-25T13:37:13.000Z</time>
        <sat>10</sat>
      </trkpt>
      <trkpt lat="48.276687" lon="-1.450438">
        <ele>101.0</ele>
        <time>2024-04-25T13:37:14.000Z</time>
        <sat>10</sat>
      </trkpt>
      <trkpt lat="48.276708" lon="-1.450380">
        <ele>100.5</ele>
        <time>2024-04-25T13:38:55.000Z</time>
        <sat>11</sat>
      </trkpt>
      <trkpt lat="48.276732" lon="-1.450355">
        <ele>100.6</ele>
        <time>2024-04-25T13:38:56.000Z</time>
        <sat>10</sat>
      </trkpt>
      <trkpt lat="48.276740" lon="-1.450330">
        <ele>100.6</ele>
        <time>2024-04-25T13:38:57.000Z</time>
        <sat>12</sat>
      </trkpt>
      <trkpt lat="48.276712" lon="-1.450165">
        <ele>100.6</ele>
        <time>2024-04-25T13:39:03.000Z</time>
        <sat>12</sat>
      </trkpt>
      <trkpt lat="48.276660" lon="-1.450030">
        <ele>100.5</ele>
        <time>2024-04-25T13:39:08.000Z</time>
        <sat>11</sat>
      </trkpt>
      <trkpt lat="48.276578" lon="-1.449890">
        <ele>100.4</ele>
        <time>2024-04-25T13:39:12.000Z</time>
        <sat>11</sat>
      </trkpt>
      <trkpt lat="48.276537" lon="-1.449733">
        <ele>100.0</ele>
        <time>2024-04-25T13:39:16.000Z</time>
        <sat>11</sat>
      </trkpt>
      <trkpt lat="48.276565" lon="-1.449602">
        <ele>99.7</ele>
        <time>2024-04-25T13:39:19.000Z</time>
        <sat>11</sat>
      </trkpt>
      <trkpt lat="48.276542" lon="-1.449443">
        <ele>99.5</ele>
        <time>2024-04-25T13:39:23.000Z</time>
        <sat>10</sat>
      </trkpt>
      <trkpt lat="48.276460" lon="-1.449335">
        <ele>98.8</ele>
        <time>2024-04-25T13:39:27.000Z</time>
        <sat>11</sat>
      </trkpt>
      <trkpt lat="48.276397" lon="-1.449220">
        <ele>98.1</ele>
        <time>2024-04-25T13:39:31.000Z</time>
        <sat>11</sat>
      </trkpt>
      <trkpt lat="48.276373" lon="-1.449070">
        <ele>97.3</ele>
        <time>2024-04-25T13:39:37.000Z</time>
        <sat>11</sat>
      </trkpt>
      <trkpt lat="48.276362" lon="-1.448927">
        <ele>97.2</ele>
        <time>2024-04-25T13:39:42.000Z</time>
        <sat>11</sat>
      </trkpt>
      <trkpt lat="48.276377" lon="-1.448867">
        <ele>97.4</ele>
        <time>2024-04-25T13:39:50.000Z</time>
        <sat>11</sat>
      </trkpt>
      <trkpt lat="48.276387" lon="-1.448865">
        <ele>97.4</ele>
        <time>2024-04-25T13:39:51.000Z</time>
        <sat>11</sat>
      </trkpt>
      <trkpt lat="48.276398" lon="-1.448867">
        <ele>97.4</ele>
        <time>2024-04-25T13:39:52.000Z</time>
        <sat>11</sat>
      </trkpt>
      <trkpt lat="48.276468" lon="-1.448750">
        <ele>97.5</ele>
        <time>2024-04-25T13:40:05.000Z</time>
        <sat>11</sat>
      </trkpt>
      <trkpt lat="48.276517" lon="-1.448630">
        <ele>97.8</ele>
        <time>2024-04-25T13:40:09.000Z</time>
        <sat>11</sat>
      </trkpt>
      <trkpt lat="48.276520" lon="-1.448483">
        <ele>98.2</ele>
        <time>2024-04-25T13:40:14.000Z</time>
        <sat>11</sat>
      </trkpt>
      <trkpt lat="48.276483" lon="-1.448357">
        <ele>98.6</ele>
        <time>2024-04-25T13:40:21.000Z</time>
        <sat>11</sat>
      </trkpt>
      <trkpt lat="48.276392" lon="-1.448403">
        <ele>98.5</ele>
        <time>2024-04-25T13:40:36.000Z</time>
        <sat>11</sat>
      </trkpt>
      <trkpt lat="48.276315" lon="-1.448327">
        <ele>97.8</ele>
        <time>2024-04-25T13:40:48.000Z</time>
        <sat>11</sat>
      </trkpt>
      <trkpt lat="48.276317" lon="-1.448307">
        <ele>97.7</ele>
        <time>2024-04-25T13:40:49.000Z</time>
        <sat>11</sat>
      </trkpt>
      <trkpt lat="48.276317" lon="-1.448307">
        <ele>97.7</ele>
        <time>2024-04-25T13:40:50.000Z</time>
        <sat>11</sat>
      </trkpt>
      <trkpt lat="48.276317" lon="-1.448307">
        <ele>97.6</ele>
        <time>2024-04-25T13:40:53.000Z</time>
        <sat>11</sat>
      </trkpt>
      <trkpt lat="48.276317" lon="-1.448307">
        <ele>97.6</ele>
        <time>2024-04-25T13:40:54.000Z</time>
        <sat>12</sat>
      </trkpt>
      <trkpt lat="48.276305" lon="-1.448305">
        <ele>97.3</ele>
        <time>2024-04-25T13:41:02.000Z</time>
        <sat>12</sat>
      </trkpt>
      <trkpt lat="48.276297" lon="-1.448305">
        <ele>97.3</ele>
        <time>2024-04-25T13:41:03.000Z</time>
        <sat>11</sat>
      </trkpt>
      <trkpt lat="48.276287" lon="-1.448302">
        <ele>97.4</ele>
        <time>2024-04-25T13:41:04.000Z</time>
        <sat>12</sat>
      </trkpt>
      <trkpt lat="48.276282" lon="-1.448303">
        <ele>97.4</ele>
        <time>2024-04-25T13:41:05.000Z</time>
        <sat>12</sat>
      </trkpt>
      <trkpt lat="48.276283" lon="-1.448303">
        <ele>97.4</ele>
        <time>2024-04-25T13:41:06.000Z</time>
        <sat>12</sat>
      </trkpt>
      <trkpt lat="48.276283" lon="-1.448303">
        <ele>97.4</ele>
        <time>2024-04-25T13:41:07.000Z</time>
        <sat>11</sat>
      </trkpt>
      <trkpt lat="48.276283" lon="-1.448303">
        <ele>97.4</ele>
        <time>2024-04-25T13:41:08.000Z</time>
        <sat>11</sat>
      </trkpt>
      <trkpt lat="48.276283" lon="-1.448303">
        <ele>97.4</ele>
        <time>2024-04-25T13:41:09.000Z</time>
        <sat>11</sat>
      </trkpt>
      <trkpt lat="48.276262" lon="-1.448167">
        <ele>97.4</ele>
        <time>2024-04-25T13:41:18.000Z</time>
        <sat>10</sat>
      </trkpt>
      <trkpt lat="48.276273" lon="-1.448158">
        <ele>97.4</ele>
        <time>2024-04-25T13:41:25.000Z</time>
        <sat>11</sat>
      </trkpt>
      <trkpt lat="48.276273" lon="-1.448157">
        <ele>97.4</ele>
        <time>2024-04-25T13:41:26.000Z</time>
        <sat>11</sat>
      </trkpt>
      <trkpt lat="48.276273" lon="-1.448148">
        <ele>97.4</ele>
        <time>2024-04-25T13:41:27.000Z</time>
        <sat>11</sat>
      </trkpt>
      <trkpt lat="48.276278" lon="-1.448138">
        <ele>97.4</ele>
        <time>2024-04-25T13:41:28.000Z</time>
        <sat>11</sat>
      </trkpt>
      <trkpt lat="48.276345" lon="-1.448035">
        <ele>97.5</ele>
        <time>2024-04-25T13:41:34.000Z</time>
        <sat>11</sat>
      </trkpt>
      <trkpt lat="48.276378" lon="-1.447903">
        <ele>97.5</ele>
        <time>2024-04-25T13:41:39.000Z</time>
        <sat>11</sat>
      </trkpt>
      <trkpt lat="48.276455" lon="-1.447770">
        <ele>97.7</ele>
        <time>2024-04-25T13:41:45.000Z</time>
        <sat>11</sat>
      </trkpt>
      <trkpt lat="48.276463" lon="-1.447615">
        <ele>98.0</ele>
        <time>2024-04-25T13:41:50.000Z</time>
        <sat>11</sat>
      </trkpt>
      <trkpt lat="48.276503" lon="-1.447488">
        <ele>98.2</ele>
        <time>2024-04-25T13:41:54.000Z</time>
        <sat>12</sat>
      </trkpt>
      <trkpt lat="48.276512" lon="-1.447350">
        <ele>98.6</ele>
        <time>2024-04-25T13:41:58.000Z</time>
        <sat>12</sat>
      </trkpt>
      <trkpt lat="48.276533" lon="-1.447218">
        <ele>99.1</ele>
        <time>2024-04-25T13:42:03.000Z</time>
        <sat>12</sat>
      </trkpt>
      <trkpt lat="48.276515" lon="-1.447073">
        <ele>99.5</ele>
        <time>2024-04-25T13:42:09.000Z</time>
        <sat>12</sat>
      </trkpt>
      <trkpt lat="48.276575" lon="-1.446933">
        <ele>99.7</ele>
        <time>2024-04-25T13:42:12.000Z</time>
        <sat>12</sat>
      </trkpt>
      <trkpt lat="48.276607" lon="-1.446798">
        <ele>99.8</ele>
        <time>2024-04-25T13:42:15.000Z</time>
        <sat>13</sat>
      </trkpt>
      <trkpt lat="48.276588" lon="-1.446662">
        <ele>100.0</ele>
        <time>2024-04-25T13:42:22.000Z</time>
        <sat>12</sat>
      </trkpt>
      <trkpt lat="48.276588" lon="-1.446612">
        <ele>100.5</ele>
        <time>2024-04-25T13:42:31.000Z</time>
        <sat>13</sat>
      </trkpt>
      <trkpt lat="48.276588" lon="-1.446610">
        <ele>100.5</ele>
        <time>2024-04-25T13:42:32.000Z</time>
        <sat>13</sat>
      </trkpt>
      <trkpt lat="48.276585" lon="-1.446603">
        <ele>100.6</ele>
        <time>2024-04-25T13:42:33.000Z</time>
        <sat>11</sat>
      </trkpt>
      <trkpt lat="48.276573" lon="-1.446577">
        <ele>100.7</ele>
        <time>2024-04-25T13:42:36.000Z</time>
        <sat>11</sat>
      </trkpt>
      <trkpt lat="48.276572" lon="-1.446568">
        <ele>100.8</ele>
        <time>2024-04-25T13:42:37.000Z</time>
        <sat>12</sat>
      </trkpt>
      <trkpt lat="48.276568" lon="-1.446560">
        <ele>100.8</ele>
        <time>2024-04-25T13:42:38.000Z</time>
        <sat>13</sat>
      </trkpt>
      <trkpt lat="48.276562" lon="-1.446550">
        <ele>100.8</ele>
        <time>2024-04-25T13:42:39.000Z</time>
        <sat>13</sat>
      </trkpt>
      <trkpt lat="48.276558" lon="-1.446542">
        <ele>100.8</ele>
        <time>2024-04-25T13:42:40.000Z</time>
        <sat>12</sat>
      </trkpt>
      <trkpt lat="48.276573" lon="-1.446390">
        <ele>100.9</ele>
        <time>2024-04-25T13:42:51.000Z</time>
        <sat>13</sat>
      </trkpt>
      <trkpt lat="48.276557" lon="-1.446225">
        <ele>100.9</ele>
        <time>2024-04-25T13:42:56.000Z</time>
        <sat>13</sat>
      </trkpt>
      <trkpt lat="48.276565" lon="-1.446062">
        <ele>101.0</ele>
        <time>2024-04-25T13:43:00.000Z</time>
        <sat>13</sat>
      </trkpt>
      <trkpt lat="48.276603" lon="-1.445900">
        <ele>100.8</ele>
        <time>2024-04-25T13:43:03.000Z</time>
        <sat>13</sat>
      </trkpt>
      <trkpt lat="48.276628" lon="-1.445748">
        <ele>101.0</ele>
        <time>2024-04-25T13:43:06.000Z</time>
        <sat>13</sat>
      </trkpt>
      <trkpt lat="48.276617" lon="-1.445608">
        <ele>101.2</ele>
        <time>2024-04-25T13:43:09.000Z</time>
        <sat>13</sat>
      </trkpt>
      <trkpt lat="48.276577" lon="-1.445477">
        <ele>101.2</ele>
        <time>2024-04-25T13:43:12.000Z</time>
        <sat>13</sat>
      </trkpt>
      <trkpt lat="48.276560" lon="-1.445333">
        <ele>101.2</ele>
        <time>2024-04-25T13:43:16.000Z</time>
        <sat>13</sat>
      </trkpt>
      <trkpt lat="48.276532" lon="-1.445197">
        <ele>101.3</ele>
        <time>2024-04-25T13:43:20.000Z</time>
        <sat>12</sat>
      </trkpt>
      <trkpt lat="48.276487" lon="-1.445075">
        <ele>101.4</ele>
        <time>2024-04-25T13:43:23.000Z</time>
        <sat>12</sat>
      </trkpt>
      <trkpt lat="48.276465" lon="-1.444933">
        <ele>101.3</ele>
        <time>2024-04-25T13:43:26.000Z</time>
        <sat>12</sat>
      </trkpt>
      <trkpt lat="48.276425" lon="-1.444772">
        <ele>101.4</ele>
        <time>2024-04-25T13:43:30.000Z</time>
        <sat>12</sat>
      </trkpt>
      <trkpt lat="48.276395" lon="-1.444632">
        <ele>101.5</ele>
        <time>2024-04-25T13:43:33.000Z</time>
        <sat>12</sat>
      </trkpt>
      <trkpt lat="48.276383" lon="-1.444448">
        <ele>101.6</ele>
        <time>2024-04-25T13:43:36.000Z</time>
        <sat>11</sat>
      </trkpt>
      <trkpt lat="48.276407" lon="-1.444287">
        <ele>101.8</ele>
        <time>2024-04-25T13:43:39.000Z</time>
        <sat>12</sat>
      </trkpt>
      <trkpt lat="48.276368" lon="-1.444147">
        <ele>102.6</ele>
        <time>2024-04-25T13:43:44.000Z</time>
        <sat>11</sat>
      </trkpt>
      <trkpt lat="48.276338" lon="-1.444003">
        <ele>103.1</ele>
        <time>2024-04-25T13:43:48.000Z</time>
        <sat>11</sat>
      </trkpt>
      <trkpt lat="48.276277" lon="-1.443827">
        <ele>103.4</ele>
        <time>2024-04-25T13:43:52.000Z</time>
        <sat>11</sat>
      </trkpt>
      <trkpt lat="48.276227" lon="-1.443682">
        <ele>103.4</ele>
        <time>2024-04-25T13:43:55.000Z</time>
        <sat>12</sat>
      </trkpt>
      <trkpt lat="48.276185" lon="-1.443558">
        <ele>103.5</ele>
        <time>2024-04-25T13:43:58.000Z</time>
        <sat>12</sat>
      </trkpt>
      <trkpt lat="48.276163" lon="-1.443412">
        <ele>103.4</ele>
        <time>2024-04-25T13:44:01.000Z</time>
        <sat>12</sat>
      </trkpt>
      <trkpt lat="48.276108" lon="-1.443297">
        <ele>103.5</ele>
        <time>2024-04-25T13:44:04.000Z</time>
        <sat>12</sat>
      </trkpt>
      <trkpt lat="48.276043" lon="-1.443183">
        <ele>103.6</ele>
        <time>2024-04-25T13:44:07.000Z</time>
        <sat>12</sat>
      </trkpt>
      <trkpt lat="48.275997" lon="-1.443047">
        <ele>103.5</ele>
        <time>2024-04-25T13:44:10.000Z</time>
        <sat>12</sat>
      </trkpt>
      <trkpt lat="48.275958" lon="-1.442903">
        <ele>103.4</ele>
        <time>2024-04-25T13:44:13.000Z</time>
        <sat>12</sat>
      </trkpt>
      <trkpt lat="48.275928" lon="-1.442750">
        <ele>103.6</ele>
        <time>2024-04-25T13:44:16.000Z</time>
        <sat>12</sat>
      </trkpt>
      <trkpt lat="48.275872" lon="-1.442638">
        <ele>103.9</ele>
        <time>2024-04-25T13:44:19.000Z</time>
        <sat>12</sat>
      </trkpt>
      <trkpt lat="48.275790" lon="-1.442517">
        <ele>104.1</ele>
        <time>2024-04-25T13:44:22.000Z</time>
        <sat>12</sat>
      </trkpt>
      <trkpt lat="48.275710" lon="-1.442407">
        <ele>104.5</ele>
        <time>2024-04-25T13:44:25.000Z</time>
        <sat>12</sat>
      </trkpt>
      <trkpt lat="48.275620" lon="-1.442312">
        <ele>104.6</ele>
        <time>2024-04-25T13:44:28.000Z</time>
        <sat>12</sat>
      </trkpt>
      <trkpt lat="48.275522" lon="-1.442230">
        <ele>104.8</ele>
        <time>2024-04-25T13:44:32.000Z</time>
        <sat>12</sat>
      </trkpt>
      <trkpt lat="48.275470" lon="-1.442110">
        <ele>104.8</ele>
        <time>2024-04-25T13:44:34.000Z</time>
        <sat>13</sat>
      </trkpt>
      <trkpt lat="48.275397" lon="-1.441990">
        <ele>104.8</ele>
        <time>2024-04-25T13:44:37.000Z</time>
        <sat>13</sat>
      </trkpt>
      <trkpt lat="48.275342" lon="-1.441850">
        <ele>105.0</ele>
        <time>2024-04-25T13:44:40.000Z</time>
        <sat>13</sat>
      </trkpt>
      <trkpt lat="48.275323" lon="-1.441687">
        <ele>105.1</ele>
        <time>2024-04-25T13:44:43.000Z</time>
        <sat>13</sat>
      </trkpt>
      <trkpt lat="48.275262" lon="-1.441568">
        <ele>105.2</ele>
        <time>2024-04-25T13:44:46.000Z</time>
        <sat>12</sat>
      </trkpt>
      <trkpt lat="48.275213" lon="-1.441410">
        <ele>105.3</ele>
        <time>2024-04-25T13:44:49.000Z</time>
        <sat>12</sat>
      </trkpt>
      <trkpt lat="48.275213" lon="-1.441243">
        <ele>105.4</ele>
        <time>2024-04-25T13:44:52.000Z</time>
        <sat>12</sat>
      </trkpt>
      <trkpt lat="48.275207" lon="-1.441093">
        <ele>105.5</ele>
        <time>2024-04-25T13:44:54.000Z</time>
        <sat>12</sat>
      </trkpt>
      <trkpt lat="48.275215" lon="-1.440897">
        <ele>105.7</ele>
        <time>2024-04-25T13:44:57.000Z</time>
        <sat>12</sat>
      </trkpt>
      <trkpt lat="48.275238" lon="-1.440733">
        <ele>105.9</ele>
        <time>2024-04-25T13:45:00.000Z</time>
        <sat>12</sat>
      </trkpt>
      <trkpt lat="48.275235" lon="-1.440593">
        <ele>106.2</ele>
        <time>2024-04-25T13:45:03.000Z</time>
        <sat>13</sat>
      </trkpt>
      <trkpt lat="48.275232" lon="-1.440455">
        <ele>106.8</ele>
        <time>2024-04-25T13:45:09.000Z</time>
        <sat>12</sat>
      </trkpt>
      <trkpt lat="48.275210" lon="-1.440307">
        <ele>107.2</ele>
        <time>2024-04-25T13:45:16.000Z</time>
        <sat>13</sat>
      </trkpt>
      <trkpt lat="48.275195" lon="-1.440165">
        <ele>107.7</ele>
        <time>2024-04-25T13:45:26.000Z</time>
        <sat>12</sat>
      </trkpt>
      <trkpt lat="48.275210" lon="-1.439992">
        <ele>107.9</ele>
        <time>2024-04-25T13:45:30.000Z</time>
        <sat>13</sat>
      </trkpt>
      <trkpt lat="48.275185" lon="-1.439810">
        <ele>107.8</ele>
        <time>2024-04-25T13:45:33.000Z</time>
        <sat>13</sat>
      </trkpt>
      <trkpt lat="48.275148" lon="-1.439645">
        <ele>107.9</ele>
        <time>2024-04-25T13:45:36.000Z</time>
        <sat>12</sat>
      </trkpt>
      <trkpt lat="48.275093" lon="-1.439498">
        <ele>108.0</ele>
        <time>2024-04-25T13:45:39.000Z</time>
        <sat>12</sat>
      </trkpt>
      <trkpt lat="48.275060" lon="-1.439345">
        <ele>108.1</ele>
        <time>2024-04-25T13:45:42.000Z</time>
        <sat>12</sat>
      </trkpt>
      <trkpt lat="48.275020" lon="-1.439222">
        <ele>108.3</ele>
        <time>2024-04-25T13:45:45.000Z</time>
        <sat>11</sat>
      </trkpt>
      <trkpt lat="48.274997" lon="-1.439068">
        <ele>108.5</ele>
        <time>2024-04-25T13:45:52.000Z</time>
        <sat>12</sat>
      </trkpt>
      <trkpt lat="48.274970" lon="-1.438933">
        <ele>108.5</ele>
        <time>2024-04-25T13:46:00.000Z</time>
        <sat>13</sat>
      </trkpt>
      <trkpt lat="48.274947" lon="-1.438777">
        <ele>108.6</ele>
        <time>2024-04-25T13:46:09.000Z</time>
        <sat>13</sat>
      </trkpt>
      <trkpt lat="48.274948" lon="-1.438622">
        <ele>108.7</ele>
        <time>2024-04-25T13:46:14.000Z</time>
        <sat>13</sat>
      </trkpt>
      <trkpt lat="48.275002" lon="-1.438480">
        <ele>108.8</ele>
        <time>2024-04-25T13:46:18.000Z</time>
        <sat>13</sat>
      </trkpt>
      <trkpt lat="48.275075" lon="-1.438348">
        <ele>109.0</ele>
        <time>2024-04-25T13:46:22.000Z</time>
        <sat>13</sat>
      </trkpt>
      <trkpt lat="48.275127" lon="-1.438218">
        <ele>109.1</ele>
        <time>2024-04-25T13:46:25.000Z</time>
        <sat>13</sat>
      </trkpt>
      <trkpt lat="48.275192" lon="-1.438098">
        <ele>109.7</ele>
        <time>2024-04-25T13:46:29.000Z</time>
        <sat>12</sat>
      </trkpt>
      <trkpt lat="48.275283" lon="-1.437992">
        <ele>111.2</ele>
        <time>2024-04-25T13:46:33.000Z</time>
        <sat>13</sat>
      </trkpt>
      <trkpt lat="48.275348" lon="-1.437897">
        <ele>112.7</ele>
        <time>2024-04-25T13:46:36.000Z</time>
        <sat>13</sat>
      </trkpt>
      <trkpt lat="48.275415" lon="-1.437775">
        <ele>114.2</ele>
        <time>2024-04-25T13:46:40.000Z</time>
        <sat>12</sat>
      </trkpt>
      <trkpt lat="48.275443" lon="-1.437638">
        <ele>114.7</ele>
        <time>2024-04-25T13:46:44.000Z</time>
        <sat>12</sat>
      </trkpt>
      <trkpt lat="48.275437" lon="-1.437492">
        <ele>114.8</ele>
        <time>2024-04-25T13:46:48.000Z</time>
        <sat>12</sat>
      </trkpt>
      <trkpt lat="48.275430" lon="-1.437328">
        <ele>114.7</ele>
        <time>2024-04-25T13:46:52.000Z</time>
        <sat>12</sat>
      </trkpt>
      <trkpt lat="48.275462" lon="-1.437165">
        <ele>114.6</ele>
        <time>2024-04-25T13:46:56.000Z</time>
        <sat>13</sat>
      </trkpt>
      <trkpt lat="48.275465" lon="-1.437025">
        <ele>114.9</ele>
        <time>2024-04-25T13:47:03.000Z</time>
        <sat>12</sat>
      </trkpt>
      <trkpt lat="48.275463" lon="-1.436932">
        <ele>114.9</ele>
        <time>2024-04-25T13:47:11.000Z</time>
        <sat>12</sat>
      </trkpt>
      <trkpt lat="48.275468" lon="-1.436917">
        <ele>114.9</ele>
        <time>2024-04-25T13:47:12.000Z</time>
        <sat>12</sat>
      </trkpt>
      <trkpt lat="48.275467" lon="-1.436910">
        <ele>114.9</ele>
        <time>2024-04-25T13:47:13.000Z</time>
        <sat>14</sat>
      </trkpt>
      <trkpt lat="48.275468" lon="-1.436910">
        <ele>114.9</ele>
        <time>2024-04-25T13:47:14.000Z</time>
        <sat>14</sat>
      </trkpt>
      <trkpt lat="48.275468" lon="-1.436910">
        <ele>114.9</ele>
        <time>2024-04-25T13:47:15.000Z</time>
        <sat>14</sat>
      </trkpt>
      <trkpt lat="48.275468" lon="-1.436910">
        <ele>114.9</ele>
        <time>2024-04-25T13:47:16.000Z</time>
        <sat>13</sat>
      </trkpt>
      <trkpt lat="48.275468" lon="-1.436910">
        <ele>114.9</ele>
        <time>2024-04-25T13:47:17.000Z</time>
        <sat>13</sat>
      </trkpt>
      <trkpt lat="48.275468" lon="-1.436908">
        <ele>114.9</ele>
        <time>2024-04-25T13:47:18.000Z</time>
        <sat>13</sat>
      </trkpt>
      <trkpt lat="48.275467" lon="-1.436895">
        <ele>114.9</ele>
        <time>2024-04-25T13:47:19.000Z</time>
        <sat>13</sat>
      </trkpt>
      <trkpt lat="48.275423" lon="-1.436738">
        <ele>114.7</ele>
        <time>2024-04-25T13:47:24.000Z</time>
        <sat>13</sat>
      </trkpt>
      <trkpt lat="48.275422" lon="-1.436590">
        <ele>114.6</ele>
        <time>2024-04-25T13:47:27.000Z</time>
        <sat>13</sat>
      </trkpt>
      <trkpt lat="48.275482" lon="-1.436472">
        <ele>114.6</ele>
        <time>2024-04-25T13:47:31.000Z</time>
        <sat>13</sat>
      </trkpt>
      <trkpt lat="48.275447" lon="-1.436335">
        <ele>114.7</ele>
        <time>2024-04-25T13:47:35.000Z</time>
        <sat>13</sat>
      </trkpt>
      <trkpt lat="48.275400" lon="-1.436215">
        <ele>114.4</ele>
        <time>2024-04-25T13:47:38.000Z</time>
        <sat>13</sat>
      </trkpt>
      <trkpt lat="48.275358" lon="-1.436093">
        <ele>114.3</ele>
        <time>2024-04-25T13:47:41.000Z</time>
        <sat>13</sat>
      </trkpt>
      <trkpt lat="48.275327" lon="-1.435963">
        <ele>114.0</ele>
        <time>2024-04-25T13:47:44.000Z</time>
        <sat>13</sat>
      </trkpt>
      <trkpt lat="48.275235" lon="-1.435865">
        <ele>113.8</ele>
        <time>2024-04-25T13:47:48.000Z</time>
        <sat>11</sat>
      </trkpt>
      <trkpt lat="48.275132" lon="-1.435765">
        <ele>113.1</ele>
        <time>2024-04-25T13:47:52.000Z</time>
        <sat>13</sat>
      </trkpt>
      <trkpt lat="48.275035" lon="-1.435708">
        <ele>112.8</ele>
        <time>2024-04-25T13:47:54.000Z</time>
        <sat>13</sat>
      </trkpt>
      <trkpt lat="48.274947" lon="-1.435657">
        <ele>112.4</ele>
        <time>2024-04-25T13:47:56.000Z</time>
        <sat>13</sat>
      </trkpt>
      <trkpt lat="48.274868" lon="-1.435552">
        <ele>111.6</ele>
        <time>2024-04-25T13:47:59.000Z</time>
        <sat>13</sat>
      </trkpt>
      <trkpt lat="48.274837" lon="-1.435425">
        <ele>111.0</ele>
        <time>2024-04-25T13:48:02.000Z</time>
        <sat>13</sat>
      </trkpt>
      <trkpt lat="48.274828" lon="-1.435252">
        <ele>110.7</ele>
        <time>2024-04-25T13:48:06.000Z</time>
        <sat>13</sat>
      </trkpt>
      <trkpt lat="48.274857" lon="-1.435107">
        <ele>110.6</ele>
        <time>2024-04-25T13:48:09.000Z</time>
        <sat>13</sat>
      </trkpt>
      <trkpt lat="48.274892" lon="-1.434968">
        <ele>110.4</ele>
        <time>2024-04-25T13:48:13.000Z</time>
        <sat>12</sat>
      </trkpt>
      <trkpt lat="48.274935" lon="-1.434822">
        <ele>110.5</ele>
        <time>2024-04-25T13:48:17.000Z</time>
        <sat>13</sat>
      </trkpt>
      <trkpt lat="48.275000" lon="-1.434722">
        <ele>110.6</ele>
        <time>2024-04-25T13:48:20.000Z</time>
        <sat>13</sat>
      </trkpt>
      <trkpt lat="48.275092" lon="-1.434620">
        <ele>111.0</ele>
        <time>2024-04-25T13:48:23.000Z</time>
        <sat>13</sat>
      </trkpt>
      <trkpt lat="48.275127" lon="-1.434472">
        <ele>111.6</ele>
        <time>2024-04-25T13:48:27.000Z</time>
        <sat>13</sat>
      </trkpt>
      <trkpt lat="48.275192" lon="-1.434368">
        <ele>111.8</ele>
        <time>2024-04-25T13:48:30.000Z</time>
        <sat>13</sat>
      </trkpt>
      <trkpt lat="48.275287" lon="-1.434397">
        <ele>112.2</ele>
        <time>2024-04-25T13:48:35.000Z</time>
        <sat>13</sat>
      </trkpt>
      <trkpt lat="48.275387" lon="-1.434360">
        <ele>112.7</ele>
        <time>2024-04-25T13:48:40.000Z</time>
        <sat>13</sat>
      </trkpt>
      <trkpt lat="48.275480" lon="-1.434348">
        <ele>114.1</ele>
        <time>2024-04-25T13:48:44.000Z</time>
        <sat>12</sat>
      </trkpt>
      <trkpt lat="48.275568" lon="-1.434288">
        <ele>116.1</ele>
        <time>2024-04-25T13:48:49.000Z</time>
        <sat>13</sat>
      </trkpt>
      <trkpt lat="48.275658" lon="-1.434307">
        <ele>118.6</ele>
        <time>2024-04-25T13:48:56.000Z</time>
        <sat>11</sat>
      </trkpt>
      <trkpt lat="48.275753" lon="-1.434287">
        <ele>121.7</ele>
        <time>2024-04-25T13:49:20.000Z</time>
        <sat>13</sat>
      </trkpt>
      <trkpt lat="48.275837" lon="-1.434230">
        <ele>123.0</ele>
        <time>2024-04-25T13:49:31.000Z</time>
        <sat>13</sat>
      </trkpt>
      <trkpt lat="48.275900" lon="-1.434128">
        <ele>124.7</ele>
        <time>2024-04-25T13:49:43.000Z</time>
        <sat>13</sat>
      </trkpt>
      <trkpt lat="48.275897" lon="-1.434030">
        <ele>125.8</ele>
        <time>2024-04-25T13:49:55.000Z</time>
        <sat>12</sat>
      </trkpt>
      <trkpt lat="48.275897" lon="-1.434030">
        <ele>125.8</ele>
        <time>2024-04-25T13:49:56.000Z</time>
        <sat>13</sat>
      </trkpt>
      <trkpt lat="48.275897" lon="-1.434030">
        <ele>125.9</ele>
        <time>2024-04-25T13:49:57.000Z</time>
        <sat>13</sat>
      </trkpt>
      <trkpt lat="48.275897" lon="-1.434028">
        <ele>126.0</ele>
        <time>2024-04-25T13:50:00.000Z</time>
        <sat>14</sat>
      </trkpt>
      <trkpt lat="48.275897" lon="-1.434028">
        <ele>126.0</ele>
        <time>2024-04-25T13:50:01.000Z</time>
        <sat>12</sat>
      </trkpt>
      <trkpt lat="48.275897" lon="-1.434028">
        <ele>126.0</ele>
        <time>2024-04-25T13:50:02.000Z</time>
        <sat>13</sat>
      </trkpt>
      <trkpt lat="48.275897" lon="-1.434028">
        <ele>126.0</ele>
        <time>2024-04-25T13:50:03.000Z</time>
        <sat>14</sat>
      </trkpt>
      <trkpt lat="48.275897" lon="-1.434028">
        <ele>126.0</ele>
        <time>2024-04-25T13:50:04.000Z</time>
        <sat>13</sat>
      </trkpt>
      <trkpt lat="48.275897" lon="-1.434027">
        <ele>125.9</ele>
        <time>2024-04-25T13:50:18.000Z</time>
        <sat>12</sat>
      </trkpt>
      <trkpt lat="48.275898" lon="-1.434022">
        <ele>125.9</ele>
        <time>2024-04-25T13:50:19.000Z</time>
        <sat>14</sat>
      </trkpt>
      <trkpt lat="48.275925" lon="-1.433883">
        <ele>125.9</ele>
        <time>2024-04-25T13:50:26.000Z</time>
        <sat>14</sat>
      </trkpt>
      <trkpt lat="48.275988" lon="-1.433775">
        <ele>126.0</ele>
        <time>2024-04-25T13:50:31.000Z</time>
        <sat>14</sat>
      </trkpt>
      <trkpt lat="48.275960" lon="-1.433637">
        <ele>126.1</ele>
        <time>2024-04-25T13:50:37.000Z</time>
        <sat>13</sat>
      </trkpt>
      <trkpt lat="48.276047" lon="-1.433552">
        <ele>126.3</ele>
        <time>2024-04-25T13:50:43.000Z</time>
        <sat>13</sat>
      </trkpt>
      <trkpt lat="48.276102" lon="-1.433432">
        <ele>126.1</ele>
        <time>2024-04-25T13:50:48.000Z</time>
        <sat>13</sat>
      </trkpt>
      <trkpt lat="48.276167" lon="-1.433337">
        <ele>125.9</ele>
        <time>2024-04-25T13:50:52.000Z</time>
        <sat>13</sat>
      </trkpt>
      <trkpt lat="48.276263" lon="-1.433268">
        <ele>125.6</ele>
        <time>2024-04-25T13:50:56.000Z</time>
        <sat>14</sat>
      </trkpt>
      <trkpt lat="48.276322" lon="-1.433140">
        <ele>124.8</ele>
        <time>2024-04-25T13:51:00.000Z</time>
        <sat>13</sat>
      </trkpt>
      <trkpt lat="48.276383" lon="-1.433023">
        <ele>124.3</ele>
        <time>2024-04-25T13:51:03.000Z</time>
        <sat>14</sat>
      </trkpt>
      <trkpt lat="48.276453" lon="-1.432895">
        <ele>123.3</ele>
        <time>2024-04-25T13:51:07.000Z</time>
        <sat>14</sat>
      </trkpt>
      <trkpt lat="48.276495" lon="-1.432735">
        <ele>122.8</ele>
        <time>2024-04-25T13:51:12.000Z</time>
        <sat>14</sat>
      </trkpt>
      <trkpt lat="48.276560" lon="-1.432628">
        <ele>122.8</ele>
        <time>2024-04-25T13:51:16.000Z</time>
        <sat>14</sat>
      </trkpt>
      <trkpt lat="48.276627" lon="-1.432525">
        <ele>122.7</ele>
        <time>2024-04-25T13:51:20.000Z</time>
        <sat>14</sat>
      </trkpt>
      <trkpt lat="48.276695" lon="-1.432432">
        <ele>122.6</ele>
        <time>2024-04-25T13:51:26.000Z</time>
        <sat>14</sat>
      </trkpt>
      <trkpt lat="48.276737" lon="-1.432408">
        <ele>122.4</ele>
        <time>2024-04-25T13:51:35.000Z</time>
        <sat>11</sat>
      </trkpt>
      <trkpt lat="48.276737" lon="-1.432408">
        <ele>122.4</ele>
        <time>2024-04-25T13:51:36.000Z</time>
        <sat>12</sat>
      </trkpt>
      <trkpt lat="48.276737" lon="-1.432408">
        <ele>122.4</ele>
        <time>2024-04-25T13:51:37.000Z</time>
        <sat>12</sat>
      </trkpt>
      <trkpt lat="48.276733" lon="-1.432405">
        <ele>122.4</ele>
        <time>2024-04-25T13:51:40.000Z</time>
        <sat>13</sat>
      </trkpt>
      <trkpt lat="48.276740" lon="-1.432412">
        <ele>122.4</ele>
        <time>2024-04-25T13:51:41.000Z</time>
        <sat>13</sat>
      </trkpt>
      <trkpt lat="48.276847" lon="-1.432430">
        <ele>122.1</ele>
        <time>2024-04-25T13:51:46.000Z</time>
        <sat>14</sat>
      </trkpt>
      <trkpt lat="48.276960" lon="-1.432457">
        <ele>121.6</ele>
        <time>2024-04-25T13:51:49.000Z</time>
        <sat>14</sat>
      </trkpt>
      <trkpt lat="48.277088" lon="-1.432473">
        <ele>120.6</ele>
        <time>2024-04-25T13:51:52.000Z</time>
        <sat>13</sat>
      </trkpt>
      <trkpt lat="48.277180" lon="-1.432488">
        <ele>119.5</ele>
        <time>2024-04-25T13:51:54.000Z</time>
        <sat>14</sat>
      </trkpt>
      <trkpt lat="48.277308" lon="-1.432495">
        <ele>118.8</ele>
        <time>2024-04-25T13:51:57.000Z</time>
        <sat>14</sat>
      </trkpt>
      <trkpt lat="48.277442" lon="-1.432528">
        <ele>118.9</ele>
        <time>2024-04-25T13:52:00.000Z</time>
        <sat>14</sat>
      </trkpt>
      <trkpt lat="48.277567" lon="-1.432583">
        <ele>118.4</ele>
        <time>2024-04-25T13:52:03.000Z</time>
        <sat>14</sat>
      </trkpt>
      <trkpt lat="48.277678" lon="-1.432613">
        <ele>117.6</ele>
        <time>2024-04-25T13:52:06.000Z</time>
        <sat>13</sat>
      </trkpt>
      <trkpt lat="48.277770" lon="-1.432638">
        <ele>116.8</ele>
        <time>2024-04-25T13:52:08.000Z</time>
        <sat>13</sat>
      </trkpt>
      <trkpt lat="48.277867" lon="-1.432670">
        <ele>116.3</ele>
        <time>2024-04-25T13:52:10.000Z</time>
        <sat>13</sat>
      </trkpt>
      <trkpt lat="48.277960" lon="-1.432693">
        <ele>115.7</ele>
        <time>2024-04-25T13:52:12.000Z</time>
        <sat>14</sat>
      </trkpt>
      <trkpt lat="48.278053" lon="-1.432700">
        <ele>114.9</ele>
        <time>2024-04-25T13:52:15.000Z</time>
        <sat>14</sat>
      </trkpt>
      <trkpt lat="48.278172" lon="-1.432732">
        <ele>113.2</ele>
        <time>2024-04-25T13:52:19.000Z</time>
        <sat>14</sat>
      </trkpt>
      <trkpt lat="48.278265" lon="-1.432753">
        <ele>112.4</ele>
        <time>2024-04-25T13:52:22.000Z</time>
        <sat>13</sat>
      </trkpt>
      <trkpt lat="48.278363" lon="-1.432782">
        <ele>112.0</ele>
        <time>2024-04-25T13:52:25.000Z</time>
        <sat>14</sat>
      </trkpt>
      <trkpt lat="48.278477" lon="-1.432803">
        <ele>111.7</ele>
        <time>2024-04-25T13:52:28.000Z</time>
        <sat>13</sat>
      </trkpt>
      <trkpt lat="48.278617" lon="-1.432833">
        <ele>110.2</ele>
        <time>2024-04-25T13:52:31.000Z</time>
        <sat>13</sat>
      </trkpt>
      <trkpt lat="48.278723" lon="-1.432853">
        <ele>110.4</ele>
        <time>2024-04-25T13:52:33.000Z</time>
        <sat>14</sat>
      </trkpt>
      <trkpt lat="48.278825" lon="-1.432870">
        <ele>110.3</ele>
        <time>2024-04-25T13:52:36.000Z</time>
        <sat>13</sat>
      </trkpt>
      <trkpt lat="48.278918" lon="-1.432903">
        <ele>110.5</ele>
        <time>2024-04-25T13:52:39.000Z</time>
        <sat>14</sat>
      </trkpt>
      <trkpt lat="48.279050" lon="-1.432940">
        <ele>110.5</ele>
        <time>2024-04-25T13:52:42.000Z</time>
        <sat>14</sat>
      </trkpt>
      <trkpt lat="48.279138" lon="-1.432968">
        <ele>110.6</ele>
        <time>2024-04-25T13:52:44.000Z</time>
        <sat>14</sat>
      </trkpt>
      <trkpt lat="48.279235" lon="-1.432982">
        <ele>110.3</ele>
        <time>2024-04-25T13:52:46.000Z</time>
        <sat>13</sat>
      </trkpt>
      <trkpt lat="48.279338" lon="-1.433007">
        <ele>110.0</ele>
        <time>2024-04-25T13:52:48.000Z</time>
        <sat>13</sat>
      </trkpt>
      <trkpt lat="48.279435" lon="-1.433035">
        <ele>109.8</ele>
        <time>2024-04-25T13:52:50.000Z</time>
        <sat>13</sat>
      </trkpt>
      <trkpt lat="48.279548" lon="-1.433040">
        <ele>109.7</ele>
        <time>2024-04-25T13:52:53.000Z</time>
        <sat>13</sat>
      </trkpt>
      <trkpt lat="48.279642" lon="-1.433065">
        <ele>109.5</ele>
        <time>2024-04-25T13:52:55.000Z</time>
        <sat>13</sat>
      </trkpt>
      <trkpt lat="48.279748" lon="-1.433080">
        <ele>109.5</ele>
        <time>2024-04-25T13:52:57.000Z</time>
        <sat>13</sat>
      </trkpt>
      <trkpt lat="48.279840" lon="-1.433098">
        <ele>109.5</ele>
        <time>2024-04-25T13:52:59.000Z</time>
        <sat>13</sat>
      </trkpt>
      <trkpt lat="48.279955" lon="-1.433132">
        <ele>108.9</ele>
        <time>2024-04-25T13:53:02.000Z</time>
        <sat>13</sat>
      </trkpt>
      <trkpt lat="48.280042" lon="-1.433175">
        <ele>108.4</ele>
        <time>2024-04-25T13:53:04.000Z</time>
        <sat>14</sat>
      </trkpt>
      <trkpt lat="48.280135" lon="-1.433210">
        <ele>108.3</ele>
        <time>2024-04-25T13:53:06.000Z</time>
        <sat>14</sat>
      </trkpt>
      <trkpt lat="48.280263" lon="-1.433248">
        <ele>108.1</ele>
        <time>2024-04-25T13:53:09.000Z</time>
        <sat>14</sat>
      </trkpt>
      <trkpt lat="48.280353" lon="-1.433273">
        <ele>108.1</ele>
        <time>2024-04-25T13:53:11.000Z</time>
        <sat>14</sat>
      </trkpt>
      <trkpt lat="48.280468" lon="-1.433300">
        <ele>107.9</ele>
        <time>2024-04-25T13:53:14.000Z</time>
        <sat>14</sat>
      </trkpt>
      <trkpt lat="48.280565" lon="-1.433358">
        <ele>108.0</ele>
        <time>2024-04-25T13:53:17.000Z</time>
        <sat>14</sat>
      </trkpt>
      <trkpt lat="48.280658" lon="-1.433342">
        <ele>107.8</ele>
        <time>2024-04-25T13:53:20.000Z</time>
        <sat>14</sat>
      </trkpt>
      <trkpt lat="48.280787" lon="-1.433325">
        <ele>107.6</ele>
        <time>2024-04-25T13:53:23.000Z</time>
        <sat>13</sat>
      </trkpt>
      <trkpt lat="48.280888" lon="-1.433335">
        <ele>107.8</ele>
        <time>2024-04-25T13:53:25.000Z</time>
        <sat>13</sat>
      </trkpt>
      <trkpt lat="48.280980" lon="-1.433353">
        <ele>107.8</ele>
        <time>2024-04-25T13:53:27.000Z</time>
        <sat>12</sat>
      </trkpt>
      <trkpt lat="48.281108" lon="-1.433370">
        <ele>107.7</ele>
        <time>2024-04-25T13:53:30.000Z</time>
        <sat>13</sat>
      </trkpt>
      <trkpt lat="48.281203" lon="-1.433398">
        <ele>107.7</ele>
        <time>2024-04-25T13:53:32.000Z</time>
        <sat>13</sat>
      </trkpt>
      <trkpt lat="48.281292" lon="-1.433428">
        <ele>107.5</ele>
        <time>2024-04-25T13:53:34.000Z</time>
        <sat>13</sat>
      </trkpt>
      <trkpt lat="48.281425" lon="-1.433463">
        <ele>107.7</ele>
        <time>2024-04-25T13:53:37.000Z</time>
        <sat>13</sat>
      </trkpt>
      <trkpt lat="48.281522" lon="-1.433485">
        <ele>107.6</ele>
        <time>2024-04-25T13:53:39.000Z</time>
        <sat>13</sat>
      </trkpt>
      <trkpt lat="48.281613" lon="-1.433507">
        <ele>107.5</ele>
        <time>2024-04-25T13:53:41.000Z</time>
        <sat>13</sat>
      </trkpt>
      <trkpt lat="48.281708" lon="-1.433527">
        <ele>107.5</ele>
        <time>2024-04-25T13:53:43.000Z</time>
        <sat>13</sat>
      </trkpt>
      <trkpt lat="48.281808" lon="-1.433547">
        <ele>107.4</ele>
        <time>2024-04-25T13:53:45.000Z</time>
        <sat>13</sat>
      </trkpt>
      <trkpt lat="48.281907" lon="-1.433562">
        <ele>107.5</ele>
        <time>2024-04-25T13:53:47.000Z</time>
        <sat>13</sat>
      </trkpt>
      <trkpt lat="48.282008" lon="-1.433585">
        <ele>107.6</ele>
        <time>2024-04-25T13:53:49.000Z</time>
        <sat>13</sat>
      </trkpt>
      <trkpt lat="48.282107" lon="-1.433618">
        <ele>107.4</ele>
        <time>2024-04-25T13:53:51.000Z</time>
        <sat>14</sat>
      </trkpt>
      <trkpt lat="48.282205" lon="-1.433647">
        <ele>107.3</ele>
        <time>2024-04-25T13:53:53.000Z</time>
        <sat>14</sat>
      </trkpt>
      <trkpt lat="48.282305" lon="-1.433677">
        <ele>107.2</ele>
        <time>2024-04-25T13:53:55.000Z</time>
        <sat>14</sat>
      </trkpt>
      <trkpt lat="48.282407" lon="-1.433703">
        <ele>107.1</ele>
        <time>2024-04-25T13:53:57.000Z</time>
        <sat>14</sat>
      </trkpt>
      <trkpt lat="48.282500" lon="-1.433727">
        <ele>107.0</ele>
        <time>2024-04-25T13:53:59.000Z</time>
        <sat>14</sat>
      </trkpt>
      <trkpt lat="48.282602" lon="-1.433752">
        <ele>107.0</ele>
        <time>2024-04-25T13:54:01.000Z</time>
        <sat>14</sat>
      </trkpt>
      <trkpt lat="48.282707" lon="-1.433773">
        <ele>107.0</ele>
        <time>2024-04-25T13:54:03.000Z</time>
        <sat>14</sat>
      </trkpt>
      <trkpt lat="48.282807" lon="-1.433788">
        <ele>106.9</ele>
        <time>2024-04-25T13:54:05.000Z</time>
        <sat>14</sat>
      </trkpt>
      <trkpt lat="48.282915" lon="-1.433818">
        <ele>106.8</ele>
        <time>2024-04-25T13:54:07.000Z</time>
        <sat>13</sat>
      </trkpt>
      <trkpt lat="48.283023" lon="-1.433845">
        <ele>106.6</ele>
        <time>2024-04-25T13:54:09.000Z</time>
        <sat>13</sat>
      </trkpt>
      <trkpt lat="48.283123" lon="-1.433870">
        <ele>106.5</ele>
        <time>2024-04-25T13:54:11.000Z</time>
        <sat>14</sat>
      </trkpt>
      <trkpt lat="48.283220" lon="-1.433895">
        <ele>106.3</ele>
        <time>2024-04-25T13:54:13.000Z</time>
        <sat>14</sat>
      </trkpt>
      <trkpt lat="48.283313" lon="-1.433920">
        <ele>106.3</ele>
        <time>2024-04-25T13:54:15.000Z</time>
        <sat>14</sat>
      </trkpt>
      <trkpt lat="48.283413" lon="-1.433943">
        <ele>106.5</ele>
        <time>2024-04-25T13:54:20.000Z</time>
        <sat>14</sat>
      </trkpt>
      <trkpt lat="48.283528" lon="-1.433973">
        <ele>106.5</ele>
        <time>2024-04-25T13:54:24.000Z</time>
        <sat>14</sat>
      </trkpt>
      <trkpt lat="48.283638" lon="-1.434015">
        <ele>106.6</ele>
        <time>2024-04-25T13:54:29.000Z</time>
        <sat>15</sat>
      </trkpt>
      <trkpt lat="48.283732" lon="-1.434105">
        <ele>106.6</ele>
        <time>2024-04-25T13:54:32.000Z</time>
        <sat>15</sat>
      </trkpt>
      <trkpt lat="48.283837" lon="-1.434125">
        <ele>106.6</ele>
        <time>2024-04-25T13:54:37.000Z</time>
        <sat>15</sat>
      </trkpt>
      <trkpt lat="48.283943" lon="-1.434103">
        <ele>106.6</ele>
        <time>2024-04-25T13:54:40.000Z</time>
        <sat>15</sat>
      </trkpt>
      <trkpt lat="48.284065" lon="-1.434158">
        <ele>106.6</ele>
        <time>2024-04-25T13:54:43.000Z</time>
        <sat>15</sat>
      </trkpt>
      <trkpt lat="48.284160" lon="-1.434178">
        <ele>106.6</ele>
        <time>2024-04-25T13:54:45.000Z</time>
        <sat>15</sat>
      </trkpt>
      <trkpt lat="48.284260" lon="-1.434195">
        <ele>106.6</ele>
        <time>2024-04-25T13:54:47.000Z</time>
        <sat>15</sat>
      </trkpt>
      <trkpt lat="48.284362" lon="-1.434215">
        <ele>106.6</ele>
        <time>2024-04-25T13:54:49.000Z</time>
        <sat>14</sat>
      </trkpt>
      <trkpt lat="48.284460" lon="-1.434247">
        <ele>106.6</ele>
        <time>2024-04-25T13:54:51.000Z</time>
        <sat>15</sat>
      </trkpt>
      <trkpt lat="48.284558" lon="-1.434272">
        <ele>106.6</ele>
        <time>2024-04-25T13:54:53.000Z</time>
        <sat>14</sat>
      </trkpt>
      <trkpt lat="48.284660" lon="-1.434297">
        <ele>106.5</ele>
        <time>2024-04-25T13:54:55.000Z</time>
        <sat>14</sat>
      </trkpt>
      <trkpt lat="48.284758" lon="-1.434323">
        <ele>106.5</ele>
        <time>2024-04-25T13:54:57.000Z</time>
        <sat>14</sat>
      </trkpt>
      <trkpt lat="48.284860" lon="-1.434350">
        <ele>106.5</ele>
        <time>2024-04-25T13:54:59.000Z</time>
        <sat>13</sat>
      </trkpt>
      <trkpt lat="48.284962" lon="-1.434373">
        <ele>106.5</ele>
        <time>2024-04-25T13:55:01.000Z</time>
        <sat>13</sat>
      </trkpt>
      <trkpt lat="48.285065" lon="-1.434393">
        <ele>106.5</ele>
        <time>2024-04-25T13:55:03.000Z</time>
        <sat>13</sat>
      </trkpt>
      <trkpt lat="48.285165" lon="-1.434410">
        <ele>106.5</ele>
        <time>2024-04-25T13:55:05.000Z</time>
        <sat>14</sat>
      </trkpt>
      <trkpt lat="48.285262" lon="-1.434425">
        <ele>106.5</ele>
        <time>2024-04-25T13:55:07.000Z</time>
        <sat>14</sat>
      </trkpt>
      <trkpt lat="48.285360" lon="-1.434442">
        <ele>106.5</ele>
        <time>2024-04-25T13:55:09.000Z</time>
        <sat>14</sat>
      </trkpt>
      <trkpt lat="48.285458" lon="-1.434457">
        <ele>106.6</ele>
        <time>2024-04-25T13:55:11.000Z</time>
        <sat>14</sat>
      </trkpt>
      <trkpt lat="48.285555" lon="-1.434470">
        <ele>106.6</ele>
        <time>2024-04-25T13:55:13.000Z</time>
        <sat>14</sat>
      </trkpt>
      <trkpt lat="48.285655" lon="-1.434483">
        <ele>106.6</ele>
        <time>2024-04-25T13:55:15.000Z</time>
        <sat>14</sat>
      </trkpt>
      <trkpt lat="48.285753" lon="-1.434490">
        <ele>106.6</ele>
        <time>2024-04-25T13:55:17.000Z</time>
        <sat>14</sat>
      </trkpt>
      <trkpt lat="48.285850" lon="-1.434488">
        <ele>106.6</ele>
        <time>2024-04-25T13:55:19.000Z</time>
        <sat>15</sat>
      </trkpt>
      <trkpt lat="48.285943" lon="-1.434487">
        <ele>106.7</ele>
        <time>2024-04-25T13:55:21.000Z</time>
        <sat>14</sat>
      </trkpt>
      <trkpt lat="48.286067" lon="-1.434510">
        <ele>106.7</ele>
        <time>2024-04-25T13:55:24.000Z</time>
        <sat>14</sat>
      </trkpt>
      <trkpt lat="48.286165" lon="-1.434540">
        <ele>106.8</ele>
        <time>2024-04-25T13:55:28.000Z</time>
        <sat>16</sat>
      </trkpt>
      <trkpt lat="48.286263" lon="-1.434462">
        <ele>106.9</ele>
        <time>2024-04-25T13:55:31.000Z</time>
        <sat>15</sat>
      </trkpt>
      <trkpt lat="48.286348" lon="-1.434398">
        <ele>106.9</ele>
        <time>2024-04-25T13:55:33.000Z</time>
        <sat>14</sat>
      </trkpt>
      <trkpt lat="48.286440" lon="-1.434343">
        <ele>107.0</ele>
        <time>2024-04-25T13:55:35.000Z</time>
        <sat>14</sat>
      </trkpt>
      <trkpt lat="48.286535" lon="-1.434288">
        <ele>107.0</ele>
        <time>2024-04-25T13:55:37.000Z</time>
        <sat>14</sat>
      </trkpt>
      <trkpt lat="48.286633" lon="-1.434232">
        <ele>107.0</ele>
        <time>2024-04-25T13:55:39.000Z</time>
        <sat>15</sat>
      </trkpt>
      <trkpt lat="48.286733" lon="-1.434180">
        <ele>107.0</ele>
        <time>2024-04-25T13:55:41.000Z</time>
        <sat>14</sat>
      </trkpt>
      <trkpt lat="48.286835" lon="-1.434125">
        <ele>107.0</ele>
        <time>2024-04-25T13:55:43.000Z</time>
        <sat>14</sat>
      </trkpt>
      <trkpt lat="48.286943" lon="-1.434073">
        <ele>107.0</ele>
        <time>2024-04-25T13:55:45.000Z</time>
        <sat>14</sat>
      </trkpt>
      <trkpt lat="48.287055" lon="-1.434015">
        <ele>106.9</ele>
        <time>2024-04-25T13:55:47.000Z</time>
        <sat>14</sat>
      </trkpt>
      <trkpt lat="48.287167" lon="-1.433953">
        <ele>106.9</ele>
        <time>2024-04-25T13:55:49.000Z</time>
        <sat>14</sat>
      </trkpt>
      <trkpt lat="48.287278" lon="-1.433897">
        <ele>106.8</ele>
        <time>2024-04-25T13:55:51.000Z</time>
        <sat>15</sat>
      </trkpt>
      <trkpt lat="48.287393" lon="-1.433843">
        <ele>106.8</ele>
        <time>2024-04-25T13:55:53.000Z</time>
        <sat>15</sat>
      </trkpt>
      <trkpt lat="48.287510" lon="-1.433798">
        <ele>106.7</ele>
        <time>2024-04-25T13:55:55.000Z</time>
        <sat>15</sat>
      </trkpt>
      <trkpt lat="48.287627" lon="-1.433762">
        <ele>106.5</ele>
        <time>2024-04-25T13:55:57.000Z</time>
        <sat>15</sat>
      </trkpt>
      <trkpt lat="48.287745" lon="-1.433735">
        <ele>106.3</ele>
        <time>2024-04-25T13:55:59.000Z</time>
        <sat>14</sat>
      </trkpt>
      <trkpt lat="48.287865" lon="-1.433715">
        <ele>106.1</ele>
        <time>2024-04-25T13:56:01.000Z</time>
        <sat>15</sat>
      </trkpt>
      <trkpt lat="48.287985" lon="-1.433698">
        <ele>105.7</ele>
        <time>2024-04-25T13:56:03.000Z</time>
        <sat>14</sat>
      </trkpt>
      <trkpt lat="48.288103" lon="-1.433693">
        <ele>105.4</ele>
        <time>2024-04-25T13:56:05.000Z</time>
        <sat>14</sat>
      </trkpt>
      <trkpt lat="48.288215" lon="-1.433690">
        <ele>104.9</ele>
        <time>2024-04-25T13:56:07.000Z</time>
        <sat>13</sat>
      </trkpt>
      <trkpt lat="48.288327" lon="-1.433688">
        <ele>104.7</ele>
        <time>2024-04-25T13:56:09.000Z</time>
        <sat>14</sat>
      </trkpt>
      <trkpt lat="48.288438" lon="-1.433693">
        <ele>104.3</ele>
        <time>2024-04-25T13:56:11.000Z</time>
        <sat>14</sat>
      </trkpt>
      <trkpt lat="48.288550" lon="-1.433703">
        <ele>104.1</ele>
        <time>2024-04-25T13:56:13.000Z</time>
        <sat>15</sat>
      </trkpt>
      <trkpt lat="48.288663" lon="-1.433703">
        <ele>104.1</ele>
        <time>2024-04-25T13:56:15.000Z</time>
        <sat>14</sat>
      </trkpt>
      <trkpt lat="48.288778" lon="-1.433715">
        <ele>104.0</ele>
        <time>2024-04-25T13:56:17.000Z</time>
        <sat>14</sat>
      </trkpt>
      <trkpt lat="48.288892" lon="-1.433735">
        <ele>103.8</ele>
        <time>2024-04-25T13:56:19.000Z</time>
        <sat>16</sat>
      </trkpt>
      <trkpt lat="48.289000" lon="-1.433752">
        <ele>103.6</ele>
        <time>2024-04-25T13:56:21.000Z</time>
        <sat>15</sat>
      </trkpt>
      <trkpt lat="48.289092" lon="-1.433758">
        <ele>103.6</ele>
        <time>2024-04-25T13:56:23.000Z</time>
        <sat>13</sat>
      </trkpt>
      <trkpt lat="48.289135" lon="-1.433588">
        <ele>103.4</ele>
        <time>2024-04-25T13:56:27.000Z</time>
        <sat>15</sat>
      </trkpt>
      <trkpt lat="48.289190" lon="-1.433420">
        <ele>103.1</ele>
        <time>2024-04-25T13:56:30.000Z</time>
        <sat>14</sat>
      </trkpt>
      <trkpt lat="48.289273" lon="-1.433357">
        <ele>102.8</ele>
        <time>2024-04-25T13:56:32.000Z</time>
        <sat>14</sat>
      </trkpt>
      <trkpt lat="48.289372" lon="-1.433295">
        <ele>102.3</ele>
        <time>2024-04-25T13:56:34.000Z</time>
        <sat>13</sat>
      </trkpt>
      <trkpt lat="48.289473" lon="-1.433228">
        <ele>101.7</ele>
        <time>2024-04-25T13:56:36.000Z</time>
        <sat>14</sat>
      </trkpt>
      <trkpt lat="48.289578" lon="-1.433155">
        <ele>101.1</ele>
        <time>2024-04-25T13:56:38.000Z</time>
        <sat>13</sat>
      </trkpt>
      <trkpt lat="48.289685" lon="-1.433087">
        <ele>100.7</ele>
        <time>2024-04-25T13:56:40.000Z</time>
        <sat>14</sat>
      </trkpt>
      <trkpt lat="48.289788" lon="-1.433015">
        <ele>100.4</ele>
        <time>2024-04-25T13:56:42.000Z</time>
        <sat>14</sat>
      </trkpt>
      <trkpt lat="48.289892" lon="-1.432960">
        <ele>100.0</ele>
        <time>2024-04-25T13:56:44.000Z</time>
        <sat>15</sat>
      </trkpt>
      <trkpt lat="48.289997" lon="-1.432908">
        <ele>99.4</ele>
        <time>2024-04-25T13:56:46.000Z</time>
        <sat>15</sat>
      </trkpt>
      <trkpt lat="48.290093" lon="-1.432857">
        <ele>98.8</ele>
        <time>2024-04-25T13:56:48.000Z</time>
        <sat>15</sat>
      </trkpt>
      <trkpt lat="48.290197" lon="-1.432795">
        <ele>98.6</ele>
        <time>2024-04-25T13:56:50.000Z</time>
        <sat>15</sat>
      </trkpt>
      <trkpt lat="48.290302" lon="-1.432727">
        <ele>98.5</ele>
        <time>2024-04-25T13:56:52.000Z</time>
        <sat>14</sat>
      </trkpt>
      <trkpt lat="48.290405" lon="-1.432655">
        <ele>98.6</ele>
        <time>2024-04-25T13:56:54.000Z</time>
        <sat>15</sat>
      </trkpt>
      <trkpt lat="48.290503" lon="-1.432573">
        <ele>98.3</ele>
        <time>2024-04-25T13:56:56.000Z</time>
        <sat>15</sat>
      </trkpt>
      <trkpt lat="48.290588" lon="-1.432468">
        <ele>98.1</ele>
        <time>2024-04-25T13:56:58.000Z</time>
        <sat>14</sat>
      </trkpt>
      <trkpt lat="48.290653" lon="-1.432343">
        <ele>98.0</ele>
        <time>2024-04-25T13:57:00.000Z</time>
        <sat>14</sat>
      </trkpt>
      <trkpt lat="48.290688" lon="-1.432200">
        <ele>97.9</ele>
        <time>2024-04-25T13:57:02.000Z</time>
        <sat>13</sat>
      </trkpt>
      <trkpt lat="48.290718" lon="-1.432065">
        <ele>97.4</ele>
        <time>2024-04-25T13:57:04.000Z</time>
        <sat>13</sat>
      </trkpt>
      <trkpt lat="48.290782" lon="-1.431893">
        <ele>97.0</ele>
        <time>2024-04-25T13:57:07.000Z</time>
        <sat>14</sat>
      </trkpt>
      <trkpt lat="48.290828" lon="-1.431718">
        <ele>97.0</ele>
        <time>2024-04-25T13:57:10.000Z</time>
        <sat>14</sat>
      </trkpt>
      <trkpt lat="48.290882" lon="-1.431547">
        <ele>97.0</ele>
        <time>2024-04-25T13:57:13.000Z</time>
        <sat>14</sat>
      </trkpt>
      <trkpt lat="48.290908" lon="-1.431355">
        <ele>96.8</ele>
        <time>2024-04-25T13:57:16.000Z</time>
        <sat>14</sat>
      </trkpt>
      <trkpt lat="48.290940" lon="-1.431218">
        <ele>96.7</ele>
        <time>2024-04-25T13:57:18.000Z</time>
        <sat>13</sat>
      </trkpt>
      <trkpt lat="48.290968" lon="-1.431077">
        <ele>96.6</ele>
        <time>2024-04-25T13:57:20.000Z</time>
        <sat>14</sat>
      </trkpt>
      <trkpt lat="48.290997" lon="-1.430930">
        <ele>96.5</ele>
        <time>2024-04-25T13:57:22.000Z</time>
        <sat>14</sat>
      </trkpt>
      <trkpt lat="48.291030" lon="-1.430753">
        <ele>96.2</ele>
        <time>2024-04-25T13:57:25.000Z</time>
        <sat>14</sat>
      </trkpt>
      <trkpt lat="48.291055" lon="-1.430582">
        <ele>95.9</ele>
        <time>2024-04-25T13:57:28.000Z</time>
        <sat>14</sat>
      </trkpt>
      <trkpt lat="48.291078" lon="-1.430387">
        <ele>95.5</ele>
        <time>2024-04-25T13:57:31.000Z</time>
        <sat>14</sat>
      </trkpt>
      <trkpt lat="48.291097" lon="-1.430203">
        <ele>95.2</ele>
        <time>2024-04-25T13:57:34.000Z</time>
        <sat>14</sat>
      </trkpt>
      <trkpt lat="48.291112" lon="-1.430023">
        <ele>94.8</ele>
        <time>2024-04-25T13:57:37.000Z</time>
        <sat>13</sat>
      </trkpt>
      <trkpt lat="48.291173" lon="-1.429880">
        <ele>94.5</ele>
        <time>2024-04-25T13:57:40.000Z</time>
        <sat>13</sat>
      </trkpt>
      <trkpt lat="48.291303" lon="-1.429878">
        <ele>94.3</ele>
        <time>2024-04-25T13:57:43.000Z</time>
        <sat>15</sat>
      </trkpt>
      <trkpt lat="48.291427" lon="-1.429888">
        <ele>94.0</ele>
        <time>2024-04-25T13:57:46.000Z</time>
        <sat>13</sat>
      </trkpt>
      <trkpt lat="48.291518" lon="-1.429870">
        <ele>93.9</ele>
        <time>2024-04-25T13:57:48.000Z</time>
        <sat>12</sat>
      </trkpt>
      <trkpt lat="48.291608" lon="-1.429830">
        <ele>93.7</ele>
        <time>2024-04-25T13:57:50.000Z</time>
        <sat>12</sat>
      </trkpt>
      <trkpt lat="48.291708" lon="-1.429727">
        <ele>93.8</ele>
        <time>2024-04-25T13:57:53.000Z</time>
        <sat>13</sat>
      </trkpt>
      <trkpt lat="48.291783" lon="-1.429620">
        <ele>93.8</ele>
        <time>2024-04-25T13:57:56.000Z</time>
        <sat>13</sat>
      </trkpt>
      <trkpt lat="48.291843" lon="-1.429553">
        <ele>93.9</ele>
        <time>2024-04-25T13:58:02.000Z</time>
        <sat>13</sat>
      </trkpt>
      <trkpt lat="48.291843" lon="-1.429553">
        <ele>93.9</ele>
        <time>2024-04-25T13:58:03.000Z</time>
        <sat>13</sat>
      </trkpt>
      <trkpt lat="48.291843" lon="-1.429553">
        <ele>93.9</ele>
        <time>2024-04-25T13:58:04.000Z</time>
        <sat>13</sat>
      </trkpt>
      <trkpt lat="48.291848" lon="-1.429555">
        <ele>94.5</ele>
        <time>2024-04-25T13:58:40.000Z</time>
        <sat>12</sat>
      </trkpt>
      <trkpt lat="48.291848" lon="-1.429557">
        <ele>94.5</ele>
        <time>2024-04-25T13:58:41.000Z</time>
        <sat>12</sat>
      </trkpt>
      <trkpt lat="48.291857" lon="-1.429552">
        <ele>94.5</ele>
        <time>2024-04-25T13:58:48.000Z</time>
        <sat>11</sat>
      </trkpt>
      <trkpt lat="48.291857" lon="-1.429552">
        <ele>94.5</ele>
        <time>2024-04-25T13:58:49.000Z</time>
        <sat>11</sat>
      </trkpt>
      <trkpt lat="48.291863" lon="-1.429547">
        <ele>94.5</ele>
        <time>2024-04-25T13:58:55.000Z</time>
        <sat>13</sat>
      </trkpt>
      <trkpt lat="48.291875" lon="-1.429543">
        <ele>94.5</ele>
        <time>2024-04-25T13:58:56.000Z</time>
        <sat>13</sat>
      </trkpt>
      <trkpt lat="48.291925" lon="-1.429622">
        <ele>93.3</ele>
        <time>2024-04-25T14:00:01.000Z</time>
        <sat>14</sat>
      </trkpt>
      <trkpt lat="48.291990" lon="-1.429773">
        <ele>93.5</ele>
        <time>2024-04-25T14:00:04.000Z</time>
        <sat>14</sat>
      </trkpt>
      <trkpt lat="48.292058" lon="-1.429945">
        <ele>93.8</ele>
        <time>2024-04-25T14:00:07.000Z</time>
        <sat>15</sat>
      </trkpt>
      <trkpt lat="48.292122" lon="-1.430118">
        <ele>94.3</ele>
        <time>2024-04-25T14:00:10.000Z</time>
        <sat>15</sat>
      </trkpt>
      <trkpt lat="48.292165" lon="-1.430240">
        <ele>94.8</ele>
        <time>2024-04-25T14:00:12.000Z</time>
        <sat>15</sat>
      </trkpt>
      <trkpt lat="48.292212" lon="-1.430362">
        <ele>95.5</ele>
        <time>2024-04-25T14:00:14.000Z</time>
        <sat>14</sat>
      </trkpt>
      <trkpt lat="48.292258" lon="-1.430482">
        <ele>96.1</ele>
        <time>2024-04-25T14:00:16.000Z</time>
        <sat>15</sat>
      </trkpt>
      <trkpt lat="48.292325" lon="-1.430653">
        <ele>97.0</ele>
        <time>2024-04-25T14:00:19.000Z</time>
        <sat>15</sat>
      </trkpt>
      <trkpt lat="48.292388" lon="-1.430777">
        <ele>97.9</ele>
        <time>2024-04-25T14:00:22.000Z</time>
        <sat>15</sat>
      </trkpt>
      <trkpt lat="48.292410" lon="-1.430828">
        <ele>99.0</ele>
        <time>2024-04-25T14:00:28.000Z</time>
        <sat>15</sat>
      </trkpt>
      <trkpt lat="48.292410" lon="-1.430828">
        <ele>99.1</ele>
        <time>2024-04-25T14:00:29.000Z</time>
        <sat>16</sat>
      </trkpt>
      <trkpt lat="48.292410" lon="-1.430828">
        <ele>99.3</ele>
        <time>2024-04-25T14:00:30.000Z</time>
        <sat>16</sat>
      </trkpt>
      <trkpt lat="48.292410" lon="-1.430827">
        <ele>99.5</ele>
        <time>2024-04-25T14:00:33.000Z</time>
        <sat>15</sat>
      </trkpt>
      <trkpt lat="48.292410" lon="-1.430832">
        <ele>99.5</ele>
        <time>2024-04-25T14:00:34.000Z</time>
        <sat>15</sat>
      </trkpt>
      <trkpt lat="48.292412" lon="-1.430845">
        <ele>99.5</ele>
        <time>2024-04-25T14:00:35.000Z</time>
        <sat>16</sat>
      </trkpt>
      <trkpt lat="48.292462" lon="-1.430993">
        <ele>99.8</ele>
        <time>2024-04-25T14:00:40.000Z</time>
        <sat>14</sat>
      </trkpt>
      <trkpt lat="48.292517" lon="-1.431160">
        <ele>99.9</ele>
        <time>2024-04-25T14:00:43.000Z</time>
        <sat>14</sat>
      </trkpt>
      <trkpt lat="48.292552" lon="-1.431295">
        <ele>100.0</ele>
        <time>2024-04-25T14:00:45.000Z</time>
        <sat>15</sat>
      </trkpt>
      <trkpt lat="48.292595" lon="-1.431422">
        <ele>100.1</ele>
        <time>2024-04-25T14:00:47.000Z</time>
        <sat>16</sat>
      </trkpt>
      <trkpt lat="48.292645" lon="-1.431545">
        <ele>100.3</ele>
        <time>2024-04-25T14:00:49.000Z</time>
        <sat>16</sat>
      </trkpt>
      <trkpt lat="48.292695" lon="-1.431663">
        <ele>100.6</ele>
        <time>2024-04-25T14:00:51.000Z</time>
        <sat>14</sat>
      </trkpt>
      <trkpt lat="48.292743" lon="-1.431792">
        <ele>100.9</ele>
        <time>2024-04-25T14:00:53.000Z</time>
        <sat>13</sat>
      </trkpt>
      <trkpt lat="48.292797" lon="-1.431923">
        <ele>101.2</ele>
        <time>2024-04-25T14:00:55.000Z</time>
        <sat>15</sat>
      </trkpt>
      <trkpt lat="48.292850" lon="-1.432052">
        <ele>101.5</ele>
        <time>2024-04-25T14:00:57.000Z</time>
        <sat>15</sat>
      </trkpt>
      <trkpt lat="48.292902" lon="-1.432183">
        <ele>101.9</ele>
        <time>2024-04-25T14:00:59.000Z</time>
        <sat>14</sat>
      </trkpt>
      <trkpt lat="48.292953" lon="-1.432312">
        <ele>102.2</ele>
        <time>2024-04-25T14:01:01.000Z</time>
        <sat>15</sat>
      </trkpt>
      <trkpt lat="48.293005" lon="-1.432442">
        <ele>102.3</ele>
        <time>2024-04-25T14:01:03.000Z</time>
        <sat>16</sat>
      </trkpt>
      <trkpt lat="48.293055" lon="-1.432572">
        <ele>102.6</ele>
        <time>2024-04-25T14:01:05.000Z</time>
        <sat>15</sat>
      </trkpt>
      <trkpt lat="48.293103" lon="-1.432703">
        <ele>102.7</ele>
        <time>2024-04-25T14:01:07.000Z</time>
        <sat>15</sat>
      </trkpt>
      <trkpt lat="48.293153" lon="-1.432837">
        <ele>102.8</ele>
        <time>2024-04-25T14:01:09.000Z</time>
        <sat>15</sat>
      </trkpt>
      <trkpt lat="48.293203" lon="-1.432962">
        <ele>103.0</ele>
        <time>2024-04-25T14:01:11.000Z</time>
        <sat>16</sat>
      </trkpt>
      <trkpt lat="48.293270" lon="-1.433132">
        <ele>103.0</ele>
        <time>2024-04-25T14:01:14.000Z</time>
        <sat>15</sat>
      </trkpt>
      <trkpt lat="48.293312" lon="-1.433278">
        <ele>103.1</ele>
        <time>2024-04-25T14:01:17.000Z</time>
        <sat>16</sat>
      </trkpt>
      <trkpt lat="48.293368" lon="-1.433390">
        <ele>103.3</ele>
        <time>2024-04-25T14:01:20.000Z</time>
        <sat>15</sat>
      </trkpt>
      <trkpt lat="48.293482" lon="-1.433377">
        <ele>103.4</ele>
        <time>2024-04-25T14:01:23.000Z</time>
        <sat>14</sat>
      </trkpt>
      <trkpt lat="48.293572" lon="-1.433325">
        <ele>103.5</ele>
        <time>2024-04-25T14:01:25.000Z</time>
        <sat>14</sat>
      </trkpt>
      <trkpt lat="48.293663" lon="-1.433273">
        <ele>103.6</ele>
        <time>2024-04-25T14:01:27.000Z</time>
        <sat>15</sat>
      </trkpt>
      <trkpt lat="48.293758" lon="-1.433220">
        <ele>103.7</ele>
        <time>2024-04-25T14:01:29.000Z</time>
        <sat>14</sat>
      </trkpt>
      <trkpt lat="48.293850" lon="-1.433160">
        <ele>103.7</ele>
        <time>2024-04-25T14:01:31.000Z</time>
        <sat>14</sat>
      </trkpt>
      <trkpt lat="48.293958" lon="-1.433065">
        <ele>103.9</ele>
        <time>2024-04-25T14:01:34.000Z</time>
        <sat>15</sat>
      </trkpt>
      <trkpt lat="48.294002" lon="-1.433028">
        <ele>104.3</ele>
        <time>2024-04-25T14:01:40.000Z</time>
        <sat>14</sat>
      </trkpt>
      <trkpt lat="48.294002" lon="-1.433028">
        <ele>104.4</ele>
        <time>2024-04-25T14:01:41.000Z</time>
        <sat>15</sat>
      </trkpt>
      <trkpt lat="48.294002" lon="-1.433028">
        <ele>104.4</ele>
        <time>2024-04-25T14:01:42.000Z</time>
        <sat>15</sat>
      </trkpt>
      <trkpt lat="48.294020" lon="-1.433025">
        <ele>104.6</ele>
        <time>2024-04-25T14:01:48.000Z</time>
        <sat>15</sat>
      </trkpt>
      <trkpt lat="48.294042" lon="-1.433022">
        <ele>104.7</ele>
        <time>2024-04-25T14:01:49.000Z</time>
        <sat>15</sat>
      </trkpt>
      <trkpt lat="48.294145" lon="-1.432967">
        <ele>104.8</ele>
        <time>2024-04-25T14:01:52.000Z</time>
        <sat>14</sat>
      </trkpt>
      <trkpt lat="48.294237" lon="-1.432915">
        <ele>104.9</ele>
        <time>2024-04-25T14:01:54.000Z</time>
        <sat>14</sat>
      </trkpt>
      <trkpt lat="48.294333" lon="-1.432860">
        <ele>104.9</ele>
        <time>2024-04-25T14:01:56.000Z</time>
        <sat>15</sat>
      </trkpt>
      <trkpt lat="48.294432" lon="-1.432802">
        <ele>105.0</ele>
        <time>2024-04-25T14:01:58.000Z</time>
        <sat>14</sat>
      </trkpt>
      <trkpt lat="48.294530" lon="-1.432743">
        <ele>105.1</ele>
        <time>2024-04-25T14:02:00.000Z</time>
        <sat>15</sat>
      </trkpt>
      <trkpt lat="48.294627" lon="-1.432685">
        <ele>105.2</ele>
        <time>2024-04-25T14:02:02.000Z</time>
        <sat>15</sat>
      </trkpt>
      <trkpt lat="48.294720" lon="-1.432627">
        <ele>105.4</ele>
        <time>2024-04-25T14:02:04.000Z</time>
        <sat>15</sat>
      </trkpt>
      <trkpt lat="48.294813" lon="-1.432573">
        <ele>105.7</ele>
        <time>2024-04-25T14:02:06.000Z</time>
        <sat>15</sat>
      </trkpt>
      <trkpt lat="48.294907" lon="-1.432522">
        <ele>105.9</ele>
        <time>2024-04-25T14:02:08.000Z</time>
        <sat>15</sat>
      </trkpt>
      <trkpt lat="48.295003" lon="-1.432477">
        <ele>106.2</ele>
        <time>2024-04-25T14:02:10.000Z</time>
        <sat>14</sat>
      </trkpt>
      <trkpt lat="48.295100" lon="-1.432430">
        <ele>106.4</ele>
        <time>2024-04-25T14:02:12.000Z</time>
        <sat>15</sat>
      </trkpt>
      <trkpt lat="48.295198" lon="-1.432385">
        <ele>106.6</ele>
        <time>2024-04-25T14:02:14.000Z</time>
        <sat>15</sat>
      </trkpt>
      <trkpt lat="48.295302" lon="-1.432345">
        <ele>106.9</ele>
        <time>2024-04-25T14:02:16.000Z</time>
        <sat>15</sat>
      </trkpt>
      <trkpt lat="48.295405" lon="-1.432305">
        <ele>107.1</ele>
        <time>2024-04-25T14:02:18.000Z</time>
        <sat>13</sat>
      </trkpt>
      <trkpt lat="48.295512" lon="-1.432282">
        <ele>107.0</ele>
        <time>2024-04-25T14:02:20.000Z</time>
        <sat>13</sat>
      </trkpt>
      <trkpt lat="48.295620" lon="-1.432277">
        <ele>107.0</ele>
        <time>2024-04-25T14:02:22.000Z</time>
        <sat>12</sat>
      </trkpt>
      <trkpt lat="48.295730" lon="-1.432283">
        <ele>106.9</ele>
        <time>2024-04-25T14:02:24.000Z</time>
        <sat>15</sat>
      </trkpt>
      <trkpt lat="48.295840" lon="-1.432302">
        <ele>106.7</ele>
        <time>2024-04-25T14:02:26.000Z</time>
        <sat>14</sat>
      </trkpt>
      <trkpt lat="48.295942" lon="-1.432320">
        <ele>106.5</ele>
        <time>2024-04-25T14:02:28.000Z</time>
        <sat>11</sat>
      </trkpt>
      <trkpt lat="48.296035" lon="-1.432340">
        <ele>106.2</ele>
        <time>2024-04-25T14:02:30.000Z</time>
        <sat>13</sat>
      </trkpt>
      <trkpt lat="48.296127" lon="-1.432370">
        <ele>105.7</ele>
        <time>2024-04-25T14:02:32.000Z</time>
        <sat>12</sat>
      </trkpt>
      <trkpt lat="48.296222" lon="-1.432390">
        <ele>105.5</ele>
        <time>2024-04-25T14:02:34.000Z</time>
        <sat>11</sat>
      </trkpt>
      <trkpt lat="48.296323" lon="-1.432398">
        <ele>105.4</ele>
        <time>2024-04-25T14:02:36.000Z</time>
        <sat>13</sat>
      </trkpt>
      <trkpt lat="48.296423" lon="-1.432385">
        <ele>105.2</ele>
        <time>2024-04-25T14:02:38.000Z</time>
        <sat>14</sat>
      </trkpt>
      <trkpt lat="48.296540" lon="-1.432342">
        <ele>104.7</ele>
        <time>2024-04-25T14:02:41.000Z</time>
        <sat>11</sat>
      </trkpt>
      <trkpt lat="48.296580" lon="-1.432333">
        <ele>103.9</ele>
        <time>2024-04-25T14:02:46.000Z</time>
        <sat>12</sat>
      </trkpt>
      <trkpt lat="48.296580" lon="-1.432333">
        <ele>103.8</ele>
        <time>2024-04-25T14:02:47.000Z</time>
        <sat>12</sat>
      </trkpt>
      <trkpt lat="48.296578" lon="-1.432335">
        <ele>103.2</ele>
        <time>2024-04-25T14:03:00.000Z</time>
        <sat>12</sat>
      </trkpt>
      <trkpt lat="48.296583" lon="-1.432337">
        <ele>103.2</ele>
        <time>2024-04-25T14:03:01.000Z</time>
        <sat>11</sat>
      </trkpt>
      <trkpt lat="48.296597" lon="-1.432338">
        <ele>103.2</ele>
        <time>2024-04-25T14:03:02.000Z</time>
        <sat>12</sat>
      </trkpt>
      <trkpt lat="48.296720" lon="-1.432332">
        <ele>103.0</ele>
        <time>2024-04-25T14:03:06.000Z</time>
        <sat>11</sat>
      </trkpt>
      <trkpt lat="48.296817" lon="-1.432327">
        <ele>102.7</ele>
        <time>2024-04-25T14:03:08.000Z</time>
        <sat>14</sat>
      </trkpt>
      <trkpt lat="48.296932" lon="-1.432312">
        <ele>102.4</ele>
        <time>2024-04-25T14:03:10.000Z</time>
        <sat>14</sat>
      </trkpt>
      <trkpt lat="48.297055" lon="-1.432295">
        <ele>102.0</ele>
        <time>2024-04-25T14:03:12.000Z</time>
        <sat>11</sat>
      </trkpt>
      <trkpt lat="48.297182" lon="-1.432280">
        <ele>101.3</ele>
        <time>2024-04-25T14:03:14.000Z</time>
        <sat>12</sat>
      </trkpt>
      <trkpt lat="48.297308" lon="-1.432265">
        <ele>100.5</ele>
        <time>2024-04-25T14:03:16.000Z</time>
        <sat>13</sat>
      </trkpt>
      <trkpt lat="48.297447" lon="-1.432248">
        <ele>99.4</ele>
        <time>2024-04-25T14:03:18.000Z</time>
        <sat>15</sat>
      </trkpt>
      <trkpt lat="48.297587" lon="-1.432233">
        <ele>98.4</ele>
        <time>2024-04-25T14:03:20.000Z</time>
        <sat>15</sat>
      </trkpt>
      <trkpt lat="48.297705" lon="-1.432218">
        <ele>97.5</ele>
        <time>2024-04-25T14:03:22.000Z</time>
        <sat>15</sat>
      </trkpt>
      <trkpt lat="48.297825" lon="-1.432143">
        <ele>96.4</ele>
        <time>2024-04-25T14:03:25.000Z</time>
        <sat>14</sat>
      </trkpt>
      <trkpt lat="48.297957" lon="-1.432120">
        <ele>95.7</ele>
        <time>2024-04-25T14:03:28.000Z</time>
        <sat>13</sat>
      </trkpt>
      <trkpt lat="48.298053" lon="-1.432107">
        <ele>95.3</ele>
        <time>2024-04-25T14:03:30.000Z</time>
        <sat>14</sat>
      </trkpt>
      <trkpt lat="48.298152" lon="-1.432095">
        <ele>94.8</ele>
        <time>2024-04-25T14:03:32.000Z</time>
        <sat>14</sat>
      </trkpt>
      <trkpt lat="48.298273" lon="-1.432080">
        <ele>94.4</ele>
        <time>2024-04-25T14:03:35.000Z</time>
        <sat>14</sat>
      </trkpt>
      <trkpt lat="48.298554" lon="-1.431794">
        <ele>73.1</ele>
        <time>2024-04-25T14:03:56.000Z</time>
        <sat>14</sat>
      </trkpt>
      <trkpt lat="48.298554" lon="-1.431793">
        <ele>73.1</ele>
        <time>2024-04-25T14:04:00.100Z</time>
        <sat>13</sat>
      </trkpt>
    </trkseg>
  </trk>
</gpx>
